Time,Irradiance (W/m2)
2021-01-01 00:00:00,2.523105
2021-01-01 01:00:00,2.243603333333333
2021-01-01 02:00:00,2.000985
2021-01-01 03:00:00,1.9863583333333332
2021-01-01 04:00:00,1.9863716666666666
2021-01-01 05:00:00,1.9864216666666665
2021-01-01 06:00:00,2.2033983333333333
2021-01-01 07:00:00,47.01034666666667
2021-01-01 08:00:00,251.56783333333334
2021-01-01 09:00:00,422.1955
2021-01-01 10:00:00,547.2035
2021-01-01 11:00:00,631.6426666666666
2021-01-01 12:00:00,657.4346666666667
2021-01-01 13:00:00,622.3275
2021-01-01 14:00:00,519.7751666666667
2021-01-01 15:00:00,333.3400833333333
2021-01-01 16:00:00,40.645700000000005
2021-01-01 17:00:00,17.677485
2021-01-01 18:00:00,2.7189550000000002
2021-01-01 19:00:00,2.623651666666667
2021-01-01 20:00:00,2.31303
2021-01-01 21:00:00,2.28729
2021-01-01 22:00:00,2.2083033333333333
2021-01-01 23:00:00,2.1163583333333333
2021-01-02 00:00:00,2.219513333333333
2021-01-02 01:00:00,2.456748333333333
2021-01-02 02:00:00,2.5230183333333334
2021-01-02 03:00:00,2.546953333333333
2021-01-02 04:00:00,2.5966083333333336
2021-01-02 05:00:00,2.6425816666666666
2021-01-02 06:00:00,2.992025
2021-01-02 07:00:00,59.62688833333333
2021-01-02 08:00:00,254.147
2021-01-02 09:00:00,426.38033333333334
2021-01-02 10:00:00,552.9571666666667
2021-01-02 11:00:00,638.5306666666667
2021-01-02 12:00:00,665.2473333333332
2021-01-02 13:00:00,626.383
2021-01-02 14:00:00,526.9813333333334
2021-01-02 15:00:00,341.20458333333335
2021-01-02 16:00:00,39.59688333333334
2021-01-02 17:00:00,17.43818333333333
2021-01-02 18:00:00,2.7334116666666666
2021-01-02 19:00:00,2.6471250000000004
2021-01-02 20:00:00,2.652645
2021-01-02 21:00:00,2.647038333333333
2021-01-02 22:00:00,2.646991666666666
2021-01-02 23:00:00,2.646985
2021-01-03 00:00:00,2.6469949999999995
2021-01-03 01:00:00,2.6470716666666667
2021-01-03 02:00:00,2.639845
2021-01-03 03:00:00,2.5886633333333333
2021-01-03 04:00:00,2.5979250000000005
2021-01-03 05:00:00,2.614493333333334
2021-01-03 06:00:00,2.8424066666666667
2021-01-03 07:00:00,35.319743333333335
2021-01-03 08:00:00,239.01515
2021-01-03 09:00:00,393.0005
2021-01-03 10:00:00,483.3705
2021-01-03 11:00:00,601.1483333333333
2021-01-03 12:00:00,640.8278333333333
2021-01-03 13:00:00,602.5768333333333
2021-01-03 14:00:00,509.329
2021-01-03 15:00:00,313.28343333333333
2021-01-03 16:00:00,44.74733333333334
2021-01-03 17:00:00,16.878046666666666
2021-01-03 18:00:00,3.173801666666667
2021-01-03 19:00:00,3.05996
2021-01-03 20:00:00,3.2840866666666666
2021-01-03 21:00:00,3.30787
2021-01-03 22:00:00,3.3078149999999997
2021-01-03 23:00:00,3.300455
2021-01-04 00:00:00,3.291365
2021-01-04 01:00:00,3.278478333333333
2021-01-04 02:00:00,3.2399666666666667
2021-01-04 03:00:00,3.25089
2021-01-04 04:00:00,3.2417366666666667
2021-01-04 05:00:00,3.2546616666666663
2021-01-04 06:00:00,3.3190049999999998
2021-01-04 07:00:00,22.356581666666667
2021-01-04 08:00:00,94.98873333333333
2021-01-04 09:00:00,225.7493333333333
2021-01-04 10:00:00,376.879
2021-01-04 11:00:00,570.7330000000001
2021-01-04 12:00:00,407.1616666666667
2021-01-04 13:00:00,405.76266666666663
2021-01-04 14:00:00,287.49066666666664
2021-01-04 15:00:00,274.3155
2021-01-04 16:00:00,97.00396666666667
2021-01-04 17:00:00,20.547458333333335
2021-01-04 18:00:00,2.95823
2021-01-04 19:00:00,3.13301
2021-01-04 20:00:00,3.2597066666666668
2021-01-04 21:00:00,3.2284450000000002
2021-01-04 22:00:00,3.21192
2021-01-04 23:00:00,3.2248366666666666
2021-01-05 00:00:00,3.22115
2021-01-05 01:00:00,3.245006666666667
2021-01-05 02:00:00,3.230295
2021-01-05 03:00:00,3.2285366666666664
2021-01-05 04:00:00,3.2837783333333332
2021-01-05 05:00:00,3.3057566666666665
2021-01-05 06:00:00,3.3664599999999996
2021-01-05 07:00:00,22.605721666666668
2021-01-05 08:00:00,92.20115
2021-01-05 09:00:00,166.368
2021-01-05 10:00:00,303.67883333333333
2021-01-05 11:00:00,427.66016666666667
2021-01-05 12:00:00,523.7545
2021-01-05 13:00:00,470.65933333333334
2021-01-05 14:00:00,467.206
2021-01-05 15:00:00,335.9241166666667
2021-01-05 16:00:00,47.471000000000004
2021-01-05 17:00:00,19.784783333333333
2021-01-05 18:00:00,3.2341166666666665
2021-01-05 19:00:00,3.144228333333333
2021-01-05 20:00:00,2.863255
2021-01-05 21:00:00,2.738385
2021-01-05 22:00:00,2.93685
2021-01-05 23:00:00,3.1150466666666663
2021-01-06 00:00:00,3.1131699999999998
2021-01-06 01:00:00,3.0488416666666667
2021-01-06 02:00:00,2.8834733333333333
2021-01-06 03:00:00,2.8301933333333333
2021-01-06 04:00:00,2.727285
2021-01-06 05:00:00,2.6556516666666665
2021-01-06 06:00:00,2.7016733333333334
2021-01-06 07:00:00,15.62958
2021-01-06 08:00:00,80.44
2021-01-06 09:00:00,144.94050000000001
2021-01-06 10:00:00,312.98133333333334
2021-01-06 11:00:00,487.74016666666665
2021-01-06 12:00:00,596.5971666666667
2021-01-06 13:00:00,582.6571666666666
2021-01-06 14:00:00,482.95166666666665
2021-01-06 15:00:00,308.21366666666665
2021-01-06 16:00:00,79.63101666666667
2021-01-06 17:00:00,25.292838333333336
2021-01-06 18:00:00,2.870633333333333
2021-01-06 19:00:00,2.6465483333333335
2021-01-06 20:00:00,2.6466149999999997
2021-01-06 21:00:00,2.646585
2021-01-06 22:00:00,2.646585
2021-01-06 23:00:00,2.6465883333333333
2021-01-07 00:00:00,2.6502666666666665
2021-01-07 01:00:00,2.6649283333333336
2021-01-07 02:00:00,2.7016533333333332
2021-01-07 03:00:00,2.6574699999999996
2021-01-07 04:00:00,2.6465633333333334
2021-01-07 05:00:00,2.6467516666666664
2021-01-07 06:00:00,2.7627716666666666
2021-01-07 07:00:00,24.10951
2021-01-07 08:00:00,106.10598333333334
2021-01-07 09:00:00,215.49583333333334
2021-01-07 10:00:00,345.35999999999996
2021-01-07 11:00:00,489.69066666666663
2021-01-07 12:00:00,496.944
2021-01-07 13:00:00,444.4798333333334
2021-01-07 14:00:00,271.68316666666664
2021-01-07 15:00:00,121.76703333333333
2021-01-07 16:00:00,55.418483333333334
2021-01-07 17:00:00,13.516166666666667
2021-01-07 18:00:00,2.6469
2021-01-07 19:00:00,2.2924333333333333
2021-01-07 20:00:00,1.991115
2021-01-07 21:00:00,1.9893466666666666
2021-01-07 22:00:00,2.037228333333333
2021-01-07 23:00:00,2.171628333333333
2021-01-08 00:00:00,2.22321
2021-01-08 01:00:00,2.0098066666666665
2021-01-08 02:00:00,1.9620016666666666
2021-01-08 03:00:00,1.9842350000000002
2021-01-08 04:00:00,1.9862399999999998
2021-01-08 05:00:00,1.9862283333333333
2021-01-08 06:00:00,2.0007949999999997
2021-01-08 07:00:00,11.22805
2021-01-08 08:00:00,51.065666666666665
2021-01-08 09:00:00,110.81268333333333
2021-01-08 10:00:00,185.46383333333333
2021-01-08 11:00:00,276.1926666666667
2021-01-08 12:00:00,283.31083333333333
2021-01-08 13:00:00,204.04683333333332
2021-01-08 14:00:00,139.86118333333334
2021-01-08 15:00:00,59.142950000000006
2021-01-08 16:00:00,27.795566666666666
2021-01-08 17:00:00,7.669305
2021-01-08 18:00:00,2.0446766666666667
2021-01-08 19:00:00,1.9858633333333333
2021-01-08 20:00:00,1.9858966666666666
2021-01-08 21:00:00,1.98593
2021-01-08 22:00:00,1.9859383333333334
2021-01-08 23:00:00,1.9859166666666668
2021-01-09 00:00:00,1.98593
2021-01-09 01:00:00,1.9859333333333333
2021-01-09 02:00:00,1.9858966666666666
2021-01-09 03:00:00,1.9859
2021-01-09 04:00:00,1.9859133333333332
2021-01-09 05:00:00,1.9859149999999999
2021-01-09 06:00:00,2.1533516666666666
2021-01-09 07:00:00,39.44861166666667
2021-01-09 08:00:00,205.46285
2021-01-09 09:00:00,193.47105000000002
2021-01-09 10:00:00,309.52466666666663
2021-01-09 11:00:00,420.944
2021-01-09 12:00:00,485.834
2021-01-09 13:00:00,334.96483333333333
2021-01-09 14:00:00,184.23383333333334
2021-01-09 15:00:00,108.86909999999999
2021-01-09 16:00:00,64.16843333333334
2021-01-09 17:00:00,15.837481666666667
2021-01-09 18:00:00,2.1526583333333336
2021-01-09 19:00:00,1.98559
2021-01-09 20:00:00,1.9856033333333334
2021-01-09 21:00:00,1.9856066666666667
2021-01-09 22:00:00,1.9855966666666667
2021-01-09 23:00:00,1.9855966666666667
2021-01-10 00:00:00,2.05177
2021-01-10 01:00:00,2.1326583333333335
2021-01-10 02:00:00,2.0775266666666665
2021-01-10 03:00:00,2.0150783333333333
2021-01-10 04:00:00,1.9893316666666665
2021-01-10 05:00:00,2.02611
2021-01-10 06:00:00,2.1878533333333334
2021-01-10 07:00:00,13.792956666666667
2021-01-10 08:00:00,35.84458333333334
2021-01-10 09:00:00,139.91586666666666
2021-01-10 10:00:00,246.63633333333334
2021-01-10 11:00:00,473.60016666666667
2021-01-10 12:00:00,479.8585
2021-01-10 13:00:00,309.87233333333336
2021-01-10 14:00:00,219.575
2021-01-10 15:00:00,137.02928333333332
2021-01-10 16:00:00,66.2741
2021-01-10 17:00:00,14.198708333333334
2021-01-10 18:00:00,2.6450316666666667
2021-01-10 19:00:00,2.523908333333333
2021-01-10 20:00:00,2.11404
2021-01-10 21:00:00,1.98923
2021-01-10 22:00:00,1.9855533333333333
2021-01-10 23:00:00,1.9856200000000002
2021-01-11 00:00:00,1.985625
2021-01-11 01:00:00,1.98377
2021-01-11 02:00:00,1.9856066666666667
2021-01-11 03:00:00,1.98561
2021-01-11 04:00:00,1.9837933333333335
2021-01-11 05:00:00,1.9819783333333334
2021-01-11 06:00:00,1.8679816666666667
2021-01-11 07:00:00,8.543831666666668
2021-01-11 08:00:00,22.705816666666667
2021-01-11 09:00:00,48.21296666666667
2021-01-11 10:00:00,64.475
2021-01-11 11:00:00,91.72565
2021-01-11 12:00:00,110.90091666666667
2021-01-11 13:00:00,91.57045
2021-01-11 14:00:00,72.78338333333333
2021-01-11 15:00:00,45.265233333333335
2021-01-11 16:00:00,37.02621666666666
2021-01-11 17:00:00,7.0643183333333335
2021-01-11 18:00:00,1.5059283333333333
2021-01-11 19:00:00,1.6622316666666668
2021-01-11 20:00:00,1.72289
2021-01-11 21:00:00,1.7302566666666666
2021-01-11 22:00:00,1.7136850000000001
2021-01-11 23:00:00,1.7523000000000002
2021-01-12 00:00:00,2.2174899999999997
2021-01-12 01:00:00,2.033643333333333
2021-01-12 02:00:00,1.9859183333333335
2021-01-12 03:00:00,1.9859316666666667
2021-01-12 04:00:00,1.9860533333333334
2021-01-12 05:00:00,1.9861633333333333
2021-01-12 06:00:00,2.2270766666666666
2021-01-12 07:00:00,53.25787666666667
2021-01-12 08:00:00,243.85916666666665
2021-01-12 09:00:00,426.46883333333335
2021-01-12 10:00:00,557.9638333333334
2021-01-12 11:00:00,649.8968333333333
2021-01-12 12:00:00,679.7241666666666
2021-01-12 13:00:00,646.043
2021-01-12 14:00:00,553.33
2021-01-12 15:00:00,391.13649999999996
2021-01-12 16:00:00,54.400866666666666
2021-01-12 17:00:00,21.424163333333336
2021-01-12 18:00:00,2.8382116666666666
2021-01-12 19:00:00,2.0370633333333332
2021-01-12 20:00:00,2.099693333333333
2021-01-12 21:00:00,2.1070733333333336
2021-01-12 22:00:00,2.0481866666666666
2021-01-12 23:00:00,2.127241666666667
2021-01-13 00:00:00,2.215685
2021-01-13 01:00:00,2.3941416666666666
2021-01-13 02:00:00,2.3518499999999998
2021-01-13 03:00:00,2.2764366666666667
2021-01-13 04:00:00,2.16427
2021-01-13 05:00:00,2.0245366666666667
2021-01-13 06:00:00,2.1881483333333334
2021-01-13 07:00:00,58.053700000000006
2021-01-13 08:00:00,247.80766666666665
2021-01-13 09:00:00,429.1685
2021-01-13 10:00:00,558.6021666666667
2021-01-13 11:00:00,642.8403333333333
2021-01-13 12:00:00,669.0875
2021-01-13 13:00:00,632.9816666666667
2021-01-13 14:00:00,536.8331666666667
2021-01-13 15:00:00,391.7038333333333
2021-01-13 16:00:00,56.145250000000004
2021-01-13 17:00:00,21.155248333333336
2021-01-13 18:00:00,2.3198933333333334
2021-01-13 19:00:00,1.9855983333333334
2021-01-13 20:00:00,1.98563
2021-01-13 21:00:00,1.985665
2021-01-13 22:00:00,1.9856133333333335
2021-01-13 23:00:00,1.9855683333333334
2021-01-14 00:00:00,1.9855783333333332
2021-01-14 01:00:00,1.9856116666666668
2021-01-14 02:00:00,1.9617033333333334
2021-01-14 03:00:00,1.7925916666666666
2021-01-14 04:00:00,1.56104
2021-01-14 05:00:00,1.4875233333333333
2021-01-14 06:00:00,2.055655
2021-01-14 07:00:00,47.846605
2021-01-14 08:00:00,224.5811666666667
2021-01-14 09:00:00,324.7815
2021-01-14 10:00:00,521.7183333333334
2021-01-14 11:00:00,606.4133333333334
2021-01-14 12:00:00,632.5118333333334
2021-01-14 13:00:00,599.6478333333333
2021-01-14 14:00:00,506.0806666666667
2021-01-14 15:00:00,360.63666666666666
2021-01-14 16:00:00,73.61965000000001
2021-01-14 17:00:00,24.760083333333334
2021-01-14 18:00:00,2.7916700000000003
2021-01-14 19:00:00,2.4648966666666667
2021-01-14 20:00:00,2.2793316666666663
2021-01-14 21:00:00,2.2149783333333333
2021-01-14 22:00:00,2.400615
2021-01-14 23:00:00,2.431858333333333
2021-01-15 00:00:00,2.2664400000000002
2021-01-15 01:00:00,2.1010133333333334
2021-01-15 02:00:00,2.374905
2021-01-15 03:00:00,2.5990716666666667
2021-01-15 04:00:00,2.6447766666666666
2021-01-15 05:00:00,2.6424533333333335
2021-01-15 06:00:00,2.720066666666667
2021-01-15 07:00:00,49.12343833333333
2021-01-15 08:00:00,212.67133333333334
2021-01-15 09:00:00,389.77616666666665
2021-01-15 10:00:00,524.595
2021-01-15 11:00:00,612.9896610169492
2021-01-15 12:00:00,643.206
2021-01-15 13:00:00,611.7738333333333
2021-01-15 14:00:00,517.1236666666666
2021-01-15 15:00:00,366.3946666666667
2021-01-15 16:00:00,78.11858333333333
2021-01-15 17:00:00,25.523964999999997
2021-01-15 18:00:00,2.570651666666667
2021-01-15 19:00:00,2.4442049999999997
2021-01-15 20:00:00,2.6372933333333335
2021-01-15 21:00:00,2.6374750000000002
2021-01-15 22:00:00,2.5898233333333334
2021-01-15 23:00:00,2.4538749999999996
2021-01-16 00:00:00,2.5439616666666667
2021-01-16 01:00:00,2.578885
2021-01-16 02:00:00,2.6101116666666666
2021-01-16 03:00:00,2.6412216666666666
2021-01-16 04:00:00,2.6447533333333335
2021-01-16 05:00:00,2.646511666666667
2021-01-16 06:00:00,2.7420233333333335
2021-01-16 07:00:00,31.003155
2021-01-16 08:00:00,146.7630166666667
2021-01-16 09:00:00,230.89783333333332
2021-01-16 10:00:00,419.1426666666667
2021-01-16 11:00:00,609.7014999999999
2021-01-16 12:00:00,619.0616666666666
2021-01-16 13:00:00,425.64483333333334
2021-01-16 14:00:00,383.616
2021-01-16 15:00:00,354.03116666666665
2021-01-16 16:00:00,135.35048333333333
2021-01-16 17:00:00,40.790169999999996
2021-01-16 18:00:00,3.3495833333333334
2021-01-16 19:00:00,2.6717516666666667
2021-01-16 20:00:00,2.640731666666667
2021-01-16 21:00:00,2.6463200000000002
2021-01-16 22:00:00,2.6463283333333334
2021-01-16 23:00:00,2.6463566666666667
2021-01-17 00:00:00,2.6464616666666667
2021-01-17 01:00:00,2.64647
2021-01-17 02:00:00,2.64649
2021-01-17 03:00:00,2.646491666666667
2021-01-17 04:00:00,2.6464950000000003
2021-01-17 05:00:00,2.6465699999999996
2021-01-17 06:00:00,2.6465966666666665
2021-01-17 07:00:00,13.071368333333334
2021-01-17 08:00:00,151.9152
2021-01-17 09:00:00,301.00183333333337
2021-01-17 10:00:00,444.78516666666667
2021-01-17 11:00:00,528.499
2021-01-17 12:00:00,570.848
2021-01-17 13:00:00,542.9576666666667
2021-01-17 14:00:00,451.62833333333333
2021-01-17 15:00:00,315.6578333333334
2021-01-17 16:00:00,107.3601
2021-01-17 17:00:00,31.90478166666667
2021-01-17 18:00:00,3.426965
2021-01-17 19:00:00,2.6482083333333333
2021-01-17 20:00:00,2.6465416666666663
2021-01-17 21:00:00,2.698331666666667
2021-01-17 22:00:00,2.8289483333333334
2021-01-17 23:00:00,2.84739
2021-01-18 00:00:00,2.647275
2021-01-18 01:00:00,2.62517
2021-01-18 02:00:00,2.6417266666666666
2021-01-18 03:00:00,2.64546
2021-01-18 04:00:00,2.647485
2021-01-18 05:00:00,2.6476783333333334
2021-01-18 06:00:00,2.7727399999999998
2021-01-18 07:00:00,34.89313
2021-01-18 08:00:00,178.65613333333334
2021-01-18 09:00:00,351.9916666666667
2021-01-18 10:00:00,492.4771666666667
2021-01-18 11:00:00,587.7516666666667
2021-01-18 12:00:00,628.8358333333333
2021-01-18 13:00:00,602.6505
2021-01-18 14:00:00,500.1723333333333
2021-01-18 15:00:00,354.767
2021-01-18 16:00:00,99.1604
2021-01-18 17:00:00,29.702281666666668
2021-01-18 18:00:00,3.659476666666667
2021-01-18 19:00:00,3.240711666666667
2021-01-18 20:00:00,3.2666283333333337
2021-01-18 21:00:00,3.307258333333333
2021-01-18 22:00:00,3.305336666666667
2021-01-18 23:00:00,3.3016816666666666
2021-01-19 00:00:00,3.266765
2021-01-19 01:00:00,3.2667083333333333
2021-01-19 02:00:00,3.2335766666666665
2021-01-19 03:00:00,3.1398016666666666
2021-01-19 04:00:00,2.992795
2021-01-19 05:00:00,2.7887666666666666
2021-01-19 06:00:00,2.8550216666666666
2021-01-19 07:00:00,45.391655
2021-01-19 08:00:00,210.181
2021-01-19 09:00:00,391.48733333333337
2021-01-19 10:00:00,528.0306666666667
2021-01-19 11:00:00,531.0261666666667
2021-01-19 12:00:00,361.2715
2021-01-19 13:00:00,265.9533333333333
2021-01-19 14:00:00,230.47400000000002
2021-01-19 15:00:00,140.2825
2021-01-19 16:00:00,98.57006666666666
2021-01-19 17:00:00,37.85146833333333
2021-01-19 18:00:00,3.484176666666667
2021-01-19 19:00:00,2.6960566666666663
2021-01-19 20:00:00,2.7162316666666664
2021-01-19 21:00:00,2.870605
2021-01-19 22:00:00,2.7070383333333337
2021-01-19 23:00:00,2.6849883333333335
2021-01-20 00:00:00,2.6684866666666665
2021-01-20 01:00:00,2.6519850000000003
2021-01-20 02:00:00,2.668511666666667
2021-01-20 03:00:00,2.6887
2021-01-20 04:00:00,2.6849766666666666
2021-01-20 05:00:00,2.696051666666667
2021-01-20 06:00:00,2.8614433333333333
2021-01-20 07:00:00,23.235495
2021-01-20 08:00:00,92.04711666666667
2021-01-20 09:00:00,183.682
2021-01-20 10:00:00,327.8213333333333
2021-01-20 11:00:00,367.44899999999996
2021-01-20 12:00:00,437.6581666666667
2021-01-20 13:00:00,394.309
2021-01-20 14:00:00,374.86116666666663
2021-01-20 15:00:00,280.52616666666665
2021-01-20 16:00:00,101.78126666666667
2021-01-20 17:00:00,28.910148333333332
2021-01-20 18:00:00,3.632565
2021-01-20 19:00:00,3.2982266666666664
2021-01-20 20:00:00,3.301946666666667
2021-01-20 21:00:00,3.2725583333333335
2021-01-20 22:00:00,3.2598800000000003
2021-01-20 23:00:00,3.272836666666666
2021-01-21 00:00:00,3.2892616666666665
2021-01-21 01:00:00,3.24338
2021-01-21 02:00:00,3.140533333333333
2021-01-21 03:00:00,3.22878
2021-01-21 04:00:00,3.302005
2021-01-21 05:00:00,3.3073550000000003
2021-01-21 06:00:00,3.369758333333333
2021-01-21 07:00:00,27.918533333333336
2021-01-21 08:00:00,142.83938333333333
2021-01-21 09:00:00,151.32438333333332
2021-01-21 10:00:00,246.24366666666668
2021-01-21 11:00:00,315.48583333333335
2021-01-21 12:00:00,347.32016666666664
2021-01-21 13:00:00,384.68566666666663
2021-01-21 14:00:00,382.2195
2021-01-21 15:00:00,302.97566666666665
2021-01-21 16:00:00,95.44066666666666
2021-01-21 17:00:00,19.931823333333334
2021-01-21 18:00:00,4.195683333333333
2021-01-21 19:00:00,3.341718333333333
2021-01-21 20:00:00,3.312591666666667
2021-01-21 21:00:00,3.292455
2021-01-21 22:00:00,3.3072266666666668
2021-01-21 23:00:00,3.3035566666666667
2021-01-22 00:00:00,3.3036133333333333
2021-01-22 01:00:00,3.3072733333333333
2021-01-22 02:00:00,3.305355
2021-01-22 03:00:00,3.301693333333333
2021-01-22 04:00:00,3.307185
2021-01-22 05:00:00,3.307165
2021-01-22 06:00:00,3.4410883333333335
2021-01-22 07:00:00,46.15284833333333
2021-01-22 08:00:00,218.7061666666667
2021-01-22 09:00:00,385.8686666666666
2021-01-22 10:00:00,525.2695
2021-01-22 11:00:00,584.3004999999999
2021-01-22 12:00:00,578.152
2021-01-22 13:00:00,432.2133333333333
2021-01-22 14:00:00,428.4773333333333
2021-01-22 15:00:00,371.0028333333333
2021-01-22 16:00:00,111.78793333333333
2021-01-22 17:00:00,35.024408333333334
2021-01-22 18:00:00,4.486413333333333
2021-01-22 19:00:00,3.6404116666666666
2021-01-22 20:00:00,3.899716666666667
2021-01-22 21:00:00,3.9493783333333337
2021-01-22 22:00:00,3.8701416666666666
2021-01-22 23:00:00,3.8096733333333335
2021-01-23 00:00:00,3.510515
2021-01-23 01:00:00,3.2589183333333334
2021-01-23 02:00:00,3.2976966666666665
2021-01-23 03:00:00,3.2961483333333335
2021-01-23 04:00:00,3.298068333333333
2021-01-23 05:00:00,3.2686783333333334
2021-01-23 06:00:00,3.30735
2021-01-23 07:00:00,27.470758333333333
2021-01-23 08:00:00,175.16123333333334
2021-01-23 09:00:00,364.99
2021-01-23 10:00:00,515.7136666666667
2021-01-23 11:00:00,607.6401666666667
2021-01-23 12:00:00,647.065
2021-01-23 13:00:00,609.985
2021-01-23 14:00:00,507.5771666666667
2021-01-23 15:00:00,356.781
2021-01-23 16:00:00,127.39403333333333
2021-01-23 17:00:00,36.258500000000005
2021-01-23 18:00:00,4.026373333333334
2021-01-23 19:00:00,3.2554133333333337
2021-01-23 20:00:00,3.2796700000000003
2021-01-23 21:00:00,3.2357099999999996
2021-01-23 22:00:00,3.06126
2021-01-23 23:00:00,2.908795
2021-01-24 00:00:00,2.818943333333333
2021-01-24 01:00:00,2.7032083333333334
2021-01-24 02:00:00,2.8704316666666667
2021-01-24 03:00:00,2.9237033333333335
2021-01-24 04:00:00,2.998855
2021-01-24 05:00:00,3.3311683333333333
2021-01-24 06:00:00,7.917376666666667
2021-01-24 07:00:00,11.305115
2021-01-24 08:00:00,20.497783333333334
2021-01-24 09:00:00,35.034533333333336
2021-01-24 10:00:00,74.11178333333334
2021-01-24 11:00:00,120.4493
2021-01-24 12:00:00,186.52766666666668
2021-01-24 13:00:00,228.25733333333335
2021-01-24 14:00:00,230.53883333333334
2021-01-24 15:00:00,226.642
2021-01-24 16:00:00,141.73774999999998
2021-01-24 17:00:00,34.693086666666666
2021-01-24 18:00:00,3.6051283333333335
2021-01-24 19:00:00,3.2838266666666667
2021-01-24 20:00:00,3.1662733333333333
2021-01-24 21:00:00,3.1643383333333333
2021-01-24 22:00:00,3.915901666666667
2021-01-24 23:00:00,3.2765033333333333
2021-01-25 00:00:00,3.3224933333333335
2021-01-25 01:00:00,3.0908716666666667
2021-01-25 02:00:00,2.65173
2021-01-25 03:00:00,2.4735233333333335
2021-01-25 04:00:00,2.4514533333333333
2021-01-25 05:00:00,3.565035
2021-01-25 06:00:00,6.4834233333333335
2021-01-25 07:00:00,39.97832666666667
2021-01-25 08:00:00,197.8064666666667
2021-01-25 09:00:00,402.217
2021-01-25 10:00:00,472.7511666666667
2021-01-25 11:00:00,598.7936666666667
2021-01-25 12:00:00,643.0286666666667
2021-01-25 13:00:00,614.4064999999999
2021-01-25 14:00:00,523.3728333333333
2021-01-25 15:00:00,381.9706666666667
2021-01-25 16:00:00,127.67139999999999
2021-01-25 17:00:00,31.442366666666665
2021-01-25 18:00:00,2.9465083333333335
2021-01-25 19:00:00,1.9843149999999998
2021-01-25 20:00:00,2.201381666666667
2021-01-25 21:00:00,2.219895
2021-01-25 22:00:00,2.3283283333333333
2021-01-25 23:00:00,2.5396316666666667
2021-01-26 00:00:00,2.221706666666667
2021-01-26 01:00:00,2.035975
2021-01-26 02:00:00,2.9712966666666665
2021-01-26 03:00:00,2.6756216666666663
2021-01-26 04:00:00,3.1990666666666665
2021-01-26 05:00:00,4.762613333333333
2021-01-26 06:00:00,3.6806683333333337
2021-01-26 07:00:00,23.409651666666665
2021-01-26 08:00:00,113.16499999999999
2021-01-26 09:00:00,337.25266666666664
2021-01-26 10:00:00,493.2411666666667
2021-01-26 11:00:00,597.4391666666667
2021-01-26 12:00:00,640.8896666666666
2021-01-26 13:00:00,613.1025000000001
2021-01-26 14:00:00,526.6703333333334
2021-01-26 15:00:00,375.7535
2021-01-26 16:00:00,139.5652
2021-01-26 17:00:00,35.96824166666667
2021-01-26 18:00:00,1.1168101666666668
2021-01-26 19:00:00,0.5015798333333333
2021-01-26 20:00:00,0.6026431666666666
2021-01-26 21:00:00,0.5952913333333334
2021-01-26 22:00:00,0.5750906666666666
2021-01-26 23:00:00,0.5163045
2021-01-27 00:00:00,0.986673
2021-01-27 01:00:00,3.4818933333333333
2021-01-27 02:00:00,1.9533555
2021-01-27 03:00:00,3.6404216666666667
2021-01-27 04:00:00,4.809148333333334
2021-01-27 05:00:00,5.796048333333333
2021-01-27 06:00:00,6.49444
2021-01-27 07:00:00,25.826853333333336
2021-01-27 08:00:00,93.46095
2021-01-27 09:00:00,193.57383333333334
2021-01-27 10:00:00,372.81433333333337
2021-01-27 11:00:00,578.6253333333333
2021-01-27 12:00:00,619.0721666666667
2021-01-27 13:00:00,602.4375
2021-01-27 14:00:00,518.2585
2021-01-27 15:00:00,375.60516666666666
2021-01-27 16:00:00,139.23265
2021-01-27 17:00:00,37.07213333333333
2021-01-27 18:00:00,5.015883333333333
2021-01-27 19:00:00,4.445215
2021-01-27 20:00:00,5.027811666666667
2021-01-27 21:00:00,5.882493333333333
2021-01-27 22:00:00,6.386098333333334
2021-01-27 23:00:00,6.758891666666667
2021-01-28 00:00:00,6.512695
2021-01-28 01:00:00,6.516625
2021-01-28 02:00:00,6.172883333333333
2021-01-28 03:00:00,4.232078333333333
2021-01-28 04:00:00,4.4029316666666665
2021-01-28 05:00:00,4.71718
2021-01-28 06:00:00,5.362211666666667
2021-01-28 07:00:00,38.072271666666666
2021-01-28 08:00:00,155.02506666666667
2021-01-28 09:00:00,293.5821666666667
2021-01-28 10:00:00,491.002
2021-01-28 11:00:00,591.3275
2021-01-28 12:00:00,628.441
2021-01-28 13:00:00,600.2141666666666
2021-01-28 14:00:00,500.78066666666666
2021-01-28 15:00:00,349.5355
2021-01-28 16:00:00,143.31973333333332
2021-01-28 17:00:00,37.403483333333334
2021-01-28 18:00:00,2.5916366666666666
2021-01-28 19:00:00,1.5670583333333332
2021-01-28 20:00:00,1.8979583333333332
2021-01-28 21:00:00,1.7344866666666665
2021-01-28 22:00:00,1.0125288333333333
2021-01-28 23:00:00,1.3231433333333333
2021-01-29 00:00:00,1.3231566666666665
2021-01-29 01:00:00,1.3232513333333331
2021-01-29 02:00:00,1.1652378333333333
2021-01-29 03:00:00,0.7480483333333333
2021-01-29 04:00:00,1.2277686666666667
2021-01-29 05:00:00,1.0789948333333332
2021-01-29 06:00:00,1.187529
2021-01-29 07:00:00,50.78217166666666
2021-01-29 08:00:00,221.38816666666668
2021-01-29 09:00:00,401.8863333333333
2021-01-29 10:00:00,547.99
2021-01-29 11:00:00,647.7625
2021-01-29 12:00:00,682.0938333333332
2021-01-29 13:00:00,653.3971666666667
2021-01-29 14:00:00,559.8933333333333
2021-01-29 15:00:00,416.4301666666667
2021-01-29 16:00:00,149.5953
2021-01-29 17:00:00,29.31318333333333
2021-01-29 18:00:00,2.3210401666666667
2021-01-29 19:00:00,0.6763265
2021-01-29 20:00:00,0.6616303333333333
2021-01-29 21:00:00,0.6616295000000001
2021-01-29 22:00:00,0.6855095
2021-01-29 23:00:00,0.6891973333333333
2021-01-30 00:00:00,0.7369821666666667
2021-01-30 01:00:00,0.6689896666666667
2021-01-30 02:00:00,0.6579841666666667
2021-01-30 03:00:00,0.6616653333333333
2021-01-30 04:00:00,0.6598330000000001
2021-01-30 05:00:00,0.6562091666666666
2021-01-30 06:00:00,0.8198506666666667
2021-01-30 07:00:00,40.987845
2021-01-30 08:00:00,200.09583333333333
2021-01-30 09:00:00,376.8896666666667
2021-01-30 10:00:00,526.5626666666666
2021-01-30 11:00:00,620.7735
2021-01-30 12:00:00,663.7003333333333
2021-01-30 13:00:00,630.0911666666667
2021-01-30 14:00:00,544.3394999999999
2021-01-30 15:00:00,403.83733333333333
2021-01-30 16:00:00,146.69196666666667
2021-01-30 17:00:00,29.876433333333335
2021-01-30 18:00:00,2.478956833333333
2021-01-30 19:00:00,0.7938438333333333
2021-01-30 20:00:00,0.7828463333333333
2021-01-30 21:00:00,0.8030548333333333
2021-01-30 22:00:00,0.7827995
2021-01-30 23:00:00,0.7442211666666666
2021-01-31 00:00:00,0.9409123333333334
2021-01-31 01:00:00,1.3710191666666667
2021-01-31 02:00:00,1.9150566666666669
2021-01-31 03:00:00,1.7533283333333334
2021-01-31 04:00:00,0.8031533333333333
2021-01-31 05:00:00,0.6616473333333333
2021-01-31 06:00:00,0.8086873333333333
2021-01-31 07:00:00,51.76029166666667
2021-01-31 08:00:00,224.16366666666667
2021-01-31 09:00:00,403.45966666666664
2021-01-31 10:00:00,547.4698333333333
2021-01-31 11:00:00,640.7391666666666
2021-01-31 12:00:00,674.7041666666667
2021-01-31 13:00:00,647.0131666666667
2021-01-31 14:00:00,555.319
2021-01-31 15:00:00,417.0733333333334
2021-01-31 16:00:00,170.90415
2021-01-31 17:00:00,36.195616666666666
2021-01-31 18:00:00,3.1155801666666667
2021-01-31 19:00:00,1.4497726666666668
2021-01-31 20:00:00,1.2992191666666666
2021-01-31 21:00:00,1.2825526666666667
2021-01-31 22:00:00,1.2199961666666668
2021-01-31 23:00:00,1.0895599999999999
2021-02-01 00:00:00,1.2439616666666666
2021-02-01 01:00:00,1.2532066666666666
2021-02-01 02:00:00,1.2770421666666667
2021-02-01 03:00:00,1.2770448333333333
2021-02-01 04:00:00,1.5564233333333335
2021-02-01 05:00:00,1.606
2021-02-01 06:00:00,1.6703535
2021-02-01 07:00:00,45.688404999999996
2021-02-01 08:00:00,218.57416666666668
2021-02-01 09:00:00,394.6175
2021-02-01 10:00:00,540.1715
2021-02-01 11:00:00,635.0425
2021-02-01 12:00:00,674.1474999999999
2021-02-01 13:00:00,651.1625
2021-02-01 14:00:00,559.9706666666666
2021-02-01 15:00:00,413.4241666666667
2021-02-01 16:00:00,161.36908333333335
2021-02-01 17:00:00,30.459583333333335
2021-02-01 18:00:00,3.0709783333333336
2021-02-01 19:00:00,1.243674
2021-02-01 20:00:00,1.1133788333333332
2021-02-01 21:00:00,1.7160671666666665
2021-02-01 22:00:00,1.9035006666666665
2021-02-01 23:00:00,1.9862083333333334
2021-02-02 00:00:00,1.9769916666666667
2021-02-02 01:00:00,1.9568133333333333
2021-02-02 02:00:00,1.9622983333333333
2021-02-02 03:00:00,1.9715166666666666
2021-02-02 04:00:00,2.2949333333333333
2021-02-02 05:00:00,2.715665
2021-02-02 06:00:00,2.5539316666666667
2021-02-02 07:00:00,47.755916666666664
2021-02-02 08:00:00,209.65166666666667
2021-02-02 09:00:00,389.72833333333335
2021-02-02 10:00:00,529.6741666666667
2021-02-02 11:00:00,635.1071666666667
2021-02-02 12:00:00,674.9163333333332
2021-02-02 13:00:00,649.971
2021-02-02 14:00:00,565.7189999999999
2021-02-02 15:00:00,426.1711666666667
2021-02-02 16:00:00,169.79338333333334
2021-02-02 17:00:00,33.83663333333333
2021-02-02 18:00:00,3.806225
2021-02-02 19:00:00,2.502415
2021-02-02 20:00:00,2.5355483333333333
2021-02-02 21:00:00,2.811201666666667
2021-02-02 22:00:00,2.7947083333333333
2021-02-02 23:00:00,2.6112216666666668
2021-02-03 00:00:00,2.603818333333334
2021-02-03 01:00:00,2.57076
2021-02-03 02:00:00,2.600065
2021-02-03 03:00:00,2.605656666666667
2021-02-03 04:00:00,2.535915
2021-02-03 05:00:00,1.8633183333333332
2021-02-03 06:00:00,1.7732649999999999
2021-02-03 07:00:00,47.652568333333335
2021-02-03 08:00:00,205.397
2021-02-03 09:00:00,388.2945
2021-02-03 10:00:00,536.7808333333334
2021-02-03 11:00:00,632.7228333333334
2021-02-03 12:00:00,669.8855
2021-02-03 13:00:00,644.8773333333334
2021-02-03 14:00:00,554.8846666666667
2021-02-03 15:00:00,411.2803333333333
2021-02-03 16:00:00,170.96708333333333
2021-02-03 17:00:00,32.495733333333334
2021-02-03 18:00:00,4.376575
2021-02-03 19:00:00,2.6240866666666665
2021-02-03 20:00:00,2.65343
2021-02-03 21:00:00,2.8004333333333333
2021-02-03 22:00:00,3.53176
2021-02-03 23:00:00,3.7541333333333333
2021-02-04 00:00:00,3.86808
2021-02-04 01:00:00,3.9213816666666665
2021-02-04 02:00:00,3.8094733333333335
2021-02-04 03:00:00,3.3482883333333335
2021-02-04 04:00:00,2.8466933333333335
2021-02-04 05:00:00,2.44603
2021-02-04 06:00:00,2.5250333333333335
2021-02-04 07:00:00,47.417015
2021-02-04 08:00:00,205.73233333333334
2021-02-04 09:00:00,387.11650000000003
2021-02-04 10:00:00,536.6378333333333
2021-02-04 11:00:00,634.1091666666667
2021-02-04 12:00:00,675.3228333333334
2021-02-04 13:00:00,653.1848333333332
2021-02-04 14:00:00,570.5838333333334
2021-02-04 15:00:00,436.1451666666666
2021-02-04 16:00:00,182.18025
2021-02-04 17:00:00,30.863766666666667
2021-02-04 18:00:00,4.625806666666667
2021-02-04 19:00:00,2.6495466666666667
2021-02-04 20:00:00,2.71211
2021-02-04 21:00:00,2.8371966666666664
2021-02-04 22:00:00,3.460035
2021-02-04 23:00:00,3.849553333333333
2021-02-05 00:00:00,3.9045116666666666
2021-02-05 01:00:00,3.896881666666667
2021-02-05 02:00:00,3.810643333333333
2021-02-05 03:00:00,3.3881
2021-02-05 04:00:00,3.3956033333333333
2021-02-05 05:00:00,3.4047883333333333
2021-02-05 06:00:00,4.141626666666666
2021-02-05 07:00:00,61.25180666666667
2021-02-05 08:00:00,229.3775
2021-02-05 09:00:00,404.89033333333333
2021-02-05 10:00:00,555.8533333333332
2021-02-05 11:00:00,652.7216666666667
2021-02-05 12:00:00,690.0881666666667
2021-02-05 13:00:00,667.3330000000001
2021-02-05 14:00:00,580.6428333333333
2021-02-05 15:00:00,440.06733333333335
2021-02-05 16:00:00,192.82153333333332
2021-02-05 17:00:00,32.0773
2021-02-05 18:00:00,3.9524883333333336
2021-02-05 19:00:00,2.019105
2021-02-05 20:00:00,2.4676233333333335
2021-02-05 21:00:00,2.7984733333333334
2021-02-05 22:00:00,3.0372649999999997
2021-02-05 23:00:00,3.2118283333333335
2021-02-06 00:00:00,3.7446433333333333
2021-02-06 01:00:00,3.9118283333333332
2021-02-06 02:00:00,3.818165
2021-02-06 03:00:00,2.691866666666667
2021-02-06 04:00:00,2.62026
2021-02-06 05:00:00,2.5522133333333334
2021-02-06 06:00:00,2.941778333333333
2021-02-06 07:00:00,63.993993333333336
2021-02-06 08:00:00,242.16649999999998
2021-02-06 09:00:00,422.364
2021-02-06 10:00:00,567.7396666666666
2021-02-06 11:00:00,670.9521666666666
2021-02-06 12:00:00,705.1511666666667
2021-02-06 13:00:00,677.9991666666666
2021-02-06 14:00:00,594.2111666666666
2021-02-06 15:00:00,446.45966666666664
2021-02-06 16:00:00,194.69501666666665
2021-02-06 17:00:00,24.79866666666667
2021-02-06 18:00:00,3.926486666666667
2021-02-06 19:00:00,1.64773
2021-02-06 20:00:00,1.9695233333333333
2021-02-06 21:00:00,1.982485
2021-02-06 22:00:00,2.01371
2021-02-06 23:00:00,1.9346733333333332
2021-02-07 00:00:00,1.9749883333333333
2021-02-07 01:00:00,1.9750583333333334
2021-02-07 02:00:00,1.9622950000000001
2021-02-07 03:00:00,1.7051283333333334
2021-02-07 04:00:00,1.8723533333333333
2021-02-07 05:00:00,1.8797083333333333
2021-02-07 06:00:00,2.2527433333333335
2021-02-07 07:00:00,65.87451833333333
2021-02-07 08:00:00,242.90133333333333
2021-02-07 09:00:00,416.24966666666666
2021-02-07 10:00:00,551.4506666666667
2021-02-07 11:00:00,661.0576666666667
2021-02-07 12:00:00,700.1545
2021-02-07 13:00:00,671.6163333333334
2021-02-07 14:00:00,587.6443333333333
2021-02-07 15:00:00,445.5765
2021-02-07 16:00:00,200.1863
2021-02-07 17:00:00,25.008333333333333
2021-02-07 18:00:00,4.897226666666667
2021-02-07 19:00:00,2.9874050000000003
2021-02-07 20:00:00,3.130643333333333
2021-02-07 21:00:00,3.1673016666666665
2021-02-07 22:00:00,3.1839083333333336
2021-02-07 23:00:00,3.2610183333333334
2021-02-08 00:00:00,3.4392133333333335
2021-02-08 01:00:00,3.7020033333333333
2021-02-08 02:00:00,3.775628333333333
2021-02-08 03:00:00,3.7279833333333334
2021-02-08 04:00:00,3.91166
2021-02-08 05:00:00,6.226981666666666
2021-02-08 06:00:00,6.100131666666667
2021-02-08 07:00:00,15.551168333333333
2021-02-08 08:00:00,44.90108333333333
2021-02-08 09:00:00,99.47085
2021-02-08 10:00:00,237.17683333333335
2021-02-08 11:00:00,421.3713333333333
2021-02-08 12:00:00,464.06666666666666
2021-02-08 13:00:00,420.40383333333335
2021-02-08 14:00:00,210.37483333333333
2021-02-08 15:00:00,157.01133333333334
2021-02-08 16:00:00,92.9363
2021-02-08 17:00:00,18.813858333333332
2021-02-08 18:00:00,5.29055
2021-02-08 19:00:00,4.192478333333333
2021-02-08 20:00:00,3.4760283333333333
2021-02-08 21:00:00,3.27025
2021-02-08 22:00:00,3.229696666666667
2021-02-08 23:00:00,3.938795
2021-02-09 00:00:00,4.08949
2021-02-09 01:00:00,3.9629583333333334
2021-02-09 02:00:00,3.9779433333333336
2021-02-09 03:00:00,3.968845
2021-02-09 04:00:00,3.897175
2021-02-09 05:00:00,3.9027333333333334
2021-02-09 06:00:00,4.055231666666667
2021-02-09 07:00:00,17.326919999999998
2021-02-09 08:00:00,41.933416666666666
2021-02-09 09:00:00,59.51766666666666
2021-02-09 10:00:00,74.02340000000001
2021-02-09 11:00:00,131.08075
2021-02-09 12:00:00,118.1392
2021-02-09 13:00:00,66.50896666666667
2021-02-09 14:00:00,62.67981666666667
2021-02-09 15:00:00,95.10206666666666
2021-02-09 16:00:00,54.114983333333335
2021-02-09 17:00:00,17.27813666666667
2021-02-09 18:00:00,4.8538266666666665
2021-02-09 19:00:00,4.330331666666667
2021-02-09 20:00:00,3.9554766666666668
2021-02-09 21:00:00,4.104246666666667
2021-02-09 22:00:00,4.05668
2021-02-09 23:00:00,4.714746666666667
2021-02-10 00:00:00,4.839831666666667
2021-02-10 01:00:00,4.213276666666667
2021-02-10 02:00:00,4.441166666666667
2021-02-10 03:00:00,4.373186666666667
2021-02-10 04:00:00,11.984491666666667
2021-02-10 05:00:00,8.399696666666667
2021-02-10 06:00:00,7.6682266666666665
2021-02-10 07:00:00,14.036691666666666
2021-02-10 08:00:00,23.380583333333334
2021-02-10 09:00:00,33.41491666666666
2021-02-10 10:00:00,51.6137
2021-02-10 11:00:00,52.50373166666667
2021-02-10 12:00:00,119.32263333333334
2021-02-10 13:00:00,100.92236666666666
2021-02-10 14:00:00,90.64848333333333
2021-02-10 15:00:00,50.27315
2021-02-10 16:00:00,25.036683333333333
2021-02-10 17:00:00,20.120573333333333
2021-02-10 18:00:00,4.2027935
2021-02-10 19:00:00,2.9567666666666668
2021-02-10 20:00:00,2.67
2021-02-10 21:00:00,2.870258333333333
2021-02-10 22:00:00,2.2840770000000004
2021-02-10 23:00:00,2.1554875
2021-02-11 00:00:00,1.8522736666666666
2021-02-11 01:00:00,1.7604630000000001
2021-02-11 02:00:00,1.4517923333333334
2021-02-11 03:00:00,1.7569228333333333
2021-02-11 04:00:00,2.3156866666666667
2021-02-11 05:00:00,2.16863
2021-02-11 06:00:00,2.3211466666666665
2021-02-11 07:00:00,79.02398
2021-02-11 08:00:00,207.08849999999998
2021-02-11 09:00:00,178.47533333333334
2021-02-11 10:00:00,241.57366666666667
2021-02-11 11:00:00,548.5928333333334
2021-02-11 12:00:00,355.77166666666665
2021-02-11 13:00:00,387.09066666666666
2021-02-11 14:00:00,357.9985
2021-02-11 15:00:00,267.157
2021-02-11 16:00:00,101.69683333333334
2021-02-11 17:00:00,34.49581666666666
2021-02-11 18:00:00,3.8668698333333333
2021-02-11 19:00:00,1.2401048333333333
2021-02-11 20:00:00,1.47913
2021-02-11 21:00:00,1.572861
2021-02-11 22:00:00,1.4332144999999998
2021-02-11 23:00:00,1.2164146666666666
2021-02-12 00:00:00,1.0657833333333333
2021-02-12 01:00:00,0.9996381666666667
2021-02-12 02:00:00,1.0052046666666667
2021-02-12 03:00:00,1.0034308333333333
2021-02-12 04:00:00,1.0401971666666667
2021-02-12 05:00:00,1.0640693333333333
2021-02-12 06:00:00,1.6834341666666668
2021-02-12 07:00:00,72.50963333333334
2021-02-12 08:00:00,151.99158333333335
2021-02-12 09:00:00,398.42466666666667
2021-02-12 10:00:00,605.4536666666667
2021-02-12 11:00:00,710.007
2021-02-12 12:00:00,752.0751666666667
2021-02-12 13:00:00,725.9423333333333
2021-02-12 14:00:00,563.4021666666666
2021-02-12 15:00:00,400.7923333333334
2021-02-12 16:00:00,226.10038333333333
2021-02-12 17:00:00,39.56836666666666
2021-02-12 18:00:00,4.7120805
2021-02-12 19:00:00,1.3761648333333334
2021-02-12 20:00:00,1.7327513333333333
2021-02-12 21:00:00,1.7621641666666668
2021-02-12 22:00:00,1.7805383333333333
2021-02-12 23:00:00,1.6555881666666667
2021-02-13 00:00:00,1.7603166666666668
2021-02-13 01:00:00,1.8999416666666666
2021-02-13 02:00:00,2.02304
2021-02-13 03:00:00,1.9973066666666666
2021-02-13 04:00:00,1.9238683333333335
2021-02-13 05:00:00,2.0065766666666667
2021-02-13 06:00:00,2.6846633333333334
2021-02-13 07:00:00,27.178035
2021-02-13 08:00:00,100.54816666666667
2021-02-13 09:00:00,183.53833333333333
2021-02-13 10:00:00,581.4943333333334
2021-02-13 11:00:00,689.6918333333334
2021-02-13 12:00:00,733.6496666666667
2021-02-13 13:00:00,706.1705000000001
2021-02-13 14:00:00,516.9375
2021-02-13 15:00:00,203.87150000000003
2021-02-13 16:00:00,104.86088333333333
2021-02-13 17:00:00,38.74
2021-02-13 18:00:00,4.193601666666667
2021-02-13 19:00:00,1.675605
2021-02-13 20:00:00,1.909015
2021-02-13 21:00:00,2.0560816666666666
2021-02-13 22:00:00,2.3187333333333333
2021-02-13 23:00:00,3.075535
2021-02-14 00:00:00,3.509255
2021-02-14 01:00:00,3.470946666666667
2021-02-14 02:00:00,3.4030133333333334
2021-02-14 03:00:00,3.127348333333333
2021-02-14 04:00:00,2.976671666666667
2021-02-14 05:00:00,2.8131383333333333
2021-02-14 06:00:00,3.131021666666667
2021-02-14 07:00:00,66.90077833333334
2021-02-14 08:00:00,249.87550000000002
2021-02-14 09:00:00,434.9596666666667
2021-02-14 10:00:00,585.7373333333333
2021-02-14 11:00:00,608.316
2021-02-14 12:00:00,256.56583333333333
2021-02-14 13:00:00,132.60551666666666
2021-02-14 14:00:00,277.11566666666664
2021-02-14 15:00:00,404.13716666666664
2021-02-14 16:00:00,188.41738333333333
2021-02-14 17:00:00,44.44833333333334
2021-02-14 18:00:00,5.066881666666666
2021-02-14 19:00:00,1.4346465
2021-02-14 20:00:00,1.7324016666666668
2021-02-14 21:00:00,1.9199466666666667
2021-02-14 22:00:00,1.9971433333333333
2021-02-14 23:00:00,1.8777483333333334
2021-02-15 00:00:00,1.8115716666666666
2021-02-15 01:00:00,1.7509751666666666
2021-02-15 02:00:00,1.86302
2021-02-15 03:00:00,1.9089150000000001
2021-02-15 04:00:00,1.8593166666666667
2021-02-15 05:00:00,1.9585350000000001
2021-02-15 06:00:00,2.7450533333333333
2021-02-15 07:00:00,73.06430666666667
2021-02-15 08:00:00,263.40816666666666
2021-02-15 09:00:00,456.1768333333333
2021-02-15 10:00:00,612.0546666666667
2021-02-15 11:00:00,715.6686666666667
2021-02-15 12:00:00,754.8683333333333
2021-02-15 13:00:00,732.5616666666666
2021-02-15 14:00:00,643.4680000000001
2021-02-15 15:00:00,496.55383333333333
2021-02-15 16:00:00,264.7473166666667
2021-02-15 17:00:00,29.3851
2021-02-15 18:00:00,5.0232019999999995
2021-02-15 19:00:00,1.7341383333333333
2021-02-15 20:00:00,1.9143866666666667
2021-02-15 21:00:00,2.2562066666666665
2021-02-15 22:00:00,2.4693383333333334
2021-02-15 23:00:00,2.5097099999999997
2021-02-16 00:00:00,2.640216666666667
2021-02-16 01:00:00,2.53371
2021-02-16 02:00:00,2.4620933333333337
2021-02-16 03:00:00,2.3776766666666664
2021-02-16 04:00:00,2.4825466666666665
2021-02-16 05:00:00,2.3887366666666665
2021-02-16 06:00:00,3.3369266666666664
2021-02-16 07:00:00,69.35630333333333
2021-02-16 08:00:00,175.0575
2021-02-16 09:00:00,226.37883333333332
2021-02-16 10:00:00,557.1843333333333
2021-02-16 11:00:00,684.5785
2021-02-16 12:00:00,729.0360000000001
2021-02-16 13:00:00,703.9205000000001
2021-02-16 14:00:00,615.909
2021-02-16 15:00:00,472.08050000000003
2021-02-16 16:00:00,254.12343333333334
2021-02-16 17:00:00,39.17195
2021-02-16 18:00:00,5.5246466666666665
2021-02-16 19:00:00,1.8996133333333334
2021-02-16 20:00:00,1.9825233333333332
2021-02-16 21:00:00,2.1809683333333334
2021-02-16 22:00:00,2.30411
2021-02-16 23:00:00,2.3812783333333334
2021-02-17 00:00:00,2.463905
2021-02-17 01:00:00,2.5502499999999997
2021-02-17 02:00:00,2.7633433333333333
2021-02-17 03:00:00,2.9470716666666665
2021-02-17 04:00:00,2.662298333333333
2021-02-17 05:00:00,2.56496
2021-02-17 06:00:00,3.3549683333333333
2021-02-17 07:00:00,63.15947333333334
2021-02-17 08:00:00,235.4921666666667
2021-02-17 09:00:00,422.88550000000004
2021-02-17 10:00:00,575.8236666666667
2021-02-17 11:00:00,675.1306666666667
2021-02-17 12:00:00,714.7729999999999
2021-02-17 13:00:00,690.572
2021-02-17 14:00:00,596.1501666666667
2021-02-17 15:00:00,442.84749999999997
2021-02-17 16:00:00,242.67766666666665
2021-02-17 17:00:00,42.18333333333333
2021-02-17 18:00:00,5.699610000000001
2021-02-17 19:00:00,2.3590266666666664
2021-02-17 20:00:00,2.78714
2021-02-17 21:00:00,2.879093333333333
2021-02-17 22:00:00,3.0169566666666667
2021-02-17 23:00:00,3.0905816666666666
2021-02-18 00:00:00,3.027093333333333
2021-02-18 01:00:00,2.9768049999999997
2021-02-18 02:00:00,2.9493116666666666
2021-02-18 03:00:00,3.1514883333333334
2021-02-18 04:00:00,3.0780616666666663
2021-02-18 05:00:00,2.1499633333333334
2021-02-18 06:00:00,3.0266733333333335
2021-02-18 07:00:00,51.913223333333335
2021-02-18 08:00:00,245.15783333333331
2021-02-18 09:00:00,432.06949999999995
2021-02-18 10:00:00,589.1538333333333
2021-02-18 11:00:00,681.1461666666667
2021-02-18 12:00:00,719.5405
2021-02-18 13:00:00,695.821
2021-02-18 14:00:00,608.2818333333333
2021-02-18 15:00:00,458.6226666666667
2021-02-18 16:00:00,245.49791666666667
2021-02-18 17:00:00,48.601533333333336
2021-02-18 18:00:00,5.905003333333334
2021-02-18 19:00:00,1.9973999999999998
2021-02-18 20:00:00,2.1205516666666666
2021-02-18 21:00:00,2.21246
2021-02-18 22:00:00,2.2969466666666665
2021-02-18 23:00:00,2.4770616666666667
2021-02-19 00:00:00,2.6847133333333333
2021-02-19 01:00:00,2.66632
2021-02-19 02:00:00,2.703075
2021-02-19 03:00:00,2.649846666666667
2021-02-19 04:00:00,2.4221833333333334
2021-02-19 05:00:00,2.47562
2021-02-19 06:00:00,3.2586716666666664
2021-02-19 07:00:00,65.94293333333333
2021-02-19 08:00:00,249.85216666666665
2021-02-19 09:00:00,444.915
2021-02-19 10:00:00,597.6856666666666
2021-02-19 11:00:00,697.1275
2021-02-19 12:00:00,734.9046666666667
2021-02-19 13:00:00,711.0781666666667
2021-02-19 14:00:00,621.3845
2021-02-19 15:00:00,457.115
2021-02-19 16:00:00,248.81865000000002
2021-02-19 17:00:00,47.230333333333334
2021-02-19 18:00:00,6.183798333333333
2021-02-19 19:00:00,1.9826733333333335
2021-02-19 20:00:00,2.0379166666666664
2021-02-19 21:00:00,2.07838
2021-02-19 22:00:00,2.1830633333333336
2021-02-19 23:00:00,2.4200833333333334
2021-02-20 00:00:00,2.4145516666666667
2021-02-20 01:00:00,2.4789066666666666
2021-02-20 02:00:00,2.6002300000000003
2021-02-20 03:00:00,2.602
2021-02-20 04:00:00,2.9163183333333333
2021-02-20 05:00:00,3.30064
2021-02-20 06:00:00,4.862958333333333
2021-02-20 07:00:00,66.47598333333333
2021-02-20 08:00:00,246.40900000000002
2021-02-20 09:00:00,440.1853333333333
2021-02-20 10:00:00,591.5805
2021-02-20 11:00:00,689.425
2021-02-20 12:00:00,726.3211666666666
2021-02-20 13:00:00,686.9195
2021-02-20 14:00:00,588.8078333333334
2021-02-20 15:00:00,440.70849999999996
2021-02-20 16:00:00,240.15593333333334
2021-02-20 17:00:00,50.25868333333334
2021-02-20 18:00:00,7.96298
2021-02-20 19:00:00,2.1569866666666666
2021-02-20 20:00:00,2.375755
2021-02-20 21:00:00,2.607405
2021-02-20 22:00:00,2.6829166666666664
2021-02-20 23:00:00,2.664575
2021-02-21 00:00:00,2.785883333333333
2021-02-21 01:00:00,2.9769983333333334
2021-02-21 02:00:00,3.037565
2021-02-21 03:00:00,2.9731883333333333
2021-02-21 04:00:00,3.032005
2021-02-21 05:00:00,3.078031666666667
2021-02-21 06:00:00,4.202665
2021-02-21 07:00:00,74.01655000000001
2021-02-21 08:00:00,264.92400000000004
2021-02-21 09:00:00,453.79066666666665
2021-02-21 10:00:00,603.994
2021-02-21 11:00:00,700.1173333333334
2021-02-21 12:00:00,689.876
2021-02-21 13:00:00,707.0801666666666
2021-02-21 14:00:00,615.9498333333333
2021-02-21 15:00:00,476.55716666666666
2021-02-21 16:00:00,276.9331
2021-02-21 17:00:00,35.831183333333335
2021-02-21 18:00:00,6.641605
2021-02-21 19:00:00,2.3349816666666663
2021-02-21 20:00:00,2.781766666666667
2021-02-21 21:00:00,3.6104483333333333
2021-02-21 22:00:00,3.3973766666666667
2021-02-21 23:00:00,3.5738583333333334
2021-02-22 00:00:00,3.79999
2021-02-22 01:00:00,3.908328333333333
2021-02-22 02:00:00,4.013135
2021-02-22 03:00:00,4.02784
2021-02-22 04:00:00,4.051611666666667
2021-02-22 05:00:00,4.003895
2021-02-22 06:00:00,5.369294999999999
2021-02-22 07:00:00,78.89428333333333
2021-02-22 08:00:00,265.0663333333333
2021-02-22 09:00:00,464.4436666666667
2021-02-22 10:00:00,616.999
2021-02-22 11:00:00,708.7261666666667
2021-02-22 12:00:00,734.5941666666666
2021-02-22 13:00:00,699.8195
2021-02-22 14:00:00,600.007
2021-02-22 15:00:00,463.59883333333335
2021-02-22 16:00:00,270.22163333333333
2021-02-22 17:00:00,42.112700000000004
2021-02-22 18:00:00,7.139998333333334
2021-02-22 19:00:00,2.847015
2021-02-22 20:00:00,2.9427616666666667
2021-02-22 21:00:00,3.3671716666666667
2021-02-22 22:00:00,3.565741666666667
2021-02-22 23:00:00,3.790103333333333
2021-02-23 00:00:00,3.2704416666666662
2021-02-23 01:00:00,3.171175
2021-02-23 02:00:00,3.26124
2021-02-23 03:00:00,3.5056583333333333
2021-02-23 04:00:00,3.4965183333333334
2021-02-23 05:00:00,3.331145
2021-02-23 06:00:00,4.894901666666667
2021-02-23 07:00:00,76.07896666666667
2021-02-23 08:00:00,265.7565
2021-02-23 09:00:00,455.89549999999997
2021-02-23 10:00:00,605.8169999999999
2021-02-23 11:00:00,703.7341666666667
2021-02-23 12:00:00,743.1451666666667
2021-02-23 13:00:00,714.6946666666666
2021-02-23 14:00:00,583.6075
2021-02-23 15:00:00,460.1635
2021-02-23 16:00:00,275.30243333333334
2021-02-23 17:00:00,44.76715
2021-02-23 18:00:00,8.030018333333334
2021-02-23 19:00:00,3.5178283333333336
2021-02-23 20:00:00,3.8302466666666666
2021-02-23 21:00:00,4.116775
2021-02-23 22:00:00,4.820298333333333
2021-02-23 23:00:00,4.787193333333334
2021-02-24 00:00:00,4.715616666666667
2021-02-24 01:00:00,4.660385000000001
2021-02-24 02:00:00,4.63662
2021-02-24 03:00:00,4.912276666666667
2021-02-24 04:00:00,4.7435849999999995
2021-02-24 05:00:00,4.82843
2021-02-24 06:00:00,5.049036666666667
2021-02-24 07:00:00,16.350694999999998
2021-02-24 08:00:00,37.9961
2021-02-24 09:00:00,149.12635
2021-02-24 10:00:00,120.14373333333333
2021-02-24 11:00:00,104.02138333333333
2021-02-24 12:00:00,121.2596
2021-02-24 13:00:00,101.31846666666667
2021-02-24 14:00:00,121.82516666666668
2021-02-24 15:00:00,134.62543333333332
2021-02-24 16:00:00,89.00223333333334
2021-02-24 17:00:00,24.63905
2021-02-24 18:00:00,6.963906666666667
2021-02-24 19:00:00,5.108698333333334
2021-02-24 20:00:00,5.2814000000000005
2021-02-24 21:00:00,5.296063333333334
2021-02-24 22:00:00,5.415371666666667
2021-02-24 23:00:00,6.229386666666667
2021-02-25 00:00:00,7.901338333333333
2021-02-25 01:00:00,13.22625
2021-02-25 02:00:00,12.853966666666667
2021-02-25 03:00:00,10.38658
2021-02-25 04:00:00,8.043895
2021-02-25 05:00:00,7.2721583333333335
2021-02-25 06:00:00,6.985296666666667
2021-02-25 07:00:00,11.245886666666667
2021-02-25 08:00:00,18.786099999999998
2021-02-25 09:00:00,18.720983333333333
2021-02-25 10:00:00,37.62591666666666
2021-02-25 11:00:00,141.61073333333334
2021-02-25 12:00:00,319.8193333333333
2021-02-25 13:00:00,353.56683333333336
2021-02-25 14:00:00,442.84166666666664
2021-02-25 15:00:00,179.59406666666666
2021-02-25 16:00:00,76.96509999999999
2021-02-25 17:00:00,57.88893333333333
2021-02-25 18:00:00,7.264390000000001
2021-02-25 19:00:00,3.145035
2021-02-25 20:00:00,3.5401116666666668
2021-02-25 21:00:00,3.496191666666667
2021-02-25 22:00:00,3.560735
2021-02-25 23:00:00,3.794073333333333
2021-02-26 00:00:00,4.368963333333334
2021-02-26 01:00:00,4.497123333333334
2021-02-26 02:00:00,4.658623333333334
2021-02-26 03:00:00,4.616408333333334
2021-02-26 04:00:00,4.80743
2021-02-26 05:00:00,6.912598333333333
2021-02-26 06:00:00,9.091296666666667
2021-02-26 07:00:00,52.36188333333334
2021-02-26 08:00:00,107.59848333333333
2021-02-26 09:00:00,173.2835
2021-02-26 10:00:00,429.08916666666664
2021-02-26 11:00:00,414.3933333333333
2021-02-26 12:00:00,436.13416666666666
2021-02-26 13:00:00,361.19016666666664
2021-02-26 14:00:00,325.502
2021-02-26 15:00:00,148.33671666666666
2021-02-26 16:00:00,72.33213333333333
2021-02-26 17:00:00,46.192350000000005
2021-02-26 18:00:00,5.44168
2021-02-26 19:00:00,4.11617
2021-02-26 20:00:00,4.538715
2021-02-26 21:00:00,6.309433333333333
2021-02-26 22:00:00,6.719051666666667
2021-02-26 23:00:00,6.588631666666667
2021-02-27 00:00:00,7.123286666666667
2021-02-27 01:00:00,6.689948333333334
2021-02-27 02:00:00,5.185915
2021-02-27 03:00:00,4.629548333333333
2021-02-27 04:00:00,3.9261399999999997
2021-02-27 05:00:00,4.003521666666667
2021-02-27 06:00:00,5.0840016666666665
2021-02-27 07:00:00,9.576601666666667
2021-02-27 08:00:00,19.3816
2021-02-27 09:00:00,35.3656
2021-02-27 10:00:00,43.86848333333333
2021-02-27 11:00:00,92.54598333333334
2021-02-27 12:00:00,75.05156666666667
2021-02-27 13:00:00,79.78158333333334
2021-02-27 14:00:00,66.63541666666667
2021-02-27 15:00:00,48.28845
2021-02-27 16:00:00,34.4171
2021-02-27 17:00:00,19.218543333333333
2021-02-27 18:00:00,4.3821200000000005
2021-02-27 19:00:00,3.4248833333333333
2021-02-27 20:00:00,3.452478333333333
2021-02-27 21:00:00,3.389976666666667
2021-02-27 22:00:00,3.3311733333333335
2021-02-27 23:00:00,3.6122799999999997
2021-02-28 00:00:00,4.2535316666666665
2021-02-28 01:00:00,4.549428333333333
2021-02-28 02:00:00,4.911358333333333
2021-02-28 03:00:00,4.507158333333334
2021-02-28 04:00:00,4.457526666666666
2021-02-28 05:00:00,4.676095
2021-02-28 06:00:00,4.990283333333333
2021-02-28 07:00:00,16.649823333333334
2021-02-28 08:00:00,30.293983333333333
2021-02-28 09:00:00,41.81825
2021-02-28 10:00:00,90.46365
2021-02-28 11:00:00,210.45966666666666
2021-02-28 12:00:00,197.31416666666667
2021-02-28 13:00:00,349.7776666666667
2021-02-28 14:00:00,362.90400000000005
2021-02-28 15:00:00,139.0859
2021-02-28 16:00:00,69.91028333333334
2021-02-28 17:00:00,26.48634333333333
2021-02-28 18:00:00,5.380663333333334
2021-02-28 19:00:00,3.839393333333333
2021-02-28 20:00:00,4.078243333333334
2021-02-28 21:00:00,4.127836666666666
2021-02-28 22:00:00,4.3978633333333335
2021-02-28 23:00:00,4.5742183333333335
2021-03-01 00:00:00,4.509896666666666
2021-03-01 01:00:00,4.493421666666666
2021-03-01 02:00:00,4.689973333333333
2021-03-01 03:00:00,4.645841666666667
2021-03-01 04:00:00,4.480503333333333
2021-03-01 05:00:00,4.730275000000001
2021-03-01 06:00:00,5.531336666666666
2021-03-01 07:00:00,28.408426666666667
2021-03-01 08:00:00,83.23438333333334
2021-03-01 09:00:00,167.14998333333332
2021-03-01 10:00:00,208.72
2021-03-01 11:00:00,334.43783333333334
2021-03-01 12:00:00,222.06428333333332
2021-03-01 13:00:00,224.03553333333332
2021-03-01 14:00:00,259.7568333333333
2021-03-01 15:00:00,101.91378166666667
2021-03-01 16:00:00,4.985026666666667
2021-03-01 17:00:00,4.3980250000000005
2021-03-01 18:00:00,3.390286666666667
2021-03-01 19:00:00,3.240195
2021-03-01 20:00:00,3.5377183333333333
2021-03-01 21:00:00,3.6792333333333334
2021-03-01 22:00:00,4.024943333333334
2021-03-01 23:00:00,4.3097433333333335
2021-03-02 00:00:00,4.42913
2021-03-02 01:00:00,4.640255
2021-03-02 02:00:00,4.748448333333333
2021-03-02 03:00:00,5.286448333333333
2021-03-02 04:00:00,5.117283333333333
2021-03-02 05:00:00,4.167813333333333
2021-03-02 06:00:00,3.4517983333333335
2021-03-02 07:00:00,4.960311666666667
2021-03-02 08:00:00,5.676793333333333
2021-03-02 09:00:00,197.07745333333332
2021-03-02 10:00:00,440.6211666666667
2021-03-02 11:00:00,243.67104666666668
2021-03-02 12:00:00,48.05549666666666
2021-03-02 13:00:00,561.3803333333333
2021-03-02 14:00:00,27.87952166666667
2021-03-02 15:00:00,2.719915
2021-03-02 16:00:00,2.0943383333333334
2021-03-02 17:00:00,1.88045
2021-03-02 18:00:00,1.9930233333333334
2021-03-02 19:00:00,2.4709550000000005
2021-03-02 20:00:00,2.76118
2021-03-02 21:00:00,2.992743333333333
2021-03-02 22:00:00,3.297655
2021-03-02 23:00:00,3.496258333333333
2021-03-03 00:00:00,3.564538333333333
2021-03-03 01:00:00,3.5738266666666667
2021-03-03 02:00:00,4.134268333333333
2021-03-03 03:00:00,3.4103266666666667
2021-03-03 04:00:00,3.4139483333333334
2021-03-03 05:00:00,3.445246666666667
2021-03-03 06:00:00,3.425028333333333
2021-03-03 07:00:00,3.581278333333333
2021-03-03 08:00:00,3.71531
2021-03-03 09:00:00,3.981681666666667
2021-03-03 10:00:00,4.2240633333333335
2021-03-03 11:00:00,3.963083333333333
2021-03-03 12:00:00,3.968663333333333
2021-03-03 13:00:00,3.970385
2021-03-03 14:00:00,3.9648
2021-03-03 15:00:00,3.9613033333333334
2021-03-03 16:00:00,3.983436666666667
2021-03-03 17:00:00,4.01477
2021-03-03 18:00:00,4.826944999999999
2021-03-03 19:00:00,5.3121366666666665
2021-03-03 20:00:00,6.629631666666667
2021-03-03 21:00:00,6.61123
2021-03-03 22:00:00,6.6496683333333335
2021-03-03 23:00:00,5.405805
2021-03-04 00:00:00,3.8201066666666668
2021-03-04 01:00:00,4.04053
2021-03-04 02:00:00,4.110258333333333
2021-03-04 03:00:00,4.080915
2021-03-04 04:00:00,4.148815
2021-03-04 05:00:00,3.994395
2021-03-04 06:00:00,3.98169
2021-03-04 07:00:00,4.540311666666667
2021-03-04 08:00:00,4.953716666666667
2021-03-04 09:00:00,5.5344050000000005
2021-03-04 10:00:00,5.883444999999999
2021-03-04 11:00:00,5.677505
2021-03-04 12:00:00,6.590563333333334
2021-03-04 13:00:00,6.616305
2021-03-04 14:00:00,6.6434283333333335
2021-03-04 15:00:00,6.906328333333334
2021-03-04 16:00:00,6.957676666666667
2021-03-04 17:00:00,7.845408333333333
2021-03-04 18:00:00,7.007858333333333
2021-03-04 19:00:00,6.598065
2021-03-04 20:00:00,6.57407
2021-03-04 21:00:00,6.2653783333333335
2021-03-04 22:00:00,5.326558333333334
2021-03-04 23:00:00,5.295275
2021-03-05 00:00:00,5.047166666666667
2021-03-05 01:00:00,5.0139499999999995
2021-03-05 02:00:00,5.057745
2021-03-05 03:00:00,5.092445
2021-03-05 04:00:00,5.114491666666667
2021-03-05 05:00:00,5.450545
2021-03-05 06:00:00,5.876663333333334
2021-03-05 07:00:00,7.192106666666667
2021-03-05 08:00:00,5.830911666666666
2021-03-05 09:00:00,6.607973333333334
2021-03-05 10:00:00,6.17796
2021-03-05 11:00:00,7.202711666666667
2021-03-05 12:00:00,10.046233333333333
2021-03-05 13:00:00,8.734865000000001
2021-03-05 14:00:00,7.285923333333333
2021-03-05 15:00:00,6.949585
2021-03-05 16:00:00,7.05246
2021-03-05 17:00:00,7.642395
2021-03-05 18:00:00,7.7396666666666665
2021-03-05 19:00:00,7.7800199999999995
2021-03-05 20:00:00,7.87008
2021-03-05 21:00:00,7.917868333333333
2021-03-05 22:00:00,7.397861666666667
2021-03-05 23:00:00,7.357491666666666
2021-03-06 00:00:00,7.2527566666666665
2021-03-06 01:00:00,7.232723333333333
2021-03-06 02:00:00,7.353948333333333
2021-03-06 03:00:00,7.811373333333334
2021-03-06 04:00:00,7.780205
2021-03-06 05:00:00,7.894135
2021-03-06 06:00:00,7.941903333333333
2021-03-06 07:00:00,7.995126666666667
2021-03-06 08:00:00,8.006055
2021-03-06 09:00:00,8.382656666666666
2021-03-06 10:00:00,8.127361666666667
2021-03-06 11:00:00,7.460624999999999
2021-03-06 12:00:00,7.326316666666667
2021-03-06 13:00:00,7.377136666666667
2021-03-06 14:00:00,6.772661666666667
2021-03-06 15:00:00,7.002155
2021-03-06 16:00:00,7.1233216666666666
2021-03-06 17:00:00,6.752418333333334
2021-03-06 18:00:00,6.151791666666667
2021-03-06 19:00:00,6.2676783333333335
2021-03-06 20:00:00,6.313726666666667
2021-03-06 21:00:00,6.374440000000001
2021-03-06 22:00:00,6.453955
2021-03-06 23:00:00,6.590005000000001
2021-03-07 00:00:00,6.573356666666667
2021-03-07 01:00:00,7.10432
2021-03-07 02:00:00,7.2254716666666665
2021-03-07 03:00:00,6.538584999999999
2021-03-07 04:00:00,6.71664
2021-03-07 05:00:00,6.33816
2021-03-07 06:00:00,6.1434066666666665
2021-03-07 07:00:00,6.587881666666666
2021-03-07 08:00:00,7.017741666666667
2021-03-07 09:00:00,7.89971
2021-03-07 10:00:00,7.414531666666666
2021-03-07 11:00:00,6.554826666666667
2021-03-07 12:00:00,5.981791666666667
2021-03-07 13:00:00,6.323445
2021-03-07 14:00:00,6.409796666666667
2021-03-07 15:00:00,6.836028333333333
2021-03-07 16:00:00,7.390739999999999
2021-03-07 17:00:00,8.659733333333332
2021-03-07 18:00:00,6.041913333333333
2021-03-07 19:00:00,5.671271666666667
2021-03-07 20:00:00,5.5866533333333335
2021-03-07 21:00:00,5.219354999999999
2021-03-07 22:00:00,5.858628333333333
2021-03-07 23:00:00,6.30899
2021-03-08 00:00:00,6.189508333333333
2021-03-08 01:00:00,6.184366666666667
2021-03-08 02:00:00,6.491393333333334
2021-03-08 03:00:00,6.550185
2021-03-08 04:00:00,6.566836666666666
2021-03-08 05:00:00,6.5374783333333335
2021-03-08 06:00:00,5.973481666666667
2021-03-08 07:00:00,5.824695
2021-03-08 08:00:00,5.958843333333333
2021-03-08 09:00:00,6.1846033333333335
2021-03-08 10:00:00,6.261033333333333
2021-03-08 11:00:00,6.163476666666667
2021-03-08 12:00:00,6.012866666666667
2021-03-08 13:00:00,6.449461666666666
2021-03-08 14:00:00,10.428596666666666
2021-03-08 15:00:00,10.70193
2021-03-08 16:00:00,5.482441666666667
2021-03-08 17:00:00,3.5911433333333336
2021-03-08 18:00:00,3.4997116666666668
2021-03-08 19:00:00,3.8985266666666667
2021-03-08 20:00:00,4.15583
2021-03-08 21:00:00,4.414811666666667
2021-03-08 22:00:00,4.602263333333334
2021-03-08 23:00:00,4.9441983333333335
2021-03-09 00:00:00,5.12233
2021-03-09 01:00:00,5.158925
2021-03-09 02:00:00,5.098228333333334
2021-03-09 03:00:00,5.004496666666666
2021-03-09 04:00:00,4.914786666666667
2021-03-09 05:00:00,4.451915
2021-03-09 06:00:00,4.896746666666667
2021-03-09 07:00:00,5.153926666666666
2021-03-09 08:00:00,5.243615
2021-03-09 09:00:00,5.144015
2021-03-09 10:00:00,8.036831666666666
2021-03-09 11:00:00,5.789680000000001
2021-03-09 12:00:00,5.164486666666666
2021-03-09 13:00:00,5.160433333333333
2021-03-09 14:00:00,4.765301666666667
2021-03-09 15:00:00,4.109876666666667
2021-03-09 16:00:00,3.84351
2021-03-09 17:00:00,2.907173333333333
2021-03-09 18:00:00,2.9280049999999997
2021-03-09 19:00:00,3.2133483333333337
2021-03-09 20:00:00,3.6323149999999997
2021-03-09 21:00:00,3.9299383333333333
2021-03-09 22:00:00,4.192841666666667
2021-03-09 23:00:00,4.459086666666667
2021-03-10 00:00:00,4.639121666666667
2021-03-10 01:00:00,4.673955
2021-03-10 02:00:00,4.833763333333334
2021-03-10 03:00:00,4.716148333333334
2021-03-10 04:00:00,4.651888333333333
2021-03-10 05:00:00,4.62611
2021-03-10 06:00:00,4.591393333333333
2021-03-10 07:00:00,4.672165000000001
2021-03-10 08:00:00,4.626248333333334
2021-03-10 09:00:00,4.651836666666667
2021-03-10 10:00:00,4.629746666666667
2021-03-10 11:00:00,4.631598333333333
2021-03-10 12:00:00,4.730283333333333
2021-03-10 13:00:00,4.6347499999999995
2021-03-10 14:00:00,4.629366666666667
2021-03-10 15:00:00,3.6455866666666665
2021-03-10 16:00:00,3.3048100000000002
2021-03-10 17:00:00,3.3710933333333335
2021-03-10 18:00:00,3.5146333333333333
2021-03-10 19:00:00,3.900415
2021-03-10 20:00:00,3.9664783333333333
2021-03-10 21:00:00,3.9684866666666667
2021-03-10 22:00:00,3.9904983333333335
2021-03-10 23:00:00,4.049196666666666
2021-03-11 00:00:00,4.1245
2021-03-11 01:00:00,4.144801666666667
2021-03-11 02:00:00,4.16688
2021-03-11 03:00:00,4.161291666666667
2021-03-11 04:00:00,4.1319333333333335
2021-03-11 05:00:00,3.9850783333333335
2021-03-11 06:00:00,4.360051666666666
2021-03-11 07:00:00,4.914721666666667
2021-03-11 08:00:00,5.17542
2021-03-11 09:00:00,5.507791666666666
2021-03-11 10:00:00,6.283928333333334
2021-03-11 11:00:00,6.536438333333334
2021-03-11 12:00:00,5.325808333333333
2021-03-11 13:00:00,4.668385
2021-03-11 14:00:00,4.367391666666666
2021-03-11 15:00:00,4.862963333333334
2021-03-11 16:00:00,4.6258799999999995
2021-03-11 17:00:00,4.1412683333333336
2021-03-11 18:00:00,3.5943366666666665
2021-03-11 19:00:00,3.5526199999999997
2021-03-11 20:00:00,4.162665
2021-03-11 21:00:00,4.4952700000000005
2021-03-11 22:00:00,4.452891666666667
2021-03-11 23:00:00,4.319023333333333
2021-03-12 00:00:00,4.177935
2021-03-12 01:00:00,4.293735
2021-03-12 02:00:00,4.611325
2021-03-12 03:00:00,4.6622916666666665
2021-03-12 04:00:00,4.64195
2021-03-12 05:00:00,4.44007
2021-03-12 06:00:00,4.2955483333333335
2021-03-12 07:00:00,5.289540000000001
2021-03-12 08:00:00,13.285208333333333
2021-03-12 09:00:00,18.605316666666667
2021-03-12 10:00:00,18.531533333333336
2021-03-12 11:00:00,15.408083333333334
2021-03-12 12:00:00,390.1010166666667
2021-03-12 13:00:00,545.8245000000001
2021-03-12 14:00:00,494.2656666666666
2021-03-12 15:00:00,290.7006666666667
2021-03-12 16:00:00,156.73883333333333
2021-03-12 17:00:00,72.40755
2021-03-12 18:00:00,8.30705
2021-03-12 19:00:00,1.3333531666666665
2021-03-12 20:00:00,1.46764
2021-03-12 21:00:00,3.0326483333333334
2021-03-12 22:00:00,3.5690233333333334
2021-03-12 23:00:00,3.9713516666666666
2021-03-13 00:00:00,4.0868633333333335
2021-03-13 01:00:00,3.9381266666666668
2021-03-13 02:00:00,3.9199233333333336
2021-03-13 03:00:00,3.633426666666667
2021-03-13 04:00:00,3.6960783333333334
2021-03-13 05:00:00,3.755095
2021-03-13 06:00:00,3.8671833333333336
2021-03-13 07:00:00,4.54723
2021-03-13 08:00:00,5.348095
2021-03-13 09:00:00,7.263473333333334
2021-03-13 10:00:00,10.302413333333334
2021-03-13 11:00:00,14.913383333333334
2021-03-13 12:00:00,21.96966666666667
2021-03-13 13:00:00,23.967466666666667
2021-03-13 14:00:00,54.65186666666667
2021-03-13 15:00:00,119.43101666666666
2021-03-13 16:00:00,138.517
2021-03-13 17:00:00,67.39305
2021-03-13 18:00:00,7.6610233333333335
2021-03-13 19:00:00,2.03359
2021-03-13 20:00:00,2.366355
2021-03-13 21:00:00,2.3259733333333332
2021-03-13 22:00:00,1.4219518333333334
2021-03-13 23:00:00,1.965591
2021-03-14 00:00:00,2.700346666666667
2021-03-14 01:00:00,3.1430233333333333
2021-03-14 02:00:00,3.2679616666666664
2021-03-14 03:00:00,3.3341383333333336
2021-03-14 04:00:00,3.3396850000000002
2021-03-14 05:00:00,3.1030683333333333
2021-03-14 06:00:00,3.3033466666666667
2021-03-14 07:00:00,4.018173333333333
2021-03-14 08:00:00,5.482186666666666
2021-03-14 09:00:00,6.868311666666667
2021-03-14 10:00:00,11.170179999999998
2021-03-14 11:00:00,13.205456666666667
2021-03-14 12:00:00,19.728083333333334
2021-03-14 13:00:00,26.99475
2021-03-14 14:00:00,31.23625
2021-03-14 15:00:00,43.3272
2021-03-14 16:00:00,71.82023333333333
2021-03-14 17:00:00,64.58543333333334
2021-03-14 18:00:00,6.2487173333333335
2021-03-14 19:00:00,0.5970206666666668
2021-03-14 20:00:00,0.8708083333333333
2021-03-14 21:00:00,1.0562915
2021-03-14 22:00:00,0.48497416666666665
2021-03-14 23:00:00,1.2969461666666668
2021-03-15 00:00:00,0.4941525
2021-03-15 01:00:00,0.6172281666666667
2021-03-15 02:00:00,1.6459401666666666
2021-03-15 03:00:00,2.424938333333333
2021-03-15 04:00:00,2.5372366666666664
2021-03-15 05:00:00,2.529951666666667
2021-03-15 06:00:00,2.638335
2021-03-15 07:00:00,3.4945283333333332
2021-03-15 08:00:00,4.997118333333333
2021-03-15 09:00:00,9.552716666666667
2021-03-15 10:00:00,37.24185
2021-03-15 11:00:00,76.9321
2021-03-15 12:00:00,101.7873
2021-03-15 13:00:00,126.7175
2021-03-15 14:00:00,168.47016666666664
2021-03-15 15:00:00,193.03633333333335
2021-03-15 16:00:00,168.25816666666665
2021-03-15 17:00:00,90.8777
2021-03-15 18:00:00,7.5749705
2021-03-15 19:00:00,0.5272036666666666
2021-03-15 20:00:00,0.448213
2021-03-15 21:00:00,0.3012593333333333
2021-03-15 22:00:00,0.26084166666666664
2021-03-15 23:00:00,0.10837666666666666
2021-03-16 00:00:00,0.9753781666666667
2021-03-16 01:00:00,2.0224183333333334
2021-03-16 02:00:00,1.93429
2021-03-16 03:00:00,1.9085566666666667
2021-03-16 04:00:00,1.197722
2021-03-16 05:00:00,0.5162323333333333
2021-03-16 06:00:00,2.844119833333333
2021-03-16 07:00:00,4.964055
2021-03-16 08:00:00,9.914603333333334
2021-03-16 09:00:00,29.00455
2021-03-16 10:00:00,45.90553333333333
2021-03-16 11:00:00,47.54401666666667
2021-03-16 12:00:00,52.64188333333333
2021-03-16 13:00:00,171.07223333333334
2021-03-16 14:00:00,210.34881666666666
2021-03-16 15:00:00,210.20531666666665
2021-03-16 16:00:00,188.5905
2021-03-16 17:00:00,72.70015
2021-03-16 18:00:00,7.420271166666667
2021-03-16 19:00:00,0.18733716666666667
2021-03-16 20:00:00,0.2755316666666667
2021-03-16 21:00:00,0.21859533333333334
2021-03-16 22:00:00,0.139606
2021-03-16 23:00:00,0.17634416666666666
2021-03-17 00:00:00,1.4713843333333334
2021-03-17 01:00:00,2.375105
2021-03-17 02:00:00,2.837876666666667
2021-03-17 03:00:00,2.5770416666666667
2021-03-17 04:00:00,2.250245
2021-03-17 05:00:00,1.8993716666666667
2021-03-17 06:00:00,3.0089205000000003
2021-03-17 07:00:00,5.484943333333334
2021-03-17 08:00:00,9.334706666666667
2021-03-17 09:00:00,34.20718333333333
2021-03-17 10:00:00,88.47963333333334
2021-03-17 11:00:00,108.39458333333333
2021-03-17 12:00:00,130.41051666666667
2021-03-17 13:00:00,142.31366666666665
2021-03-17 14:00:00,147.204
2021-03-17 15:00:00,139.17271666666664
2021-03-17 16:00:00,127.2085
2021-03-17 17:00:00,74.22618333333334
2021-03-17 18:00:00,9.023506666666666
2021-03-17 19:00:00,0.9807248333333334
2021-03-17 20:00:00,0.2699976666666667
2021-03-17 21:00:00,0.7842931666666666
2021-03-17 22:00:00,1.653055
2021-03-17 23:00:00,1.3720243333333333
2021-03-18 00:00:00,1.1277536666666668
2021-03-18 01:00:00,1.421619
2021-03-18 02:00:00,1.8385950000000002
2021-03-18 03:00:00,1.9543166666666667
2021-03-18 04:00:00,1.5539216666666666
2021-03-18 05:00:00,1.4419216666666665
2021-03-18 06:00:00,1.2766451666666667
2021-03-18 07:00:00,3.5470373333333334
2021-03-18 08:00:00,10.92593
2021-03-18 09:00:00,23.55445
2021-03-18 10:00:00,25.611800000000002
2021-03-18 11:00:00,27.320933333333336
2021-03-18 12:00:00,28.3904
2021-03-18 13:00:00,29.762966666666667
2021-03-18 14:00:00,30.20645
2021-03-18 15:00:00,28.196783333333332
2021-03-18 16:00:00,27.040733333333332
2021-03-18 17:00:00,21.672183333333333
2021-03-18 18:00:00,7.380063333333334
2021-03-18 19:00:00,3.205275
2021-03-18 20:00:00,2.3365066666666667
2021-03-18 21:00:00,1.7082916666666668
2021-03-18 22:00:00,1.4639416666666667
2021-03-18 23:00:00,1.2894528333333333
2021-03-19 00:00:00,1.1186036666666666
2021-03-19 01:00:00,1.1039143333333332
2021-03-19 02:00:00,1.1057555000000001
2021-03-19 03:00:00,1.3298366666666666
2021-03-19 04:00:00,1.4253633333333333
2021-03-19 05:00:00,1.4143946666666667
2021-03-19 06:00:00,1.950795
2021-03-19 07:00:00,6.636891666666667
2021-03-19 08:00:00,21.873916666666666
2021-03-19 09:00:00,29.502766666666666
2021-03-19 10:00:00,36.40056666666667
2021-03-19 11:00:00,54.295700000000004
2021-03-19 12:00:00,92.50961666666667
2021-03-19 13:00:00,117.03033333333333
2021-03-19 14:00:00,133.499
2021-03-19 15:00:00,138.87783333333334
2021-03-19 16:00:00,139.46116666666666
2021-03-19 17:00:00,55.18246666666666
2021-03-19 18:00:00,9.211772666666667
2021-03-19 19:00:00,0.30122750000000004
2021-03-19 20:00:00,0.23145866666666667
2021-03-19 21:00:00,0.9148113333333333
2021-03-19 22:00:00,1.99305
2021-03-19 23:00:00,2.746106666666667
2021-03-20 00:00:00,2.1271150000000003
2021-03-20 01:00:00,1.3887566666666666
2021-03-20 02:00:00,1.8883533333333333
2021-03-20 03:00:00,1.6844983333333334
2021-03-20 04:00:00,1.9857550000000002
2021-03-20 05:00:00,2.101461666666667
2021-03-20 06:00:00,7.254022833333334
2021-03-20 07:00:00,50.76978333333333
2021-03-20 08:00:00,55.386116666666666
2021-03-20 09:00:00,54.03516666666667
2021-03-20 10:00:00,56.16946666666667
2021-03-20 11:00:00,54.07306666666667
2021-03-20 12:00:00,54.59845
2021-03-20 13:00:00,71.78253333333333
2021-03-20 14:00:00,94.02806666666667
2021-03-20 15:00:00,107.53266666666667
2021-03-20 16:00:00,103.04686666666666
2021-03-20 17:00:00,67.0826
2021-03-20 18:00:00,10.280875333333334
2021-03-20 19:00:00,0.4921755
2021-03-20 20:00:00,0.29571083333333337
2021-03-20 21:00:00,1.0396221666666667
2021-03-20 22:00:00,1.3555966666666668
2021-03-20 23:00:00,1.546685
2021-03-21 00:00:00,1.8240716666666665
2021-03-21 01:00:00,2.4560516666666667
2021-03-21 02:00:00,2.5423816666666665
2021-03-21 03:00:00,2.557058333333333
2021-03-21 04:00:00,2.9849650000000003
2021-03-21 05:00:00,3.7361549999999997
2021-03-21 06:00:00,7.2376371666666675
2021-03-21 07:00:00,39.774483333333336
2021-03-21 08:00:00,28.331335000000003
2021-03-21 09:00:00,41.50646666666667
2021-03-21 10:00:00,44.776983333333334
2021-03-21 11:00:00,48.779833333333336
2021-03-21 12:00:00,47.952149999999996
2021-03-21 13:00:00,48.48798333333333
2021-03-21 14:00:00,49.7088
2021-03-21 15:00:00,45.7736
2021-03-21 16:00:00,44.498083333333334
2021-03-21 17:00:00,28.044050000000002
2021-03-21 18:00:00,8.887686666666667
2021-03-21 19:00:00,2.500983333333333
2021-03-21 20:00:00,1.3745583333333333
2021-03-21 21:00:00,1.2072995
2021-03-21 22:00:00,0.5770166666666667
2021-03-21 23:00:00,0.2517686666666667
2021-03-22 00:00:00,0.18745399999999998
2021-03-22 01:00:00,0.373069
2021-03-22 02:00:00,0.6064726666666667
2021-03-22 03:00:00,0.6652828333333333
2021-03-22 04:00:00,0.6689601666666667
2021-03-22 05:00:00,0.43372983333333337
2021-03-22 06:00:00,1.7257666666666664
2021-03-22 07:00:00,16.972915
2021-03-22 08:00:00,20.834266666666668
2021-03-22 09:00:00,38.197649999999996
2021-03-22 10:00:00,47.6798
2021-03-22 11:00:00,64.3607
2021-03-22 12:00:00,79.69265
2021-03-22 13:00:00,86.90861666666666
2021-03-22 14:00:00,87.62255
2021-03-22 15:00:00,85.49153333333334
2021-03-22 16:00:00,75.46838333333334
2021-03-22 17:00:00,36.5338
2021-03-22 18:00:00,6.078702333333334
2021-03-22 19:00:00,0.9150203333333332
2021-03-22 20:00:00,1.4847083333333333
2021-03-22 21:00:00,1.8338583333333331
2021-03-22 22:00:00,1.8485900000000002
2021-03-22 23:00:00,2.22717
2021-03-23 00:00:00,2.6700866666666667
2021-03-23 01:00:00,3.6091966666666666
2021-03-23 02:00:00,3.8369666666666666
2021-03-23 03:00:00,3.8295733333333337
2021-03-23 04:00:00,3.8480366666666668
2021-03-23 05:00:00,3.182828333333333
2021-03-23 06:00:00,2.5910711666666666
2021-03-23 07:00:00,17.415263333333332
2021-03-23 08:00:00,42.74106666666667
2021-03-23 09:00:00,46.33743333333334
2021-03-23 10:00:00,44.844833333333334
2021-03-23 11:00:00,46.53516666666667
2021-03-23 12:00:00,41.946133333333336
2021-03-23 13:00:00,42.11043333333334
2021-03-23 14:00:00,44.10606666666667
2021-03-23 15:00:00,40.90866666666667
2021-03-23 16:00:00,37.28678333333333
2021-03-23 17:00:00,18.727266666666665
2021-03-23 18:00:00,5.39251
2021-03-23 19:00:00,1.7105626666666667
2021-03-23 20:00:00,0.8065821666666667
2021-03-23 21:00:00,0.6504143333333334
2021-03-23 22:00:00,0.61183
2021-03-23 23:00:00,0.4648486666666667
2021-03-24 00:00:00,0.2223163333333333
2021-03-24 01:00:00,0.19291966666666666
2021-03-24 02:00:00,0.3454183333333333
2021-03-24 03:00:00,0.6504331666666666
2021-03-24 04:00:00,0.6376026666666667
2021-03-24 05:00:00,0.455716
2021-03-24 06:00:00,3.0558053333333333
2021-03-24 07:00:00,26.941303333333334
2021-03-24 08:00:00,35.2956
2021-03-24 09:00:00,52.892116666666666
2021-03-24 10:00:00,71.29623333333333
2021-03-24 11:00:00,92.89618333333333
2021-03-24 12:00:00,119.69566666666667
2021-03-24 13:00:00,130.09900000000002
2021-03-24 14:00:00,117.2965
2021-03-24 15:00:00,138.60366666666667
2021-03-24 16:00:00,119.82199999999999
2021-03-24 17:00:00,62.855850000000004
2021-03-24 18:00:00,6.2091695
2021-03-24 19:00:00,1.3427391666666668
2021-03-24 20:00:00,2.3734466666666667
2021-03-24 21:00:00,3.444385
2021-03-24 22:00:00,3.9660783333333334
2021-03-24 23:00:00,3.9643183333333334
2021-03-25 00:00:00,3.9643583333333337
2021-03-25 01:00:00,3.9239716666666666
2021-03-25 02:00:00,3.940325
2021-03-25 03:00:00,3.2110483333333333
2021-03-25 04:00:00,3.3323416666666668
2021-03-25 05:00:00,3.3874333333333335
2021-03-25 06:00:00,3.0312151666666667
2021-03-25 07:00:00,25.070081666666667
2021-03-25 08:00:00,63.328583333333334
2021-03-25 09:00:00,69.8782
2021-03-25 10:00:00,72.27925
2021-03-25 11:00:00,77.55458333333333
2021-03-25 12:00:00,73.33816666666667
2021-03-25 13:00:00,73.25008333333334
2021-03-25 14:00:00,72.57755
2021-03-25 15:00:00,70.3749
2021-03-25 16:00:00,65.53891666666667
2021-03-25 17:00:00,52.84515
2021-03-25 18:00:00,13.158598333333334
2021-03-25 19:00:00,2.0887066666666665
2021-03-25 20:00:00,0.6595073333333333
2021-03-25 21:00:00,0.0385775
2021-03-25 22:00:00,0.11389566666666666
2021-03-25 23:00:00,0.3765968333333333
2021-03-26 00:00:00,0.5162578333333333
2021-03-26 01:00:00,0.44645966666666664
2021-03-26 02:00:00,0.3031583333333333
2021-03-26 03:00:00,0.15249833333333335
2021-03-26 04:00:00,0.37297600000000003
2021-03-26 05:00:00,0.24803733333333333
2021-03-26 06:00:00,2.695322333333333
2021-03-26 07:00:00,30.971400000000003
2021-03-26 08:00:00,41.91406666666667
2021-03-26 09:00:00,45.17585
2021-03-26 10:00:00,49.165933333333335
2021-03-26 11:00:00,48.12515
2021-03-26 12:00:00,50.05085
2021-03-26 13:00:00,52.061550000000004
2021-03-26 14:00:00,70.62993333333334
2021-03-26 15:00:00,85.113
2021-03-26 16:00:00,84.92826666666666
2021-03-26 17:00:00,35.23738
2021-03-26 18:00:00,5.122740166666667
2021-03-26 19:00:00,6.61344
2021-03-26 20:00:00,3.1193405
2021-03-26 21:00:00,1.065487
2021-03-26 22:00:00,1.251034
2021-03-26 23:00:00,1.3226283333333333
2021-03-27 00:00:00,1.3226183333333335
2021-03-27 01:00:00,1.3208316666666666
2021-03-27 02:00:00,1.3134366666666668
2021-03-27 03:00:00,1.3097733333333332
2021-03-27 04:00:00,1.2840393333333333
2021-03-27 05:00:00,1.2730373333333334
2021-03-27 06:00:00,7.206606666666667
2021-03-27 07:00:00,35.47701666666667
2021-03-27 08:00:00,40.1286
2021-03-27 09:00:00,45.052683333333334
2021-03-27 10:00:00,79.7691
2021-03-27 11:00:00,71.9623
2021-03-27 12:00:00,45.27618333333333
2021-03-27 13:00:00,47.884033333333335
2021-03-27 14:00:00,50.94985
2021-03-27 15:00:00,47.29681666666667
2021-03-27 16:00:00,42.61023333333333
2021-03-27 17:00:00,35.47833333333333
2021-03-27 18:00:00,14.260906666666667
2021-03-27 19:00:00,7.225053333333333
2021-03-27 20:00:00,5.7819883333333335
2021-03-27 21:00:00,5.356235
2021-03-27 22:00:00,5.00537
2021-03-27 23:00:00,5.0605183333333335
2021-03-28 00:00:00,4.873515
2021-03-28 01:00:00,4.621946666666667
2021-03-28 02:00:00,4.333576666666667
2021-03-28 03:00:00,4.440113333333333
2021-03-28 04:00:00,4.390348333333334
2021-03-28 05:00:00,4.211925
2021-03-28 06:00:00,6.635011666666667
2021-03-28 07:00:00,28.93406666666667
2021-03-28 08:00:00,40.207166666666666
2021-03-28 09:00:00,45.43806666666667
2021-03-28 10:00:00,45.07078333333333
2021-03-28 11:00:00,48.2856
2021-03-28 12:00:00,49.78788333333333
2021-03-28 13:00:00,50.587599999999995
2021-03-28 14:00:00,49.5974
2021-03-28 15:00:00,48.01655
2021-03-28 16:00:00,47.8547
2021-03-28 17:00:00,41.155116666666665
2021-03-28 18:00:00,16.48087
2021-03-28 19:00:00,7.11789
2021-03-28 20:00:00,5.916971666666667
2021-03-28 21:00:00,5.109196666666667
2021-03-28 22:00:00,4.650233333333333
2021-03-28 23:00:00,4.62849
2021-03-29 00:00:00,4.621343333333333
2021-03-29 01:00:00,4.584508333333333
2021-03-29 02:00:00,4.553318333333333
2021-03-29 03:00:00,4.514756666666667
2021-03-29 04:00:00,4.424626666666667
2021-03-29 05:00:00,4.325616666666666
2021-03-29 06:00:00,13.915391666666666
2021-03-29 07:00:00,41.33978333333334
2021-03-29 08:00:00,48.24073333333333
2021-03-29 09:00:00,43.831649999999996
2021-03-29 10:00:00,31.346049999999998
2021-03-29 11:00:00,30.838516666666667
2021-03-29 12:00:00,30.145899999999997
2021-03-29 13:00:00,29.991416666666666
2021-03-29 14:00:00,29.495683333333332
2021-03-29 15:00:00,26.247683333333335
2021-03-29 16:00:00,26.222166666666666
2021-03-29 17:00:00,24.08025
2021-03-29 18:00:00,14.41806
2021-03-29 19:00:00,7.064836666666666
2021-03-29 20:00:00,5.902240000000001
2021-03-29 21:00:00,5.402673333333333
2021-03-29 22:00:00,5.081388333333334
2021-03-29 23:00:00,4.701198333333333
2021-03-30 00:00:00,4.581860000000001
2021-03-30 01:00:00,4.416596666666666
2021-03-30 02:00:00,4.282721666666666
2021-03-30 03:00:00,4.211186666666666
2021-03-30 04:00:00,4.0880366666666665
2021-03-30 05:00:00,3.84201
2021-03-30 06:00:00,9.575731666666666
2021-03-30 07:00:00,24.06265
2021-03-30 08:00:00,25.351499999999998
2021-03-30 09:00:00,27.801816666666664
2021-03-30 10:00:00,28.48078333333333
2021-03-30 11:00:00,30.953033333333334
2021-03-30 12:00:00,38.92848333333333
2021-03-30 13:00:00,38.2815
2021-03-30 14:00:00,38.41343333333334
2021-03-30 15:00:00,39.794533333333334
2021-03-30 16:00:00,36.68333333333333
2021-03-30 17:00:00,30.693583333333333
2021-03-30 18:00:00,14.467661666666666
2021-03-30 19:00:00,6.860831666666667
2021-03-30 20:00:00,5.87097
2021-03-30 21:00:00,5.265123333333333
2021-03-30 22:00:00,4.774836666666667
2021-03-30 23:00:00,4.567464999999999
2021-03-31 00:00:00,4.613436666666667
2021-03-31 01:00:00,4.554745
2021-03-31 02:00:00,4.536216666666666
2021-03-31 03:00:00,4.389386666666667
2021-03-31 04:00:00,4.38391
2021-03-31 05:00:00,4.2975666666666665
2021-03-31 06:00:00,8.306808333333333
2021-03-31 07:00:00,20.738283333333335
2021-03-31 08:00:00,26.985133333333334
2021-03-31 09:00:00,31.952816666666664
2021-03-31 10:00:00,38.68856666666667
2021-03-31 11:00:00,39.558233333333334
2021-03-31 12:00:00,20.7966
2021-03-31 13:00:00,14.3957
2021-03-31 14:00:00,15.479133333333333
2021-03-31 15:00:00,22.23055
2021-03-31 16:00:00,23.15533333333333
2021-03-31 17:00:00,20.236116666666664
2021-03-31 18:00:00,12.302801666666666
2021-03-31 19:00:00,6.392536666666667
2021-03-31 20:00:00,5.5626066666666665
2021-03-31 21:00:00,4.754733333333333
2021-03-31 22:00:00,4.630025
2021-03-31 23:00:00,4.60056
2021-04-01 00:00:00,4.582161666666667
2021-04-01 01:00:00,4.541756666666667
2021-04-01 02:00:00,4.360001666666666
2021-04-01 03:00:00,4.169061666666667
2021-04-01 04:00:00,3.6823716666666666
2021-04-01 05:00:00,3.5629516666666663
2021-04-01 06:00:00,9.155955
2021-04-01 07:00:00,22.155716666666667
2021-04-01 08:00:00,12.976283333333333
2021-04-01 09:00:00,9.483331666666666
2021-04-01 10:00:00,10.788588333333333
2021-04-01 11:00:00,10.428685
2021-04-01 12:00:00,9.354555
2021-04-01 13:00:00,9.203825
2021-04-01 14:00:00,9.45316
2021-04-01 15:00:00,8.885426666666666
2021-04-01 16:00:00,8.6556
2021-04-01 17:00:00,7.824871666666667
2021-04-01 18:00:00,5.688385
2021-04-01 19:00:00,4.35953
2021-04-01 20:00:00,4.40182
2021-04-01 21:00:00,4.007198333333333
2021-04-01 22:00:00,3.967026666666667
2021-04-01 23:00:00,3.9562416666666667
2021-04-02 00:00:00,3.91214
2021-04-02 01:00:00,3.7909433333333333
2021-04-02 02:00:00,3.587126666666667
2021-04-02 03:00:00,3.831395
2021-04-02 04:00:00,3.9214949999999997
2021-04-02 05:00:00,3.9286833333333333
2021-04-02 06:00:00,6.33302
2021-04-02 07:00:00,10.97438
2021-04-02 08:00:00,11.88753
2021-04-02 09:00:00,12.14245
2021-04-02 10:00:00,12.074738333333332
2021-04-02 11:00:00,14.039150000000001
2021-04-02 12:00:00,13.232366666666667
2021-04-02 13:00:00,13.286383333333333
2021-04-02 14:00:00,12.335733333333334
2021-04-02 15:00:00,11.349028333333333
2021-04-02 16:00:00,11.249149999999998
2021-04-02 17:00:00,10.12467
2021-04-02 18:00:00,7.080148333333333
2021-04-02 19:00:00,5.261176666666667
2021-04-02 20:00:00,4.6810583333333335
2021-04-02 21:00:00,3.9135133333333334
2021-04-02 22:00:00,3.7318866666666666
2021-04-02 23:00:00,3.6843616666666668
2021-04-03 00:00:00,3.430963333333333
2021-04-03 01:00:00,3.50435
2021-04-03 02:00:00,3.6991516666666664
2021-04-03 03:00:00,3.770836666666667
2021-04-03 04:00:00,3.7818433333333332
2021-04-03 05:00:00,3.80946
2021-04-03 06:00:00,7.7364983333333335
2021-04-03 07:00:00,11.150471666666668
2021-04-03 08:00:00,11.227161666666666
2021-04-03 09:00:00,8.105248333333334
2021-04-03 10:00:00,8.080231666666666
2021-04-03 11:00:00,7.7911150000000005
2021-04-03 12:00:00,8.101385
2021-04-03 13:00:00,7.706901666666667
2021-04-03 14:00:00,7.8463
2021-04-03 15:00:00,7.36898
2021-04-03 16:00:00,6.761033333333333
2021-04-03 17:00:00,5.86798
2021-04-03 18:00:00,4.090906666666666
2021-04-03 19:00:00,3.2996633333333336
2021-04-03 20:00:00,2.7563416666666667
2021-04-03 21:00:00,2.87945
2021-04-03 22:00:00,3.04107
2021-04-03 23:00:00,3.219175
2021-04-04 00:00:00,3.1696416666666662
2021-04-04 01:00:00,3.2652
2021-04-04 02:00:00,3.18081
2021-04-04 03:00:00,3.2137066666666665
2021-04-04 04:00:00,3.1439233333333334
2021-04-04 05:00:00,3.1310366666666667
2021-04-04 06:00:00,5.790405000000001
2021-04-04 07:00:00,6.736165
2021-04-04 08:00:00,5.9150833333333335
2021-04-04 09:00:00,6.362968333333333
2021-04-04 10:00:00,7.029726666666666
2021-04-04 11:00:00,6.148458333333334
2021-04-04 12:00:00,5.836711666666667
2021-04-04 13:00:00,5.59643
2021-04-04 14:00:00,5.973108333333333
2021-04-04 15:00:00,6.2945150000000005
2021-04-04 16:00:00,5.787846666666667
2021-04-04 17:00:00,5.113866666666667
2021-04-04 18:00:00,3.7417066666666665
2021-04-04 19:00:00,3.5947483333333334
2021-04-04 20:00:00,3.569033333333333
2021-04-04 21:00:00,3.339455
2021-04-04 22:00:00,4.083418333333333
2021-04-04 23:00:00,5.466536666666666
2021-04-05 00:00:00,6.3059666666666665
2021-04-05 01:00:00,5.701714999999999
2021-04-05 02:00:00,6.041651666666667
2021-04-05 03:00:00,5.404333333333333
2021-04-05 04:00:00,4.6016916666666665
2021-04-05 05:00:00,4.631161666666667
2021-04-05 06:00:00,5.390053333333333
2021-04-05 07:00:00,7.18683
2021-04-05 08:00:00,8.753865
2021-04-05 09:00:00,7.1169883333333335
2021-04-05 10:00:00,6.989803333333333
2021-04-05 11:00:00,6.748763333333333
2021-04-05 12:00:00,6.6293500000000005
2021-04-05 13:00:00,6.899173333333334
2021-04-05 14:00:00,6.340511666666667
2021-04-05 15:00:00,6.842216666666667
2021-04-05 16:00:00,6.198894999999999
2021-04-05 17:00:00,5.798755
2021-04-05 18:00:00,3.5855716666666666
2021-04-05 19:00:00,2.303435
2021-04-05 20:00:00,2.27774
2021-04-05 21:00:00,2.38427
2021-04-05 22:00:00,2.512848333333333
2021-04-05 23:00:00,2.5551133333333333
2021-04-06 00:00:00,2.5403983333333335
2021-04-06 01:00:00,2.582665
2021-04-06 02:00:00,2.62308
2021-04-06 03:00:00,2.5752865
2021-04-06 04:00:00,2.6065216666666666
2021-04-06 05:00:00,2.5679666666666665
2021-04-06 06:00:00,4.812659999999999
2021-04-06 07:00:00,7.1436633333333335
2021-04-06 08:00:00,7.049670000000001
2021-04-06 09:00:00,6.825233333333333
2021-04-06 10:00:00,6.573508333333334
2021-04-06 11:00:00,6.602715
2021-04-06 12:00:00,7.200353333333334
2021-04-06 13:00:00,8.095341666666666
2021-04-06 14:00:00,7.493655
2021-04-06 15:00:00,6.727546666666667
2021-04-06 16:00:00,6.017799999999999
2021-04-06 17:00:00,4.904278333333334
2021-04-06 18:00:00,2.7969533333333336
2021-04-06 19:00:00,1.592474
2021-04-06 20:00:00,1.93599
2021-04-06 21:00:00,2.108678333333333
2021-04-06 22:00:00,2.2335800000000003
2021-04-06 23:00:00,2.1472800000000003
2021-04-07 00:00:00,2.400795
2021-04-07 01:00:00,2.4044933333333334
2021-04-07 02:00:00,2.378756666666667
2021-04-07 03:00:00,2.283236666666667
2021-04-07 04:00:00,2.264865
2021-04-07 05:00:00,2.294283333333333
2021-04-07 06:00:00,3.3267033333333336
2021-04-07 07:00:00,6.4532516666666675
2021-04-07 08:00:00,6.624013333333334
2021-04-07 09:00:00,7.7113
2021-04-07 10:00:00,7.152701666666667
2021-04-07 11:00:00,7.55654
2021-04-07 12:00:00,8.426558333333334
2021-04-07 13:00:00,8.971518333333334
2021-04-07 14:00:00,8.142591666666666
2021-04-07 15:00:00,7.2795483333333335
2021-04-07 16:00:00,8.094056666666667
2021-04-07 17:00:00,8.941171666666666
2021-04-07 18:00:00,4.156556666666667
2021-04-07 19:00:00,1.9489683333333334
2021-04-07 20:00:00,1.8718233333333332
2021-04-07 21:00:00,1.8001399999999999
2021-04-07 22:00:00,1.8258833333333333
2021-04-07 23:00:00,1.9838466666666668
2021-04-08 00:00:00,2.0462949999999998
2021-04-08 01:00:00,2.1179283333333334
2021-04-08 02:00:00,2.1216266666666668
2021-04-08 03:00:00,2.094055
2021-04-08 04:00:00,2.0977433333333333
2021-04-08 05:00:00,2.16387
2021-04-08 06:00:00,3.76379
2021-04-08 07:00:00,7.91695
2021-04-08 08:00:00,7.617351666666666
2021-04-08 09:00:00,7.489733333333334
2021-04-08 10:00:00,7.020711666666667
2021-04-08 11:00:00,10.10787
2021-04-08 12:00:00,12.828413333333334
2021-04-08 13:00:00,14.795481666666666
2021-04-08 14:00:00,16.91355
2021-04-08 15:00:00,17.61815
2021-04-08 16:00:00,13.984066666666667
2021-04-08 17:00:00,12.932533333333334
2021-04-08 18:00:00,4.960841666666667
2021-04-08 19:00:00,1.6439516666666667
2021-04-08 20:00:00,1.4566233333333334
2021-04-08 21:00:00,1.39414
2021-04-08 22:00:00,1.47495
2021-04-08 23:00:00,1.5264333333333333
2021-04-09 00:00:00,1.5980883333333333
2021-04-09 01:00:00,1.7891516666666665
2021-04-09 02:00:00,3.1541033333333335
2021-04-09 03:00:00,4.767623333333334
2021-04-09 04:00:00,4.150525
2021-04-09 05:00:00,3.96701
2021-04-09 06:00:00,4.606269999999999
2021-04-09 07:00:00,6.092703333333334
2021-04-09 08:00:00,10.504045
2021-04-09 09:00:00,7.41354
2021-04-09 10:00:00,7.887478333333333
2021-04-09 11:00:00,9.915825
2021-04-09 12:00:00,11.749500000000001
2021-04-09 13:00:00,12.000058333333333
2021-04-09 14:00:00,11.044001666666666
2021-04-09 15:00:00,9.835661666666665
2021-04-09 16:00:00,12.083210000000001
2021-04-09 17:00:00,10.436706666666668
2021-04-09 18:00:00,5.84209
2021-04-09 19:00:00,2.698891666666667
2021-04-09 20:00:00,3.009385
2021-04-09 21:00:00,2.959706666666667
2021-04-09 22:00:00,2.9173916666666666
2021-04-09 23:00:00,2.8603716666666665
2021-04-10 00:00:00,2.7776966666666665
2021-04-10 01:00:00,2.8125533333333332
2021-04-10 02:00:00,2.742881666666667
2021-04-10 03:00:00,2.7007416666666666
2021-04-10 04:00:00,2.64749
2021-04-10 05:00:00,2.6365016666666667
2021-04-10 06:00:00,6.696983333333334
2021-04-10 07:00:00,12.674964999999998
2021-04-10 08:00:00,14.163983333333332
2021-04-10 09:00:00,17.09407333333333
2021-04-10 10:00:00,11.297351666666666
2021-04-10 11:00:00,11.278165
2021-04-10 12:00:00,9.917295
2021-04-10 13:00:00,8.888628333333335
2021-04-10 14:00:00,8.021591666666668
2021-04-10 15:00:00,7.769871666666666
2021-04-10 16:00:00,7.0227026666666665
2021-04-10 17:00:00,5.55451
2021-04-10 18:00:00,4.485121666666667
2021-04-10 19:00:00,2.5313466666666664
2021-04-10 20:00:00,2.44504
2021-04-10 21:00:00,2.3219516666666666
2021-04-10 22:00:00,2.43031
2021-04-10 23:00:00,2.4009116666666666
2021-04-11 00:00:00,2.3990333333333336
2021-04-11 01:00:00,2.375201666666667
2021-04-11 02:00:00,2.3348233333333335
2021-04-11 03:00:00,2.3752866666666668
2021-04-11 04:00:00,2.3808933333333333
2021-04-11 05:00:00,2.33495
2021-04-11 06:00:00,3.9443183333333334
2021-04-11 07:00:00,10.212778333333334
2021-04-11 08:00:00,14.710966666666668
2021-04-11 09:00:00,11.501769999999999
2021-04-11 10:00:00,7.90463
2021-04-11 11:00:00,8.685946666666666
2021-04-11 12:00:00,8.273393333333333
2021-04-11 13:00:00,8.199638333333333
2021-04-11 14:00:00,7.8429633333333335
2021-04-11 15:00:00,7.49358
2021-04-11 16:00:00,6.865953333333334
2021-04-11 17:00:00,5.31344
2021-04-11 18:00:00,3.87693
2021-04-11 19:00:00,2.4578116666666667
2021-04-11 20:00:00,2.4431466666666664
2021-04-11 21:00:00,2.380673333333333
2021-04-11 22:00:00,2.3990483333333334
2021-04-11 23:00:00,2.3181849999999997
2021-04-12 00:00:00,2.3457416666666666
2021-04-12 01:00:00,2.3237183333333333
2021-04-12 02:00:00,2.250225
2021-04-12 03:00:00,2.320081666666667
2021-04-12 04:00:00,2.3329083333333336
2021-04-12 05:00:00,2.3439383333333335
2021-04-12 06:00:00,8.306436666666666
2021-04-12 07:00:00,16.193933333333334
2021-04-12 08:00:00,16.63371666666667
2021-04-12 09:00:00,14.937906166666666
2021-04-12 10:00:00,8.747878333333334
2021-04-12 11:00:00,8.014516666666667
2021-04-12 12:00:00,7.540226666666666
2021-04-12 13:00:00,7.9873916666666664
2021-04-12 14:00:00,8.209306666666667
2021-04-12 15:00:00,7.605231666666667
2021-04-12 16:00:00,6.182988333333333
2021-04-12 17:00:00,6.1511933333333335
2021-04-12 18:00:00,4.1979750000000005
2021-04-12 19:00:00,3.04141
2021-04-12 20:00:00,3.578031666666667
2021-04-12 21:00:00,3.901413333333333
2021-04-12 22:00:00,4.276301666666667
2021-04-12 23:00:00,4.099848333333333
2021-04-13 00:00:00,5.170685000000001
2021-04-13 01:00:00,6.21258
2021-04-13 02:00:00,6.120706666666666
2021-04-13 03:00:00,5.128558333333333
2021-04-13 04:00:00,4.755593333333334
2021-04-13 05:00:00,4.779656666666667
2021-04-13 06:00:00,8.144996666666666
2021-04-13 07:00:00,8.78023
2021-04-13 08:00:00,8.414453333333334
2021-04-13 09:00:00,8.274471666666667
2021-04-13 10:00:00,7.686141666666667
2021-04-13 11:00:00,7.9505099999999995
2021-04-13 12:00:00,7.9725150000000005
2021-04-13 13:00:00,7.841808333333334
2021-04-13 14:00:00,7.828373333333333
2021-04-13 15:00:00,7.519655
2021-04-13 16:00:00,7.138305
2021-04-13 17:00:00,5.720249999999999
2021-04-13 18:00:00,4.241476666666667
2021-04-13 19:00:00,2.7490933333333336
2021-04-13 20:00:00,2.809775
2021-04-13 21:00:00,2.551055
2021-04-13 22:00:00,2.6026666666666665
2021-04-13 23:00:00,2.644935
2021-04-14 00:00:00,2.6817416666666665
2021-04-14 01:00:00,2.6578783333333336
2021-04-14 02:00:00,2.8600399999999997
2021-04-14 03:00:00,3.3028116666666665
2021-04-14 04:00:00,3.6939216666666668
2021-04-14 05:00:00,3.9197849999999996
2021-04-14 06:00:00,7.758583333333333
2021-04-14 07:00:00,18.385766666666665
2021-04-14 08:00:00,15.295533333333333
2021-04-14 09:00:00,14.587064999999999
2021-04-14 10:00:00,8.845025
2021-04-14 11:00:00,9.35253
2021-04-14 12:00:00,10.939698333333332
2021-04-14 13:00:00,10.590478333333333
2021-04-14 14:00:00,9.380066666666666
2021-04-14 15:00:00,9.714423333333334
2021-04-14 16:00:00,7.056705
2021-04-14 17:00:00,6.46373
2021-04-14 18:00:00,4.222763333333334
2021-04-14 19:00:00,3.658865
2021-04-14 20:00:00,3.8757966666666666
2021-04-14 21:00:00,3.6572233333333335
2021-04-14 22:00:00,3.66444
2021-04-14 23:00:00,3.6608316666666667
2021-04-15 00:00:00,3.769305
2021-04-15 01:00:00,3.866581666666667
2021-04-15 02:00:00,3.809705
2021-04-15 03:00:00,3.716056666666667
2021-04-15 04:00:00,4.3149766666666665
2021-04-15 05:00:00,5.367566666666666
2021-04-15 06:00:00,5.626656666666666
2021-04-15 07:00:00,5.915088333333333
2021-04-15 08:00:00,6.712393333333334
2021-04-15 09:00:00,6.581733333333333
2021-04-15 10:00:00,6.631161666666667
2021-04-15 11:00:00,6.629293333333334
2021-04-15 12:00:00,6.35914
2021-04-15 13:00:00,8.545160000000001
2021-04-15 14:00:00,8.650046666666666
2021-04-15 15:00:00,8.501266666666668
2021-04-15 16:00:00,8.451585
2021-04-15 17:00:00,7.755445
2021-04-15 18:00:00,6.2694133333333335
2021-04-15 19:00:00,6.203336666666667
2021-04-15 20:00:00,5.575026666666667
2021-04-15 21:00:00,5.214931666666667
2021-04-15 22:00:00,4.878736666666667
2021-04-15 23:00:00,4.792398333333334
2021-04-16 00:00:00,4.459908333333333
2021-04-16 01:00:00,4.057598333333333
2021-04-16 02:00:00,4.1385233333333336
2021-04-16 03:00:00,4.335043333333333
2021-04-16 04:00:00,4.4196116666666665
2021-04-16 05:00:00,4.419575
2021-04-16 06:00:00,4.531781666666666
2021-04-16 07:00:00,5.369421666666667
2021-04-16 08:00:00,6.853573333333333
2021-04-16 09:00:00,6.458581666666666
2021-04-16 10:00:00,6.362991666666667
2021-04-16 11:00:00,6.759711666666666
2021-04-16 12:00:00,7.284945
2021-04-16 13:00:00,7.804153333333334
2021-04-16 14:00:00,6.745688333333334
2021-04-16 15:00:00,6.349238333333333
2021-04-16 16:00:00,5.940001666666666
2021-04-16 17:00:00,5.752753333333334
2021-04-16 18:00:00,4.713226666666667
2021-04-16 19:00:00,4.197156666666666
2021-04-16 20:00:00,4.088885
2021-04-16 21:00:00,3.7767216666666665
2021-04-16 22:00:00,3.69589
2021-04-16 23:00:00,3.7950500000000003
2021-04-17 00:00:00,3.828126666666667
2021-04-17 01:00:00,3.8096216666666667
2021-04-17 02:00:00,3.749055
2021-04-17 03:00:00,3.7342283333333333
2021-04-17 04:00:00,3.8536983333333334
2021-04-17 05:00:00,4.116438333333333
2021-04-17 06:00:00,4.926555
2021-04-17 07:00:00,7.371346666666667
2021-04-17 08:00:00,7.93715
2021-04-17 09:00:00,8.602238333333332
2021-04-17 10:00:00,8.740075
2021-04-17 11:00:00,8.769278333333334
2021-04-17 12:00:00,8.104443333333332
2021-04-17 13:00:00,7.180513333333334
2021-04-17 14:00:00,7.362213333333333
2021-04-17 15:00:00,7.473731666666667
2021-04-17 16:00:00,7.337795
2021-04-17 17:00:00,6.38812
2021-04-17 18:00:00,4.782996666666667
2021-04-17 19:00:00,4.485485
2021-04-17 20:00:00,4.505878333333333
2021-04-17 21:00:00,4.333060000000001
2021-04-17 22:00:00,4.096126666666667
2021-04-17 23:00:00,3.5892333333333335
2021-04-18 00:00:00,3.9621983333333333
2021-04-18 01:00:00,4.144146666666667
2021-04-18 02:00:00,4.414085
2021-04-18 03:00:00,4.303838333333333
2021-04-18 04:00:00,4.27266
2021-04-18 05:00:00,4.232288333333333
2021-04-18 06:00:00,8.922096666666667
2021-04-18 07:00:00,8.906828333333333
2021-04-18 08:00:00,7.81661
2021-04-18 09:00:00,8.767294999999999
2021-04-18 10:00:00,9.467715
2021-04-18 11:00:00,8.343171666666667
2021-04-18 12:00:00,7.116605000000001
2021-04-18 13:00:00,5.896426666666667
2021-04-18 14:00:00,6.202073333333333
2021-04-18 15:00:00,6.279935
2021-04-18 16:00:00,5.771026666666667
2021-04-18 17:00:00,5.6610249999999995
2021-04-18 18:00:00,4.167846666666667
2021-04-18 19:00:00,3.56748
2021-04-18 20:00:00,3.3084566666666664
2021-04-18 21:00:00,3.19814
2021-04-18 22:00:00,3.1982483333333334
2021-04-18 23:00:00,3.11377
2021-04-19 00:00:00,2.9630533333333333
2021-04-19 01:00:00,2.9520333333333335
2021-04-19 02:00:00,3.0235950000000003
2021-04-19 03:00:00,2.9115016666666667
2021-04-19 04:00:00,2.8344283333333333
2021-04-19 05:00:00,2.75544
2021-04-19 06:00:00,8.644910000000001
2021-04-19 07:00:00,13.435683333333333
2021-04-19 08:00:00,18.854166666666668
2021-04-19 09:00:00,9.706013333333335
2021-04-19 10:00:00,10.039915
2021-04-19 11:00:00,10.93308
2021-04-19 12:00:00,10.305368333333332
2021-04-19 13:00:00,6.92068
2021-04-19 14:00:00,6.796073333333334
2021-04-19 15:00:00,6.72283
2021-04-19 16:00:00,6.109843333333333
2021-04-19 17:00:00,5.589031666666667
2021-04-19 18:00:00,3.6278133333333336
2021-04-19 19:00:00,3.174385
2021-04-19 20:00:00,2.772091666666667
2021-04-19 21:00:00,2.6047816666666668
2021-04-19 22:00:00,2.579065
2021-04-19 23:00:00,2.5716716666666666
2021-04-20 00:00:00,2.5607083333333334
2021-04-20 01:00:00,2.507458333333333
2021-04-20 02:00:00,2.468925
2021-04-20 03:00:00,2.415671666666667
2021-04-20 04:00:00,2.3770216666666664
2021-04-20 05:00:00,2.4137649999999997
2021-04-20 06:00:00,5.11038
2021-04-20 07:00:00,8.528974999999999
2021-04-20 08:00:00,16.587488333333333
2021-04-20 09:00:00,14.865333333333332
2021-04-20 10:00:00,12.84055
2021-04-20 11:00:00,6.961426666666667
2021-04-20 12:00:00,6.7630316666666666
2021-04-20 13:00:00,6.832518333333334
2021-04-20 14:00:00,7.427245
2021-04-20 15:00:00,6.217
2021-04-20 16:00:00,5.738318333333334
2021-04-20 17:00:00,5.46356
2021-04-20 18:00:00,4.2647466666666665
2021-04-20 19:00:00,3.0565183333333334
2021-04-20 20:00:00,2.9226866666666664
2021-04-20 21:00:00,2.702201666666667
2021-04-20 22:00:00,2.764595
2021-04-20 23:00:00,2.7866066666666667
2021-04-21 00:00:00,2.759018333333333
2021-04-21 01:00:00,2.7865266666666666
2021-04-21 02:00:00,2.7975766666666666
2021-04-21 03:00:00,2.867585
2021-04-21 04:00:00,2.8309116666666667
2021-04-21 05:00:00,2.6930533333333333
2021-04-21 06:00:00,6.912515
2021-04-21 07:00:00,7.38624
2021-04-21 08:00:00,7.412396666666667
2021-04-21 09:00:00,6.746161666666667
2021-04-21 10:00:00,6.453875
2021-04-21 11:00:00,7.275595
2021-04-21 12:00:00,7.0747245
2021-04-21 13:00:00,7.427391666666667
2021-04-21 14:00:00,7.414668333333334
2021-04-21 15:00:00,6.4584166666666665
2021-04-21 16:00:00,5.757793333333334
2021-04-21 17:00:00,5.2647900000000005
2021-04-21 18:00:00,4.167038333333333
2021-04-21 19:00:00,3.17026
2021-04-21 20:00:00,2.830625
2021-04-21 21:00:00,2.6434066666666665
2021-04-21 22:00:00,2.6416866666666667
2021-04-21 23:00:00,2.628846666666667
2021-04-22 00:00:00,2.6343433333333333
2021-04-22 01:00:00,2.6324983333333334
2021-04-22 02:00:00,2.6655200000000003
2021-04-22 03:00:00,2.6306616666666667
2021-04-22 04:00:00,2.6232866666666665
2021-04-22 05:00:00,2.638
2021-04-22 06:00:00,7.901033333333333
2021-04-22 07:00:00,6.2896133333333335
2021-04-22 08:00:00,8.384143333333334
2021-04-22 09:00:00,11.943774999999999
2021-04-22 10:00:00,11.605405
2021-04-22 11:00:00,7.467905
2021-04-22 12:00:00,7.33196
2021-04-22 13:00:00,7.57991
2021-04-22 14:00:00,7.666125
2021-04-22 15:00:00,7.3465333333333325
2021-04-22 16:00:00,6.513201666666666
2021-04-22 17:00:00,5.203055
2021-04-22 18:00:00,4.059956666666666
2021-04-22 19:00:00,2.7896216666666667
2021-04-22 20:00:00,2.7602249999999997
2021-04-22 21:00:00,2.6886333333333337
2021-04-22 22:00:00,2.5454466666666664
2021-04-22 23:00:00,2.5253183333333333
2021-04-23 00:00:00,2.512645
2021-04-23 01:00:00,2.5457466666666666
2021-04-23 02:00:00,2.5310449999999998
2021-04-23 03:00:00,2.4429166666666666
2021-04-23 04:00:00,2.4319083333333333
2021-04-23 05:00:00,2.6027433333333336
2021-04-23 06:00:00,11.296140000000001
2021-04-23 07:00:00,23.194416666666665
2021-04-23 08:00:00,23.216416666666664
2021-04-23 09:00:00,24.735400000000002
2021-04-23 10:00:00,16.3751
2021-04-23 11:00:00,7.798523333333334
2021-04-23 12:00:00,7.271333333333333
2021-04-23 13:00:00,6.6032
2021-04-23 14:00:00,6.696681666666667
2021-04-23 15:00:00,6.619718333333334
2021-04-23 16:00:00,6.287585000000001
2021-04-23 17:00:00,5.271883333333333
2021-04-23 18:00:00,4.059191666666667
2021-04-23 19:00:00,3.204205
2021-04-23 20:00:00,2.6902049999999997
2021-04-23 21:00:00,2.7473483333333335
2021-04-23 22:00:00,3.46527
2021-04-23 23:00:00,5.896870000000001
2021-04-24 00:00:00,9.239445
2021-04-24 01:00:00,11.248633333333334
2021-04-24 02:00:00,12.484833333333334
2021-04-24 03:00:00,12.262656666666667
2021-04-24 04:00:00,7.950895
2021-04-24 05:00:00,7.018076666666667
2021-04-24 06:00:00,6.73532
2021-04-24 07:00:00,7.97154
2021-04-24 08:00:00,11.198713333333334
2021-04-24 09:00:00,18.86525
2021-04-24 10:00:00,8.608145833333333
2021-04-24 11:00:00,6.018073333333334
2021-04-24 12:00:00,6.242225
2021-04-24 13:00:00,6.08057
2021-04-24 14:00:00,5.955595
2021-04-24 15:00:00,5.847446666666667
2021-04-24 16:00:00,5.875356666666666
2021-04-24 17:00:00,9.027078333333332
2021-04-24 18:00:00,5.3776600000000006
2021-04-24 19:00:00,4.1345350000000005
2021-04-24 20:00:00,4.277798333333333
2021-04-24 21:00:00,4.2961350000000005
2021-04-24 22:00:00,4.529446666666667
2021-04-24 23:00:00,4.672686666666666
2021-04-25 00:00:00,4.814134999999999
2021-04-25 01:00:00,5.03264
2021-04-25 02:00:00,5.515788333333333
2021-04-25 03:00:00,5.952886666666667
2021-04-25 04:00:00,6.500318333333333
2021-04-25 05:00:00,6.887815
2021-04-25 06:00:00,7.56388
2021-04-25 07:00:00,10.550229999999999
2021-04-25 08:00:00,9.315838333333334
2021-04-25 09:00:00,8.51103
2021-04-25 10:00:00,7.891875
2021-04-25 11:00:00,7.283591666666666
2021-04-25 12:00:00,6.95618
2021-04-25 13:00:00,7.141803333333333
2021-04-25 14:00:00,6.859021666666666
2021-04-25 15:00:00,7.59371
2021-04-25 16:00:00,7.906783333333333
2021-04-25 17:00:00,8.812845000000001
2021-04-25 18:00:00,9.0517
2021-04-25 19:00:00,9.180533333333333
2021-04-25 20:00:00,8.499483333333334
2021-04-25 21:00:00,7.4601766666666665
2021-04-25 22:00:00,5.547611666666667
2021-04-25 23:00:00,4.989165
2021-04-26 00:00:00,5.02757
2021-04-26 01:00:00,5.378575
2021-04-26 02:00:00,5.499828333333332
2021-04-26 03:00:00,3.859596666666667
2021-04-26 04:00:00,3.499515
2021-04-26 05:00:00,2.74072
2021-04-26 06:00:00,4.662073333333334
2021-04-26 07:00:00,6.8572033333333335
2021-04-26 08:00:00,6.695633333333333
2021-04-26 09:00:00,6.649344999999999
2021-04-26 10:00:00,6.841875
2021-04-26 11:00:00,6.608515
2021-04-26 12:00:00,6.615876666666667
2021-04-26 13:00:00,7.550623333333333
2021-04-26 14:00:00,7.887626666666667
2021-04-26 15:00:00,6.249376666666667
2021-04-26 16:00:00,6.246125
2021-04-26 17:00:00,5.737668333333334
2021-04-26 18:00:00,3.76348
2021-04-26 19:00:00,2.8158083333333335
2021-04-26 20:00:00,2.5127866666666665
2021-04-26 21:00:00,2.6432016666666667
2021-04-26 22:00:00,5.576631666666667
2021-04-26 23:00:00,6.572746666666666
2021-04-27 00:00:00,4.996593333333333
2021-04-27 01:00:00,5.11961
2021-04-27 02:00:00,6.72883
2021-04-27 03:00:00,6.605761666666667
2021-04-27 04:00:00,6.545271666666666
2021-04-27 05:00:00,5.621036666666667
2021-04-27 06:00:00,5.207791666666666
2021-04-27 07:00:00,6.44417
2021-04-27 08:00:00,7.5317050000000005
2021-04-27 09:00:00,6.881353333333333
2021-04-27 10:00:00,6.792678333333333
2021-04-27 11:00:00,8.492003333333333
2021-04-27 12:00:00,9.028773333333334
2021-04-27 13:00:00,8.435513333333335
2021-04-27 14:00:00,8.916518333333332
2021-04-27 15:00:00,7.894731666666667
2021-04-27 16:00:00,7.31055
2021-04-27 17:00:00,6.814966666666667
2021-04-27 18:00:00,5.6874
2021-04-27 19:00:00,5.38798
2021-04-27 20:00:00,5.720215
2021-04-27 21:00:00,5.062686666666667
2021-04-27 22:00:00,4.867861666666667
2021-04-27 23:00:00,5.148886666666667
2021-04-28 00:00:00,5.39685
2021-04-28 01:00:00,5.756786666666667
2021-04-28 02:00:00,5.609731666666667
2021-04-28 03:00:00,5.35254
2021-04-28 04:00:00,5.2442400000000005
2021-04-28 05:00:00,5.260725
2021-04-28 06:00:00,6.09464
2021-04-28 07:00:00,7.826808333333333
2021-04-28 08:00:00,7.883616666666667
2021-04-28 09:00:00,7.714348333333334
2021-04-28 10:00:00,8.310588333333333
2021-04-28 11:00:00,8.287926666666667
2021-04-28 12:00:00,8.359558333333334
2021-04-28 13:00:00,9.308178333333332
2021-04-28 14:00:00,8.872276666666666
2021-04-28 15:00:00,8.1453
2021-04-28 16:00:00,7.664384999999999
2021-04-28 17:00:00,6.836528333333334
2021-04-28 18:00:00,5.114573333333333
2021-04-28 19:00:00,4.2956433333333335
2021-04-28 20:00:00,6.364043333333333
2021-04-28 21:00:00,7.348941666666667
2021-04-28 22:00:00,6.188104999999999
2021-04-28 23:00:00,5.558168333333333
2021-04-29 00:00:00,4.919201666666667
2021-04-29 01:00:00,3.5860266666666667
2021-04-29 02:00:00,3.54744
2021-04-29 03:00:00,3.712585
2021-04-29 04:00:00,3.7712233333333334
2021-04-29 05:00:00,3.5692266666666668
2021-04-29 06:00:00,4.961635
2021-04-29 07:00:00,8.128608333333334
2021-04-29 08:00:00,7.895523333333333
2021-04-29 09:00:00,8.74006
2021-04-29 10:00:00,10.295593333333333
2021-04-29 11:00:00,10.85009
2021-04-29 12:00:00,10.993853333333334
2021-04-29 13:00:00,11.661761666666667
2021-04-29 14:00:00,9.026748333333334
2021-04-29 15:00:00,7.848938333333334
2021-04-29 16:00:00,7.530848333333334
2021-04-29 17:00:00,5.568631666666667
2021-04-29 18:00:00,4.383348333333333
2021-04-29 19:00:00,3.180755
2021-04-29 20:00:00,2.9129666666666667
2021-04-29 21:00:00,3.09141
2021-04-29 22:00:00,3.08988
2021-04-29 23:00:00,3.187343333333333
2021-04-30 00:00:00,3.1487183333333335
2021-04-30 01:00:00,3.0017333333333336
2021-04-30 02:00:00,2.8694550000000003
2021-04-30 03:00:00,2.8694216666666668
2021-04-30 04:00:00,3.0438983333333334
2021-04-30 05:00:00,3.3525383333333334
2021-04-30 06:00:00,7.912025
2021-04-30 07:00:00,8.784510000000001
2021-04-30 08:00:00,10.35307
2021-04-30 09:00:00,10.861355
2021-04-30 10:00:00,8.896334999999999
2021-04-30 11:00:00,8.370708333333333
2021-04-30 12:00:00,8.398458333333332
2021-04-30 13:00:00,8.159836666666667
2021-04-30 14:00:00,7.9705699999999995
2021-04-30 15:00:00,7.934151666666667
2021-04-30 16:00:00,6.75206
2021-04-30 17:00:00,5.605783333333333
2021-04-30 18:00:00,4.5853883333333325
2021-04-30 19:00:00,3.103601666666667
2021-04-30 20:00:00,2.830145
2021-04-30 21:00:00,2.839585
2021-04-30 22:00:00,2.920445
2021-04-30 23:00:00,2.9554199999999997
2021-05-01 00:00:00,2.983013333333333
2021-05-01 01:00:00,2.97932
2021-05-01 02:00:00,2.979311666666667
2021-05-01 03:00:00,2.9665133333333333
2021-05-01 04:00:00,2.995895
2021-05-01 05:00:00,3.1189483333333334
2021-05-01 06:00:00,9.618123333333333
2021-05-01 07:00:00,8.57238
2021-05-01 08:00:00,9.141853333333334
2021-05-01 09:00:00,8.010923333333333
2021-05-01 10:00:00,7.444693333333333
2021-05-01 11:00:00,8.002335
2021-05-01 12:00:00,7.700981666666666
2021-05-01 13:00:00,7.008473333333333
2021-05-01 14:00:00,6.905953333333333
2021-05-01 15:00:00,7.375921666666667
2021-05-01 16:00:00,6.204116666666667
2021-05-01 17:00:00,5.505826666666667
2021-05-01 18:00:00,4.09812
2021-05-01 19:00:00,2.897676666666667
2021-05-01 20:00:00,2.8831883333333335
2021-05-01 21:00:00,3.0817216666666667
2021-05-01 22:00:00,3.059676666666667
2021-05-01 23:00:00,3.313145
2021-05-02 00:00:00,3.4214083333333334
2021-05-02 01:00:00,3.3204350000000002
2021-05-02 02:00:00,3.054203333333333
2021-05-02 03:00:00,3.06534
2021-05-02 04:00:00,3.096595
2021-05-02 05:00:00,3.083881666666667
2021-05-02 06:00:00,10.054256666666667
2021-05-02 07:00:00,7.87511
2021-05-02 08:00:00,8.691783333333332
2021-05-02 09:00:00,9.112336666666666
2021-05-02 10:00:00,8.214306666666667
2021-05-02 11:00:00,7.553465
2021-05-02 12:00:00,7.162601666666666
2021-05-02 13:00:00,6.674641666666667
2021-05-02 14:00:00,6.6057733333333335
2021-05-02 15:00:00,5.63311
2021-05-02 16:00:00,5.72744
2021-05-02 17:00:00,6.085876666666667
2021-05-02 18:00:00,5.3461549999999995
2021-05-02 19:00:00,4.563691666666667
2021-05-02 20:00:00,4.499496666666667
2021-05-02 21:00:00,3.109315
2021-05-02 22:00:00,2.878625
2021-05-02 23:00:00,3.30292
2021-05-03 00:00:00,3.269651666666667
2021-05-03 01:00:00,3.093611666666667
2021-05-03 02:00:00,3.2149533333333333
2021-05-03 03:00:00,3.1358566666666667
2021-05-03 04:00:00,3.2148616666666667
2021-05-03 05:00:00,4.197303333333333
2021-05-03 06:00:00,6.550015
2021-05-03 07:00:00,9.32368
2021-05-03 08:00:00,10.306415
2021-05-03 09:00:00,9.760843333333332
2021-05-03 10:00:00,8.028826666666667
2021-05-03 11:00:00,7.415324999999999
2021-05-03 12:00:00,6.107536666666666
2021-05-03 13:00:00,6.783615
2021-05-03 14:00:00,8.080303333333333
2021-05-03 15:00:00,8.203323333333334
2021-05-03 16:00:00,8.098593333333334
2021-05-03 17:00:00,7.439208333333334
2021-05-03 18:00:00,6.355535000000001
2021-05-03 19:00:00,5.749345
2021-05-03 20:00:00,5.763911666666667
2021-05-03 21:00:00,6.42887
2021-05-03 22:00:00,6.274496666666667
2021-05-03 23:00:00,6.619771666666667
2021-05-04 00:00:00,6.628886666666667
2021-05-04 01:00:00,6.623521666666666
2021-05-04 02:00:00,6.786951666666667
2021-05-04 03:00:00,6.8916200000000005
2021-05-04 04:00:00,6.994418333333333
2021-05-04 05:00:00,7.846665
2021-05-04 06:00:00,11.101383333333333
2021-05-04 07:00:00,12.22305
2021-05-04 08:00:00,10.679358333333333
2021-05-04 09:00:00,9.577233333333334
2021-05-04 10:00:00,10.972918333333332
2021-05-04 11:00:00,10.30481
2021-05-04 12:00:00,10.254301666666667
2021-05-04 13:00:00,9.114083333333333
2021-05-04 14:00:00,8.772403333333333
2021-05-04 15:00:00,8.675106666666666
2021-05-04 16:00:00,7.61608
2021-05-04 17:00:00,5.86202
2021-05-04 18:00:00,4.561071666666667
2021-05-04 19:00:00,3.8729
2021-05-04 20:00:00,4.192451666666667
2021-05-04 21:00:00,3.7924716666666667
2021-05-04 22:00:00,4.672771666666667
2021-05-04 23:00:00,4.972438333333333
2021-05-05 00:00:00,5.011251666666666
2021-05-05 01:00:00,4.73756
2021-05-05 02:00:00,4.623541666666667
2021-05-05 03:00:00,4.46772
2021-05-05 04:00:00,4.420098333333333
2021-05-05 05:00:00,4.842265
2021-05-05 06:00:00,11.449638333333333
2021-05-05 07:00:00,11.584316666666666
2021-05-05 08:00:00,12.5039
2021-05-05 09:00:00,13.672383333333332
2021-05-05 10:00:00,10.69186
2021-05-05 11:00:00,9.105143333333332
2021-05-05 12:00:00,9.248510000000001
2021-05-05 13:00:00,7.646199999999999
2021-05-05 14:00:00,6.881685
2021-05-05 15:00:00,7.279481666666666
2021-05-05 16:00:00,7.309048333333333
2021-05-05 17:00:00,6.7693900000000005
2021-05-05 18:00:00,5.617008333333333
2021-05-05 19:00:00,3.691108333333333
2021-05-05 20:00:00,3.3424566666666666
2021-05-05 21:00:00,3.667673333333333
2021-05-05 22:00:00,4.2644633333333335
2021-05-05 23:00:00,5.175956666666666
2021-05-06 00:00:00,4.79068
2021-05-06 01:00:00,4.082028333333334
2021-05-06 02:00:00,4.423845
2021-05-06 03:00:00,4.40539
2021-05-06 04:00:00,4.383183333333333
2021-05-06 05:00:00,4.449185
2021-05-06 06:00:00,5.397165
2021-05-06 07:00:00,11.446096666666667
2021-05-06 08:00:00,8.345155
2021-05-06 09:00:00,8.122628333333333
2021-05-06 10:00:00,8.34432
2021-05-06 11:00:00,9.454583333333334
2021-05-06 12:00:00,11.207721666666666
2021-05-06 13:00:00,11.34515
2021-05-06 14:00:00,8.9596
2021-05-06 15:00:00,7.635973333333334
2021-05-06 16:00:00,7.409038333333333
2021-05-06 17:00:00,6.157381666666667
2021-05-06 18:00:00,4.775094999999999
2021-05-06 19:00:00,3.3703333333333334
2021-05-06 20:00:00,3.0896166666666667
2021-05-06 21:00:00,3.2183800000000002
2021-05-06 22:00:00,3.3654066666666664
2021-05-06 23:00:00,3.6685749999999997
2021-05-07 00:00:00,4.0762366666666665
2021-05-07 01:00:00,4.265105
2021-05-07 02:00:00,4.215403333333334
2021-05-07 03:00:00,3.912338333333333
2021-05-07 04:00:00,3.752745
2021-05-07 05:00:00,4.338748333333333
2021-05-07 06:00:00,11.201416666666667
2021-05-07 07:00:00,10.977974999999999
2021-05-07 08:00:00,11.964
2021-05-07 09:00:00,11.201316666666665
2021-05-07 10:00:00,8.741251666666667
2021-05-07 11:00:00,8.947055
2021-05-07 12:00:00,8.09862
2021-05-07 13:00:00,7.7026699999999995
2021-05-07 14:00:00,7.98922
2021-05-07 15:00:00,7.289683333333333
2021-05-07 16:00:00,6.810566666666667
2021-05-07 17:00:00,5.665645
2021-05-07 18:00:00,4.390223333333334
2021-05-07 19:00:00,2.9400983333333333
2021-05-07 20:00:00,2.89615
2021-05-07 21:00:00,3.17729
2021-05-07 22:00:00,3.11114
2021-05-07 23:00:00,3.2434066666666665
2021-05-08 00:00:00,3.3903433333333335
2021-05-08 01:00:00,3.46029
2021-05-08 02:00:00,3.3554616666666663
2021-05-08 03:00:00,3.0744433333333334
2021-05-08 04:00:00,2.9754983333333334
2021-05-08 05:00:00,3.7635666666666667
2021-05-08 06:00:00,9.767928333333334
2021-05-08 07:00:00,8.257263333333333
2021-05-08 08:00:00,8.90288
2021-05-08 09:00:00,9.77813
2021-05-08 10:00:00,8.896598333333333
2021-05-08 11:00:00,8.367291666666667
2021-05-08 12:00:00,8.514908333333333
2021-05-08 13:00:00,8.578536666666666
2021-05-08 14:00:00,8.178236666666667
2021-05-08 15:00:00,7.805996666666667
2021-05-08 16:00:00,7.033321666666667
2021-05-08 17:00:00,6.3445583333333335
2021-05-08 18:00:00,5.8276699999999995
2021-05-08 19:00:00,3.492703333333333
2021-05-08 20:00:00,3.65266
2021-05-08 21:00:00,3.7021666666666664
2021-05-08 22:00:00,3.5462866666666666
2021-05-08 23:00:00,3.4784766666666664
2021-05-09 00:00:00,3.428895
2021-05-09 01:00:00,3.46928
2021-05-09 02:00:00,3.42888
2021-05-09 03:00:00,3.3333866666666667
2021-05-09 04:00:00,3.2158533333333335
2021-05-09 05:00:00,3.834715
2021-05-09 06:00:00,12.527213333333332
2021-05-09 07:00:00,7.914891666666667
2021-05-09 08:00:00,7.888445
2021-05-09 09:00:00,8.667290000000001
2021-05-09 10:00:00,8.201721666666666
2021-05-09 11:00:00,8.061406666666667
2021-05-09 12:00:00,8.115803333333334
2021-05-09 13:00:00,7.013698333333334
2021-05-09 14:00:00,7.150065
2021-05-09 15:00:00,6.986641666666667
2021-05-09 16:00:00,5.881566666666667
2021-05-09 17:00:00,5.434471666666667
2021-05-09 18:00:00,4.201138333333334
2021-05-09 19:00:00,2.8959466666666667
2021-05-09 20:00:00,2.5397616666666663
2021-05-09 21:00:00,2.762121666666667
2021-05-09 22:00:00,2.7641050000000003
2021-05-09 23:00:00,2.8007816666666665
2021-05-10 00:00:00,2.743891666666667
2021-05-10 01:00:00,2.6410216666666666
2021-05-10 02:00:00,2.653853333333333
2021-05-10 03:00:00,2.6556783333333334
2021-05-10 04:00:00,2.6593666666666667
2021-05-10 05:00:00,3.054203333333333
2021-05-10 06:00:00,8.824695
2021-05-10 07:00:00,7.535088333333333
2021-05-10 08:00:00,7.4790849999999995
2021-05-10 09:00:00,7.543795
2021-05-10 10:00:00,7.397613333333334
2021-05-10 11:00:00,6.437776666666666
2021-05-10 12:00:00,6.805193333333333
2021-05-10 13:00:00,7.122155
2021-05-10 14:00:00,6.928693333333333
2021-05-10 15:00:00,6.6331066666666665
2021-05-10 16:00:00,6.518156666666667
2021-05-10 17:00:00,4.798993333333333
2021-05-10 18:00:00,3.88904
2021-05-10 19:00:00,2.5930633333333333
2021-05-10 20:00:00,2.2294
2021-05-10 21:00:00,2.3909283333333335
2021-05-10 22:00:00,2.490083333333333
2021-05-10 23:00:00,2.5636133333333335
2021-05-11 00:00:00,2.5176533333333335
2021-05-11 01:00:00,2.620598333333333
2021-05-11 02:00:00,2.6353133333333334
2021-05-11 03:00:00,2.7546516666666667
2021-05-11 04:00:00,2.646335
2021-05-11 05:00:00,2.9511916666666664
2021-05-11 06:00:00,8.109703333333334
2021-05-11 07:00:00,7.08854
2021-05-11 08:00:00,6.401081666666667
2021-05-11 09:00:00,7.9297916666666675
2021-05-11 10:00:00,8.091935
2021-05-11 11:00:00,7.186223333333333
2021-05-11 12:00:00,7.111126666666666
2021-05-11 13:00:00,7.335336666666667
2021-05-11 14:00:00,6.542156666666667
2021-05-11 15:00:00,6.784465
2021-05-11 16:00:00,5.864598333333333
2021-05-11 17:00:00,4.255356666666667
2021-05-11 18:00:00,3.6300683333333335
2021-05-11 19:00:00,2.6222116666666664
2021-05-11 20:00:00,2.10637
2021-05-11 21:00:00,2.0310916666666667
2021-05-11 22:00:00,2.038485
2021-05-11 23:00:00,2.0678233333333336
2021-05-12 00:00:00,2.0990516666666665
2021-05-12 01:00:00,2.0660016666666667
2021-05-12 02:00:00,2.071486666666667
2021-05-12 03:00:00,2.0733083333333333
2021-05-12 04:00:00,2.0641166666666666
2021-05-12 05:00:00,2.5984683333333334
2021-05-12 06:00:00,7.231753333333333
2021-05-12 07:00:00,7.163711666666667
2021-05-12 08:00:00,8.122888333333332
2021-05-12 09:00:00,7.238168333333333
2021-05-12 10:00:00,6.751306666666666
2021-05-12 11:00:00,6.641274999999999
2021-05-12 12:00:00,6.226505
2021-05-12 13:00:00,5.962566666666667
2021-05-12 14:00:00,6.531633333333334
2021-05-12 15:00:00,5.487076666666667
2021-05-12 16:00:00,5.323875
2021-05-12 17:00:00,5.065665
2021-05-12 18:00:00,3.4628716666666666
2021-05-12 19:00:00,2.600076666666667
2021-05-12 20:00:00,2.1210083333333336
2021-05-12 21:00:00,2.036591666666667
2021-05-12 22:00:00,2.053115
2021-05-12 23:00:00,2.1909033333333334
2021-05-13 00:00:00,2.007205
2021-05-13 01:00:00,2.0310083333333333
2021-05-13 02:00:00,2.0567900000000003
2021-05-13 03:00:00,2.0347483333333334
2021-05-13 04:00:00,2.060475
2021-05-13 05:00:00,3.0337
2021-05-13 06:00:00,8.473018333333334
2021-05-13 07:00:00,6.4214
2021-05-13 08:00:00,6.534848333333333
2021-05-13 09:00:00,7.287255
2021-05-13 10:00:00,8.668678166666666
2021-05-13 11:00:00,8.358411666666667
2021-05-13 12:00:00,6.980886666666667
2021-05-13 13:00:00,8.293971666666668
2021-05-13 14:00:00,7.538988333333333
2021-05-13 15:00:00,8.436508333333332
2021-05-13 16:00:00,10.39689
2021-05-13 17:00:00,12.646700000000001
2021-05-13 18:00:00,9.692486666666667
2021-05-13 19:00:00,1.8618933333333334
2021-05-13 20:00:00,1.8051766666666667
2021-05-13 21:00:00,1.836425
2021-05-13 22:00:00,1.9466283333333334
2021-05-13 23:00:00,1.94662
2021-05-14 00:00:00,1.9264316666666665
2021-05-14 01:00:00,1.9392916666666666
2021-05-14 02:00:00,1.9245666666666668
2021-05-14 03:00:00,1.8878216666666667
2021-05-14 04:00:00,1.8749600000000002
2021-05-14 05:00:00,2.7508816666666664
2021-05-14 06:00:00,9.051436666666666
2021-05-14 07:00:00,9.710743333333333
2021-05-14 08:00:00,9.737128333333334
2021-05-14 09:00:00,10.332870000000002
2021-05-14 10:00:00,10.533581666666667
2021-05-14 11:00:00,9.853796666666666
2021-05-14 12:00:00,15.82645
2021-05-14 13:00:00,21.396133333333335
2021-05-14 14:00:00,23.72458333333333
2021-05-14 15:00:00,61.93855
2021-05-14 16:00:00,93.12349999999999
2021-05-14 17:00:00,75.45325
2021-05-14 18:00:00,27.052596666666666
2021-05-14 19:00:00,1.9298250000000001
2021-05-14 20:00:00,1.91714
2021-05-14 21:00:00,1.9282283333333334
2021-05-14 22:00:00,1.832765
2021-05-14 23:00:00,1.81257
2021-05-15 00:00:00,1.8180383333333334
2021-05-15 01:00:00,1.852875
2021-05-15 02:00:00,1.76661
2021-05-15 03:00:00,1.67113
2021-05-15 04:00:00,1.5903850000000002
2021-05-15 05:00:00,2.6795883333333332
2021-05-15 06:00:00,30.06048333333333
2021-05-15 07:00:00,39.12615
2021-05-15 08:00:00,45.314766666666664
2021-05-15 09:00:00,84.44385000000001
2021-05-15 10:00:00,179.30083333333332
2021-05-15 11:00:00,227.17666666666668
2021-05-15 12:00:00,203.45881666666668
2021-05-15 13:00:00,186.98576666666668
2021-05-15 14:00:00,250.89116666666666
2021-05-15 15:00:00,246.25366666666665
2021-05-15 16:00:00,191.01083333333332
2021-05-15 17:00:00,33.0038
2021-05-15 18:00:00,15.377288333333333
2021-05-15 19:00:00,3.0260900000000004
2021-05-15 20:00:00,2.245948333333333
2021-05-15 21:00:00,2.1375883333333334
2021-05-15 22:00:00,2.0861716666666665
2021-05-15 23:00:00,2.001681666666667
2021-05-16 00:00:00,1.9869400000000002
2021-05-16 01:00:00,1.9814800000000001
2021-05-16 02:00:00,1.9815
2021-05-16 03:00:00,1.9759616666666666
2021-05-16 04:00:00,1.9796333333333334
2021-05-16 05:00:00,3.230186666666667
2021-05-16 06:00:00,79.41315
2021-05-16 07:00:00,146.29853333333332
2021-05-16 08:00:00,214.487
2021-05-16 09:00:00,183.72566666666668
2021-05-16 10:00:00,231.31113333333332
2021-05-16 11:00:00,218.2061666666667
2021-05-16 12:00:00,267.4771666666667
2021-05-16 13:00:00,285.27633333333335
2021-05-16 14:00:00,326.9556666666667
2021-05-16 15:00:00,311.831
2021-05-16 16:00:00,160.50096666666664
2021-05-16 17:00:00,31.954933333333333
2021-05-16 18:00:00,13.181180000000001
2021-05-16 19:00:00,4.241585
2021-05-16 20:00:00,3.501878333333333
2021-05-16 21:00:00,2.842671666666667
2021-05-16 22:00:00,2.2844566666666664
2021-05-16 23:00:00,2.0126866666666667
2021-05-17 00:00:00,1.9888816666666669
2021-05-17 01:00:00,1.9796733333333334
2021-05-17 02:00:00,1.9796233333333333
2021-05-17 03:00:00,1.97779
2021-05-17 04:00:00,1.979615
2021-05-17 05:00:00,2.9344683333333337
2021-05-17 06:00:00,38.29431
2021-05-17 07:00:00,144.1726666666667
2021-05-17 08:00:00,193.35346666666666
2021-05-17 09:00:00,215.29286666666667
2021-05-17 10:00:00,265.77006666666665
2021-05-17 11:00:00,304.5669
2021-05-17 12:00:00,308.9902
2021-05-17 13:00:00,370.97616666666664
2021-05-17 14:00:00,423.1176666666667
2021-05-17 15:00:00,257.42766666666665
2021-05-17 16:00:00,123.00713333333333
2021-05-17 17:00:00,64.69781666666667
2021-05-17 18:00:00,18.14209
2021-05-17 19:00:00,3.9881516666666665
2021-05-17 20:00:00,2.796518333333333
2021-05-17 21:00:00,2.5339983333333334
2021-05-17 22:00:00,2.1007616666666666
2021-05-17 23:00:00,1.983335
2021-05-18 00:00:00,1.9814866666666666
2021-05-18 01:00:00,1.9722966666666666
2021-05-18 02:00:00,1.9741050000000002
2021-05-18 03:00:00,1.9575933333333333
2021-05-18 04:00:00,1.9723133333333334
2021-05-18 05:00:00,4.504755
2021-05-18 06:00:00,65.06391666666667
2021-05-18 07:00:00,164.66328333333334
2021-05-18 08:00:00,191.79298333333332
2021-05-18 09:00:00,303.07326666666665
2021-05-18 10:00:00,505.86266666666666
2021-05-18 11:00:00,666.9383333333334
2021-05-18 12:00:00,700.8009999999999
2021-05-18 13:00:00,578.1731666666667
2021-05-18 14:00:00,465.7681666666667
2021-05-18 15:00:00,186.8245
2021-05-18 16:00:00,147.87363333333332
2021-05-18 17:00:00,64.02701666666667
2021-05-18 18:00:00,34.904745000000005
2021-05-18 19:00:00,3.5492166666666667
2021-05-18 20:00:00,2.576201666666667
2021-05-18 21:00:00,2.1504233333333334
2021-05-18 22:00:00,2.00722
2021-05-18 23:00:00,1.9833383333333334
2021-05-19 00:00:00,1.98147
2021-05-19 01:00:00,1.9833333333333334
2021-05-19 02:00:00,1.9833133333333335
2021-05-19 03:00:00,1.9833066666666668
2021-05-19 04:00:00,1.9832733333333334
2021-05-19 05:00:00,5.424731666666667
2021-05-19 06:00:00,88.48466666666667
2021-05-19 07:00:00,278.657
2021-05-19 08:00:00,413.9936666666666
2021-05-19 09:00:00,516.4185
2021-05-19 10:00:00,693.1823333333334
2021-05-19 11:00:00,396.99150000000003
2021-05-19 12:00:00,619.0431666666666
2021-05-19 13:00:00,625.4128333333333
2021-05-19 14:00:00,410.0821666666667
2021-05-19 15:00:00,303.8501
2021-05-19 16:00:00,269.3751833333333
2021-05-19 17:00:00,61.02765
2021-05-19 18:00:00,24.175815
2021-05-19 19:00:00,4.2635966666666665
2021-05-19 20:00:00,3.2023900000000003
2021-05-19 21:00:00,2.6847849999999998
2021-05-19 22:00:00,2.392818333333333
2021-05-19 23:00:00,2.271666666666667
2021-05-20 00:00:00,2.1449066666666665
2021-05-20 01:00:00,2.073295
2021-05-20 02:00:00,2.018178333333333
2021-05-20 03:00:00,2.0108333333333333
2021-05-20 04:00:00,1.9905916666666668
2021-05-20 05:00:00,2.73802
2021-05-20 06:00:00,31.018171666666667
2021-05-20 07:00:00,101.41036666666668
2021-05-20 08:00:00,261.40116666666665
2021-05-20 09:00:00,479.5596666666667
2021-05-20 10:00:00,473.8181666666667
2021-05-20 11:00:00,656.9806666666666
2021-05-20 12:00:00,428.9583333333333
2021-05-20 13:00:00,393.50866666666667
2021-05-20 14:00:00,496.3528333333333
2021-05-20 15:00:00,277.746
2021-05-20 16:00:00,234.22521666666665
2021-05-20 17:00:00,69.3566
2021-05-20 18:00:00,26.59262
2021-05-20 19:00:00,3.3324566666666664
2021-05-20 20:00:00,2.6293816666666667
2021-05-20 21:00:00,2.3154899999999996
2021-05-20 22:00:00,2.1063083333333332
2021-05-20 23:00:00,2.007128333333333
2021-05-21 00:00:00,1.9832683333333334
2021-05-21 01:00:00,1.9814183333333335
2021-05-21 02:00:00,1.9832683333333334
2021-05-21 03:00:00,1.9777983333333333
2021-05-21 04:00:00,1.9777533333333333
2021-05-21 05:00:00,3.9941733333333334
2021-05-21 06:00:00,45.512683333333335
2021-05-21 07:00:00,85.53885
2021-05-21 08:00:00,299.97576666666663
2021-05-21 09:00:00,444.3155
2021-05-21 10:00:00,594.7263
2021-05-21 11:00:00,442.67646666666667
2021-05-21 12:00:00,690.0816666666667
2021-05-21 13:00:00,507.49233333333336
2021-05-21 14:00:00,553.0504999999999
2021-05-21 15:00:00,526.6671666666666
2021-05-21 16:00:00,257.72726666666665
2021-05-21 17:00:00,64.91731666666666
2021-05-21 18:00:00,25.347958333333334
2021-05-21 19:00:00,2.9800683333333335
2021-05-21 20:00:00,2.539446666666666
2021-05-21 21:00:00,2.212623333333333
2021-05-21 22:00:00,2.018125
2021-05-21 23:00:00,1.9869083333333333
2021-05-22 00:00:00,1.977745
2021-05-22 01:00:00,1.9795566666666669
2021-05-22 02:00:00,1.9741316666666668
2021-05-22 03:00:00,1.9814433333333334
2021-05-22 04:00:00,2.09904
2021-05-22 05:00:00,9.38636
2021-05-22 06:00:00,45.00141166666666
2021-05-22 07:00:00,143.18519999999998
2021-05-22 08:00:00,304.0553
2021-05-22 09:00:00,530.5573333333333
2021-05-22 10:00:00,557.7471666666667
2021-05-22 11:00:00,458.5561666666666
2021-05-22 12:00:00,619.6863666666667
2021-05-22 13:00:00,502.36438333333336
2021-05-22 14:00:00,460.79831666666666
2021-05-22 15:00:00,507.96083333333337
2021-05-22 16:00:00,243.87336666666667
2021-05-22 17:00:00,44.2166
2021-05-22 18:00:00,29.00635
2021-05-22 19:00:00,2.980073333333333
2021-05-22 20:00:00,2.3871499999999997
2021-05-22 21:00:00,2.21465
2021-05-22 22:00:00,2.1192183333333334
2021-05-22 23:00:00,2.0457383333333334
2021-05-23 00:00:00,2.016341666666667
2021-05-23 01:00:00,1.996115
2021-05-23 02:00:00,1.9832833333333333
2021-05-23 03:00:00,1.9833150000000002
2021-05-23 04:00:00,1.9722616666666668
2021-05-23 05:00:00,5.51823
2021-05-23 06:00:00,126.74023333333334
2021-05-23 07:00:00,228.53361666666666
2021-05-23 08:00:00,289.5751166666667
2021-05-23 09:00:00,413.80958333333336
2021-05-23 10:00:00,608.9913333333334
2021-05-23 11:00:00,536.7769999999999
2021-05-23 12:00:00,288.84108333333336
2021-05-23 13:00:00,264.00075
2021-05-23 14:00:00,594.8118333333333
2021-05-23 15:00:00,463.37226666666663
2021-05-23 16:00:00,211.31091666666669
2021-05-23 17:00:00,53.82783333333334
2021-05-23 18:00:00,13.898563333333334
2021-05-23 19:00:00,3.1361383333333333
2021-05-23 20:00:00,2.401875
2021-05-23 21:00:00,2.209083333333333
2021-05-23 22:00:00,2.0365616666666666
2021-05-23 23:00:00,1.9851283333333334
2021-05-24 00:00:00,1.985121666666667
2021-05-24 01:00:00,1.9833466666666666
2021-05-24 02:00:00,1.9832716666666668
2021-05-24 03:00:00,1.9814633333333334
2021-05-24 04:00:00,1.9741333333333335
2021-05-24 05:00:00,4.078586666666667
2021-05-24 06:00:00,106.23606666666666
2021-05-24 07:00:00,188.10433333333333
2021-05-24 08:00:00,190.59935
2021-05-24 09:00:00,319.1806666666667
2021-05-24 10:00:00,286.54068333333333
2021-05-24 11:00:00,474.049
2021-05-24 12:00:00,256.2701666666666
2021-05-24 13:00:00,492.763
2021-05-24 14:00:00,121.69671666666666
2021-05-24 15:00:00,166.94393333333335
2021-05-24 16:00:00,175.52711666666667
2021-05-24 17:00:00,75.79711666666667
2021-05-24 18:00:00,27.798816666666667
2021-05-24 19:00:00,2.6991566666666666
2021-05-24 20:00:00,2.1172366666666664
2021-05-24 21:00:00,1.9888100000000002
2021-05-24 22:00:00,1.9833733333333334
2021-05-24 23:00:00,1.97046
2021-05-25 00:00:00,1.9557383333333334
2021-05-25 01:00:00,1.94836
2021-05-25 02:00:00,1.8932383333333334
2021-05-25 03:00:00,1.8510333333333333
2021-05-25 04:00:00,1.7243933333333332
2021-05-25 05:00:00,7.599336666666667
2021-05-25 06:00:00,59.37583333333334
2021-05-25 07:00:00,256.81066666666663
2021-05-25 08:00:00,265.47195
2021-05-25 09:00:00,114.57816666666668
2021-05-25 10:00:00,37.81778333333333
2021-05-25 11:00:00,232.958
2021-05-25 12:00:00,388.00699999999995
2021-05-25 13:00:00,242.18366666666668
2021-05-25 14:00:00,204.29500000000002
2021-05-25 15:00:00,214.79515
2021-05-25 16:00:00,171.19946666666667
2021-05-25 17:00:00,98.66791666666667
2021-05-25 18:00:00,34.58647
2021-05-25 19:00:00,4.458656666666667
2021-05-25 20:00:00,3.885831666666667
2021-05-25 21:00:00,4.139541666666667
2021-05-25 22:00:00,4.9476933333333335
2021-05-25 23:00:00,5.5681433333333334
2021-05-26 00:00:00,6.0565066666666665
2021-05-26 01:00:00,6.165265000000001
2021-05-26 02:00:00,6.479385
2021-05-26 03:00:00,6.73822
2021-05-26 04:00:00,6.52893
2021-05-26 05:00:00,7.601391666666667
2021-05-26 06:00:00,71.35454
2021-05-26 07:00:00,125.19356666666665
2021-05-26 08:00:00,224.82438333333332
2021-05-26 09:00:00,517.568
2021-05-26 10:00:00,672.7733333333333
2021-05-26 11:00:00,577.8797666666667
2021-05-26 12:00:00,411.1092
2021-05-26 13:00:00,549.6238333333333
2021-05-26 14:00:00,510.69300000000004
2021-05-26 15:00:00,430.9191666666666
2021-05-26 16:00:00,295.9614166666667
2021-05-26 17:00:00,39.5266
2021-05-26 18:00:00,14.459171666666666
2021-05-26 19:00:00,5.128525
2021-05-26 20:00:00,5.0626766666666665
2021-05-26 21:00:00,5.097841666666667
2021-05-26 22:00:00,5.250415
2021-05-26 23:00:00,5.402663333333334
2021-05-27 00:00:00,5.731411666666667
2021-05-27 01:00:00,5.918588333333333
2021-05-27 02:00:00,6.122493333333334
2021-05-27 03:00:00,6.572316666666667
2021-05-27 04:00:00,6.506341666666667
2021-05-27 05:00:00,8.241571666666667
2021-05-27 06:00:00,84.93616666666667
2021-05-27 07:00:00,169.05198333333334
2021-05-27 08:00:00,195.78465
2021-05-27 09:00:00,381.1925
2021-05-27 10:00:00,506.7814833333333
2021-05-27 11:00:00,639.8016666666666
2021-05-27 12:00:00,741.0128333333333
2021-05-27 13:00:00,697.9060000000001
2021-05-27 14:00:00,647.4613333333333
2021-05-27 15:00:00,508.51000000000005
2021-05-27 16:00:00,246.4969
2021-05-27 17:00:00,37.45818333333333
2021-05-27 18:00:00,14.702671666666667
2021-05-27 19:00:00,4.639858333333334
2021-05-27 20:00:00,4.283793333333334
2021-05-27 21:00:00,4.181213333333333
2021-05-27 22:00:00,4.109818333333333
2021-05-27 23:00:00,4.050975
2021-05-28 00:00:00,4.038203333333334
2021-05-28 01:00:00,4.100703333333334
2021-05-28 02:00:00,4.018106666666666
2021-05-28 03:00:00,3.9629583333333334
2021-05-28 04:00:00,3.7977316666666665
2021-05-28 05:00:00,6.556030000000001
2021-05-28 06:00:00,70.00704999999999
2021-05-28 07:00:00,191.76004999999998
2021-05-28 08:00:00,351.40233333333333
2021-05-28 09:00:00,460.90333333333336
2021-05-28 10:00:00,494.865
2021-05-28 11:00:00,373.8960833333333
2021-05-28 12:00:00,527.1946666666666
2021-05-28 13:00:00,573.0857
2021-05-28 14:00:00,580.4553333333333
2021-05-28 15:00:00,409.3125
2021-05-28 16:00:00,215.74108333333334
2021-05-28 17:00:00,82.45216666666667
2021-05-28 18:00:00,22.426973333333333
2021-05-28 19:00:00,4.052263333333333
2021-05-28 20:00:00,3.2500533333333332
2021-05-28 21:00:00,3.0205416666666665
2021-05-28 22:00:00,2.8919983333333334
2021-05-28 23:00:00,2.833305
2021-05-29 00:00:00,2.9160766666666667
2021-05-29 01:00:00,2.892233333333333
2021-05-29 02:00:00,2.8151750000000004
2021-05-29 03:00:00,2.8904349999999996
2021-05-29 04:00:00,2.989678333333333
2021-05-29 05:00:00,5.7296483333333335
2021-05-29 06:00:00,96.34866666666667
2021-05-29 07:00:00,228.56831666666668
2021-05-29 08:00:00,336.6109833333333
2021-05-29 09:00:00,544.5026666666666
2021-05-29 10:00:00,413.02746666666667
2021-05-29 11:00:00,688.866
2021-05-29 12:00:00,557.0856833333333
2021-05-29 13:00:00,433.9637333333333
2021-05-29 14:00:00,324.2441666666667
2021-05-29 15:00:00,194.98051666666666
2021-05-29 16:00:00,92.57871666666666
2021-05-29 17:00:00,48.91036666666666
2021-05-29 18:00:00,15.340541666666667
2021-05-29 19:00:00,3.7035883333333337
2021-05-29 20:00:00,2.8552666666666666
2021-05-29 21:00:00,2.6496666666666666
2021-05-29 22:00:00,2.6037616666666663
2021-05-29 23:00:00,2.49174
2021-05-30 00:00:00,2.42564
2021-05-30 01:00:00,2.355843333333333
2021-05-30 02:00:00,2.2622266666666664
2021-05-30 03:00:00,2.223723333333333
2021-05-30 04:00:00,2.1778666666666666
2021-05-30 05:00:00,4.243826666666667
2021-05-30 06:00:00,66.15806666666667
2021-05-30 07:00:00,226.541
2021-05-30 08:00:00,263.54928333333334
2021-05-30 09:00:00,207.60806666666667
2021-05-30 10:00:00,276.852
2021-05-30 11:00:00,468.3885
2021-05-30 12:00:00,433.4713333333333
2021-05-30 13:00:00,510.58883333333335
2021-05-30 14:00:00,492.02750000000003
2021-05-30 15:00:00,300.15866666666665
2021-05-30 16:00:00,159.2058
2021-05-30 17:00:00,88.31638333333333
2021-05-30 18:00:00,30.160808333333332
2021-05-30 19:00:00,3.363863333333333
2021-05-30 20:00:00,2.6423633333333334
2021-05-30 21:00:00,2.4696849999999997
2021-05-30 22:00:00,2.254865
2021-05-30 23:00:00,2.1208383333333334
2021-05-31 00:00:00,2.164886666666667
2021-05-31 01:00:00,2.0308416666666664
2021-05-31 02:00:00,1.98133
2021-05-31 03:00:00,1.9905683333333333
2021-05-31 04:00:00,1.9722766666666667
2021-05-31 05:00:00,2.743605
2021-05-31 06:00:00,15.347281666666667
2021-05-31 07:00:00,29.243299999999998
2021-05-31 08:00:00,24.650216666666665
2021-05-31 09:00:00,40.40813333333333
2021-05-31 10:00:00,65.55511666666668
2021-05-31 11:00:00,171.50321666666665
2021-05-31 12:00:00,111.89863333333332
2021-05-31 13:00:00,129.6712
2021-05-31 14:00:00,385.6215
2021-05-31 15:00:00,419.5663333333333
2021-05-31 16:00:00,221.84523333333334
2021-05-31 17:00:00,57.04038333333334
2021-05-31 18:00:00,10.315323333333334
2021-05-31 19:00:00,4.724588333333333
2021-05-31 20:00:00,3.342158333333333
2021-05-31 21:00:00,3.3994866666666668
2021-05-31 22:00:00,3.8293283333333337
2021-05-31 23:00:00,4.510846666666667
2021-06-01 00:00:00,4.797303333333334
2021-06-01 01:00:00,5.59618
2021-06-01 02:00:00,5.926723333333333
2021-06-01 03:00:00,5.943198333333333
2021-06-01 04:00:00,5.866020000000001
2021-06-01 05:00:00,6.110433333333333
2021-06-01 06:00:00,15.565595
2021-06-01 07:00:00,46.32641666666667
2021-06-01 08:00:00,65.89838333333333
2021-06-01 09:00:00,34.37323333333333
2021-06-01 10:00:00,65.22316666666667
2021-06-01 11:00:00,224.98746666666665
2021-06-01 12:00:00,287.669
2021-06-01 13:00:00,321.1654833333333
2021-06-01 14:00:00,71.74143333333333
2021-06-01 15:00:00,54.14958333333333
2021-06-01 16:00:00,29.0431
2021-06-01 17:00:00,8.185745
2021-06-01 18:00:00,5.851640000000001
2021-06-01 19:00:00,5.454871666666667
2021-06-01 20:00:00,5.221765
2021-06-01 21:00:00,5.185311666666666
2021-06-01 22:00:00,5.282583333333333
2021-06-01 23:00:00,5.671988333333333
2021-06-02 00:00:00,5.888566666666667
2021-06-02 01:00:00,5.46784
2021-06-02 02:00:00,5.671943333333333
2021-06-02 03:00:00,6.1457733333333335
2021-06-02 04:00:00,5.963883333333333
2021-06-02 05:00:00,8.71887
2021-06-02 06:00:00,40.366883333333334
2021-06-02 07:00:00,56.1759
2021-06-02 08:00:00,115.21223333333334
2021-06-02 09:00:00,322.3542
2021-06-02 10:00:00,384.3161666666667
2021-06-02 11:00:00,426.92925
2021-06-02 12:00:00,185.5892
2021-06-02 13:00:00,316.65231666666665
2021-06-02 14:00:00,153.63143333333335
2021-06-02 15:00:00,94.153
2021-06-02 16:00:00,111.95723333333333
2021-06-02 17:00:00,88.98536666666668
2021-06-02 18:00:00,27.677295
2021-06-02 19:00:00,6.250486666666666
2021-06-02 20:00:00,6.0907849999999994
2021-06-02 21:00:00,5.694553333333333
2021-06-02 22:00:00,5.7041200000000005
2021-06-02 23:00:00,5.839706666666667
2021-06-03 00:00:00,5.828753333333333
2021-06-03 01:00:00,5.9041733333333335
2021-06-03 02:00:00,6.076708333333333
2021-06-03 03:00:00,6.201613333333333
2021-06-03 04:00:00,6.330265
2021-06-03 05:00:00,8.194235
2021-06-03 06:00:00,69.56251666666667
2021-06-03 07:00:00,165.57363333333333
2021-06-03 08:00:00,313.55016666666666
2021-06-03 09:00:00,317.3206666666666
2021-06-03 10:00:00,674.8755
2021-06-03 11:00:00,666.9613
2021-06-03 12:00:00,748.715
2021-06-03 13:00:00,726.866
2021-06-03 14:00:00,638.3018333333333
2021-06-03 15:00:00,511.36949999999996
2021-06-03 16:00:00,291.0649833333334
2021-06-03 17:00:00,44.8379
2021-06-03 18:00:00,21.27689333333333
2021-06-03 19:00:00,4.57777
2021-06-03 20:00:00,4.6090800000000005
2021-06-03 21:00:00,4.743333333333334
2021-06-03 22:00:00,4.84988
2021-06-03 23:00:00,4.796735
2021-06-04 00:00:00,4.7730033333333335
2021-06-04 01:00:00,4.868591666666666
2021-06-04 02:00:00,4.9290416666666665
2021-06-04 03:00:00,4.967565
2021-06-04 04:00:00,4.927213333333333
2021-06-04 05:00:00,6.3413
2021-06-04 06:00:00,45.59138333333333
2021-06-04 07:00:00,80.8506
2021-06-04 08:00:00,161.04335
2021-06-04 09:00:00,233.41665
2021-06-04 10:00:00,280.2685166666667
2021-06-04 11:00:00,189.48421666666667
2021-06-04 12:00:00,286.861
2021-06-04 13:00:00,288.8378333333333
2021-06-04 14:00:00,343.57503333333335
2021-06-04 15:00:00,264.2198333333333
2021-06-04 16:00:00,217.64966666666666
2021-06-04 17:00:00,103.47215
2021-06-04 18:00:00,38.232238333333335
2021-06-04 19:00:00,4.99836
2021-06-04 20:00:00,4.67565
2021-06-04 21:00:00,4.820888333333333
2021-06-04 22:00:00,4.954898333333333
2021-06-04 23:00:00,4.912886666666666
2021-06-05 00:00:00,5.221558333333333
2021-06-05 01:00:00,5.210473333333334
2021-06-05 02:00:00,5.080113333333333
2021-06-05 03:00:00,5.256333333333333
2021-06-05 04:00:00,5.427135000000001
2021-06-05 05:00:00,5.847705
2021-06-05 06:00:00,26.590175
2021-06-05 07:00:00,85.01230000000001
2021-06-05 08:00:00,229.37775
2021-06-05 09:00:00,143.56866666666667
2021-06-05 10:00:00,236.82538333333332
2021-06-05 11:00:00,388.758
2021-06-05 12:00:00,571.1396666666666
2021-06-05 13:00:00,361.7741666666667
2021-06-05 14:00:00,278.7825
2021-06-05 15:00:00,115.36456666666666
2021-06-05 16:00:00,187.678
2021-06-05 17:00:00,105.70381666666667
2021-06-05 18:00:00,47.88816666666666
2021-06-05 19:00:00,6.083396666666667
2021-06-05 20:00:00,3.85084
2021-06-05 21:00:00,3.7757549999999998
2021-06-05 22:00:00,3.706045
2021-06-05 23:00:00,3.77039
2021-06-06 00:00:00,3.680403333333333
2021-06-06 01:00:00,3.6419633333333334
2021-06-06 02:00:00,3.658575
2021-06-06 03:00:00,3.63102
2021-06-06 04:00:00,3.5391966666666668
2021-06-06 05:00:00,6.071969999999999
2021-06-06 06:00:00,54.061816666666665
2021-06-06 07:00:00,226.012
2021-06-06 08:00:00,410.13216666666665
2021-06-06 09:00:00,507.8145
2021-06-06 10:00:00,196.11468333333332
2021-06-06 11:00:00,300.0478333333333
2021-06-06 12:00:00,192.95236666666668
2021-06-06 13:00:00,323.50466666666665
2021-06-06 14:00:00,322.03883333333334
2021-06-06 15:00:00,365.01050000000004
2021-06-06 16:00:00,265.11899999999997
2021-06-06 17:00:00,76.37214999999999
2021-06-06 18:00:00,17.089086666666667
2021-06-06 19:00:00,3.5937233333333336
2021-06-06 20:00:00,3.1128766666666667
2021-06-06 21:00:00,2.9146516666666664
2021-06-06 22:00:00,2.879878333333333
2021-06-06 23:00:00,2.8229433333333334
2021-06-07 00:00:00,2.7733033333333332
2021-06-07 01:00:00,2.7825016666666667
2021-06-07 02:00:00,2.7825100000000003
2021-06-07 03:00:00,2.75864
2021-06-07 04:00:00,2.6723116666666664
2021-06-07 05:00:00,3.2857333333333334
2021-06-07 06:00:00,18.219656666666666
2021-06-07 07:00:00,59.74726666666667
2021-06-07 08:00:00,136.58148333333332
2021-06-07 09:00:00,183.04836666666668
2021-06-07 10:00:00,279.8007333333333
2021-06-07 11:00:00,540.6703333333334
2021-06-07 12:00:00,512.631
2021-06-07 13:00:00,483.60490000000004
2021-06-07 14:00:00,399.289
2021-06-07 15:00:00,201.65803333333332
2021-06-07 16:00:00,143.6801
2021-06-07 17:00:00,69.35338333333334
2021-06-07 18:00:00,19.041783333333335
2021-06-07 19:00:00,4.222168333333333
2021-06-07 20:00:00,3.79241
2021-06-07 21:00:00,3.6198266666666665
2021-06-07 22:00:00,3.524268333333333
2021-06-07 23:00:00,3.518841666666667
2021-06-08 00:00:00,3.507773333333333
2021-06-08 01:00:00,3.4563616666666666
2021-06-08 02:00:00,3.44545
2021-06-08 03:00:00,3.4106016666666665
2021-06-08 04:00:00,3.3904766666666664
2021-06-08 05:00:00,4.016711666666667
2021-06-08 06:00:00,26.776365
2021-06-08 07:00:00,84.27933333333334
2021-06-08 08:00:00,195.55763333333334
2021-06-08 09:00:00,258.0482666666667
2021-06-08 10:00:00,512.6051833333333
2021-06-08 11:00:00,647.6138833333333
2021-06-08 12:00:00,697.2191666666666
2021-06-08 13:00:00,636.1031666666667
2021-06-08 14:00:00,569.8998333333333
2021-06-08 15:00:00,405.51666666666665
2021-06-08 16:00:00,175.10026666666667
2021-06-08 17:00:00,81.23894999999999
2021-06-08 18:00:00,29.48448
2021-06-08 19:00:00,4.014375
2021-06-08 20:00:00,3.2781533333333335
2021-06-08 21:00:00,3.22493
2021-06-08 22:00:00,3.190026666666667
2021-06-08 23:00:00,3.149655
2021-06-09 00:00:00,3.5721566666666664
2021-06-09 01:00:00,4.1471800000000005
2021-06-09 02:00:00,4.308815
2021-06-09 03:00:00,4.215093333333333
2021-06-09 04:00:00,4.222456666666667
2021-06-09 05:00:00,4.760656666666667
2021-06-09 06:00:00,15.448113333333334
2021-06-09 07:00:00,32.90728333333333
2021-06-09 08:00:00,65.39898333333333
2021-06-09 09:00:00,254.14026666666666
2021-06-09 10:00:00,199.18635
2021-06-09 11:00:00,242.32316666666665
2021-06-09 12:00:00,350.60900000000004
2021-06-09 13:00:00,430.782
2021-06-09 14:00:00,506.1463166666666
2021-06-09 15:00:00,335.84208333333333
2021-06-09 16:00:00,257.03153333333336
2021-06-09 17:00:00,76.1166
2021-06-09 18:00:00,19.822891666666667
2021-06-09 19:00:00,4.928983333333333
2021-06-09 20:00:00,4.795098333333333
2021-06-09 21:00:00,4.90723
2021-06-09 22:00:00,4.8741650000000005
2021-06-09 23:00:00,4.883358333333334
2021-06-10 00:00:00,4.855823333333333
2021-06-10 01:00:00,4.6446466666666675
2021-06-10 02:00:00,4.668494999999999
2021-06-10 03:00:00,4.716423333333333
2021-06-10 04:00:00,4.5512983333333334
2021-06-10 05:00:00,5.576186666666667
2021-06-10 06:00:00,32.0239
2021-06-10 07:00:00,155.08651666666668
2021-06-10 08:00:00,172.7044
2021-06-10 09:00:00,191.3965
2021-06-10 10:00:00,328.8333333333333
2021-06-10 11:00:00,379.9308333333333
2021-06-10 12:00:00,587.2200666666666
2021-06-10 13:00:00,648.5609833333333
2021-06-10 14:00:00,667.4616666666666
2021-06-10 15:00:00,466.3375
2021-06-10 16:00:00,196.22521666666668
2021-06-10 17:00:00,99.91483333333333
2021-06-10 18:00:00,19.938905
2021-06-10 19:00:00,4.89211
2021-06-10 20:00:00,4.6370233333333335
2021-06-10 21:00:00,4.627915
2021-06-10 22:00:00,4.629781666666667
2021-06-10 23:00:00,4.622456666666666
2021-06-11 00:00:00,4.635405
2021-06-11 01:00:00,4.618903333333334
2021-06-11 02:00:00,4.596898333333333
2021-06-11 03:00:00,4.528953333333333
2021-06-11 04:00:00,4.5638749999999995
2021-06-11 05:00:00,6.356638333333334
2021-06-11 06:00:00,49.19538333333333
2021-06-11 07:00:00,175.773
2021-06-11 08:00:00,276.278
2021-06-11 09:00:00,297.9580666666667
2021-06-11 10:00:00,140.99398333333332
2021-06-11 11:00:00,408.83774999999997
2021-06-11 12:00:00,553.8321666666667
2021-06-11 13:00:00,598.7964833333333
2021-06-11 14:00:00,528.39145
2021-06-11 15:00:00,449.5858666666667
2021-06-11 16:00:00,241.35303333333334
2021-06-11 17:00:00,74.04005000000001
2021-06-11 18:00:00,23.283881666666666
2021-06-11 19:00:00,4.501013333333333
2021-06-11 20:00:00,4.637188333333333
2021-06-11 21:00:00,5.023218333333333
2021-06-11 22:00:00,5.266103333333334
2021-06-11 23:00:00,5.31367
2021-06-12 00:00:00,5.2914683333333326
2021-06-12 01:00:00,5.324496666666667
2021-06-12 02:00:00,5.588908333333333
2021-06-12 03:00:00,5.5634950000000005
2021-06-12 04:00:00,5.513731666666667
2021-06-12 05:00:00,6.874773333333334
2021-06-12 06:00:00,24.46535
2021-06-12 07:00:00,69.67018333333334
2021-06-12 08:00:00,207.17000000000002
2021-06-12 09:00:00,328.2334833333333
2021-06-12 10:00:00,59.2055
2021-06-12 11:00:00,103.56631666666667
2021-06-12 12:00:00,226.49521666666666
2021-06-12 13:00:00,269.01030000000003
2021-06-12 14:00:00,214.66850000000002
2021-06-12 15:00:00,154.9694
2021-06-12 16:00:00,94.63591666666666
2021-06-12 17:00:00,56.62956666666666
2021-06-12 18:00:00,30.46169666666667
2021-06-12 19:00:00,5.816876666666667
2021-06-12 20:00:00,5.444013333333333
2021-06-12 21:00:00,5.653476666666666
2021-06-12 22:00:00,5.638364999999999
2021-06-12 23:00:00,5.636386666666667
2021-06-13 00:00:00,5.715355
2021-06-13 01:00:00,5.155608333333333
2021-06-13 02:00:00,5.1115450000000004
2021-06-13 03:00:00,5.442115
2021-06-13 04:00:00,5.774575
2021-06-13 05:00:00,6.0978433333333335
2021-06-13 06:00:00,21.846178333333334
2021-06-13 07:00:00,53.24565
2021-06-13 08:00:00,113.74435
2021-06-13 09:00:00,93.90843333333333
2021-06-13 10:00:00,228.18186666666668
2021-06-13 11:00:00,323.88983333333334
2021-06-13 12:00:00,206.88531666666668
2021-06-13 13:00:00,344.07683333333335
2021-06-13 14:00:00,357.3895
2021-06-13 15:00:00,170.44015
2021-06-13 16:00:00,137.85395
2021-06-13 17:00:00,97.13111666666667
2021-06-13 18:00:00,25.707531666666668
2021-06-13 19:00:00,5.560828333333333
2021-06-13 20:00:00,5.373589999999999
2021-06-13 21:00:00,5.364565
2021-06-13 22:00:00,5.5610816666666665
2021-06-13 23:00:00,5.548109999999999
2021-06-14 00:00:00,5.535336666666667
2021-06-14 01:00:00,5.491273333333334
2021-06-14 02:00:00,5.441723333333333
2021-06-14 03:00:00,5.594143333333333
2021-06-14 04:00:00,6.13957
2021-06-14 05:00:00,9.131328333333332
2021-06-14 06:00:00,48.33305
2021-06-14 07:00:00,313.00104999999996
2021-06-14 08:00:00,316.56131666666664
2021-06-14 09:00:00,324.5203333333333
2021-06-14 10:00:00,481.0866666666667
2021-06-14 11:00:00,302.4202666666667
2021-06-14 12:00:00,283.34183333333334
2021-06-14 13:00:00,488.42833333333334
2021-06-14 14:00:00,332.4254
2021-06-14 15:00:00,295.57885
2021-06-14 16:00:00,151.92386666666667
2021-06-14 17:00:00,88.29986666666667
2021-06-14 18:00:00,30.627963333333334
2021-06-14 19:00:00,5.788333333333333
2021-06-14 20:00:00,5.799511666666667
2021-06-14 21:00:00,5.221301666666666
2021-06-14 22:00:00,5.573916666666666
2021-06-14 23:00:00,5.61989
2021-06-15 00:00:00,5.678536666666667
2021-06-15 01:00:00,5.66022
2021-06-15 02:00:00,5.57575
2021-06-15 03:00:00,5.59774
2021-06-15 04:00:00,5.524225
2021-06-15 05:00:00,8.659138333333335
2021-06-15 06:00:00,26.11695
2021-06-15 07:00:00,59.23648333333333
2021-06-15 08:00:00,258.73245000000003
2021-06-15 09:00:00,442.0063333333334
2021-06-15 10:00:00,312.8007166666667
2021-06-15 11:00:00,509.94935
2021-06-15 12:00:00,500.48679999999996
2021-06-15 13:00:00,499.0058333333333
2021-06-15 14:00:00,536.7381666666666
2021-06-15 15:00:00,457.1408333333333
2021-06-15 16:00:00,266.90075
2021-06-15 17:00:00,63.929183333333334
2021-06-15 18:00:00,31.25974
2021-06-15 19:00:00,5.5270166666666665
2021-06-15 20:00:00,4.928958333333333
2021-06-15 21:00:00,5.029886666666667
2021-06-15 22:00:00,5.009586666666666
2021-06-15 23:00:00,5.0832516666666665
2021-06-16 00:00:00,5.062963333333333
2021-06-16 01:00:00,4.939965
2021-06-16 02:00:00,5.00983
2021-06-16 03:00:00,4.903203333333334
2021-06-16 04:00:00,4.85551
2021-06-16 05:00:00,7.650685
2021-06-16 06:00:00,48.76838333333333
2021-06-16 07:00:00,126.40561666666667
2021-06-16 08:00:00,224.83856666666668
2021-06-16 09:00:00,399.10616666666664
2021-06-16 10:00:00,497.66198333333335
2021-06-16 11:00:00,551.6888333333334
2021-06-16 12:00:00,701.0611666666666
2021-06-16 13:00:00,369.7399666666667
2021-06-16 14:00:00,340.38199999999995
2021-06-16 15:00:00,361.3453333333334
2021-06-16 16:00:00,202.98591666666667
2021-06-16 17:00:00,51.448883333333335
2021-06-16 18:00:00,14.882005
2021-06-16 19:00:00,4.0876166666666665
2021-06-16 20:00:00,3.6545666666666667
2021-06-16 21:00:00,3.726023333333333
2021-06-16 22:00:00,3.7298683333333336
2021-06-16 23:00:00,3.670983333333333
2021-06-17 00:00:00,3.5240516666666664
2021-06-17 01:00:00,3.147631666666667
2021-06-17 02:00:00,3.351631666666667
2021-06-17 03:00:00,3.392105
2021-06-17 04:00:00,3.520595
2021-06-17 05:00:00,6.04192
2021-06-17 06:00:00,61.08668333333333
2021-06-17 07:00:00,201.58883333333333
2021-06-17 08:00:00,341.23283333333336
2021-06-17 09:00:00,554.7163333333334
2021-06-17 10:00:00,607.3714333333334
2021-06-17 11:00:00,235.94774999999998
2021-06-17 12:00:00,670.6215
2021-06-17 13:00:00,549.5678333333333
2021-06-17 14:00:00,462.46200000000005
2021-06-17 15:00:00,343.41883333333334
2021-06-17 16:00:00,268.75093333333336
2021-06-17 17:00:00,42.965133333333334
2021-06-17 18:00:00,21.199651666666668
2021-06-17 19:00:00,3.817465
2021-06-17 20:00:00,3.1254966666666664
2021-06-17 21:00:00,2.99715
2021-06-17 22:00:00,2.866763333333333
2021-06-17 23:00:00,2.8005416666666667
2021-06-18 00:00:00,2.7582983333333333
2021-06-18 01:00:00,2.7141883333333334
2021-06-18 02:00:00,2.7050883333333333
2021-06-18 03:00:00,2.6995416666666667
2021-06-18 04:00:00,2.6738166666666667
2021-06-18 05:00:00,5.709471666666667
2021-06-18 06:00:00,76.27858333333333
2021-06-18 07:00:00,214.5976
2021-06-18 08:00:00,413.74016666666665
2021-06-18 09:00:00,512.9883333333333
2021-06-18 10:00:00,629.0308333333334
2021-06-18 11:00:00,461.9204833333333
2021-06-18 12:00:00,723.5078333333333
2021-06-18 13:00:00,651.8021666666666
2021-06-18 14:00:00,502.4456666666667
2021-06-18 15:00:00,281.01419999999996
2021-06-18 16:00:00,277.37420000000003
2021-06-18 17:00:00,45.06305
2021-06-18 18:00:00,20.86413333333333
2021-06-18 19:00:00,4.190286666666667
2021-06-18 20:00:00,3.5940149999999997
2021-06-18 21:00:00,3.8106500000000003
2021-06-18 22:00:00,3.7887333333333335
2021-06-18 23:00:00,3.757365
2021-06-19 00:00:00,3.71693
2021-06-19 01:00:00,3.6214250000000003
2021-06-19 02:00:00,3.4359116666666667
2021-06-19 03:00:00,3.4231399999999996
2021-06-19 04:00:00,3.4432383333333334
2021-06-19 05:00:00,4.289829999999999
2021-06-19 06:00:00,44.924260000000004
2021-06-19 07:00:00,144.9561666666667
2021-06-19 08:00:00,401.7058333333333
2021-06-19 09:00:00,459.62031666666667
2021-06-19 10:00:00,507.50983333333335
2021-06-19 11:00:00,549.8721666666667
2021-06-19 12:00:00,598.3738333333333
2021-06-19 13:00:00,485.8516833333333
2021-06-19 14:00:00,501.16493333333335
2021-06-19 15:00:00,267.0509
2021-06-19 16:00:00,272.37465
2021-06-19 17:00:00,74.95145000000001
2021-06-19 18:00:00,28.853483333333333
2021-06-19 19:00:00,3.997385
2021-06-19 20:00:00,2.9896516666666666
2021-06-19 21:00:00,2.852031666666667
2021-06-19 22:00:00,2.6830783333333335
2021-06-19 23:00:00,2.6683516666666667
2021-06-20 00:00:00,2.640825
2021-06-20 01:00:00,2.644405
2021-06-20 02:00:00,2.6443866666666667
2021-06-20 03:00:00,2.642593333333333
2021-06-20 04:00:00,2.644388333333333
2021-06-20 05:00:00,4.978516666666667
2021-06-20 06:00:00,61.94936666666667
2021-06-20 07:00:00,219.3285
2021-06-20 08:00:00,414.9615
2021-06-20 09:00:00,521.2855000000001
2021-06-20 10:00:00,383.48013333333336
2021-06-20 11:00:00,486.4718166666667
2021-06-20 12:00:00,478.26666666666665
2021-06-20 13:00:00,473.1861666666667
2021-06-20 14:00:00,287.4735
2021-06-20 15:00:00,354.6325
2021-06-20 16:00:00,289.2675
2021-06-20 17:00:00,117.75948333333334
2021-06-20 18:00:00,35.87719833333333
2021-06-20 19:00:00,3.7512966666666667
2021-06-20 20:00:00,2.6773516666666666
2021-06-20 21:00:00,2.3946716666666665
2021-06-20 22:00:00,2.3947416666666665
2021-06-20 23:00:00,2.3837416666666664
2021-06-21 00:00:00,2.3305116666666668
2021-06-21 01:00:00,2.345185
2021-06-21 02:00:00,2.269925
2021-06-21 03:00:00,2.266233333333333
2021-06-21 04:00:00,2.315786666666667
2021-06-21 05:00:00,4.17969
2021-06-21 06:00:00,36.01818333333333
2021-06-21 07:00:00,193.06586666666666
2021-06-21 08:00:00,269.15585
2021-06-21 09:00:00,194.68625
2021-06-21 10:00:00,293.33323333333334
2021-06-21 11:00:00,323.7353333333333
2021-06-21 12:00:00,369.74066666666664
2021-06-21 13:00:00,420.3176666666667
2021-06-21 14:00:00,351.45983333333334
2021-06-21 15:00:00,116.33906666666667
2021-06-21 16:00:00,65.2659
2021-06-21 17:00:00,48.36176666666667
2021-06-21 18:00:00,27.952925
2021-06-21 19:00:00,4.220131666666666
2021-06-21 20:00:00,3.5921683333333334
2021-06-21 21:00:00,3.5718916666666667
2021-06-21 22:00:00,3.6197483333333333
2021-06-21 23:00:00,3.52974
2021-06-22 00:00:00,3.3368166666666665
2021-06-22 01:00:00,3.30753
2021-06-22 02:00:00,3.3350416666666667
2021-06-22 03:00:00,2.8889133333333334
2021-06-22 04:00:00,3.0196833333333335
2021-06-22 05:00:00,4.617723333333333
2021-06-22 06:00:00,36.09809333333333
2021-06-22 07:00:00,30.067543333333333
2021-06-22 08:00:00,11.646718333333332
2021-06-22 09:00:00,45.23734666666667
2021-06-22 10:00:00,125.00446666666667
2021-06-22 11:00:00,135.87441666666666
2021-06-22 12:00:00,188.75183333333334
2021-06-22 13:00:00,253.20825000000002
2021-06-22 14:00:00,233.23386666666664
2021-06-22 15:00:00,208.66291666666666
2021-06-22 16:00:00,168.69028333333333
2021-06-22 17:00:00,36.10001666666667
2021-06-22 18:00:00,12.574163333333333
2021-06-22 19:00:00,3.5995566666666665
2021-06-22 20:00:00,3.157043333333333
2021-06-22 21:00:00,2.75708
2021-06-22 22:00:00,3.181611666666667
2021-06-22 23:00:00,3.4223533333333336
2021-06-23 00:00:00,3.9713483333333333
2021-06-23 01:00:00,4.011406666666667
2021-06-23 02:00:00,3.8940716666666666
2021-06-23 03:00:00,3.585385
2021-06-23 04:00:00,3.6166116666666666
2021-06-23 05:00:00,6.599545000000001
2021-06-23 06:00:00,35.27238333333333
2021-06-23 07:00:00,35.93578333333333
2021-06-23 08:00:00,36.19526666666666
2021-06-23 09:00:00,87.31633333333333
2021-06-23 10:00:00,216.23149999999998
2021-06-23 11:00:00,206.34848333333332
2021-06-23 12:00:00,49.82013333333334
2021-06-23 13:00:00,28.756649999999997
2021-06-23 14:00:00,23.777949999999997
2021-06-23 15:00:00,42.143950000000004
2021-06-23 16:00:00,31.671933333333335
2021-06-23 17:00:00,24.730798333333333
2021-06-23 18:00:00,8.691728333333334
2021-06-23 19:00:00,4.031881666666667
2021-06-23 20:00:00,3.800393333333333
2021-06-23 21:00:00,3.6920433333333333
2021-06-23 22:00:00,3.6884133333333335
2021-06-23 23:00:00,3.811536666666667
2021-06-24 00:00:00,3.9657833333333334
2021-06-24 01:00:00,3.728845
2021-06-24 02:00:00,3.76553
2021-06-24 03:00:00,3.811428333333333
2021-06-24 04:00:00,3.883005
2021-06-24 05:00:00,4.6231366666666664
2021-06-24 06:00:00,13.781378333333333
2021-06-24 07:00:00,27.973198333333336
2021-06-24 08:00:00,40.970816666666664
2021-06-24 09:00:00,38.82236666666667
2021-06-24 10:00:00,67.91126666666666
2021-06-24 11:00:00,34.187533333333334
2021-06-24 12:00:00,31.165916666666664
2021-06-24 13:00:00,46.21059
2021-06-24 14:00:00,98.44943333333335
2021-06-24 15:00:00,87.26971666666667
2021-06-24 16:00:00,105.7573
2021-06-24 17:00:00,71.30391666666667
2021-06-24 18:00:00,19.574755
2021-06-24 19:00:00,4.125461666666667
2021-06-24 20:00:00,3.87376
2021-06-24 21:00:00,3.9454116666666663
2021-06-24 22:00:00,3.989438333333333
2021-06-24 23:00:00,3.978465
2021-06-25 00:00:00,3.9931783333333333
2021-06-25 01:00:00,4.116125
2021-06-25 02:00:00,4.127198333333333
2021-06-25 03:00:00,3.9913533333333335
2021-06-25 04:00:00,4.0023
2021-06-25 05:00:00,4.527778333333333
2021-06-25 06:00:00,19.132263333333334
2021-06-25 07:00:00,114.45620000000001
2021-06-25 08:00:00,107.078
2021-06-25 09:00:00,67.81025000000001
2021-06-25 10:00:00,79.93315
2021-06-25 11:00:00,209.44866666666667
2021-06-25 12:00:00,238.73091666666667
2021-06-25 13:00:00,226.16726666666668
2021-06-25 14:00:00,320.53799999999995
2021-06-25 15:00:00,177.00403333333333
2021-06-25 16:00:00,110.52646666666666
2021-06-25 17:00:00,59.3472
2021-06-25 18:00:00,19.17935333333333
2021-06-25 19:00:00,4.569558333333333
2021-06-25 20:00:00,4.286771666666667
2021-06-25 21:00:00,4.429993333333333
2021-06-25 22:00:00,4.543751666666666
2021-06-25 23:00:00,4.543855
2021-06-26 00:00:00,4.558488333333333
2021-06-26 01:00:00,4.571395
2021-06-26 02:00:00,4.538399999999999
2021-06-26 03:00:00,4.797406666666666
2021-06-26 04:00:00,4.401015
2021-06-26 05:00:00,5.03487
2021-06-26 06:00:00,5.712675
2021-06-26 07:00:00,14.199095
2021-06-26 08:00:00,34.00731666666667
2021-06-26 09:00:00,80.32455
2021-06-26 10:00:00,188.96131666666668
2021-06-26 11:00:00,250.14758333333333
2021-06-26 12:00:00,247.19428333333332
2021-06-26 13:00:00,79.64566666666666
2021-06-26 14:00:00,159.08108333333334
2021-06-26 15:00:00,260.36616666666663
2021-06-26 16:00:00,136.02603333333334
2021-06-26 17:00:00,80.66664999999999
2021-06-26 18:00:00,27.942363333333333
2021-06-26 19:00:00,4.730955
2021-06-26 20:00:00,4.433538333333333
2021-06-26 21:00:00,4.694488333333334
2021-06-26 22:00:00,4.872658333333334
2021-06-26 23:00:00,4.90203
2021-06-27 00:00:00,4.896498333333333
2021-06-27 01:00:00,4.880086666666667
2021-06-27 02:00:00,4.997470000000001
2021-06-27 03:00:00,5.023178333333333
2021-06-27 04:00:00,4.6723300000000005
2021-06-27 05:00:00,6.485166666666667
2021-06-27 06:00:00,39.265883333333335
2021-06-27 07:00:00,98.3656
2021-06-27 08:00:00,176.47316666666666
2021-06-27 09:00:00,243.63933333333335
2021-06-27 10:00:00,160.5375
2021-06-27 11:00:00,49.1222
2021-06-27 12:00:00,70.3698
2021-06-27 13:00:00,113.7288
2021-06-27 14:00:00,157.73983333333334
2021-06-27 15:00:00,129.51778333333334
2021-06-27 16:00:00,91.22741666666667
2021-06-27 17:00:00,54.19179999999999
2021-06-27 18:00:00,18.626895
2021-06-27 19:00:00,5.098268333333333
2021-06-27 20:00:00,4.864951666666667
2021-06-27 21:00:00,5.07615
2021-06-27 22:00:00,5.125795
2021-06-27 23:00:00,5.1000049999999995
2021-06-28 00:00:00,5.179026666666667
2021-06-28 01:00:00,5.111025
2021-06-28 02:00:00,5.105506666666667
2021-06-28 03:00:00,5.382946666666667
2021-06-28 04:00:00,5.395683333333333
2021-06-28 05:00:00,5.47502
2021-06-28 06:00:00,7.159393333333333
2021-06-28 07:00:00,9.662083333333333
2021-06-28 08:00:00,13.806416666666667
2021-06-28 09:00:00,9.774194999999999
2021-06-28 10:00:00,11.813291666666666
2021-06-28 11:00:00,21.5079
2021-06-28 12:00:00,66.92085
2021-06-28 13:00:00,121.3335
2021-06-28 14:00:00,195.35083333333333
2021-06-28 15:00:00,206.25683333333333
2021-06-28 16:00:00,137.061
2021-06-28 17:00:00,71.14675000000001
2021-06-28 18:00:00,19.809026666666668
2021-06-28 19:00:00,5.256366666666667
2021-06-28 20:00:00,4.995686666666667
2021-06-28 21:00:00,5.416309999999999
2021-06-28 22:00:00,5.561391666666666
2021-06-28 23:00:00,5.667826666666667
2021-06-29 00:00:00,5.590538333333333
2021-06-29 01:00:00,5.519051666666667
2021-06-29 02:00:00,5.566941666666667
2021-06-29 03:00:00,5.59245
2021-06-29 04:00:00,5.509766666666667
2021-06-29 05:00:00,7.177225000000001
2021-06-29 06:00:00,59.89545
2021-06-29 07:00:00,178.6952
2021-06-29 08:00:00,224.5912
2021-06-29 09:00:00,307.4742333333333
2021-06-29 10:00:00,253.63495
2021-06-29 11:00:00,187.30268333333333
2021-06-29 12:00:00,140.34948333333332
2021-06-29 13:00:00,170.75655
2021-06-29 14:00:00,221.93218333333334
2021-06-29 15:00:00,221.93116666666668
2021-06-29 16:00:00,113.33618333333334
2021-06-29 17:00:00,74.16663333333332
2021-06-29 18:00:00,30.211833333333335
2021-06-29 19:00:00,5.900645
2021-06-29 20:00:00,5.36639
2021-06-29 21:00:00,5.566731666666667
2021-06-29 22:00:00,5.750243333333333
2021-06-29 23:00:00,5.7942816666666666
2021-06-30 00:00:00,5.871563333333333
2021-06-30 01:00:00,5.944886666666666
2021-06-30 02:00:00,5.9027449999999995
2021-06-30 03:00:00,5.871566666666666
2021-06-30 04:00:00,5.860493333333333
2021-06-30 05:00:00,8.624699999999999
2021-06-30 06:00:00,54.19723333333333
2021-06-30 07:00:00,143.63201666666666
2021-06-30 08:00:00,289.219
2021-06-30 09:00:00,490.2343333333334
2021-06-30 10:00:00,633.6975333333334
2021-06-30 11:00:00,534.7673333333333
2021-06-30 12:00:00,671.378
2021-06-30 13:00:00,411.81191666666666
2021-06-30 14:00:00,297.95533333333333
2021-06-30 15:00:00,227.71163333333334
2021-06-30 16:00:00,157.76245
2021-06-30 17:00:00,78.81466666666667
2021-06-30 18:00:00,23.88785
2021-06-30 19:00:00,5.189766666666667
2021-06-30 20:00:00,4.28115
2021-06-30 21:00:00,4.777233333333333
2021-06-30 22:00:00,4.9698400000000005
2021-06-30 23:00:00,5.173706666666666
2021-07-01 00:00:00,5.285688333333334
2021-07-01 01:00:00,5.362793333333333
2021-07-01 02:00:00,5.427006666666667
2021-07-01 03:00:00,5.485871666666667
2021-07-01 04:00:00,5.480306666666666
2021-07-01 05:00:00,6.275555
2021-07-01 06:00:00,48.38605666666667
2021-07-01 07:00:00,130.96725
2021-07-01 08:00:00,249.44645
2021-07-01 09:00:00,174.48783333333333
2021-07-01 10:00:00,299.6245
2021-07-01 11:00:00,224.51698333333334
2021-07-01 12:00:00,408.2461666666667
2021-07-01 13:00:00,433.367
2021-07-01 14:00:00,334.561
2021-07-01 15:00:00,270.569
2021-07-01 16:00:00,217.2697
2021-07-01 17:00:00,116.17525
2021-07-01 18:00:00,38.44943333333333
2021-07-01 19:00:00,5.858028333333333
2021-07-01 20:00:00,5.011881666666667
2021-07-01 21:00:00,5.0981749999999995
2021-07-01 22:00:00,5.037636666666667
2021-07-01 23:00:00,5.125851666666667
2021-07-02 00:00:00,5.039566666666667
2021-07-02 01:00:00,5.041356666666667
2021-07-02 02:00:00,5.011971666666667
2021-07-02 03:00:00,5.021175
2021-07-02 04:00:00,4.975276666666667
2021-07-02 05:00:00,6.48484
2021-07-02 06:00:00,78.32173333333334
2021-07-02 07:00:00,139.62328333333332
2021-07-02 08:00:00,175.33273333333332
2021-07-02 09:00:00,238.4926
2021-07-02 10:00:00,453.27135
2021-07-02 11:00:00,587.186
2021-07-02 12:00:00,667.5145
2021-07-02 13:00:00,523.8773333333334
2021-07-02 14:00:00,512.9515
2021-07-02 15:00:00,287.356
2021-07-02 16:00:00,185.25683333333333
2021-07-02 17:00:00,100.16376666666666
2021-07-02 18:00:00,37.23126166666667
2021-07-02 19:00:00,4.552275
2021-07-02 20:00:00,3.832745
2021-07-02 21:00:00,3.9008066666666665
2021-07-02 22:00:00,3.9596183333333332
2021-07-02 23:00:00,3.9614716666666667
2021-07-03 00:00:00,3.9393883333333335
2021-07-03 01:00:00,3.8879466666666667
2021-07-03 02:00:00,3.8530783333333334
2021-07-03 03:00:00,3.8641216666666667
2021-07-03 04:00:00,3.8476083333333335
2021-07-03 05:00:00,5.598038333333333
2021-07-03 06:00:00,39.949933333333334
2021-07-03 07:00:00,136.10518333333331
2021-07-03 08:00:00,267.1469333333333
2021-07-03 09:00:00,304.4812166666667
2021-07-03 10:00:00,513.6325333333333
2021-07-03 11:00:00,586.2656666666667
2021-07-03 12:00:00,559.6323333333333
2021-07-03 13:00:00,387.5675
2021-07-03 14:00:00,362.51366666666667
2021-07-03 15:00:00,370.1064833333333
2021-07-03 16:00:00,160.64763333333335
2021-07-03 17:00:00,56.86258333333333
2021-07-03 18:00:00,24.29961666666667
2021-07-03 19:00:00,4.44965
2021-07-03 20:00:00,3.43793
2021-07-03 21:00:00,3.403033333333333
2021-07-03 22:00:00,3.3993616666666666
2021-07-03 23:00:00,3.4306449999999997
2021-07-04 00:00:00,3.261683333333333
2021-07-04 01:00:00,3.24705
2021-07-04 02:00:00,3.2453716666666663
2021-07-04 03:00:00,3.1902633333333332
2021-07-04 04:00:00,3.254626666666667
2021-07-04 05:00:00,4.874518333333333
2021-07-04 06:00:00,88.66411666666666
2021-07-04 07:00:00,255.13966666666664
2021-07-04 08:00:00,302.77164999999997
2021-07-04 09:00:00,367.11066666666665
2021-07-04 10:00:00,598.1603333333334
2021-07-04 11:00:00,550.4435
2021-07-04 12:00:00,618.4738333333333
2021-07-04 13:00:00,425.7391833333333
2021-07-04 14:00:00,346.73966666666666
2021-07-04 15:00:00,245.49470000000002
2021-07-04 16:00:00,172.30676666666668
2021-07-04 17:00:00,52.189600000000006
2021-07-04 18:00:00,29.540766666666666
2021-07-04 19:00:00,4.515958333333333
2021-07-04 20:00:00,3.25814
2021-07-04 21:00:00,3.181128333333333
2021-07-04 22:00:00,3.0709566666666666
2021-07-04 23:00:00,3.04528
2021-07-05 00:00:00,3.0470333333333333
2021-07-05 01:00:00,2.999223333333333
2021-07-05 02:00:00,2.903715
2021-07-05 03:00:00,2.9956216666666666
2021-07-05 04:00:00,3.127775
2021-07-05 05:00:00,4.830358333333334
2021-07-05 06:00:00,25.330231666666666
2021-07-05 07:00:00,105.8801
2021-07-05 08:00:00,183.5872666666667
2021-07-05 09:00:00,412.3823333333333
2021-07-05 10:00:00,365.3921833333333
2021-07-05 11:00:00,656.6236666666666
2021-07-05 12:00:00,525.1137833333333
2021-07-05 13:00:00,602.6985000000001
2021-07-05 14:00:00,460.03
2021-07-05 15:00:00,467.7701333333333
2021-07-05 16:00:00,348.80483333333336
2021-07-05 17:00:00,52.370533333333334
2021-07-05 18:00:00,19.73386
2021-07-05 19:00:00,4.411333333333333
2021-07-05 20:00:00,3.5133316666666667
2021-07-05 21:00:00,3.45639
2021-07-05 22:00:00,3.333451666666667
2021-07-05 23:00:00,3.2582299999999997
2021-07-06 00:00:00,3.3446633333333335
2021-07-06 01:00:00,3.1443866666666667
2021-07-06 02:00:00,3.1040766666666664
2021-07-06 03:00:00,3.00298
2021-07-06 04:00:00,3.0434216666666667
2021-07-06 05:00:00,3.932243333333333
2021-07-06 06:00:00,44.46046666666667
2021-07-06 07:00:00,153.37303333333332
2021-07-06 08:00:00,435.02816666666666
2021-07-06 09:00:00,462.37916666666666
2021-07-06 10:00:00,300.17033333333336
2021-07-06 11:00:00,423.42816666666664
2021-07-06 12:00:00,627.6034999999999
2021-07-06 13:00:00,680.0181666666666
2021-07-06 14:00:00,740.457
2021-07-06 15:00:00,235.79555
2021-07-06 16:00:00,108.38203333333333
2021-07-06 17:00:00,131.2588
2021-07-06 18:00:00,43.795049999999996
2021-07-06 19:00:00,4.855948333333333
2021-07-06 20:00:00,3.9949833333333333
2021-07-06 21:00:00,3.9893033333333334
2021-07-06 22:00:00,4.0608466666666665
2021-07-06 23:00:00,4.211481666666667
2021-07-07 00:00:00,4.613783333333333
2021-07-07 01:00:00,4.371418333333334
2021-07-07 02:00:00,4.588016666666666
2021-07-07 03:00:00,4.791831666666667
2021-07-07 04:00:00,4.639665
2021-07-07 05:00:00,5.163428333333333
2021-07-07 06:00:00,38.48040666666667
2021-07-07 07:00:00,160.25981666666667
2021-07-07 08:00:00,321.43033333333335
2021-07-07 09:00:00,396.92900000000003
2021-07-07 10:00:00,625.0271666666666
2021-07-07 11:00:00,497.9353333333333
2021-07-07 12:00:00,579.4688333333332
2021-07-07 13:00:00,445.82643333333334
2021-07-07 14:00:00,551.4841666666667
2021-07-07 15:00:00,362.8417666666667
2021-07-07 16:00:00,203.94976666666668
2021-07-07 17:00:00,60.42325
2021-07-07 18:00:00,23.46762
2021-07-07 19:00:00,5.070655
2021-07-07 20:00:00,4.16543
2021-07-07 21:00:00,4.185763333333333
2021-07-07 22:00:00,4.240918333333333
2021-07-07 23:00:00,4.240871666666667
2021-07-08 00:00:00,4.314368333333333
2021-07-08 01:00:00,4.28855
2021-07-08 02:00:00,4.283181666666667
2021-07-08 03:00:00,4.154551666666666
2021-07-08 04:00:00,4.068221666666667
2021-07-08 05:00:00,5.811156666666666
2021-07-08 06:00:00,82.21521666666668
2021-07-08 07:00:00,188.86588333333333
2021-07-08 08:00:00,252.50656666666666
2021-07-08 09:00:00,500.0853333333333
2021-07-08 10:00:00,478.18649999999997
2021-07-08 11:00:00,304.33299999999997
2021-07-08 12:00:00,300.4075
2021-07-08 13:00:00,518.2793333333333
2021-07-08 14:00:00,445.80933333333337
2021-07-08 15:00:00,383.9048666666667
2021-07-08 16:00:00,199.08901666666668
2021-07-08 17:00:00,57.06901666666667
2021-07-08 18:00:00,30.26836666666667
2021-07-08 19:00:00,4.89431
2021-07-08 20:00:00,3.7229816666666666
2021-07-08 21:00:00,3.796396666666667
2021-07-08 22:00:00,3.831411666666667
2021-07-08 23:00:00,3.74678
2021-07-09 00:00:00,3.697315
2021-07-09 01:00:00,3.5852283333333332
2021-07-09 02:00:00,3.4897050000000003
2021-07-09 03:00:00,3.476801666666667
2021-07-09 04:00:00,3.4419916666666666
2021-07-09 05:00:00,5.179461666666667
2021-07-09 06:00:00,78.3351
2021-07-09 07:00:00,236.59
2021-07-09 08:00:00,388.5645
2021-07-09 09:00:00,536.2196666666666
2021-07-09 10:00:00,656.6031666666667
2021-07-09 11:00:00,724.8348333333332
2021-07-09 12:00:00,742.6555000000001
2021-07-09 13:00:00,718.9396666666667
2021-07-09 14:00:00,651.2128333333333
2021-07-09 15:00:00,539.0648333333334
2021-07-09 16:00:00,333.2253666666667
2021-07-09 17:00:00,31.873866666666668
2021-07-09 18:00:00,17.584776666666667
2021-07-09 19:00:00,3.9337983333333333
2021-07-09 20:00:00,3.0156383333333334
2021-07-09 21:00:00,2.9075149999999996
2021-07-09 22:00:00,2.8598100000000004
2021-07-09 23:00:00,2.7183
2021-07-10 00:00:00,2.674206666666666
2021-07-10 01:00:00,2.6889133333333333
2021-07-10 02:00:00,2.6870866666666666
2021-07-10 03:00:00,2.6999649999999997
2021-07-10 04:00:00,2.538323333333333
2021-07-10 05:00:00,3.7947699999999998
2021-07-10 06:00:00,40.47293
2021-07-10 07:00:00,216.0896666666667
2021-07-10 08:00:00,369.5165
2021-07-10 09:00:00,549.385
2021-07-10 10:00:00,651.9306666666668
2021-07-10 11:00:00,717.2335
2021-07-10 12:00:00,740.9860000000001
2021-07-10 13:00:00,700.9455
2021-07-10 14:00:00,634.0058333333333
2021-07-10 15:00:00,539.4698333333333
2021-07-10 16:00:00,313.24975
2021-07-10 17:00:00,43.1724
2021-07-10 18:00:00,23.51572666666667
2021-07-10 19:00:00,3.34055
2021-07-10 20:00:00,3.030375
2021-07-10 21:00:00,2.7917199999999998
2021-07-10 22:00:00,2.72934
2021-07-10 23:00:00,2.7273833333333335
2021-07-11 00:00:00,2.6575616666666666
2021-07-11 01:00:00,2.6392516666666666
2021-07-11 02:00:00,2.6191283333333333
2021-07-11 03:00:00,2.6044783333333332
2021-07-11 04:00:00,2.5934233333333334
2021-07-11 05:00:00,3.5063483333333334
2021-07-11 06:00:00,38.486250000000005
2021-07-11 07:00:00,177.48333333333332
2021-07-11 08:00:00,350.2171666666666
2021-07-11 09:00:00,476.20366666666666
2021-07-11 10:00:00,543.502
2021-07-11 11:00:00,358.1925
2021-07-11 12:00:00,375.4006166666667
2021-07-11 13:00:00,659.8796666666666
2021-07-11 14:00:00,581.2
2021-07-11 15:00:00,510.14666666666665
2021-07-11 16:00:00,260.06028333333336
2021-07-11 17:00:00,106.5706
2021-07-11 18:00:00,27.806116666666664
2021-07-11 19:00:00,3.492681666666667
2021-07-11 20:00:00,2.2864633333333333
2021-07-11 21:00:00,2.3709866666666666
2021-07-11 22:00:00,2.352685
2021-07-11 23:00:00,2.3160216666666664
2021-07-12 00:00:00,2.3159899999999998
2021-07-12 01:00:00,2.198421666666667
2021-07-12 02:00:00,2.036845
2021-07-12 03:00:00,1.9817583333333333
2021-07-12 04:00:00,1.97261
2021-07-12 05:00:00,4.174846666666666
2021-07-12 06:00:00,32.83655
2021-07-12 07:00:00,141.45451666666668
2021-07-12 08:00:00,263.60768333333334
2021-07-12 09:00:00,495.38984999999997
2021-07-12 10:00:00,476.7433333333333
2021-07-12 11:00:00,493.74516666666665
2021-07-12 12:00:00,616.279
2021-07-12 13:00:00,693.77
2021-07-12 14:00:00,563.9391666666667
2021-07-12 15:00:00,313.5636333333333
2021-07-12 16:00:00,294.39986666666664
2021-07-12 17:00:00,37.28856666666666
2021-07-12 18:00:00,21.72510833333333
2021-07-12 19:00:00,3.7224716666666664
2021-07-12 20:00:00,2.1322116666666666
2021-07-12 21:00:00,2.1561700000000004
2021-07-12 22:00:00,1.9266516666666667
2021-07-12 23:00:00,1.93408
2021-07-13 00:00:00,1.8936316666666668
2021-07-13 01:00:00,1.8697316666666668
2021-07-13 02:00:00,1.7761183333333332
2021-07-13 03:00:00,1.8220216666666669
2021-07-13 04:00:00,1.6144566666666667
2021-07-13 05:00:00,3.0673150000000002
2021-07-13 06:00:00,87.38584999999999
2021-07-13 07:00:00,265.94416666666666
2021-07-13 08:00:00,387.6041666666667
2021-07-13 09:00:00,465.90916666666664
2021-07-13 10:00:00,699.617
2021-07-13 11:00:00,677.0522666666667
2021-07-13 12:00:00,577.5358333333334
2021-07-13 13:00:00,688.8495
2021-07-13 14:00:00,521.9896
2021-07-13 15:00:00,468.1882
2021-07-13 16:00:00,335.46200000000005
2021-07-13 17:00:00,31.9926
2021-07-13 18:00:00,16.766923333333335
2021-07-13 19:00:00,3.2522333333333338
2021-07-13 20:00:00,1.81447
2021-07-13 21:00:00,1.6032933333333332
2021-07-13 22:00:00,1.4545283333333332
2021-07-13 23:00:00,1.3352216666666665
2021-07-14 00:00:00,1.33158
2021-07-14 01:00:00,1.3408233333333333
2021-07-14 02:00:00,1.357335
2021-07-14 03:00:00,1.370165
2021-07-14 04:00:00,1.3665083333333332
2021-07-14 05:00:00,3.31705
2021-07-14 06:00:00,51.188766666666666
2021-07-14 07:00:00,228.79995
2021-07-14 08:00:00,408.1255
2021-07-14 09:00:00,531.8771666666667
2021-07-14 10:00:00,695.0858333333333
2021-07-14 11:00:00,751.349
2021-07-14 12:00:00,681.1975
2021-07-14 13:00:00,679.9709
2021-07-14 14:00:00,607.9413333333334
2021-07-14 15:00:00,514.5986666666666
2021-07-14 16:00:00,330.6761666666667
2021-07-14 17:00:00,34.653083333333335
2021-07-14 18:00:00,19.764464999999998
2021-07-14 19:00:00,3.1547733333333334
2021-07-14 20:00:00,2.062378333333333
2021-07-14 21:00:00,1.9191966666666669
2021-07-14 22:00:00,1.7062083333333333
2021-07-14 23:00:00,1.50789
2021-07-15 00:00:00,1.40324
2021-07-15 01:00:00,1.3701916666666667
2021-07-15 02:00:00,1.3628366666666667
2021-07-15 03:00:00,1.3426216666666666
2021-07-15 04:00:00,1.355475
2021-07-15 05:00:00,2.77156
2021-07-15 06:00:00,30.187495000000002
2021-07-15 07:00:00,227.54934999999998
2021-07-15 08:00:00,429.61133333333333
2021-07-15 09:00:00,532.324
2021-07-15 10:00:00,653.4371333333333
2021-07-15 11:00:00,708.46455
2021-07-15 12:00:00,713.4406666666667
2021-07-15 13:00:00,745.2056666666666
2021-07-15 14:00:00,571.3519333333334
2021-07-15 15:00:00,530.1003333333333
2021-07-15 16:00:00,247.96346666666668
2021-07-15 17:00:00,30.972550000000002
2021-07-15 18:00:00,18.94638666666667
2021-07-15 19:00:00,1.9740953333333333
2021-07-15 20:00:00,0.9109225
2021-07-15 21:00:00,0.9476496666666667
2021-07-15 22:00:00,0.8833868333333333
2021-07-15 23:00:00,0.7824016666666667
2021-07-16 00:00:00,0.7236421666666666
2021-07-16 01:00:00,0.5858833333333333
2021-07-16 02:00:00,0.6116241666666667
2021-07-16 03:00:00,0.7034524999999999
2021-07-16 04:00:00,0.769554
2021-07-16 05:00:00,1.254441
2021-07-16 06:00:00,15.020406666666668
2021-07-16 07:00:00,43.30466666666667
2021-07-16 08:00:00,104.14488333333334
2021-07-16 09:00:00,173.17553333333333
2021-07-16 10:00:00,241.92886666666666
2021-07-16 11:00:00,323.52761666666663
2021-07-16 12:00:00,129.48525
2021-07-16 13:00:00,171.73681666666667
2021-07-16 14:00:00,165.59085000000002
2021-07-16 15:00:00,125.62740000000001
2021-07-16 16:00:00,91.17663333333333
2021-07-16 17:00:00,70.39875
2021-07-16 18:00:00,28.690216666666668
2021-07-16 19:00:00,3.412525
2021-07-16 20:00:00,2.784383333333333
2021-07-16 21:00:00,2.88912
2021-07-16 22:00:00,3.0710783333333334
2021-07-16 23:00:00,3.1867733333333335
2021-07-17 00:00:00,3.30254
2021-07-17 01:00:00,3.418158333333333
2021-07-17 02:00:00,3.6274366666666666
2021-07-17 03:00:00,3.6109050000000003
2021-07-17 04:00:00,3.7964783333333334
2021-07-17 05:00:00,4.871038333333333
2021-07-17 06:00:00,24.86485
2021-07-17 07:00:00,67.38783333333333
2021-07-17 08:00:00,128.11936666666668
2021-07-17 09:00:00,136.17893333333333
2021-07-17 10:00:00,90.66673333333333
2021-07-17 11:00:00,172.31788333333333
2021-07-17 12:00:00,254.45151666666666
2021-07-17 13:00:00,316.8951666666666
2021-07-17 14:00:00,402.80783333333335
2021-07-17 15:00:00,298.78175
2021-07-17 16:00:00,226.63506666666666
2021-07-17 17:00:00,127.47103333333332
2021-07-17 18:00:00,26.789603333333332
2021-07-17 19:00:00,5.320758333333333
2021-07-17 20:00:00,4.90576
2021-07-17 21:00:00,4.856201666666666
2021-07-17 22:00:00,4.823123333333333
2021-07-17 23:00:00,4.757066666666666
2021-07-18 00:00:00,4.448855
2021-07-18 01:00:00,4.577491666666666
2021-07-18 02:00:00,4.979711666666666
2021-07-18 03:00:00,4.766685
2021-07-18 04:00:00,5.051666666666667
2021-07-18 05:00:00,6.196011666666666
2021-07-18 06:00:00,9.959895
2021-07-18 07:00:00,16.062348333333333
2021-07-18 08:00:00,33.314416666666666
2021-07-18 09:00:00,48.98876666666667
2021-07-18 10:00:00,82.93483333333333
2021-07-18 11:00:00,214.11265
2021-07-18 12:00:00,96.03176666666667
2021-07-18 13:00:00,76.33851666666666
2021-07-18 14:00:00,140.10870000000003
2021-07-18 15:00:00,62.245016666666665
2021-07-18 16:00:00,73.86358333333332
2021-07-18 17:00:00,48.613616666666665
2021-07-18 18:00:00,15.198338333333334
2021-07-18 19:00:00,4.797596666666666
2021-07-18 20:00:00,4.678411666666666
2021-07-18 21:00:00,4.610401666666666
2021-07-18 22:00:00,4.797806666666667
2021-07-18 23:00:00,4.4762683333333335
2021-07-19 00:00:00,4.667553333333333
2021-07-19 01:00:00,5.066075
2021-07-19 02:00:00,4.797913333333333
2021-07-19 03:00:00,4.8438799999999995
2021-07-19 04:00:00,4.998226666666667
2021-07-19 05:00:00,5.303195
2021-07-19 06:00:00,6.006600000000001
2021-07-19 07:00:00,15.363631666666667
2021-07-19 08:00:00,82.7726
2021-07-19 09:00:00,152.36085
2021-07-19 10:00:00,284.23223333333334
2021-07-19 11:00:00,243.39956666666666
2021-07-19 12:00:00,49.84693333333334
2021-07-19 13:00:00,54.13131666666666
2021-07-19 14:00:00,81.8666
2021-07-19 15:00:00,60.22848333333333
2021-07-19 16:00:00,24.00586666666667
2021-07-19 17:00:00,28.993133333333333
2021-07-19 18:00:00,17.450401666666668
2021-07-19 19:00:00,5.6722649999999994
2021-07-19 20:00:00,5.310421666666667
2021-07-19 21:00:00,5.266221666666667
2021-07-19 22:00:00,5.238761666666666
2021-07-19 23:00:00,5.15031
2021-07-20 00:00:00,5.284073333333334
2021-07-20 01:00:00,5.304688333333333
2021-07-20 02:00:00,5.277285
2021-07-20 03:00:00,5.3398216666666665
2021-07-20 04:00:00,5.416958333333333
2021-07-20 05:00:00,5.710816666666667
2021-07-20 06:00:00,12.968391666666667
2021-07-20 07:00:00,33.3582
2021-07-20 08:00:00,33.07321666666667
2021-07-20 09:00:00,23.14295
2021-07-20 10:00:00,17.786583333333333
2021-07-20 11:00:00,18.3671
2021-07-20 12:00:00,24.45635
2021-07-20 13:00:00,25.709349999999997
2021-07-20 14:00:00,13.463053333333333
2021-07-20 15:00:00,11.75622
2021-07-20 16:00:00,25.341616666666667
2021-07-20 17:00:00,13.772933333333333
2021-07-20 18:00:00,12.101318333333333
2021-07-20 19:00:00,6.124171666666667
2021-07-20 20:00:00,6.6568016666666665
2021-07-20 21:00:00,6.632945
2021-07-20 22:00:00,5.2552933333333325
2021-07-20 23:00:00,5.266383333333334
2021-07-21 00:00:00,5.655773333333333
2021-07-21 01:00:00,5.433436666666666
2021-07-21 02:00:00,5.462823333333334
2021-07-21 03:00:00,5.154238333333334
2021-07-21 04:00:00,5.404118333333333
2021-07-21 05:00:00,5.887211666666667
2021-07-21 06:00:00,7.134535
2021-07-21 07:00:00,8.820676666666666
2021-07-21 08:00:00,12.431968333333334
2021-07-21 09:00:00,21.10983333333333
2021-07-21 10:00:00,58.720850000000006
2021-07-21 11:00:00,52.80661666666666
2021-07-21 12:00:00,57.346266666666665
2021-07-21 13:00:00,41.48158333333333
2021-07-21 14:00:00,48.582750000000004
2021-07-21 15:00:00,38.47213333333333
2021-07-21 16:00:00,40.74021666666667
2021-07-21 17:00:00,47.19466666666666
2021-07-21 18:00:00,17.92915833333333
2021-07-21 19:00:00,5.559746666666666
2021-07-21 20:00:00,5.135436666666666
2021-07-21 21:00:00,5.2014933333333335
2021-07-21 22:00:00,5.120678333333333
2021-07-21 23:00:00,5.048955
2021-07-22 00:00:00,5.00305
2021-07-22 01:00:00,5.014105
2021-07-22 02:00:00,4.986613333333334
2021-07-22 03:00:00,4.949871666666667
2021-07-22 04:00:00,4.882111666666666
2021-07-22 05:00:00,5.613196666666667
2021-07-22 06:00:00,64.67366333333334
2021-07-22 07:00:00,222.1138
2021-07-22 08:00:00,351.59563333333335
2021-07-22 09:00:00,423.84133333333335
2021-07-22 10:00:00,637.7073333333334
2021-07-22 11:00:00,712.2106666666666
2021-07-22 12:00:00,719.1333333333333
2021-07-22 13:00:00,715.6514999999999
2021-07-22 14:00:00,636.857
2021-07-22 15:00:00,523.1456666666667
2021-07-22 16:00:00,352.3255833333333
2021-07-22 17:00:00,44.90091666666667
2021-07-22 18:00:00,25.166216666666667
2021-07-22 19:00:00,6.019586666666667
2021-07-22 20:00:00,4.4572416666666665
2021-07-22 21:00:00,4.525433333333334
2021-07-22 22:00:00,4.6377283333333335
2021-07-22 23:00:00,4.703898333333333
2021-07-23 00:00:00,4.67824
2021-07-23 01:00:00,4.584578333333334
2021-07-23 02:00:00,4.67623
2021-07-23 03:00:00,4.768071666666667
2021-07-23 04:00:00,4.6819033333333335
2021-07-23 05:00:00,6.042846666666667
2021-07-23 06:00:00,66.49451666666667
2021-07-23 07:00:00,188.29579999999999
2021-07-23 08:00:00,365.9198333333333
2021-07-23 09:00:00,517.9116666666666
2021-07-23 10:00:00,580.80215
2021-07-23 11:00:00,624.2466833333333
2021-07-23 12:00:00,640.8443333333333
2021-07-23 13:00:00,710.0275
2021-07-23 14:00:00,640.8758333333334
2021-07-23 15:00:00,493.187
2021-07-23 16:00:00,165.0334
2021-07-23 17:00:00,50.36213333333333
2021-07-23 18:00:00,33.82911666666667
2021-07-23 19:00:00,4.8362316666666665
2021-07-23 20:00:00,3.5753399999999997
2021-07-23 21:00:00,3.3475616666666665
2021-07-23 22:00:00,3.3606583333333333
2021-07-23 23:00:00,3.4674233333333335
2021-07-24 00:00:00,3.4857299999999998
2021-07-24 01:00:00,3.3884133333333333
2021-07-24 02:00:00,3.3644900000000004
2021-07-24 03:00:00,3.39756
2021-07-24 04:00:00,3.267201666666667
2021-07-24 05:00:00,3.3883533333333333
2021-07-24 06:00:00,9.855186666666667
2021-07-24 07:00:00,37.260135
2021-07-24 08:00:00,89.60723333333334
2021-07-24 09:00:00,181.08448333333334
2021-07-24 10:00:00,621.8158333333333
2021-07-24 11:00:00,709.272
2021-07-24 12:00:00,449.01550000000003
2021-07-24 13:00:00,449.07778333333334
2021-07-24 14:00:00,71.40531666666668
2021-07-24 15:00:00,286.15139999999997
2021-07-24 16:00:00,115.83508333333334
2021-07-24 17:00:00,54.51933333333333
2021-07-24 18:00:00,19.629833333333334
2021-07-24 19:00:00,6.373866666666667
2021-07-24 20:00:00,5.428583333333334
2021-07-24 21:00:00,5.724385
2021-07-24 22:00:00,5.590301666666666
2021-07-24 23:00:00,5.246840000000001
2021-07-25 00:00:00,4.841096666666667
2021-07-25 01:00:00,4.32158
2021-07-25 02:00:00,3.8280049999999997
2021-07-25 03:00:00,4.557386666666667
2021-07-25 04:00:00,5.113871666666667
2021-07-25 05:00:00,5.376693333333334
2021-07-25 06:00:00,14.077638333333335
2021-07-25 07:00:00,170.8698666666667
2021-07-25 08:00:00,294.3978333333333
2021-07-25 09:00:00,432.0081666666667
2021-07-25 10:00:00,391.66799999999995
2021-07-25 11:00:00,294.29025
2021-07-25 12:00:00,416.60166666666663
2021-07-25 13:00:00,164.97716666666665
2021-07-25 14:00:00,568.4011666666667
2021-07-25 15:00:00,425.53700000000003
2021-07-25 16:00:00,122.70078333333332
2021-07-25 17:00:00,136.66921666666667
2021-07-25 18:00:00,33.76943333333333
2021-07-25 19:00:00,5.737283333333334
2021-07-25 20:00:00,5.09281
2021-07-25 21:00:00,5.3482199999999995
2021-07-25 22:00:00,5.676996666666667
2021-07-25 23:00:00,5.748356666666667
2021-07-26 00:00:00,5.853040000000001
2021-07-26 01:00:00,5.899108333333333
2021-07-26 02:00:00,5.834901666666667
2021-07-26 03:00:00,5.901026666666667
2021-07-26 04:00:00,5.791063333333333
2021-07-26 05:00:00,6.568116666666667
2021-07-26 06:00:00,52.78366666666667
2021-07-26 07:00:00,147.92368333333334
2021-07-26 08:00:00,354.693
2021-07-26 09:00:00,458.85766666666666
2021-07-26 10:00:00,580.391
2021-07-26 11:00:00,245.11366666666666
2021-07-26 12:00:00,596.8417833333333
2021-07-26 13:00:00,302.52478333333335
2021-07-26 14:00:00,155.65135
2021-07-26 15:00:00,443.16388333333333
2021-07-26 16:00:00,249.85616666666667
2021-07-26 17:00:00,105.49321666666667
2021-07-26 18:00:00,38.43966666666667
2021-07-26 19:00:00,6.509593333333333
2021-07-26 20:00:00,5.746381666666666
2021-07-26 21:00:00,6.073511666666667
2021-07-26 22:00:00,6.29216
2021-07-26 23:00:00,6.679613333333333
2021-07-27 00:00:00,6.804478333333334
2021-07-27 01:00:00,6.866843333333334
2021-07-27 02:00:00,6.719915
2021-07-27 03:00:00,6.679708333333334
2021-07-27 04:00:00,6.796978333333333
2021-07-27 05:00:00,7.836496666666666
2021-07-27 06:00:00,50.15383333333333
2021-07-27 07:00:00,188.68516666666667
2021-07-27 08:00:00,371.5895
2021-07-27 09:00:00,456.8086666666667
2021-07-27 10:00:00,564.9176666666666
2021-07-27 11:00:00,483.7905
2021-07-27 12:00:00,712.4683333333334
2021-07-27 13:00:00,687.8841666666667
2021-07-27 14:00:00,595.9423333333333
2021-07-27 15:00:00,88.56511666666667
2021-07-27 16:00:00,30.338683333333332
2021-07-27 17:00:00,48.95986666666667
2021-07-27 18:00:00,28.151915
2021-07-27 19:00:00,5.717173333333333
2021-07-27 20:00:00,5.480133333333333
2021-07-27 21:00:00,3.3996750000000002
2021-07-27 22:00:00,4.561115
2021-07-27 23:00:00,5.778681666666667
2021-07-28 00:00:00,6.099873333333333
2021-07-28 01:00:00,6.1030750000000005
2021-07-28 02:00:00,6.121176666666667
2021-07-28 03:00:00,6.187325
2021-07-28 04:00:00,6.233196666666667
2021-07-28 05:00:00,6.90712
2021-07-28 06:00:00,29.395516666666666
2021-07-28 07:00:00,181.6268
2021-07-28 08:00:00,342.42466666666667
2021-07-28 09:00:00,440.06528333333335
2021-07-28 10:00:00,630.1011666666667
2021-07-28 11:00:00,394.8183333333333
2021-07-28 12:00:00,517.0891666666666
2021-07-28 13:00:00,459.40066666666667
2021-07-28 14:00:00,155.47671666666665
2021-07-28 15:00:00,22.003216666666667
2021-07-28 16:00:00,21.8678
2021-07-28 17:00:00,56.72095
2021-07-28 18:00:00,17.847965
2021-07-28 19:00:00,6.168
2021-07-28 20:00:00,5.831855
2021-07-28 21:00:00,6.520588333333333
2021-07-28 22:00:00,6.395446666666667
2021-07-28 23:00:00,6.186165
2021-07-29 00:00:00,6.410308333333333
2021-07-29 01:00:00,6.559166666666667
2021-07-29 02:00:00,6.3295449999999995
2021-07-29 03:00:00,6.533268333333334
2021-07-29 04:00:00,6.57559
2021-07-29 05:00:00,6.924571666666666
2021-07-29 06:00:00,27.042238333333334
2021-07-29 07:00:00,128.8093333333333
2021-07-29 08:00:00,224.20116666666667
2021-07-29 09:00:00,293.0366666666667
2021-07-29 10:00:00,319.0755
2021-07-29 11:00:00,208.06431666666668
2021-07-29 12:00:00,292.07683333333335
2021-07-29 13:00:00,147.70403333333334
2021-07-29 14:00:00,97.03095
2021-07-29 15:00:00,78.81831666666668
2021-07-29 16:00:00,69.66061666666666
2021-07-29 17:00:00,62.35711666666667
2021-07-29 18:00:00,27.943581666666667
2021-07-29 19:00:00,6.251691666666667
2021-07-29 20:00:00,5.840596666666666
2021-07-29 21:00:00,6.024761666666667
2021-07-29 22:00:00,6.2468433333333335
2021-07-29 23:00:00,6.4801899999999995
2021-07-30 00:00:00,6.5020999999999995
2021-07-30 01:00:00,6.588581666666667
2021-07-30 02:00:00,6.496555
2021-07-30 03:00:00,5.881211666666667
2021-07-30 04:00:00,5.8082666666666665
2021-07-30 05:00:00,6.736136666666667
2021-07-30 06:00:00,70.10548333333332
2021-07-30 07:00:00,92.17723333333333
2021-07-30 08:00:00,143.19605
2021-07-30 09:00:00,27.34013333333333
2021-07-30 10:00:00,87.87345
2021-07-30 11:00:00,274.1036666666667
2021-07-30 12:00:00,444.57116666666667
2021-07-30 13:00:00,275.70591666666667
2021-07-30 14:00:00,326.93333333333334
2021-07-30 15:00:00,260.24916666666667
2021-07-30 16:00:00,201.44500000000002
2021-07-30 17:00:00,93.79831666666668
2021-07-30 18:00:00,30.758963333333334
2021-07-30 19:00:00,5.445391666666667
2021-07-30 20:00:00,5.427258333333333
2021-07-30 21:00:00,5.974810000000001
2021-07-30 22:00:00,6.163733333333334
2021-07-30 23:00:00,6.479661666666667
2021-07-31 00:00:00,6.193195
2021-07-31 01:00:00,5.886838333333333
2021-07-31 02:00:00,6.088938333333333
2021-07-31 03:00:00,6.397435
2021-07-31 04:00:00,6.520593333333333
2021-07-31 05:00:00,6.8272
2021-07-31 06:00:00,17.436506666666666
2021-07-31 07:00:00,65.15826666666666
2021-07-31 08:00:00,171.0245
2021-07-31 09:00:00,395.4476666666667
2021-07-31 10:00:00,483.05933333333337
2021-07-31 11:00:00,477.7683333333333
2021-07-31 12:00:00,255.53966666666665
2021-07-31 13:00:00,364.92716666666666
2021-07-31 14:00:00,403.0528333333333
2021-07-31 15:00:00,210.2925
2021-07-31 16:00:00,110.54063333333333
2021-07-31 17:00:00,50.63675
2021-07-31 18:00:00,14.457981666666665
2021-07-31 19:00:00,5.742936666666667
2021-07-31 20:00:00,5.805573333333333
2021-07-31 21:00:00,6.084688333333333
2021-07-31 22:00:00,6.654068333333333
2021-07-31 23:00:00,6.534608333333334
2021-08-01 00:00:00,5.22528
2021-08-01 01:00:00,5.157725
2021-08-01 02:00:00,5.378395
2021-08-01 03:00:00,6.105653333333334
2021-08-01 04:00:00,6.13311
2021-08-01 05:00:00,7.363775
2021-08-01 06:00:00,54.828316666666666
2021-08-01 07:00:00,220.34783333333334
2021-08-01 08:00:00,367.4476666666667
2021-08-01 09:00:00,518.6523333333333
2021-08-01 10:00:00,600.3853333333334
2021-08-01 11:00:00,636.8676666666667
2021-08-01 12:00:00,334.39483333333334
2021-08-01 13:00:00,315.76
2021-08-01 14:00:00,130.34806666666665
2021-08-01 15:00:00,62.70636666666667
2021-08-01 16:00:00,69.02286666666667
2021-08-01 17:00:00,53.6973
2021-08-01 18:00:00,14.637575
2021-08-01 19:00:00,5.932223333333334
2021-08-01 20:00:00,6.031525
2021-08-01 21:00:00,6.2059033333333335
2021-08-01 22:00:00,6.4665799999999996
2021-08-01 23:00:00,6.518015
2021-08-02 00:00:00,6.422748333333333
2021-08-02 01:00:00,6.389568333333333
2021-08-02 02:00:00,6.185676666666667
2021-08-02 03:00:00,5.744868333333333
2021-08-02 04:00:00,5.72132
2021-08-02 05:00:00,5.987795
2021-08-02 06:00:00,34.942213333333335
2021-08-02 07:00:00,150.47065
2021-08-02 08:00:00,155.55351666666667
2021-08-02 09:00:00,121.55968333333334
2021-08-02 10:00:00,179.0808
2021-08-02 11:00:00,354.4625
2021-08-02 12:00:00,463.44616666666667
2021-08-02 13:00:00,635.8651666666666
2021-08-02 14:00:00,505.8735
2021-08-02 15:00:00,369.21650000000005
2021-08-02 16:00:00,218.39516666666665
2021-08-02 17:00:00,117.86365
2021-08-02 18:00:00,41.53580833333333
2021-08-02 19:00:00,5.318268333333333
2021-08-02 20:00:00,5.322243333333334
2021-08-02 21:00:00,5.463885
2021-08-02 22:00:00,5.245375
2021-08-02 23:00:00,5.256473333333333
2021-08-03 00:00:00,5.357591666666666
2021-08-03 01:00:00,5.1445300000000005
2021-08-03 02:00:00,4.970236666666667
2021-08-03 03:00:00,4.880275
2021-08-03 04:00:00,4.867508333333333
2021-08-03 05:00:00,5.2331216666666664
2021-08-03 06:00:00,40.38418
2021-08-03 07:00:00,80.9599
2021-08-03 08:00:00,255.16998333333333
2021-08-03 09:00:00,222.98266666666666
2021-08-03 10:00:00,276.9425
2021-08-03 11:00:00,169.39583333333334
2021-08-03 12:00:00,200.23235000000003
2021-08-03 13:00:00,122.23008333333334
2021-08-03 14:00:00,94.13818333333333
2021-08-03 15:00:00,123.91048333333333
2021-08-03 16:00:00,79.578
2021-08-03 17:00:00,69.16578333333334
2021-08-03 18:00:00,14.497584999999999
2021-08-03 19:00:00,6.300363333333333
2021-08-03 20:00:00,6.116976666666667
2021-08-03 21:00:00,6.203336666666667
2021-08-03 22:00:00,6.276801666666667
2021-08-03 23:00:00,6.281926666666666
2021-08-04 00:00:00,6.223380000000001
2021-08-04 01:00:00,6.31138
2021-08-04 02:00:00,6.316766666666666
2021-08-04 03:00:00,6.384841666666667
2021-08-04 04:00:00,6.340681666666667
2021-08-04 05:00:00,6.539141666666667
2021-08-04 06:00:00,26.944623333333332
2021-08-04 07:00:00,93.41631666666667
2021-08-04 08:00:00,229.92366666666666
2021-08-04 09:00:00,391.60316666666665
2021-08-04 10:00:00,295.7286666666667
2021-08-04 11:00:00,194.54266666666666
2021-08-04 12:00:00,198.98875
2021-08-04 13:00:00,268.684
2021-08-04 14:00:00,279.72366666666665
2021-08-04 15:00:00,160.26001666666667
2021-08-04 16:00:00,73.059635
2021-08-04 17:00:00,26.003
2021-08-04 18:00:00,16.99159
2021-08-04 19:00:00,5.5419
2021-08-04 20:00:00,5.93689
2021-08-04 21:00:00,6.182953333333333
2021-08-04 22:00:00,5.882015
2021-08-04 23:00:00,6.387241666666667
2021-08-05 00:00:00,6.559826666666667
2021-08-05 01:00:00,6.440473333333333
2021-08-05 02:00:00,6.627748333333333
2021-08-05 03:00:00,7.195263333333333
2021-08-05 04:00:00,7.063016666666667
2021-08-05 05:00:00,6.954676666666667
2021-08-05 06:00:00,14.408541666666668
2021-08-05 07:00:00,53.14958333333333
2021-08-05 08:00:00,135.11791666666667
2021-08-05 09:00:00,147.625
2021-08-05 10:00:00,193.78466666666665
2021-08-05 11:00:00,210.66933333333333
2021-08-05 12:00:00,155.49581666666666
2021-08-05 13:00:00,268.9381666666667
2021-08-05 14:00:00,67.06111666666666
2021-08-05 15:00:00,17.759233333333334
2021-08-05 16:00:00,52.48185
2021-08-05 17:00:00,47.543416666666666
2021-08-05 18:00:00,13.72519
2021-08-05 19:00:00,6.9157633333333335
2021-08-05 20:00:00,6.9671666666666665
2021-08-05 21:00:00,6.895421666666667
2021-08-05 22:00:00,7.031511666666666
2021-08-05 23:00:00,7.1195450000000005
2021-08-06 00:00:00,7.207731666666667
2021-08-06 01:00:00,7.452081666666667
2021-08-06 02:00:00,7.297648333333333
2021-08-06 03:00:00,6.833171666666667
2021-08-06 04:00:00,6.80764
2021-08-06 05:00:00,7.239445
2021-08-06 06:00:00,16.366273333333332
2021-08-06 07:00:00,93.98948333333333
2021-08-06 08:00:00,197.52
2021-08-06 09:00:00,163.2014333333333
2021-08-06 10:00:00,171.12133333333335
2021-08-06 11:00:00,111.37169999999999
2021-08-06 12:00:00,196.89458333333332
2021-08-06 13:00:00,354.983
2021-08-06 14:00:00,404.122
2021-08-06 15:00:00,305.3028333333333
2021-08-06 16:00:00,152.33646666666667
2021-08-06 17:00:00,65.96853333333334
2021-08-06 18:00:00,12.627596666666667
2021-08-06 19:00:00,6.273881666666667
2021-08-06 20:00:00,5.6221966666666665
2021-08-06 21:00:00,5.912755000000001
2021-08-06 22:00:00,6.52087
2021-08-06 23:00:00,6.959711666666666
2021-08-07 00:00:00,6.893475
2021-08-07 01:00:00,6.636465
2021-08-07 02:00:00,6.605266666666667
2021-08-07 03:00:00,6.867965
2021-08-07 04:00:00,7.059001666666666
2021-08-07 05:00:00,7.021958333333333
2021-08-07 06:00:00,19.274245
2021-08-07 07:00:00,102.97838333333333
2021-08-07 08:00:00,266.4873333333333
2021-08-07 09:00:00,345.2476666666667
2021-08-07 10:00:00,382.78799999999995
2021-08-07 11:00:00,329.5901666666667
2021-08-07 12:00:00,247.9993333333333
2021-08-07 13:00:00,173.17340000000002
2021-08-07 14:00:00,106.70003333333334
2021-08-07 15:00:00,89.64631666666668
2021-08-07 16:00:00,85.73176666666667
2021-08-07 17:00:00,59.58006666666667
2021-08-07 18:00:00,25.05218166666667
2021-08-07 19:00:00,6.672479999999999
2021-08-07 20:00:00,6.413646666666667
2021-08-07 21:00:00,6.351375
2021-08-07 22:00:00,6.478565000000001
2021-08-07 23:00:00,6.88261
2021-08-08 00:00:00,6.566556666666667
2021-08-08 01:00:00,6.505935
2021-08-08 02:00:00,6.652873333333333
2021-08-08 03:00:00,6.759498333333334
2021-08-08 04:00:00,6.674848333333333
2021-08-08 05:00:00,6.6199699999999995
2021-08-08 06:00:00,17.493698333333334
2021-08-08 07:00:00,64.65035
2021-08-08 08:00:00,89.70491666666666
2021-08-08 09:00:00,208.22133333333335
2021-08-08 10:00:00,178.80603333333332
2021-08-08 11:00:00,253.73433333333332
2021-08-08 12:00:00,386.003
2021-08-08 13:00:00,361.6385
2021-08-08 14:00:00,324.0168333333333
2021-08-08 15:00:00,217.986
2021-08-08 16:00:00,147.95203333333333
2021-08-08 17:00:00,62.924616666666665
2021-08-08 18:00:00,21.385081666666668
2021-08-08 19:00:00,5.096486666666666
2021-08-08 20:00:00,5.18294
2021-08-08 21:00:00,5.37956
2021-08-08 22:00:00,5.531956666666667
2021-08-08 23:00:00,5.260196666666667
2021-08-09 00:00:00,5.606096666666667
2021-08-09 01:00:00,5.727483333333334
2021-08-09 02:00:00,5.95879
2021-08-09 03:00:00,6.456658333333333
2021-08-09 04:00:00,6.390451666666666
2021-08-09 05:00:00,6.750571666666667
2021-08-09 06:00:00,47.59036833333333
2021-08-09 07:00:00,61.215983333333334
2021-08-09 08:00:00,161.72823333333332
2021-08-09 09:00:00,405.5735
2021-08-09 10:00:00,358.37600000000003
2021-08-09 11:00:00,478.91299999999995
2021-08-09 12:00:00,541.2153333333333
2021-08-09 13:00:00,225.69933333333333
2021-08-09 14:00:00,159.84856666666667
2021-08-09 15:00:00,131.32248333333334
2021-08-09 16:00:00,107.00041666666667
2021-08-09 17:00:00,37.720083333333335
2021-08-09 18:00:00,16.173616666666668
2021-08-09 19:00:00,6.493390000000001
2021-08-09 20:00:00,6.078286666666667
2021-08-09 21:00:00,6.2697650000000005
2021-08-09 22:00:00,6.42238
2021-08-09 23:00:00,6.539933333333334
2021-08-10 00:00:00,6.91071
2021-08-10 01:00:00,6.855443333333333
2021-08-10 02:00:00,6.912308333333333
2021-08-10 03:00:00,7.125351666666666
2021-08-10 04:00:00,7.461406666666666
2021-08-10 05:00:00,7.558795
2021-08-10 06:00:00,28.853621666666665
2021-08-10 07:00:00,159.53086666666667
2021-08-10 08:00:00,297.9713333333333
2021-08-10 09:00:00,189.40671666666668
2021-08-10 10:00:00,188.08066666666667
2021-08-10 11:00:00,189.26584999999997
2021-08-10 12:00:00,307.39733333333334
2021-08-10 13:00:00,218.4265
2021-08-10 14:00:00,187.5585
2021-08-10 15:00:00,212.84216666666669
2021-08-10 16:00:00,135.56453333333334
2021-08-10 17:00:00,63.09315
2021-08-10 18:00:00,25.489305
2021-08-10 19:00:00,5.9102716666666675
2021-08-10 20:00:00,5.952681666666666
2021-08-10 21:00:00,6.160331666666666
2021-08-10 22:00:00,6.388261666666667
2021-08-10 23:00:00,6.72462
2021-08-11 00:00:00,6.842156666666667
2021-08-11 01:00:00,6.803593333333334
2021-08-11 02:00:00,6.748411666666667
2021-08-11 03:00:00,6.770581666666667
2021-08-11 04:00:00,7.123356666666667
2021-08-11 05:00:00,6.085615000000001
2021-08-11 06:00:00,27.131308333333333
2021-08-11 07:00:00,108.8053
2021-08-11 08:00:00,267.63485000000003
2021-08-11 09:00:00,488.3895
2021-08-11 10:00:00,610.3898333333333
2021-08-11 11:00:00,546.2468333333333
2021-08-11 12:00:00,558.5996666666667
2021-08-11 13:00:00,426.7511666666667
2021-08-11 14:00:00,415.062
2021-08-11 15:00:00,414.8713333333333
2021-08-11 16:00:00,349.0918333333333
2021-08-11 17:00:00,163.21833333333333
2021-08-11 18:00:00,21.024698333333333
2021-08-11 19:00:00,5.27319
2021-08-11 20:00:00,5.484971666666667
2021-08-11 21:00:00,6.034198333333333
2021-08-11 22:00:00,6.41258
2021-08-11 23:00:00,6.37399
2021-08-12 00:00:00,6.579636666666667
2021-08-12 01:00:00,6.564991666666667
2021-08-12 02:00:00,6.594473333333334
2021-08-12 03:00:00,6.662316666666666
2021-08-12 04:00:00,6.409071666666667
2021-08-12 05:00:00,6.67707
2021-08-12 06:00:00,60.69699333333333
2021-08-12 07:00:00,85.91576666666667
2021-08-12 08:00:00,363.0503
2021-08-12 09:00:00,456.9671666666666
2021-08-12 10:00:00,411.6235
2021-08-12 11:00:00,428.00183333333337
2021-08-12 12:00:00,670.1791666666667
2021-08-12 13:00:00,714.7988333333334
2021-08-12 14:00:00,631.5885
2021-08-12 15:00:00,182.05483333333333
2021-08-12 16:00:00,134.07995
2021-08-12 17:00:00,96.88601666666666
2021-08-12 18:00:00,28.985206666666667
2021-08-12 19:00:00,6.070165
2021-08-12 20:00:00,5.842668333333333
2021-08-12 21:00:00,5.729078333333334
2021-08-12 22:00:00,5.865191666666666
2021-08-12 23:00:00,5.815693333333333
2021-08-13 00:00:00,6.1224316666666665
2021-08-13 01:00:00,5.844978333333334
2021-08-13 02:00:00,5.707388333333333
2021-08-13 03:00:00,5.826741666666666
2021-08-13 04:00:00,5.870721666666666
2021-08-13 05:00:00,5.990103333333334
2021-08-13 06:00:00,62.576875
2021-08-13 07:00:00,224.24633333333335
2021-08-13 08:00:00,403.18850000000003
2021-08-13 09:00:00,321.11001666666664
2021-08-13 10:00:00,300.3396333333333
2021-08-13 11:00:00,144.35435
2021-08-13 12:00:00,289.82516666666663
2021-08-13 13:00:00,431.7138333333333
2021-08-13 14:00:00,358.0051666666667
2021-08-13 15:00:00,430.93266666666665
2021-08-13 16:00:00,139.63340000000002
2021-08-13 17:00:00,75.59223333333333
2021-08-13 18:00:00,23.886623333333333
2021-08-13 19:00:00,5.528438333333333
2021-08-13 20:00:00,5.846503333333334
2021-08-13 21:00:00,6.224825
2021-08-13 22:00:00,6.399063333333333
2021-08-13 23:00:00,6.272663333333333
2021-08-14 00:00:00,6.333566666666667
2021-08-14 01:00:00,6.300518333333333
2021-08-14 02:00:00,6.4842466666666665
2021-08-14 03:00:00,6.116811666666666
2021-08-14 04:00:00,5.935005
2021-08-14 05:00:00,6.541316666666666
2021-08-14 06:00:00,21.730908333333332
2021-08-14 07:00:00,70.45955000000001
2021-08-14 08:00:00,156.89318333333333
2021-08-14 09:00:00,88.79025
2021-08-14 10:00:00,38.364916666666666
2021-08-14 11:00:00,154.92860000000002
2021-08-14 12:00:00,300.74016666666665
2021-08-14 13:00:00,254.94525000000002
2021-08-14 14:00:00,181.63503333333335
2021-08-14 15:00:00,146.50201666666666
2021-08-14 16:00:00,263.9809833333333
2021-08-14 17:00:00,43.03261666666666
2021-08-14 18:00:00,26.380996666666665
2021-08-14 19:00:00,5.527308333333334
2021-08-14 20:00:00,5.982991666666667
2021-08-14 21:00:00,6.484348333333333
2021-08-14 22:00:00,6.537615
2021-08-14 23:00:00,6.614816666666667
2021-08-15 00:00:00,6.65512
2021-08-15 01:00:00,6.622283333333333
2021-08-15 02:00:00,6.390821666666667
2021-08-15 03:00:00,6.303071666666667
2021-08-15 04:00:00,6.481558333333334
2021-08-15 05:00:00,6.714638333333334
2021-08-15 06:00:00,16.237963333333333
2021-08-15 07:00:00,47.811299999999996
2021-08-15 08:00:00,58.78793333333333
2021-08-15 09:00:00,180.27518333333333
2021-08-15 10:00:00,216.8685
2021-08-15 11:00:00,280.0023333333333
2021-08-15 12:00:00,450.64966666666663
2021-08-15 13:00:00,398.1861666666666
2021-08-15 14:00:00,245.4705
2021-08-15 15:00:00,336.36716666666666
2021-08-15 16:00:00,142.06041666666667
2021-08-15 17:00:00,66.58168333333333
2021-08-15 18:00:00,13.201780000000001
2021-08-15 19:00:00,4.861043333333333
2021-08-15 20:00:00,5.415918333333334
2021-08-15 21:00:00,5.522453333333333
2021-08-15 22:00:00,5.715403333333333
2021-08-15 23:00:00,6.13622
2021-08-16 00:00:00,6.150888333333333
2021-08-16 01:00:00,6.270255000000001
2021-08-16 02:00:00,6.6322399999999995
2021-08-16 03:00:00,6.689161666666666
2021-08-16 04:00:00,6.6267016666666665
2021-08-16 05:00:00,7.30627
2021-08-16 06:00:00,42.66411666666667
2021-08-16 07:00:00,132.2535
2021-08-16 08:00:00,324.8834666666667
2021-08-16 09:00:00,214.23436666666666
2021-08-16 10:00:00,340.314
2021-08-16 11:00:00,394.7078666666667
2021-08-16 12:00:00,398.2135833333333
2021-08-16 13:00:00,542.6883333333333
2021-08-16 14:00:00,390.42199999999997
2021-08-16 15:00:00,522.3038333333333
2021-08-16 16:00:00,341.1983333333334
2021-08-16 17:00:00,32.62808333333333
2021-08-16 18:00:00,19.976831666666666
2021-08-16 19:00:00,4.683411666666667
2021-08-16 20:00:00,4.9830033333333335
2021-08-16 21:00:00,5.319588333333333
2021-08-16 22:00:00,5.832233333333334
2021-08-16 23:00:00,5.6687916666666665
2021-08-17 00:00:00,5.6027
2021-08-17 01:00:00,5.727733333333333
2021-08-17 02:00:00,5.988508333333333
2021-08-17 03:00:00,5.91495
2021-08-17 04:00:00,5.966501666666667
2021-08-17 05:00:00,6.506601666666667
2021-08-17 06:00:00,49.63853166666667
2021-08-17 07:00:00,131.05955
2021-08-17 08:00:00,376.43716666666666
2021-08-17 09:00:00,524.8831666666666
2021-08-17 10:00:00,660.0939999999999
2021-08-17 11:00:00,706.0123333333333
2021-08-17 12:00:00,590.5796666666666
2021-08-17 13:00:00,606.777
2021-08-17 14:00:00,679.5028333333333
2021-08-17 15:00:00,501.26383333333337
2021-08-17 16:00:00,340.90116666666665
2021-08-17 17:00:00,36.1634
2021-08-17 18:00:00,18.38576
2021-08-17 19:00:00,4.8539433333333335
2021-08-17 20:00:00,4.745961666666667
2021-08-17 21:00:00,4.981351666666667
2021-08-17 22:00:00,5.067521666666667
2021-08-17 23:00:00,5.22911
2021-08-18 00:00:00,5.23834
2021-08-18 01:00:00,5.282701666666667
2021-08-18 02:00:00,5.281016666666667
2021-08-18 03:00:00,5.365536666666667
2021-08-18 04:00:00,5.5088816666666665
2021-08-18 05:00:00,5.652151666666667
2021-08-18 06:00:00,36.42012666666667
2021-08-18 07:00:00,151.31075
2021-08-18 08:00:00,336.91583333333335
2021-08-18 09:00:00,528.3151666666666
2021-08-18 10:00:00,615.1395
2021-08-18 11:00:00,420.3233333333334
2021-08-18 12:00:00,330.07966666666664
2021-08-18 13:00:00,618.323
2021-08-18 14:00:00,353.46885000000003
2021-08-18 15:00:00,52.14795
2021-08-18 16:00:00,32.59953333333333
2021-08-18 17:00:00,37.201633333333334
2021-08-18 18:00:00,17.731796666666664
2021-08-18 19:00:00,4.7389383333333335
2021-08-18 20:00:00,4.834616666666666
2021-08-18 21:00:00,4.827273333333333
2021-08-18 22:00:00,4.625318333333333
2021-08-18 23:00:00,4.406816666666667
2021-08-19 00:00:00,4.4197516666666665
2021-08-19 01:00:00,4.430741666666666
2021-08-19 02:00:00,4.561215000000001
2021-08-19 03:00:00,4.375665
2021-08-19 04:00:00,4.331788333333334
2021-08-19 05:00:00,4.688163333333334
2021-08-19 06:00:00,41.96751666666667
2021-08-19 07:00:00,202.51783333333333
2021-08-19 08:00:00,305.43033333333335
2021-08-19 09:00:00,516.9663333333333
2021-08-19 10:00:00,672.689
2021-08-19 11:00:00,145.69383333333332
2021-08-19 12:00:00,195.31766666666667
2021-08-19 13:00:00,188.34248333333335
2021-08-19 14:00:00,217.17008333333334
2021-08-19 15:00:00,339.79583333333335
2021-08-19 16:00:00,330.33250000000004
2021-08-19 17:00:00,50.02545
2021-08-19 18:00:00,13.921088333333334
2021-08-19 19:00:00,3.919573333333333
2021-08-19 20:00:00,3.829673333333333
2021-08-19 21:00:00,3.8647883333333337
2021-08-19 22:00:00,3.9494366666666667
2021-08-19 23:00:00,3.9678416666666667
2021-08-20 00:00:00,3.993565
2021-08-20 01:00:00,4.059688333333333
2021-08-20 02:00:00,4.06517
2021-08-20 03:00:00,4.019305
2021-08-20 04:00:00,3.9807883333333334
2021-08-20 05:00:00,4.179403333333333
2021-08-20 06:00:00,47.14480666666667
2021-08-20 07:00:00,200.1575
2021-08-20 08:00:00,315.4558833333333
2021-08-20 09:00:00,319.4844333333333
2021-08-20 10:00:00,419.89866666666666
2021-08-20 11:00:00,609.0378333333333
2021-08-20 12:00:00,732.8588333333333
2021-08-20 13:00:00,732.2528333333333
2021-08-20 14:00:00,638.3895
2021-08-20 15:00:00,488.889
2021-08-20 16:00:00,178.7587
2021-08-20 17:00:00,55.72803333333333
2021-08-20 18:00:00,16.343696666666666
2021-08-20 19:00:00,3.888176666666667
2021-08-20 20:00:00,3.7690383333333335
2021-08-20 21:00:00,3.741433333333333
2021-08-20 22:00:00,3.7322816666666667
2021-08-20 23:00:00,3.6865
2021-08-21 00:00:00,3.5433033333333332
2021-08-21 01:00:00,3.56176
2021-08-21 02:00:00,3.5691550000000003
2021-08-21 03:00:00,3.605951666666667
2021-08-21 04:00:00,3.596696666666667
2021-08-21 05:00:00,3.9237183333333334
2021-08-21 06:00:00,41.324075
2021-08-21 07:00:00,182.63593333333333
2021-08-21 08:00:00,368.2347
2021-08-21 09:00:00,410.84274999999997
2021-08-21 10:00:00,534.2835
2021-08-21 11:00:00,645.3170000000001
2021-08-21 12:00:00,741.2591666666667
2021-08-21 13:00:00,711.1281666666667
2021-08-21 14:00:00,631.2498333333333
2021-08-21 15:00:00,364.7486666666666
2021-08-21 16:00:00,290.4495
2021-08-21 17:00:00,109.03866666666666
2021-08-21 18:00:00,25.738580000000002
2021-08-21 19:00:00,3.2765516666666668
2021-08-21 20:00:00,3.2070683333333334
2021-08-21 21:00:00,3.1611350000000003
2021-08-21 22:00:00,3.0691816666666667
2021-08-21 23:00:00,2.86714
2021-08-22 00:00:00,2.7992333333333335
2021-08-22 01:00:00,2.762605
2021-08-22 02:00:00,2.727655
2021-08-22 03:00:00,2.58075
2021-08-22 04:00:00,2.5312016666666666
2021-08-22 05:00:00,2.63229
2021-08-22 06:00:00,48.30831333333333
2021-08-22 07:00:00,165.9466833333333
2021-08-22 08:00:00,301.68170000000003
2021-08-22 09:00:00,538.7506666666667
2021-08-22 10:00:00,589.1866666666666
2021-08-22 11:00:00,604.446
2021-08-22 12:00:00,751.376
2021-08-22 13:00:00,724.0005
2021-08-22 14:00:00,646.3393333333333
2021-08-22 15:00:00,513.2395
2021-08-22 16:00:00,340.8454333333333
2021-08-22 17:00:00,30.396233333333335
2021-08-22 18:00:00,19.451583333333335
2021-08-22 19:00:00,2.6574833333333334
2021-08-22 20:00:00,2.387805
2021-08-22 21:00:00,2.112286666666667
2021-08-22 22:00:00,2.02962
2021-08-22 23:00:00,2.0756466666666666
2021-08-23 00:00:00,2.059111666666667
2021-08-23 01:00:00,2.0591516666666667
2021-08-23 02:00:00,2.033485
2021-08-23 03:00:00,1.9728400000000001
2021-08-23 04:00:00,1.96368
2021-08-23 05:00:00,2.1657316666666664
2021-08-23 06:00:00,52.44897666666667
2021-08-23 07:00:00,135.39635
2021-08-23 08:00:00,311.62489999999997
2021-08-23 09:00:00,482.97183333333334
2021-08-23 10:00:00,539.8125
2021-08-23 11:00:00,493.47933333333333
2021-08-23 12:00:00,516.2165
2021-08-23 13:00:00,460.58250000000004
2021-08-23 14:00:00,441.71216666666663
2021-08-23 15:00:00,483.7941666666667
2021-08-23 16:00:00,330.9549166666667
2021-08-23 17:00:00,34.24621666666667
2021-08-23 18:00:00,13.540721666666666
2021-08-23 19:00:00,2.3363549999999997
2021-08-23 20:00:00,2.016795
2021-08-23 21:00:00,2.0057766666666668
2021-08-23 22:00:00,1.9855533333333333
2021-08-23 23:00:00,1.91213
2021-08-24 00:00:00,1.8828266666666666
2021-08-24 01:00:00,1.7708033333333333
2021-08-24 02:00:00,1.69367
2021-08-24 03:00:00,1.6458949999999999
2021-08-24 04:00:00,1.493425
2021-08-24 05:00:00,2.033491666666667
2021-08-24 06:00:00,44.20713833333333
2021-08-24 07:00:00,143.63813333333334
2021-08-24 08:00:00,397.4655
2021-08-24 09:00:00,492.74996666666664
2021-08-24 10:00:00,611.3993333333333
2021-08-24 11:00:00,664.8881666666667
2021-08-24 12:00:00,510.7861666666667
2021-08-24 13:00:00,594.4308333333333
2021-08-24 14:00:00,318.5095
2021-08-24 15:00:00,391.6942833333333
2021-08-24 16:00:00,255.25480000000002
2021-08-24 17:00:00,70.54696666666668
2021-08-24 18:00:00,16.552646666666664
2021-08-24 19:00:00,3.280443333333333
2021-08-24 20:00:00,3.2785683333333333
2021-08-24 21:00:00,3.2308966666666667
2021-08-24 22:00:00,3.0197866666666666
2021-08-24 23:00:00,2.981285
2021-08-25 00:00:00,2.9115483333333336
2021-08-25 01:00:00,2.8435616666666665
2021-08-25 02:00:00,2.740666666666667
2021-08-25 03:00:00,2.6892566666666666
2021-08-25 04:00:00,2.630488333333333
2021-08-25 05:00:00,2.75179
2021-08-25 06:00:00,31.862334999999998
2021-08-25 07:00:00,118.46136666666666
2021-08-25 08:00:00,210.57361666666665
2021-08-25 09:00:00,441.66583333333335
2021-08-25 10:00:00,632.6931666666666
2021-08-25 11:00:00,599.7136666666667
2021-08-25 12:00:00,632.211
2021-08-25 13:00:00,638.7481666666666
2021-08-25 14:00:00,414.51113333333336
2021-08-25 15:00:00,92.70651666666666
2021-08-25 16:00:00,157.72015000000002
2021-08-25 17:00:00,60.692483333333335
2021-08-25 18:00:00,15.028906666666668
2021-08-25 19:00:00,2.821258333333333
2021-08-25 20:00:00,2.65978
2021-08-25 21:00:00,2.599193333333333
2021-08-25 22:00:00,2.5753133333333333
2021-08-25 23:00:00,2.3863649999999996
2021-08-26 00:00:00,2.70066
2021-08-26 01:00:00,2.8936116666666667
2021-08-26 02:00:00,3.005571666666667
2021-08-26 03:00:00,3.21325
2021-08-26 04:00:00,3.4225733333333332
2021-08-26 05:00:00,3.991878333333333
2021-08-26 06:00:00,45.032985000000004
2021-08-26 07:00:00,208.87316666666666
2021-08-26 08:00:00,273.39483333333334
2021-08-26 09:00:00,456.33916666666664
2021-08-26 10:00:00,669.4096666666667
2021-08-26 11:00:00,706.0793333333334
2021-08-26 12:00:00,609.7968333333333
2021-08-26 13:00:00,719.355
2021-08-26 14:00:00,640.2871666666667
2021-08-26 15:00:00,428.53476666666666
2021-08-26 16:00:00,171.93295
2021-08-26 17:00:00,38.96618333333333
2021-08-26 18:00:00,9.45461
2021-08-26 19:00:00,3.4310183333333333
2021-08-26 20:00:00,3.67002
2021-08-26 21:00:00,3.9895349999999996
2021-08-26 22:00:00,3.7233116666666666
2021-08-26 23:00:00,3.9437533333333334
2021-08-27 00:00:00,3.704893333333333
2021-08-27 01:00:00,3.574585
2021-08-27 02:00:00,3.5949
2021-08-27 03:00:00,3.514078333333333
2021-08-27 04:00:00,3.4902466666666667
2021-08-27 05:00:00,3.6114933333333337
2021-08-27 06:00:00,12.043943333333335
2021-08-27 07:00:00,37.264466666666664
2021-08-27 08:00:00,135.27488333333335
2021-08-27 09:00:00,256.3551166666667
2021-08-27 10:00:00,50.58051666666667
2021-08-27 11:00:00,11.692306666666667
2021-08-27 12:00:00,34.334849999999996
2021-08-27 13:00:00,13.585166666666668
2021-08-27 14:00:00,17.3238
2021-08-27 15:00:00,14.396383333333334
2021-08-27 16:00:00,20.10555
2021-08-27 17:00:00,19.611683333333335
2021-08-27 18:00:00,10.981021666666667
2021-08-27 19:00:00,5.686886666666667
2021-08-27 20:00:00,5.400185
2021-08-27 21:00:00,5.047389999999999
2021-08-27 22:00:00,5.0344750000000005
2021-08-27 23:00:00,5.13725
2021-08-28 00:00:00,5.094763333333333
2021-08-28 01:00:00,5.019193333333334
2021-08-28 02:00:00,4.346716666666667
2021-08-28 03:00:00,4.480875
2021-08-28 04:00:00,4.925418333333334
2021-08-28 05:00:00,4.813325000000001
2021-08-28 06:00:00,19.07525
2021-08-28 07:00:00,111.4535
2021-08-28 08:00:00,332.0991666666667
2021-08-28 09:00:00,425.4926666666667
2021-08-28 10:00:00,459.32783333333333
2021-08-28 11:00:00,261.39661666666666
2021-08-28 12:00:00,26.444248333333334
2021-08-28 13:00:00,304.1503
2021-08-28 14:00:00,634.7638333333333
2021-08-28 15:00:00,513.2226666666667
2021-08-28 16:00:00,313.2921
2021-08-28 17:00:00,85.72794999999999
2021-08-28 18:00:00,16.749086666666667
2021-08-28 19:00:00,3.0254333333333334
2021-08-28 20:00:00,3.3820316666666668
2021-08-28 21:00:00,3.9940833333333337
2021-08-28 22:00:00,4.69395
2021-08-28 23:00:00,5.560586666666667
2021-08-29 00:00:00,5.545741666666667
2021-08-29 01:00:00,5.385981666666667
2021-08-29 02:00:00,5.136193333333334
2021-08-29 03:00:00,4.969091666666667
2021-08-29 04:00:00,5.277801666666666
2021-08-29 05:00:00,5.3639616666666665
2021-08-29 06:00:00,28.322221666666668
2021-08-29 07:00:00,115.15906666666666
2021-08-29 08:00:00,40.83256666666667
2021-08-29 09:00:00,85.58261666666667
2021-08-29 10:00:00,86.28536833333332
2021-08-29 11:00:00,141.41451666666666
2021-08-29 12:00:00,277.905
2021-08-29 13:00:00,527.7776666666666
2021-08-29 14:00:00,664.419
2021-08-29 15:00:00,511.07466666666664
2021-08-29 16:00:00,262.3958333333333
2021-08-29 17:00:00,93.28098333333334
2021-08-29 18:00:00,16.770345
2021-08-29 19:00:00,3.976576666666667
2021-08-29 20:00:00,4.660085
2021-08-29 21:00:00,4.893468333333333
2021-08-29 22:00:00,4.9780750000000005
2021-08-29 23:00:00,5.17657
2021-08-30 00:00:00,5.327231666666666
2021-08-30 01:00:00,5.358321666666667
2021-08-30 02:00:00,5.090154999999999
2021-08-30 03:00:00,4.788978333333334
2021-08-30 04:00:00,4.849591666666667
2021-08-30 05:00:00,5.0479883333333335
2021-08-30 06:00:00,45.51497
2021-08-30 07:00:00,197.28145
2021-08-30 08:00:00,409.3305
2021-08-30 09:00:00,616.3166666666667
2021-08-30 10:00:00,676.7688333333333
2021-08-30 11:00:00,744.1458333333334
2021-08-30 12:00:00,772.5541666666667
2021-08-30 13:00:00,691.5111666666667
2021-08-30 14:00:00,291.58700000000005
2021-08-30 15:00:00,221.10033333333334
2021-08-30 16:00:00,301.88433333333336
2021-08-30 17:00:00,115.49941666666668
2021-08-30 18:00:00,21.486281666666667
2021-08-30 19:00:00,3.19229
2021-08-30 20:00:00,3.3192466666666665
2021-08-30 21:00:00,3.4442566666666665
2021-08-30 22:00:00,3.6647233333333333
2021-08-30 23:00:00,3.60042
2021-08-31 00:00:00,3.6849483333333333
2021-08-31 01:00:00,3.6353716666666664
2021-08-31 02:00:00,3.517775
2021-08-31 03:00:00,3.332291666666667
2021-08-31 04:00:00,3.35431
2021-08-31 05:00:00,3.28265
2021-08-31 06:00:00,39.198155
2021-08-31 07:00:00,161.6574
2021-08-31 08:00:00,123.26763333333334
2021-08-31 09:00:00,210.83265
2021-08-31 10:00:00,154.40966666666665
2021-08-31 11:00:00,33.492
2021-08-31 12:00:00,57.81513333333333
2021-08-31 13:00:00,14.767249999999999
2021-08-31 14:00:00,109.63155
2021-08-31 15:00:00,246.015
2021-08-31 16:00:00,81.61138333333334
2021-08-31 17:00:00,20.471625
2021-08-31 18:00:00,5.32953
2021-08-31 19:00:00,4.080408333333334
2021-08-31 20:00:00,4.372468333333333
2021-08-31 21:00:00,4.710591666666667
2021-08-31 22:00:00,4.730735
2021-08-31 23:00:00,4.79492
2021-09-01 00:00:00,4.840456666666666
2021-09-01 01:00:00,4.750296666666667
2021-09-01 02:00:00,4.987373333333333
2021-09-01 03:00:00,4.991333333333333
2021-09-01 04:00:00,5.504038333333333
2021-09-01 05:00:00,5.1071816666666665
2021-09-01 06:00:00,57.93532666666667
2021-09-01 07:00:00,136.75866666666667
2021-09-01 08:00:00,180.55278333333334
2021-09-01 09:00:00,322.6516833333333
2021-09-01 10:00:00,238.38636666666667
2021-09-01 11:00:00,223.34275
2021-09-01 12:00:00,526.9301666666667
2021-09-01 13:00:00,377.41055
2021-09-01 14:00:00,430.9368333333333
2021-09-01 15:00:00,512.5558333333333
2021-09-01 16:00:00,220.67856666666665
2021-09-01 17:00:00,69.90328333333333
2021-09-01 18:00:00,10.788556666666667
2021-09-01 19:00:00,3.8996633333333337
2021-09-01 20:00:00,4.491373333333333
2021-09-01 21:00:00,4.945679999999999
2021-09-01 22:00:00,5.739198333333333
2021-09-01 23:00:00,6.073165
2021-09-02 00:00:00,6.133821666666666
2021-09-02 01:00:00,6.166733333333334
2021-09-02 02:00:00,6.023468333333333
2021-09-02 03:00:00,5.946283333333333
2021-09-02 04:00:00,5.898593333333333
2021-09-02 05:00:00,6.390891666666667
2021-09-02 06:00:00,43.764633333333336
2021-09-02 07:00:00,181.19743333333332
2021-09-02 08:00:00,359.21200000000005
2021-09-02 09:00:00,561.6728333333334
2021-09-02 10:00:00,505.767
2021-09-02 11:00:00,633.4303333333334
2021-09-02 12:00:00,686.8728333333333
2021-09-02 13:00:00,577.6836666666666
2021-09-02 14:00:00,637.7233333333334
2021-09-02 15:00:00,510.511
2021-09-02 16:00:00,359.1375
2021-09-02 17:00:00,110.58054999999999
2021-09-02 18:00:00,15.579225000000001
2021-09-02 19:00:00,3.3135583333333334
2021-09-02 20:00:00,3.62596
2021-09-02 21:00:00,3.87953
2021-09-02 22:00:00,3.975193333333334
2021-09-02 23:00:00,4.118533333333334
2021-09-03 00:00:00,4.247088333333333
2021-09-03 01:00:00,4.315063333333333
2021-09-03 02:00:00,4.618146666666666
2021-09-03 03:00:00,4.700805
2021-09-03 04:00:00,4.641966666666666
2021-09-03 05:00:00,4.533675000000001
2021-09-03 06:00:00,36.088321666666666
2021-09-03 07:00:00,90.16903333333333
2021-09-03 08:00:00,321.92533333333336
2021-09-03 09:00:00,397.06966666666665
2021-09-03 10:00:00,573.5328333333333
2021-09-03 11:00:00,788.5028333333333
2021-09-03 12:00:00,470.64691666666664
2021-09-03 13:00:00,243.60005
2021-09-03 14:00:00,388.70250000000004
2021-09-03 15:00:00,501.66566666666665
2021-09-03 16:00:00,340.2493333333333
2021-09-03 17:00:00,96.44669999999999
2021-09-03 18:00:00,8.699313333333333
2021-09-03 19:00:00,2.76618
2021-09-03 20:00:00,3.052808333333333
2021-09-03 21:00:00,3.2734266666666665
2021-09-03 22:00:00,3.5875566666666665
2021-09-03 23:00:00,3.580251666666667
2021-09-04 00:00:00,3.6831216666666666
2021-09-04 01:00:00,3.6463916666666667
2021-09-04 02:00:00,3.7419133333333336
2021-09-04 03:00:00,3.582126666666667
2021-09-04 04:00:00,3.4811150000000004
2021-09-04 05:00:00,3.534343333333333
2021-09-04 06:00:00,55.23996666666667
2021-09-04 07:00:00,212.60366666666667
2021-09-04 08:00:00,313.89966666666663
2021-09-04 09:00:00,284.29741666666666
2021-09-04 10:00:00,200.11003333333332
2021-09-04 11:00:00,783.8905
2021-09-04 12:00:00,789.0074999999999
2021-09-04 13:00:00,718.0613333333333
2021-09-04 14:00:00,588.0975
2021-09-04 15:00:00,499.513
2021-09-04 16:00:00,313.01651666666663
2021-09-04 17:00:00,93.34451666666668
2021-09-04 18:00:00,8.374576666666666
2021-09-04 19:00:00,3.1593299999999997
2021-09-04 20:00:00,3.4955783333333335
2021-09-04 21:00:00,3.701365
2021-09-04 22:00:00,3.8391900000000003
2021-09-04 23:00:00,3.96418
2021-09-05 00:00:00,4.180963333333334
2021-09-05 01:00:00,4.30217
2021-09-05 02:00:00,4.544675
2021-09-05 03:00:00,4.458304999999999
2021-09-05 04:00:00,4.263633333333334
2021-09-05 05:00:00,4.3518083333333335
2021-09-05 06:00:00,29.987821666666665
2021-09-05 07:00:00,141.3644
2021-09-05 08:00:00,422.34881666666666
2021-09-05 09:00:00,546.3169999999999
2021-09-05 10:00:00,694.1368333333334
2021-09-05 11:00:00,752.1965
2021-09-05 12:00:00,785.8259999999999
2021-09-05 13:00:00,721.3328333333334
2021-09-05 14:00:00,593.6145
2021-09-05 15:00:00,363.758
2021-09-05 16:00:00,260.78843333333333
2021-09-05 17:00:00,116.7707
2021-09-05 18:00:00,7.24687
2021-09-05 19:00:00,2.5475583333333334
2021-09-05 20:00:00,2.7423433333333334
2021-09-05 21:00:00,3.01254
2021-09-05 22:00:00,3.0272983333333334
2021-09-05 23:00:00,3.0603583333333333
2021-09-06 00:00:00,3.029141666666667
2021-09-06 01:00:00,3.07323
2021-09-06 02:00:00,2.972215
2021-09-06 03:00:00,2.9318283333333337
2021-09-06 04:00:00,2.8895816666666665
2021-09-06 05:00:00,2.9208783333333335
2021-09-06 06:00:00,20.602221666666665
2021-09-06 07:00:00,156.33031666666665
2021-09-06 08:00:00,351.1221666666667
2021-09-06 09:00:00,517.9618333333333
2021-09-06 10:00:00,634.7855
2021-09-06 11:00:00,712.0026666666668
2021-09-06 12:00:00,685.9641666666666
2021-09-06 13:00:00,479.6188333333333
2021-09-06 14:00:00,373.69
2021-09-06 15:00:00,356.7625
2021-09-06 16:00:00,185.85983333333334
2021-09-06 17:00:00,76.22465000000001
2021-09-06 18:00:00,5.7541183333333334
2021-09-06 19:00:00,2.088405
2021-09-06 20:00:00,2.2115116666666665
2021-09-06 21:00:00,2.2923983333333333
2021-09-06 22:00:00,2.2832233333333334
2021-09-06 23:00:00,2.32551
2021-09-07 00:00:00,2.323628333333333
2021-09-07 01:00:00,2.1527583333333333
2021-09-07 02:00:00,2.108706666666667
2021-09-07 03:00:00,2.0829816666666665
2021-09-07 04:00:00,2.0738183333333335
2021-09-07 05:00:00,2.2042833333333336
2021-09-07 06:00:00,43.61434666666666
2021-09-07 07:00:00,230.61093333333332
2021-09-07 08:00:00,424.0133333333333
2021-09-07 09:00:00,563.5368333333333
2021-09-07 10:00:00,582.3303333333333
2021-09-07 11:00:00,540.1895
2021-09-07 12:00:00,346.24516666666665
2021-09-07 13:00:00,565.6693333333334
2021-09-07 14:00:00,637.4715
2021-09-07 15:00:00,477.0695
2021-09-07 16:00:00,266.20643333333334
2021-09-07 17:00:00,65.45501666666667
2021-09-07 18:00:00,5.405171666666666
2021-09-07 19:00:00,2.0296183333333335
2021-09-07 20:00:00,2.0002566666666666
2021-09-07 21:00:00,1.9947650000000001
2021-09-07 22:00:00,2.002161666666667
2021-09-07 23:00:00,2.0242166666666668
2021-09-08 00:00:00,2.0242116666666665
2021-09-08 01:00:00,1.98561
2021-09-08 02:00:00,1.9746333333333332
2021-09-08 03:00:00,2.35128
2021-09-08 04:00:00,2.6086466666666666
2021-09-08 05:00:00,2.875121666666667
2021-09-08 06:00:00,40.52588333333333
2021-09-08 07:00:00,186.69603333333333
2021-09-08 08:00:00,370.1756666666667
2021-09-08 09:00:00,568.4728333333334
2021-09-08 10:00:00,709.8968333333333
2021-09-08 11:00:00,752.7461666666666
2021-09-08 12:00:00,759.5713333333333
2021-09-08 13:00:00,725.2468333333333
2021-09-08 14:00:00,632.3013333333333
2021-09-08 15:00:00,498.55833333333334
2021-09-08 16:00:00,325.269
2021-09-08 17:00:00,127.42043333333332
2021-09-08 18:00:00,6.563606666666667
2021-09-08 19:00:00,2.0884300000000002
2021-09-08 20:00:00,2.349353333333333
2021-09-08 21:00:00,2.4522633333333332
2021-09-08 22:00:00,2.643401666666667
2021-09-08 23:00:00,2.6415733333333336
2021-09-09 00:00:00,2.626908333333333
2021-09-09 01:00:00,2.590146666666667
2021-09-09 02:00:00,2.5295383333333334
2021-09-09 03:00:00,2.450575
2021-09-09 04:00:00,2.399121666666667
2021-09-09 05:00:00,2.391926666666667
2021-09-09 06:00:00,23.202166666666667
2021-09-09 07:00:00,169.64028333333331
2021-09-09 08:00:00,327.3816666666667
2021-09-09 09:00:00,514.5075
2021-09-09 10:00:00,652.2183333333334
2021-09-09 11:00:00,683.506
2021-09-09 12:00:00,719.3213333333333
2021-09-09 13:00:00,682.6286666666667
2021-09-09 14:00:00,606.1333333333333
2021-09-09 15:00:00,472.43283333333335
2021-09-09 16:00:00,306.4715
2021-09-09 17:00:00,105.4486
2021-09-09 18:00:00,6.638868333333334
2021-09-09 19:00:00,1.9561633333333333
2021-09-09 20:00:00,1.9800666666666666
2021-09-09 21:00:00,1.9837666666666667
2021-09-09 22:00:00,1.97645
2021-09-09 23:00:00,1.9580783333333334
2021-09-10 00:00:00,1.9342116666666667
2021-09-10 01:00:00,1.8534366666666666
2021-09-10 02:00:00,1.8240733333333334
2021-09-10 03:00:00,1.6495683333333333
2021-09-10 04:00:00,1.5540733333333334
2021-09-10 05:00:00,1.7065616666666665
2021-09-10 06:00:00,28.643795
2021-09-10 07:00:00,176.0807166666667
2021-09-10 08:00:00,223.796
2021-09-10 09:00:00,421.441
2021-09-10 10:00:00,540.8071666666667
2021-09-10 11:00:00,743.4053333333334
2021-09-10 12:00:00,736.2186666666668
2021-09-10 13:00:00,697.5601666666666
2021-09-10 14:00:00,612.34
2021-09-10 15:00:00,484.75716666666665
2021-09-10 16:00:00,313.87183333333337
2021-09-10 17:00:00,127.47653333333332
2021-09-10 18:00:00,7.700251666666667
2021-09-10 19:00:00,1.8202316666666667
2021-09-10 20:00:00,1.75968
2021-09-10 21:00:00,1.5760233333333333
2021-09-10 22:00:00,1.443815
2021-09-10 23:00:00,1.4034149999999999
2021-09-11 00:00:00,1.359325
2021-09-11 01:00:00,1.3556616666666668
2021-09-11 02:00:00,1.3795483333333334
2021-09-11 03:00:00,1.3336166666666667
2021-09-11 04:00:00,1.3225933333333333
2021-09-11 05:00:00,1.331785
2021-09-11 06:00:00,13.08093
2021-09-11 07:00:00,75.34831666666668
2021-09-11 08:00:00,207.94016666666667
2021-09-11 09:00:00,304.614
2021-09-11 10:00:00,469.52816666666666
2021-09-11 11:00:00,551.7221666666667
2021-09-11 12:00:00,581.8866666666667
2021-09-11 13:00:00,579.3525000000001
2021-09-11 14:00:00,460.352
2021-09-11 15:00:00,433.34150000000005
2021-09-11 16:00:00,236.03789999999998
2021-09-11 17:00:00,95.46866666666666
2021-09-11 18:00:00,7.372803333333334
2021-09-11 19:00:00,1.3682383333333334
2021-09-11 20:00:00,1.4527783333333335
2021-09-11 21:00:00,1.6273616666666666
2021-09-11 22:00:00,1.6879933333333335
2021-09-11 23:00:00,1.66227
2021-09-12 00:00:00,1.6897666666666666
2021-09-12 01:00:00,1.5997716666666666
2021-09-12 02:00:00,1.553805
2021-09-12 03:00:00,1.4822233333333334
2021-09-12 04:00:00,1.4933016666666667
2021-09-12 05:00:00,1.452875
2021-09-12 06:00:00,31.355433333333334
2021-09-12 07:00:00,100.42481666666666
2021-09-12 08:00:00,257.7633333333333
2021-09-12 09:00:00,423.3775
2021-09-12 10:00:00,548.1728333333334
2021-09-12 11:00:00,569.7618333333334
2021-09-12 12:00:00,614.8275
2021-09-12 13:00:00,440.0295
2021-09-12 14:00:00,524.7735
2021-09-12 15:00:00,203.7884666666667
2021-09-12 16:00:00,193.59666666666666
2021-09-12 17:00:00,90.41961666666666
2021-09-12 18:00:00,9.491346666666667
2021-09-12 19:00:00,1.4728983333333334
2021-09-12 20:00:00,1.3223
2021-09-12 21:00:00,1.3444066666666667
2021-09-12 22:00:00,1.4344816666666667
2021-09-12 23:00:00,1.4657266666666666
2021-09-13 00:00:00,1.408795
2021-09-13 01:00:00,1.3702031666666667
2021-09-13 02:00:00,1.3004066666666667
2021-09-13 03:00:00,1.2379473333333335
2021-09-13 04:00:00,1.2305953333333333
2021-09-13 05:00:00,1.2912048333333332
2021-09-13 06:00:00,16.495845
2021-09-13 07:00:00,111.82703333333333
2021-09-13 08:00:00,214.1881666666667
2021-09-13 09:00:00,342.45916666666665
2021-09-13 10:00:00,635.1938333333333
2021-09-13 11:00:00,674.4241666666666
2021-09-13 12:00:00,165.40773333333334
2021-09-13 13:00:00,159.71605
2021-09-13 14:00:00,416.3005
2021-09-13 15:00:00,317.0251166666667
2021-09-13 16:00:00,168.03316666666666
2021-09-13 17:00:00,85.53351666666667
2021-09-13 18:00:00,7.79541
2021-09-13 19:00:00,1.3830183333333332
2021-09-13 20:00:00,1.3959249999999999
2021-09-13 21:00:00,1.3022326666666666
2021-09-13 22:00:00,1.1828546666666668
2021-09-13 23:00:00,1.2196216666666666
2021-09-14 00:00:00,1.2508905000000001
2021-09-14 01:00:00,1.3096983333333334
2021-09-14 02:00:00,1.3060684999999999
2021-09-14 03:00:00,1.3189416666666667
2021-09-14 04:00:00,1.3225966666666666
2021-09-14 05:00:00,1.31891
2021-09-14 06:00:00,33.21008333333334
2021-09-14 07:00:00,162.9349
2021-09-14 08:00:00,386.40916666666664
2021-09-14 09:00:00,309.67466666666667
2021-09-14 10:00:00,107.17701666666667
2021-09-14 11:00:00,143.22078333333332
2021-09-14 12:00:00,194.92483333333334
2021-09-14 13:00:00,244.722
2021-09-14 14:00:00,184.88066666666666
2021-09-14 15:00:00,156.7235
2021-09-14 16:00:00,102.60343333333334
2021-09-14 17:00:00,52.98271666666667
2021-09-14 18:00:00,6.1806816666666675
2021-09-14 19:00:00,1.937935
2021-09-14 20:00:00,2.11431
2021-09-14 21:00:00,2.3678316666666666
2021-09-14 22:00:00,2.4541483333333334
2021-09-14 23:00:00,2.356781666666667
2021-09-15 00:00:00,2.191441666666667
2021-09-15 01:00:00,2.1547733333333334
2021-09-15 02:00:00,2.1860416666666667
2021-09-15 03:00:00,2.2705433333333334
2021-09-15 04:00:00,2.1528966666666665
2021-09-15 05:00:00,2.0059733333333334
2021-09-15 06:00:00,25.438803333333333
2021-09-15 07:00:00,179.4853
2021-09-15 08:00:00,347.63766666666663
2021-09-15 09:00:00,507.19183333333336
2021-09-15 10:00:00,647.0346666666667
2021-09-15 11:00:00,304.47999999999996
2021-09-15 12:00:00,648.4169999999999
2021-09-15 13:00:00,292.93365
2021-09-15 14:00:00,484.7128333333333
2021-09-15 15:00:00,304.91433333333333
2021-09-15 16:00:00,217.8644666666667
2021-09-15 17:00:00,33.18601666666667
2021-09-15 18:00:00,4.796668333333333
2021-09-15 19:00:00,1.7080916666666668
2021-09-15 20:00:00,1.8974083333333334
2021-09-15 21:00:00,1.923095
2021-09-15 22:00:00,1.8880716666666666
2021-09-15 23:00:00,1.8164466666666668
2021-09-16 00:00:00,1.7063033333333335
2021-09-16 01:00:00,1.6640333333333333
2021-09-16 02:00:00,1.6347066666666668
2021-09-16 03:00:00,1.508005
2021-09-16 04:00:00,1.4437533333333334
2021-09-16 05:00:00,1.3960233333333332
2021-09-16 06:00:00,20.099306666666667
2021-09-16 07:00:00,112.14075166666666
2021-09-16 08:00:00,257.3493833333333
2021-09-16 09:00:00,418.0973333333333
2021-09-16 10:00:00,617.803
2021-09-16 11:00:00,462.6447833333333
2021-09-16 12:00:00,40.00723333333334
2021-09-16 13:00:00,14.714618333333334
2021-09-16 14:00:00,8.388706666666668
2021-09-16 15:00:00,32.64751666666667
2021-09-16 16:00:00,82.95788333333333
2021-09-16 17:00:00,26.87153
2021-09-16 18:00:00,3.6737616666666666
2021-09-16 19:00:00,2.286931666666667
2021-09-16 20:00:00,2.2373183333333335
2021-09-16 21:00:00,2.1198
2021-09-16 22:00:00,2.191605
2021-09-16 23:00:00,2.173345
2021-09-17 00:00:00,2.300091666666667
2021-09-17 01:00:00,2.4027966666666667
2021-09-17 02:00:00,2.268685
2021-09-17 03:00:00,2.073995
2021-09-17 04:00:00,1.9308016666666667
2021-09-17 05:00:00,2.0446483333333334
2021-09-17 06:00:00,22.045861666666667
2021-09-17 07:00:00,50.644549999999995
2021-09-17 08:00:00,248.17783333333333
2021-09-17 09:00:00,336.233
2021-09-17 10:00:00,643.1866666666666
2021-09-17 11:00:00,725.7330000000001
2021-09-17 12:00:00,607.73
2021-09-17 13:00:00,681.2814999999999
2021-09-17 14:00:00,578.5854999999999
2021-09-17 15:00:00,387.67833333333334
2021-09-17 16:00:00,133.73455
2021-09-17 17:00:00,33.82846666666667
2021-09-17 18:00:00,4.870601666666667
2021-09-17 19:00:00,1.6659000000000002
2021-09-17 20:00:00,1.7321883333333334
2021-09-17 21:00:00,1.6972683333333334
2021-09-17 22:00:00,1.67522
2021-09-17 23:00:00,1.6715466666666667
2021-09-18 00:00:00,1.6439833333333334
2021-09-18 01:00:00,1.6256300000000001
2021-09-18 02:00:00,1.5852216666666665
2021-09-18 03:00:00,1.5374683333333332
2021-09-18 04:00:00,1.4768683333333332
2021-09-18 05:00:00,1.4566933333333334
2021-09-18 06:00:00,14.909998333333334
2021-09-18 07:00:00,115.9956
2021-09-18 08:00:00,288.2786666666667
2021-09-18 09:00:00,502.82399999999996
2021-09-18 10:00:00,665.5033333333333
2021-09-18 11:00:00,692.3436666666668
2021-09-18 12:00:00,722.5551666666667
2021-09-18 13:00:00,672.4958333333333
2021-09-18 14:00:00,579.0923333333334
2021-09-18 15:00:00,410.33733333333333
2021-09-18 16:00:00,184.20608333333334
2021-09-18 17:00:00,63.244744999999995
2021-09-18 18:00:00,3.2875016666666665
2021-09-18 19:00:00,1.6236566666666665
2021-09-18 20:00:00,1.6310616666666666
2021-09-18 21:00:00,1.5410716666666666
2021-09-18 22:00:00,1.4970050000000001
2021-09-18 23:00:00,1.458455
2021-09-19 00:00:00,1.4547999999999999
2021-09-19 01:00:00,1.4658233333333333
2021-09-19 02:00:00,2.081215
2021-09-19 03:00:00,1.572475
2021-09-19 04:00:00,1.6918916666666666
2021-09-19 05:00:00,1.9122266666666665
2021-09-19 06:00:00,9.625381666666668
2021-09-19 07:00:00,117.5744
2021-09-19 08:00:00,270.78956666666664
2021-09-19 09:00:00,429.4935
2021-09-19 10:00:00,330.49
2021-09-19 11:00:00,394.1895
2021-09-19 12:00:00,283.27566666666667
2021-09-19 13:00:00,339.9791666666667
2021-09-19 14:00:00,287.7191666666667
2021-09-19 15:00:00,221.45066666666665
2021-09-19 16:00:00,64.42893333333333
2021-09-19 17:00:00,37.307135
2021-09-19 18:00:00,3.0599766666666666
2021-09-19 19:00:00,2.3399566666666667
2021-09-19 20:00:00,2.338093333333333
2021-09-19 21:00:00,2.3069599999999997
2021-09-19 22:00:00,2.341955
2021-09-19 23:00:00,2.3364483333333337
2021-09-20 00:00:00,2.224375
2021-09-20 01:00:00,2.3695716666666664
2021-09-20 02:00:00,2.307135
2021-09-20 03:00:00,2.4541033333333333
2021-09-20 04:00:00,2.498183333333333
2021-09-20 05:00:00,2.4100916666666667
2021-09-20 06:00:00,15.470688333333333
2021-09-20 07:00:00,56.9528
2021-09-20 08:00:00,91.03995
2021-09-20 09:00:00,125.67890000000001
2021-09-20 10:00:00,312.13933333333335
2021-09-20 11:00:00,668.2199999999999
2021-09-20 12:00:00,754.1651666666668
2021-09-20 13:00:00,633.1091
2021-09-20 14:00:00,571.141
2021-09-20 15:00:00,275.14096666666666
2021-09-20 16:00:00,210.85433333333333
2021-09-20 17:00:00,104.24915
2021-09-20 18:00:00,5.889593333333334
2021-09-20 19:00:00,1.78718
2021-09-20 20:00:00,2.0481716666666667
2021-09-20 21:00:00,2.1106
2021-09-20 22:00:00,2.1160833333333335
2021-09-20 23:00:00,2.0976866666666667
2021-09-21 00:00:00,2.011425
2021-09-21 01:00:00,2.167533333333333
2021-09-21 02:00:00,1.976515
2021-09-21 03:00:00,1.93239
2021-09-21 04:00:00,1.849715
2021-09-21 05:00:00,1.9030349999999998
2021-09-21 06:00:00,27.330745
2021-09-21 07:00:00,199.388
2021-09-21 08:00:00,338.81968333333333
2021-09-21 09:00:00,546.1553333333334
2021-09-21 10:00:00,677.8816666666667
2021-09-21 11:00:00,741.9164999999999
2021-09-21 12:00:00,720.5210000000001
2021-09-21 13:00:00,131.94683333333333
2021-09-21 14:00:00,62.498083333333334
2021-09-21 15:00:00,234.40233333333333
2021-09-21 16:00:00,278.1723333333333
2021-09-21 17:00:00,81.13533333333334
2021-09-21 18:00:00,3.31658
2021-09-21 19:00:00,1.58503
2021-09-21 20:00:00,1.4694450000000001
2021-09-21 21:00:00,1.4327683333333332
2021-09-21 22:00:00,1.4474733333333334
2021-09-21 23:00:00,1.3960433333333335
2021-09-22 00:00:00,1.4125766666666666
2021-09-22 01:00:00,1.48604
2021-09-22 02:00:00,1.4364566666666667
2021-09-22 03:00:00,1.4235683333333333
2021-09-22 04:00:00,1.4603166666666667
2021-09-22 05:00:00,1.5191183333333333
2021-09-22 06:00:00,30.156971666666667
2021-09-22 07:00:00,192.81425
2021-09-22 08:00:00,207.35738333333333
2021-09-22 09:00:00,317.36424999999997
2021-09-22 10:00:00,630.5508333333333
2021-09-22 11:00:00,710.5723333333333
2021-09-22 12:00:00,732.0451666666667
2021-09-22 13:00:00,683.9735000000001
2021-09-22 14:00:00,584.6615
2021-09-22 15:00:00,380.0596666666667
2021-09-22 16:00:00,209.89534999999998
2021-09-22 17:00:00,80.9002
2021-09-22 18:00:00,3.7445733333333333
2021-09-22 19:00:00,1.414265
2021-09-22 20:00:00,1.384935
2021-09-22 21:00:00,1.3776000000000002
2021-09-22 22:00:00,1.377595
2021-09-22 23:00:00,1.3536966666666668
2021-09-23 00:00:00,1.8771416666666667
2021-09-23 01:00:00,1.3207099999999998
2021-09-23 02:00:00,1.337265
2021-09-23 03:00:00,2.0923083333333334
2021-09-23 04:00:00,2.03914
2021-09-23 05:00:00,1.6753995
2021-09-23 06:00:00,16.221235
2021-09-23 07:00:00,62.3542
2021-09-23 08:00:00,55.663199999999996
2021-09-23 09:00:00,46.708645000000004
2021-09-23 10:00:00,36.103116666666665
2021-09-23 11:00:00,51.24603333333334
2021-09-23 12:00:00,83.28263333333332
2021-09-23 13:00:00,138.75156666666666
2021-09-23 14:00:00,250.8156666666667
2021-09-23 15:00:00,198.25181666666668
2021-09-23 16:00:00,84.99759
2021-09-23 17:00:00,6.360796666666667
2021-09-23 18:00:00,2.718905
2021-09-23 19:00:00,3.1105116666666666
2021-09-23 20:00:00,3.424603333333333
2021-09-23 21:00:00,3.815725
2021-09-23 22:00:00,4.137018333333334
2021-09-23 23:00:00,3.946065
2021-09-24 00:00:00,4.203201666666667
2021-09-24 01:00:00,3.751095
2021-09-24 02:00:00,4.004543333333333
2021-09-24 03:00:00,3.9951816666666664
2021-09-24 04:00:00,4.092505
2021-09-24 05:00:00,4.094366666666667
2021-09-24 06:00:00,34.44932666666667
2021-09-24 07:00:00,125.95538333333334
2021-09-24 08:00:00,195.53523333333334
2021-09-24 09:00:00,185.50888333333333
2021-09-24 10:00:00,417.35521666666665
2021-09-24 11:00:00,517.5301666666667
2021-09-24 12:00:00,438.57441666666665
2021-09-24 13:00:00,301.4638833333333
2021-09-24 14:00:00,348.21198333333336
2021-09-24 15:00:00,428.54316666666665
2021-09-24 16:00:00,195.53346666666667
2021-09-24 17:00:00,42.859453333333335
2021-09-24 18:00:00,4.047936666666667
2021-09-24 19:00:00,3.635115
2021-09-24 20:00:00,4.222978333333334
2021-09-24 21:00:00,4.47828
2021-09-24 22:00:00,4.476493333333334
2021-09-24 23:00:00,4.375366666666666
2021-09-25 00:00:00,4.21373
2021-09-25 01:00:00,4.094505
2021-09-25 02:00:00,3.997091666666667
2021-09-25 03:00:00,3.8152
2021-09-25 04:00:00,3.7620516666666663
2021-09-25 05:00:00,3.6683383333333333
2021-09-25 06:00:00,14.612443333333335
2021-09-25 07:00:00,72.54313333333333
2021-09-25 08:00:00,256.85016666666667
2021-09-25 09:00:00,344.26416666666665
2021-09-25 10:00:00,598.2104999999999
2021-09-25 11:00:00,388.8258333333333
2021-09-25 12:00:00,713.5153333333333
2021-09-25 13:00:00,674.6705000000001
2021-09-25 14:00:00,576.283
2021-09-25 15:00:00,424.72383333333335
2021-09-25 16:00:00,190.55626666666666
2021-09-25 17:00:00,67.873
2021-09-25 18:00:00,3.9890049999999997
2021-09-25 19:00:00,2.340155
2021-09-25 20:00:00,2.656128333333333
2021-09-25 21:00:00,2.714878333333333
2021-09-25 22:00:00,2.702035
2021-09-25 23:00:00,2.6065066666666667
2021-09-26 00:00:00,2.5183383333333333
2021-09-26 01:00:00,2.4687816666666667
2021-09-26 02:00:00,2.378781666666667
2021-09-26 03:00:00,2.26303
2021-09-26 04:00:00,2.263031666666667
2021-09-26 05:00:00,2.2189716666666666
2021-09-26 06:00:00,10.059536666666666
2021-09-26 07:00:00,145.01191666666668
2021-09-26 08:00:00,149.63475000000003
2021-09-26 09:00:00,139.38835
2021-09-26 10:00:00,128.90723333333332
2021-09-26 11:00:00,341.806
2021-09-26 12:00:00,427.36266666666666
2021-09-26 13:00:00,415.37816666666663
2021-09-26 14:00:00,526.4495000000001
2021-09-26 15:00:00,380.4198333333333
2021-09-26 16:00:00,186.3491666666667
2021-09-26 17:00:00,56.0638
2021-09-26 18:00:00,3.0726383333333334
2021-09-26 19:00:00,1.41442
2021-09-26 20:00:00,1.6367566666666666
2021-09-26 21:00:00,1.7047633333333332
2021-09-26 22:00:00,1.6551733333333334
2021-09-26 23:00:00,1.6348816666666666
2021-09-27 00:00:00,1.5099116666666668
2021-09-27 01:00:00,1.4713583333333333
2021-09-27 02:00:00,1.458485
2021-09-27 03:00:00,1.4033933333333333
2021-09-27 04:00:00,1.4144116666666666
2021-09-27 05:00:00,1.399725
2021-09-27 06:00:00,6.890145
2021-09-27 07:00:00,55.37927166666667
2021-09-27 08:00:00,202.54876666666667
2021-09-27 09:00:00,203.43333333333334
2021-09-27 10:00:00,432.9026666666667
2021-09-27 11:00:00,587.7868333333333
2021-09-27 12:00:00,692.8118333333333
2021-09-27 13:00:00,649.7800000000001
2021-09-27 14:00:00,544.8973333333333
2021-09-27 15:00:00,394.35400000000004
2021-09-27 16:00:00,211.70383333333334
2021-09-27 17:00:00,62.82268333333333
2021-09-27 18:00:00,3.131326666666667
2021-09-27 19:00:00,1.3243666666666667
2021-09-27 20:00:00,1.3905683333333334
2021-09-27 21:00:00,1.4291516666666666
2021-09-27 22:00:00,1.3446233333333335
2021-09-27 23:00:00,1.3869616666666666
2021-09-28 00:00:00,1.4292433333333332
2021-09-28 01:00:00,1.3575450000000002
2021-09-28 02:00:00,1.322545
2021-09-28 03:00:00,1.3225533333333332
2021-09-28 04:00:00,1.3243716666666667
2021-09-28 05:00:00,1.3335966666666665
2021-09-28 06:00:00,14.406408333333333
2021-09-28 07:00:00,45.056066666666666
2021-09-28 08:00:00,301.3701333333333
2021-09-28 09:00:00,498.39099999999996
2021-09-28 10:00:00,616.2058333333333
2021-09-28 11:00:00,688.0683333333333
2021-09-28 12:00:00,635.7213333333333
2021-09-28 13:00:00,654.1294999999999
2021-09-28 14:00:00,415.41066666666666
2021-09-28 15:00:00,351.02833333333336
2021-09-28 16:00:00,129.63935
2021-09-28 17:00:00,47.83703333333334
2021-09-28 18:00:00,3.1149199999999997
2021-09-28 19:00:00,1.322525
2021-09-28 20:00:00,1.3225516666666666
2021-09-28 21:00:00,1.3225733333333334
2021-09-28 22:00:00,1.3188549999999999
2021-09-28 23:00:00,1.3225516666666666
2021-09-29 00:00:00,1.3225283333333333
2021-09-29 01:00:00,1.3207099999999998
2021-09-29 02:00:00,1.3170666666666666
2021-09-29 03:00:00,1.2968683333333333
2021-09-29 04:00:00,1.2418688333333334
2021-09-29 05:00:00,1.2143161666666666
2021-09-29 06:00:00,18.54166
2021-09-29 07:00:00,99.60703333333335
2021-09-29 08:00:00,297.54633333333334
2021-09-29 09:00:00,486.7713333333333
2021-09-29 10:00:00,573.151
2021-09-29 11:00:00,592.8203333333333
2021-09-29 12:00:00,387.00183333333337
2021-09-29 13:00:00,478.379
2021-09-29 14:00:00,448.58250000000004
2021-09-29 15:00:00,245.70265
2021-09-29 16:00:00,118.66651666666667
2021-09-29 17:00:00,46.979485
2021-09-29 18:00:00,2.5728566666666666
2021-09-29 19:00:00,1.2782906666666667
2021-09-29 20:00:00,1.2911700000000002
2021-09-29 21:00:00,1.2985566666666666
2021-09-29 22:00:00,1.3151633333333335
2021-09-29 23:00:00,1.3133783333333333
2021-09-30 00:00:00,1.3207116666666667
2021-09-30 01:00:00,1.3224933333333333
2021-09-30 02:00:00,1.3188816666666667
2021-09-30 03:00:00,1.3151866666666665
2021-09-30 04:00:00,1.3151966666666666
2021-09-30 05:00:00,1.31337
2021-09-30 06:00:00,19.509723333333334
2021-09-30 07:00:00,125.01653333333334
2021-09-30 08:00:00,308.68666666666667
2021-09-30 09:00:00,477.0663333333333
2021-09-30 10:00:00,606.265
2021-09-30 11:00:00,706.8695
2021-09-30 12:00:00,517.1636666666667
2021-09-30 13:00:00,539.4886666666666
2021-09-30 14:00:00,199.04866666666666
2021-09-30 15:00:00,227.68519999999998
2021-09-30 16:00:00,84.6276
2021-09-30 17:00:00,33.99472333333333
2021-09-30 18:00:00,2.1321228333333333
2021-09-30 19:00:00,1.1607515
2021-09-30 20:00:00,1.2342268333333335
2021-09-30 21:00:00,1.2636551666666667
2021-09-30 22:00:00,1.2875466666666666
2021-09-30 23:00:00,1.3169633333333333
2021-10-01 00:00:00,1.3206933333333335
2021-10-01 01:00:00,1.3114883333333334
2021-10-01 02:00:00,1.31521
2021-10-01 03:00:00,1.30966
2021-10-01 04:00:00,1.3133583333333334
2021-10-01 05:00:00,1.3207083333333334
2021-10-01 06:00:00,24.19140666666667
2021-10-01 07:00:00,118.33171666666667
2021-10-01 08:00:00,310.1718333333334
2021-10-01 09:00:00,460.8081666666667
2021-10-01 10:00:00,545.1796666666667
2021-10-01 11:00:00,632.7798333333334
2021-10-01 12:00:00,546.8373333333333
2021-10-01 13:00:00,678.9435
2021-10-01 14:00:00,414.1385
2021-10-01 15:00:00,327.6895
2021-10-01 16:00:00,135.36143333333334
2021-10-01 17:00:00,39.48713333333333
2021-10-01 18:00:00,2.1724721666666666
2021-10-01 19:00:00,1.1754665
2021-10-01 20:00:00,1.3151283333333335
2021-10-01 21:00:00,1.3188
2021-10-01 22:00:00,1.315165
2021-10-01 23:00:00,1.3169866666666665
2021-10-02 00:00:00,1.9580783333333334
2021-10-02 01:00:00,1.7138066666666667
2021-10-02 02:00:00,1.3134033333333333
2021-10-02 03:00:00,1.72856
2021-10-02 04:00:00,3.021936666666667
2021-10-02 05:00:00,1.596377
2021-10-02 06:00:00,20.98042333333333
2021-10-02 07:00:00,150.0042
2021-10-02 08:00:00,348.38766666666663
2021-10-02 09:00:00,491.87100000000004
2021-10-02 10:00:00,539.3398333333333
2021-10-02 11:00:00,577.9463333333333
2021-10-02 12:00:00,693.5121666666668
2021-10-02 13:00:00,637.4123333333333
2021-10-02 14:00:00,531.5706666666667
2021-10-02 15:00:00,381.27049999999997
2021-10-02 16:00:00,205.6725
2021-10-02 17:00:00,58.2211
2021-10-02 18:00:00,2.6225033333333334
2021-10-02 19:00:00,1.3224483333333334
2021-10-02 20:00:00,2.222531666666667
2021-10-02 21:00:00,0.8633606666666667
2021-10-02 22:00:00,1.1132076666666668
2021-10-02 23:00:00,1.3115781666666666
2021-10-03 00:00:00,1.2986900000000001
2021-10-03 01:00:00,1.3115566666666667
2021-10-03 02:00:00,1.3042116666666668
2021-10-03 03:00:00,1.3188816666666667
2021-10-03 04:00:00,1.3005016666666667
2021-10-03 05:00:00,1.7340393333333333
2021-10-03 06:00:00,4.252653333333333
2021-10-03 07:00:00,24.784588333333332
2021-10-03 08:00:00,120.05175
2021-10-03 09:00:00,177.44003333333333
2021-10-03 10:00:00,146.61278333333334
2021-10-03 11:00:00,224.8691333333333
2021-10-03 12:00:00,171.57836666666665
2021-10-03 13:00:00,182.15505
2021-10-03 14:00:00,259.979
2021-10-03 15:00:00,207.99108333333334
2021-10-03 16:00:00,97.35300000000001
2021-10-03 17:00:00,39.213225
2021-10-03 18:00:00,1.8385233333333335
2021-10-03 19:00:00,1.3206833333333334
2021-10-03 20:00:00,1.3225200000000001
2021-10-03 21:00:00,1.3170133333333331
2021-10-03 22:00:00,1.311545
2021-10-03 23:00:00,1.31701
2021-10-04 00:00:00,1.315185
2021-10-04 01:00:00,1.3096883333333333
2021-10-04 02:00:00,1.3023368333333332
2021-10-04 03:00:00,1.2894716666666668
2021-10-04 04:00:00,1.2821593333333332
2021-10-04 05:00:00,1.2564138333333332
2021-10-04 06:00:00,16.253066666666665
2021-10-04 07:00:00,93.69980000000001
2021-10-04 08:00:00,246.718
2021-10-04 09:00:00,485.192
2021-10-04 10:00:00,573.0593333333333
2021-10-04 11:00:00,639.5593333333333
2021-10-04 12:00:00,679.5378333333334
2021-10-04 13:00:00,641.1508333333334
2021-10-04 14:00:00,551.4388333333334
2021-10-04 15:00:00,408.705
2021-10-04 16:00:00,211.98171666666667
2021-10-04 17:00:00,58.73688166666667
2021-10-04 18:00:00,2.268174833333333
2021-10-04 19:00:00,1.3187983333333333
2021-10-04 20:00:00,1.3188366666666667
2021-10-04 21:00:00,1.32073
2021-10-04 22:00:00,1.3225266666666669
2021-10-04 23:00:00,1.31885
2021-10-05 00:00:00,1.3188416666666667
2021-10-05 01:00:00,1.3206683333333333
2021-10-05 02:00:00,1.9452216666666666
2021-10-05 03:00:00,1.2858198333333335
2021-10-05 04:00:00,1.2637778333333332
2021-10-05 05:00:00,1.2857883333333333
2021-10-05 06:00:00,21.037245
2021-10-05 07:00:00,189.58908333333332
2021-10-05 08:00:00,356.80383333333333
2021-10-05 09:00:00,368.437
2021-10-05 10:00:00,455.9941666666667
2021-10-05 11:00:00,302.01500000000004
2021-10-05 12:00:00,331.9675
2021-10-05 13:00:00,622.1668333333333
2021-10-05 14:00:00,546.2965
2021-10-05 15:00:00,399.1046666666667
2021-10-05 16:00:00,211.03366666666668
2021-10-05 17:00:00,51.81543166666667
2021-10-05 18:00:00,1.9725350000000001
2021-10-05 19:00:00,1.3224766666666667
2021-10-05 20:00:00,1.32065
2021-10-05 21:00:00,1.3188199999999999
2021-10-05 22:00:00,1.3187849999999999
2021-10-05 23:00:00,1.3169883333333334
2021-10-06 00:00:00,1.320695
2021-10-06 01:00:00,1.2931481666666669
2021-10-06 02:00:00,1.2637825
2021-10-06 03:00:00,1.0672165
2021-10-06 04:00:00,0.7513275
2021-10-06 05:00:00,0.6888716666666667
2021-10-06 06:00:00,23.507920833333333
2021-10-06 07:00:00,158.20165
2021-10-06 08:00:00,358.85316666666665
2021-10-06 09:00:00,535.3856666666667
2021-10-06 10:00:00,608.3621666666667
2021-10-06 11:00:00,524.5881666666667
2021-10-06 12:00:00,416.5946666666667
2021-10-06 13:00:00,303.8591666666667
2021-10-06 14:00:00,211.002
2021-10-06 15:00:00,173.81366666666665
2021-10-06 16:00:00,62.730599999999995
2021-10-06 17:00:00,24.972334999999998
2021-10-06 18:00:00,1.513385
2021-10-06 19:00:00,1.3132133333333333
2021-10-06 20:00:00,1.3132583333333334
2021-10-06 21:00:00,1.3169616666666668
2021-10-06 22:00:00,1.3188250000000001
2021-10-06 23:00:00,1.3187983333333333
2021-10-07 00:00:00,1.3169783333333334
2021-10-07 01:00:00,1.3188250000000001
2021-10-07 02:00:00,1.3188283333333333
2021-10-07 03:00:00,1.31885
2021-10-07 04:00:00,1.32067
2021-10-07 05:00:00,1.31701
2021-10-07 06:00:00,12.795518333333332
2021-10-07 07:00:00,68.30536666666667
2021-10-07 08:00:00,114.52563333333335
2021-10-07 09:00:00,279.85783333333336
2021-10-07 10:00:00,161.357
2021-10-07 11:00:00,190.43233333333333
2021-10-07 12:00:00,229.41266666666667
2021-10-07 13:00:00,138.90458333333333
2021-10-07 14:00:00,139.40858333333333
2021-10-07 15:00:00,130.43893333333332
2021-10-07 16:00:00,55.13731666666667
2021-10-07 17:00:00,26.71704
2021-10-07 18:00:00,2.433805
2021-10-07 19:00:00,6.2378833333333334
2021-10-07 20:00:00,5.641431666666667
2021-10-07 21:00:00,5.696695
2021-10-07 22:00:00,4.9380266666666675
2021-10-07 23:00:00,2.2596521666666667
2021-10-08 00:00:00,2.4820633333333335
2021-10-08 01:00:00,2.9119483333333336
2021-10-08 02:00:00,3.492526666666667
2021-10-08 03:00:00,3.9959849999999997
2021-10-08 04:00:00,2.8844383333333337
2021-10-08 05:00:00,2.777825
2021-10-08 06:00:00,2.9872
2021-10-08 07:00:00,5.456253333333334
2021-10-08 08:00:00,12.850670000000001
2021-10-08 09:00:00,16.315036666666668
2021-10-08 10:00:00,13.471251666666666
2021-10-08 11:00:00,7.686311666666667
2021-10-08 12:00:00,13.346538333333333
2021-10-08 13:00:00,19.028565
2021-10-08 14:00:00,13.733993333333332
2021-10-08 15:00:00,6.41317
2021-10-08 16:00:00,9.19636
2021-10-08 17:00:00,8.939061666666667
2021-10-08 18:00:00,7.654884999999999
2021-10-08 19:00:00,6.34688
2021-10-08 20:00:00,6.414856666666666
2021-10-08 21:00:00,7.985435
2021-10-08 22:00:00,12.428866666666666
2021-10-08 23:00:00,11.19069
2021-10-09 00:00:00,9.667928333333332
2021-10-09 01:00:00,10.816376666666667
2021-10-09 02:00:00,12.227115
2021-10-09 03:00:00,10.770466666666666
2021-10-09 04:00:00,11.051661666666666
2021-10-09 05:00:00,10.703936666666667
2021-10-09 06:00:00,12.540809999999999
2021-10-09 07:00:00,32.777883333333335
2021-10-09 08:00:00,65.23116666666667
2021-10-09 09:00:00,102.56845
2021-10-09 10:00:00,108.13374999999999
2021-10-09 11:00:00,118.26291666666665
2021-10-09 12:00:00,67.07193333333333
2021-10-09 13:00:00,28.058688333333333
2021-10-09 14:00:00,38.148649999999996
2021-10-09 15:00:00,17.960050000000003
2021-10-09 16:00:00,21.323316666666667
2021-10-09 17:00:00,11.330321666666666
2021-10-09 18:00:00,19.444000000000003
2021-10-09 19:00:00,18.781299999999998
2021-10-09 20:00:00,12.024881666666666
2021-10-09 21:00:00,10.832693333333333
2021-10-09 22:00:00,10.024368333333333
2021-10-09 23:00:00,10.58676
2021-10-10 00:00:00,10.012058333333332
2021-10-10 01:00:00,8.259261666666667
2021-10-10 02:00:00,11.4169
2021-10-10 03:00:00,7.336975
2021-10-10 04:00:00,9.903298333333334
2021-10-10 05:00:00,8.113866666666667
2021-10-10 06:00:00,7.4618883333333335
2021-10-10 07:00:00,27.752368333333333
2021-10-10 08:00:00,72.06008333333332
2021-10-10 09:00:00,103.74926666666667
2021-10-10 10:00:00,90.16754999999999
2021-10-10 11:00:00,102.06835
2021-10-10 12:00:00,72.71473333333333
2021-10-10 13:00:00,82.53088333333334
2021-10-10 14:00:00,145.314
2021-10-10 15:00:00,140.03466666666665
2021-10-10 16:00:00,73.96415
2021-10-10 17:00:00,24.171960000000002
2021-10-10 18:00:00,3.6809833333333333
2021-10-10 19:00:00,3.7489166666666667
2021-10-10 20:00:00,3.8042083333333334
2021-10-10 21:00:00,3.866703333333333
2021-10-10 22:00:00,3.879618333333333
2021-10-10 23:00:00,3.87608
2021-10-11 00:00:00,3.798931666666667
2021-10-11 01:00:00,3.984445
2021-10-11 02:00:00,3.7749916666666667
2021-10-11 03:00:00,3.9201266666666665
2021-10-11 04:00:00,3.945875
2021-10-11 05:00:00,3.8889566666666666
2021-10-11 06:00:00,21.446956666666665
2021-10-11 07:00:00,163.67978333333335
2021-10-11 08:00:00,355.61016666666666
2021-10-11 09:00:00,504.2921666666667
2021-10-11 10:00:00,615.5845
2021-10-11 11:00:00,684.774
2021-10-11 12:00:00,665.2495
2021-10-11 13:00:00,633.2931666666666
2021-10-11 14:00:00,514.7245
2021-10-11 15:00:00,377.1068333333333
2021-10-11 16:00:00,151.6388
2021-10-11 17:00:00,34.86846666666667
2021-10-11 18:00:00,1.4747833333333333
2021-10-11 19:00:00,1.4547183333333333
2021-10-11 20:00:00,1.75236
2021-10-11 21:00:00,1.9416483333333332
2021-10-11 22:00:00,1.94536
2021-10-11 23:00:00,2.018855
2021-10-12 00:00:00,1.8719733333333333
2021-10-12 01:00:00,1.7213433333333332
2021-10-12 02:00:00,1.6296316666666668
2021-10-12 03:00:00,1.6737416666666667
2021-10-12 04:00:00,1.5377916666666667
2021-10-12 05:00:00,1.4606166666666667
2021-10-12 06:00:00,8.88109
2021-10-12 07:00:00,72.21928333333334
2021-10-12 08:00:00,107.1311
2021-10-12 09:00:00,128.1975833333333
2021-10-12 10:00:00,99.59686666666667
2021-10-12 11:00:00,146.56933333333333
2021-10-12 12:00:00,153.64416666666665
2021-10-12 13:00:00,223.07433333333333
2021-10-12 14:00:00,180.94768333333334
2021-10-12 15:00:00,71.05156666666667
2021-10-12 16:00:00,48.3755
2021-10-12 17:00:00,14.57655
2021-10-12 18:00:00,1.2234766666666665
2021-10-12 19:00:00,1.0526846666666667
2021-10-12 20:00:00,1.0435203333333334
2021-10-12 21:00:00,1.0839483333333333
2021-10-12 22:00:00,1.126241
2021-10-12 23:00:00,1.5708416666666667
2021-10-13 00:00:00,3.671028
2021-10-13 01:00:00,2.824185
2021-10-13 02:00:00,1.392865
2021-10-13 03:00:00,1.7180535000000001
2021-10-13 04:00:00,2.971213333333333
2021-10-13 05:00:00,4.097556666666667
2021-10-13 06:00:00,3.603103333333333
2021-10-13 07:00:00,20.18314333333333
2021-10-13 08:00:00,40.22233333333334
2021-10-13 09:00:00,91.00413333333333
2021-10-13 10:00:00,94.80738333333333
2021-10-13 11:00:00,89.8146
2021-10-13 12:00:00,50.803700000000006
2021-10-13 13:00:00,47.06086666666667
2021-10-13 14:00:00,30.330416666666668
2021-10-13 15:00:00,22.859466666666666
2021-10-13 16:00:00,27.97533333333333
2021-10-13 17:00:00,12.030814999999999
2021-10-13 18:00:00,7.30741
2021-10-13 19:00:00,5.132558333333334
2021-10-13 20:00:00,3.9274633333333333
2021-10-13 21:00:00,4.3352916666666665
2021-10-13 22:00:00,6.471643333333334
2021-10-13 23:00:00,6.879475
2021-10-14 00:00:00,6.559901666666667
2021-10-14 01:00:00,5.999616666666666
2021-10-14 02:00:00,5.040788333333333
2021-10-14 03:00:00,6.5011383333333335
2021-10-14 04:00:00,6.839276666666667
2021-10-14 05:00:00,6.416488333333334
2021-10-14 06:00:00,11.692428333333334
2021-10-14 07:00:00,26.370028333333334
2021-10-14 08:00:00,184.17306666666667
2021-10-14 09:00:00,281.98221666666666
2021-10-14 10:00:00,469.83416666666665
2021-10-14 11:00:00,364.3695
2021-10-14 12:00:00,277.79583333333335
2021-10-14 13:00:00,394.7144666666666
2021-10-14 14:00:00,202.00325
2021-10-14 15:00:00,181.18781666666666
2021-10-14 16:00:00,88.39061666666666
2021-10-14 17:00:00,20.615223333333333
2021-10-14 18:00:00,2.9792150000000004
2021-10-14 19:00:00,3.5396
2021-10-14 20:00:00,3.941841666666667
2021-10-14 21:00:00,4.066773333333333
2021-10-14 22:00:00,3.967573333333333
2021-10-14 23:00:00,3.88695
2021-10-15 00:00:00,4.098310000000001
2021-10-15 01:00:00,4.0376900000000004
2021-10-15 02:00:00,3.978985
2021-10-15 03:00:00,3.8283300000000002
2021-10-15 04:00:00,3.7034499999999997
2021-10-15 05:00:00,3.664865
2021-10-15 06:00:00,6.528763333333333
2021-10-15 07:00:00,20.76603833333333
2021-10-15 08:00:00,37.927366666666664
2021-10-15 09:00:00,43.667316666666665
2021-10-15 10:00:00,65.97346666666667
2021-10-15 11:00:00,117.27251666666666
2021-10-15 12:00:00,114.1133
2021-10-15 13:00:00,182.07518333333334
2021-10-15 14:00:00,88.58426666666666
2021-10-15 15:00:00,62.946283333333334
2021-10-15 16:00:00,31.462596666666666
2021-10-15 17:00:00,8.19124
2021-10-15 18:00:00,4.8480316666666665
2021-10-15 19:00:00,4.173933333333333
2021-10-15 20:00:00,4.306176666666667
2021-10-15 21:00:00,4.574401666666668
2021-10-15 22:00:00,4.612861666666666
2021-10-15 23:00:00,4.566765
2021-10-16 00:00:00,4.579703333333333
2021-10-16 01:00:00,4.638411666666667
2021-10-16 02:00:00,4.476811666666666
2021-10-16 03:00:00,4.463941666666667
2021-10-16 04:00:00,4.63479
2021-10-16 05:00:00,4.451133333333333
2021-10-16 06:00:00,13.733968333333333
2021-10-16 07:00:00,121.32085000000001
2021-10-16 08:00:00,288.32983333333334
2021-10-16 09:00:00,512.8221666666667
2021-10-16 10:00:00,615.3979999999999
2021-10-16 11:00:00,672.0293333333334
2021-10-16 12:00:00,677.8645
2021-10-16 13:00:00,627.8123333333333
2021-10-16 14:00:00,525.234
2021-10-16 15:00:00,380.07633333333337
2021-10-16 16:00:00,147.35514999999998
2021-10-16 17:00:00,20.360388333333333
2021-10-16 18:00:00,2.252145
2021-10-16 19:00:00,2.445111666666667
2021-10-16 20:00:00,2.8695999999999997
2021-10-16 21:00:00,3.1692316666666667
2021-10-16 22:00:00,3.312605
2021-10-16 23:00:00,3.4302300000000003
2021-10-17 00:00:00,3.6268016666666667
2021-10-17 01:00:00,3.645213333333333
2021-10-17 02:00:00,3.4635450000000003
2021-10-17 03:00:00,3.3258466666666666
2021-10-17 04:00:00,3.421451666666667
2021-10-17 05:00:00,3.485736666666667
2021-10-17 06:00:00,15.363466666666666
2021-10-17 07:00:00,75.6151
2021-10-17 08:00:00,243.40745
2021-10-17 09:00:00,333.0253333333333
2021-10-17 10:00:00,447.38
2021-10-17 11:00:00,660.0531666666667
2021-10-17 12:00:00,665.1625
2021-10-17 13:00:00,628.0233333333333
2021-10-17 14:00:00,537.0048333333333
2021-10-17 15:00:00,360.90933333333334
2021-10-17 16:00:00,90.03353333333332
2021-10-17 17:00:00,24.051838333333333
2021-10-17 18:00:00,1.442205
2021-10-17 19:00:00,1.5690300000000001
2021-10-17 20:00:00,1.6481966666666668
2021-10-17 21:00:00,1.6868216666666667
2021-10-17 22:00:00,1.6060183333333335
2021-10-17 23:00:00,1.58587
2021-10-18 00:00:00,1.5785566666666668
2021-10-18 01:00:00,1.5105916666666668
2021-10-18 02:00:00,1.3893683333333333
2021-10-18 03:00:00,1.38018
2021-10-18 04:00:00,1.4205633333333334
2021-10-18 05:00:00,1.4610083333333332
2021-10-18 06:00:00,7.194743333333333
2021-10-18 07:00:00,43.27333333333333
2021-10-18 08:00:00,145.45958333333334
2021-10-18 09:00:00,217.5656666666667
2021-10-18 10:00:00,277.27383333333336
2021-10-18 11:00:00,328.71816666666666
2021-10-18 12:00:00,456.76933333333335
2021-10-18 13:00:00,451.19
2021-10-18 14:00:00,377.10616666666664
2021-10-18 15:00:00,369.6191666666667
2021-10-18 16:00:00,127.70575000000001
2021-10-18 17:00:00,15.889520000000001
2021-10-18 18:00:00,1.4439618333333333
2021-10-18 19:00:00,1.2438428333333331
2021-10-18 20:00:00,1.3449033333333333
2021-10-18 21:00:00,1.3963116666666666
2021-10-18 22:00:00,1.374295
2021-10-18 23:00:00,1.3136599999999998
2021-10-19 00:00:00,1.3283633333333331
2021-10-19 01:00:00,1.3155116666666666
2021-10-19 02:00:00,1.3136683333333332
2021-10-19 03:00:00,1.256705
2021-10-19 04:00:00,1.1923828333333333
2021-10-19 05:00:00,1.0362523333333333
2021-10-19 06:00:00,13.924633333333333
2021-10-19 07:00:00,148.16906666666668
2021-10-19 08:00:00,329.61800000000005
2021-10-19 09:00:00,483.8883333333333
2021-10-19 10:00:00,598.097
2021-10-19 11:00:00,633.1108333333334
2021-10-19 12:00:00,651.258
2021-10-19 13:00:00,311.11650000000003
2021-10-19 14:00:00,501.91266666666667
2021-10-19 15:00:00,353.40916666666664
2021-10-19 16:00:00,115.7626
2021-10-19 17:00:00,17.637566666666665
2021-10-19 18:00:00,1.4493876666666667
2021-10-19 19:00:00,1.3520866666666669
2021-10-19 20:00:00,1.3631766666666667
2021-10-19 21:00:00,1.330085
2021-10-19 22:00:00,1.3631633333333333
2021-10-19 23:00:00,1.4660116666666667
2021-10-20 00:00:00,1.50088
2021-10-20 01:00:00,1.3686116666666666
2021-10-20 02:00:00,1.372295
2021-10-20 03:00:00,1.3465666666666667
2021-10-20 04:00:00,1.346575
2021-10-20 05:00:00,1.3153601666666668
2021-10-20 06:00:00,13.513408333333333
2021-10-20 07:00:00,117.24918333333333
2021-10-20 08:00:00,335.63866666666667
2021-10-20 09:00:00,472.487
2021-10-20 10:00:00,574.7816666666666
2021-10-20 11:00:00,593.6551666666667
2021-10-20 12:00:00,622.4286666666667
2021-10-20 13:00:00,616.649
2021-10-20 14:00:00,471.8573333333333
2021-10-20 15:00:00,102.09863333333332
2021-10-20 16:00:00,43.80446666666667
2021-10-20 17:00:00,14.099243333333334
2021-10-20 18:00:00,1.4512481666666666
2021-10-20 19:00:00,1.3594140000000001
2021-10-20 20:00:00,1.4016516666666667
2021-10-20 21:00:00,1.309798
2021-10-20 22:00:00,1.3722485
2021-10-20 23:00:00,1.3594041666666667
2021-10-21 00:00:00,1.3410351666666667
2021-10-21 01:00:00,1.2951141666666668
2021-10-21 02:00:00,1.190415
2021-10-21 03:00:00,1.1812666666666667
2021-10-21 04:00:00,1.2253388333333333
2021-10-21 05:00:00,1.252904
2021-10-21 06:00:00,12.646688333333334
2021-10-21 07:00:00,156.73391666666666
2021-10-21 08:00:00,249.906
2021-10-21 09:00:00,190.04083333333335
2021-10-21 10:00:00,107.61513333333333
2021-10-21 11:00:00,111.61026666666666
2021-10-21 12:00:00,45.89495
2021-10-21 13:00:00,69.84686666666667
2021-10-21 14:00:00,61.80403333333333
2021-10-21 15:00:00,43.025483333333334
2021-10-21 16:00:00,19.383983333333333
2021-10-21 17:00:00,9.272813333333334
2021-10-21 18:00:00,1.2938049999999999
2021-10-21 19:00:00,1.2901099999999999
2021-10-21 20:00:00,1.3158616666666667
2021-10-21 21:00:00,1.339755
2021-10-21 22:00:00,1.31955
2021-10-21 23:00:00,1.3213583333333332
2021-10-22 00:00:00,1.3673055
2021-10-22 01:00:00,1.3673671666666667
2021-10-22 02:00:00,1.3858519999999999
2021-10-22 03:00:00,2.39678
2021-10-22 04:00:00,3.0658866666666666
2021-10-22 05:00:00,1.545862
2021-10-22 06:00:00,4.534686666666667
2021-10-22 07:00:00,25.46355
2021-10-22 08:00:00,47.745416666666664
2021-10-22 09:00:00,91.15851666666667
2021-10-22 10:00:00,151.05533333333332
2021-10-22 11:00:00,183.23716666666667
2021-10-22 12:00:00,202.07316666666665
2021-10-22 13:00:00,191.23833333333332
2021-10-22 14:00:00,123.4232
2021-10-22 15:00:00,75.52565
2021-10-22 16:00:00,47.476533333333336
2021-10-22 17:00:00,7.52177
2021-10-22 18:00:00,1.2681016666666667
2021-10-22 19:00:00,1.1761995
2021-10-22 20:00:00,1.1468533333333333
2021-10-22 21:00:00,1.2020561666666665
2021-10-22 22:00:00,1.2957945
2021-10-22 23:00:00,1.2535081666666665
2021-10-23 00:00:00,1.2737
2021-10-23 01:00:00,1.2680955
2021-10-23 02:00:00,1.1504723333333333
2021-10-23 03:00:00,1.1706765
2021-10-23 04:00:00,1.1872055000000001
2021-10-23 05:00:00,1.0751146666666667
2021-10-23 06:00:00,5.8153250000000005
2021-10-23 07:00:00,25.293233333333333
2021-10-23 08:00:00,78.09400000000001
2021-10-23 09:00:00,124.67933333333333
2021-10-23 10:00:00,280.65066666666667
2021-10-23 11:00:00,319.10999999999996
2021-10-23 12:00:00,267.6863333333333
2021-10-23 13:00:00,307.8263333333333
2021-10-23 14:00:00,311.6535
2021-10-23 15:00:00,164.01833333333335
2021-10-23 16:00:00,74.85263333333334
2021-10-23 17:00:00,14.771051666666667
2021-10-23 18:00:00,0.8066631666666667
2021-10-23 19:00:00,0.8416064999999999
2021-10-23 20:00:00,0.9978771666666667
2021-10-23 21:00:00,1.0843068333333332
2021-10-23 22:00:00,1.1890601666666667
2021-10-23 23:00:00,1.0806255
2021-10-24 00:00:00,1.0052061666666667
2021-10-24 01:00:00,0.9445383333333334
2021-10-24 02:00:00,0.9721635000000001
2021-10-24 03:00:00,1.0199946666666666
2021-10-24 04:00:00,1.1045565000000002
2021-10-24 05:00:00,1.1100401666666668
2021-10-24 06:00:00,8.720531
2021-10-24 07:00:00,80.38565
2021-10-24 08:00:00,248.939
2021-10-24 09:00:00,411.63100000000003
2021-10-24 10:00:00,663.9671666666667
2021-10-24 11:00:00,613.2196666666666
2021-10-24 12:00:00,687.7426666666667
2021-10-24 13:00:00,605.216
2021-10-24 14:00:00,500.13199999999995
2021-10-24 15:00:00,361.3188333333334
2021-10-24 16:00:00,102.73203333333335
2021-10-24 17:00:00,21.149465
2021-10-24 18:00:00,0.8102916666666666
2021-10-24 19:00:00,0.6615066666666667
2021-10-24 20:00:00,0.6707110000000001
2021-10-24 21:00:00,0.7865513333333334
2021-10-24 22:00:00,0.8582488333333333
2021-10-24 23:00:00,0.8086315000000001
2021-10-25 00:00:00,0.7222416666666667
2021-10-25 01:00:00,0.6744748333333334
2021-10-25 02:00:00,0.6873556666666667
2021-10-25 03:00:00,0.6671308333333333
2021-10-25 04:00:00,0.6579431666666667
2021-10-25 05:00:00,0.7020528333333333
2021-10-25 06:00:00,9.683504333333333
2021-10-25 07:00:00,59.48565
2021-10-25 08:00:00,216.64183333333332
2021-10-25 09:00:00,211.03033333333332
2021-10-25 10:00:00,591.6311666666667
2021-10-25 11:00:00,530.9348333333334
2021-10-25 12:00:00,581.6953333333333
2021-10-25 13:00:00,604.3251666666667
2021-10-25 14:00:00,501.5296666666666
2021-10-25 15:00:00,357.39816666666667
2021-10-25 16:00:00,93.14261666666667
2021-10-25 17:00:00,13.273958333333333
2021-10-25 18:00:00,1.1187885
2021-10-25 19:00:00,1.0564358333333332
2021-10-25 20:00:00,0.7349336666666667
2021-10-25 21:00:00,0.7000295
2021-10-25 22:00:00,0.6944966666666667
2021-10-25 23:00:00,0.661427
2021-10-26 00:00:00,0.6633066666666667
2021-10-26 01:00:00,0.6633101666666668
2021-10-26 02:00:00,0.6633091666666666
2021-10-26 03:00:00,0.665148
2021-10-26 04:00:00,0.6596116666666667
2021-10-26 05:00:00,0.6614975
2021-10-26 06:00:00,13.641990333333332
2021-10-26 07:00:00,145.93733333333333
2021-10-26 08:00:00,293.91766666666666
2021-10-26 09:00:00,487.94066666666663
2021-10-26 10:00:00,496.808
2021-10-26 11:00:00,542.4058333333334
2021-10-26 12:00:00,667.4060000000001
2021-10-26 13:00:00,601.5794999999999
2021-10-26 14:00:00,501.8006666666667
2021-10-26 15:00:00,353.775
2021-10-26 16:00:00,87.20331666666667
2021-10-26 17:00:00,17.953916666666665
2021-10-26 18:00:00,0.7899173333333334
2021-10-26 19:00:00,0.6852210000000001
2021-10-26 20:00:00,0.6833898333333334
2021-10-26 21:00:00,0.6999285000000001
2021-10-26 22:00:00,0.709118
2021-10-26 23:00:00,0.6852481666666665
2021-10-27 00:00:00,0.7238303333333334
2021-10-27 01:00:00,0.9773516666666667
2021-10-27 02:00:00,0.9938836666666667
2021-10-27 03:00:00,0.8799853333333334
2021-10-27 04:00:00,0.8340536666666666
2021-10-27 05:00:00,0.8009935
2021-10-27 06:00:00,5.077824000000001
2021-10-27 07:00:00,43.9275
2021-10-27 08:00:00,119.32956666666668
2021-10-27 09:00:00,159.3195
2021-10-27 10:00:00,229.76956666666666
2021-10-27 11:00:00,215.36899333333335
2021-10-27 12:00:00,262.74283333333335
2021-10-27 13:00:00,243.13933333333335
2021-10-27 14:00:00,317.41299999999995
2021-10-27 15:00:00,152.64633333333333
2021-10-27 16:00:00,66.44405
2021-10-27 17:00:00,18.606108333333335
2021-10-27 18:00:00,0.7219713333333334
2021-10-27 19:00:00,0.8009908333333333
2021-10-27 20:00:00,0.8267253333333334
2021-10-27 21:00:00,1.0085865
2021-10-27 22:00:00,0.874481
2021-10-27 23:00:00,0.8138535
2021-10-28 00:00:00,0.7826051666666667
2021-10-28 01:00:00,1.4017186666666668
2021-10-28 02:00:00,2.618056666666667
2021-10-28 03:00:00,2.1974716666666665
2021-10-28 04:00:00,0.9094625
2021-10-28 05:00:00,1.1134035
2021-10-28 06:00:00,5.499018833333333
2021-10-28 07:00:00,22.193033333333332
2021-10-28 08:00:00,100.57296666666666
2021-10-28 09:00:00,223.82116666666667
2021-10-28 10:00:00,472.17199999999997
2021-10-28 11:00:00,588.0066666666667
2021-10-28 12:00:00,264.96066666666667
2021-10-28 13:00:00,259.47316666666666
2021-10-28 14:00:00,254.68533333333335
2021-10-28 15:00:00,145.10773333333333
2021-10-28 16:00:00,47.445683333333335
2021-10-28 17:00:00,11.172301666666666
2021-10-28 18:00:00,1.7727600000000001
2021-10-28 19:00:00,1.7415533333333333
2021-10-28 20:00:00,1.6772833333333332
2021-10-28 21:00:00,1.6919849999999999
2021-10-28 22:00:00,1.6405433333333332
2021-10-28 23:00:00,1.6240333333333332
2021-10-29 00:00:00,1.5340116666666668
2021-10-29 01:00:00,1.4991383333333335
2021-10-29 02:00:00,1.5119816666666668
2021-10-29 03:00:00,1.5119666666666667
2021-10-29 04:00:00,1.4459449999999998
2021-10-29 05:00:00,1.32654
2021-10-29 06:00:00,5.120628333333333
2021-10-29 07:00:00,21.6157
2021-10-29 08:00:00,92.36828333333332
2021-10-29 09:00:00,199.19576666666666
2021-10-29 10:00:00,411.60833333333335
2021-10-29 11:00:00,511.67216666666667
2021-10-29 12:00:00,473.50916666666666
2021-10-29 13:00:00,450.69283333333334
2021-10-29 14:00:00,401.2613333333333
2021-10-29 15:00:00,295.2895
2021-10-29 16:00:00,91.41816666666666
2021-10-29 17:00:00,15.077358333333333
2021-10-29 18:00:00,1.3337405
2021-10-29 19:00:00,1.3411366666666666
2021-10-29 20:00:00,1.3410966666666666
2021-10-29 21:00:00,1.330115
2021-10-29 22:00:00,1.3227683333333333
2021-10-29 23:00:00,1.2988881666666667
2021-10-30 00:00:00,1.2970038333333334
2021-10-30 01:00:00,1.30254
2021-10-30 02:00:00,1.2676513333333332
2021-10-30 03:00:00,2.120233333333333
2021-10-30 04:00:00,2.6237399999999997
2021-10-30 05:00:00,1.9144866666666667
2021-10-30 06:00:00,5.142741666666667
2021-10-30 07:00:00,52.80406666666667
2021-10-30 08:00:00,71.70281666666666
2021-10-30 09:00:00,84.44635
2021-10-30 10:00:00,201.245
2021-10-30 11:00:00,186.1843333333333
2021-10-30 12:00:00,303.7191666666667
2021-10-30 13:00:00,197.70328333333333
2021-10-30 14:00:00,256.52866666666665
2021-10-30 15:00:00,199.27775000000003
2021-10-30 16:00:00,69.14145
2021-10-30 17:00:00,16.748786666666668
2021-10-30 18:00:00,1.7048733333333332
2021-10-30 19:00:00,1.8850716666666665
2021-10-30 20:00:00,2.157051666666667
2021-10-30 21:00:00,2.3572766666666665
2021-10-30 22:00:00,2.3112733333333333
2021-10-30 23:00:00,2.263498333333333
2021-10-31 00:00:00,2.19923
2021-10-31 01:00:00,2.1293983333333335
2021-10-31 02:00:00,2.0228016666666666
2021-10-31 03:00:00,1.9530316666666667
2021-10-31 04:00:00,1.9364966666666668
2021-10-31 05:00:00,1.8538266666666667
2021-10-31 06:00:00,4.743908333333334
2021-10-31 07:00:00,22.042166666666667
2021-10-31 08:00:00,27.509400000000003
2021-10-31 09:00:00,58.51531666666666
2021-10-31 10:00:00,110.42368333333334
2021-10-31 11:00:00,174.85416666666666
2021-10-31 12:00:00,340.8385
2021-10-31 13:00:00,351.79249999999996
2021-10-31 14:00:00,207.07999999999998
2021-10-31 15:00:00,167.17733333333334
2021-10-31 16:00:00,69.03861666666667
2021-10-31 17:00:00,14.294008333333332
2021-10-31 18:00:00,1.3558816666666667
2021-10-31 19:00:00,1.3301716666666665
2021-10-31 20:00:00,1.3559316666666668
2021-10-31 21:00:00,1.3449266666666666
2021-10-31 22:00:00,1.335695
2021-10-31 23:00:00,1.344905
2021-11-01 00:00:00,1.3669733333333334
2021-11-01 01:00:00,1.4091716666666665
2021-11-01 02:00:00,1.3357266666666665
2021-11-01 03:00:00,1.3596033333333333
2021-11-01 04:00:00,1.3522666666666665
2021-11-01 05:00:00,1.335715
2021-11-01 06:00:00,10.680436666666667
2021-11-01 07:00:00,43.699016666666665
2021-11-01 08:00:00,88.76356666666668
2021-11-01 09:00:00,403.89985
2021-11-01 10:00:00,554.7305
2021-11-01 11:00:00,578.151
2021-11-01 12:00:00,613.3543333333333
2021-11-01 13:00:00,339.4223333333333
2021-11-01 14:00:00,366.8681666666667
2021-11-01 15:00:00,279.3782
2021-11-01 16:00:00,74.04185000000001
2021-11-01 17:00:00,14.078193333333333
2021-11-01 18:00:00,1.2896661666666667
2021-11-01 19:00:00,1.3191316666666666
2021-11-01 20:00:00,1.3374466666666665
2021-11-01 21:00:00,1.3521533333333333
2021-11-01 22:00:00,1.3227091666666666
2021-11-01 23:00:00,1.2988366666666666
2021-11-02 00:00:00,1.2970415
2021-11-02 01:00:00,1.3098883333333333
2021-11-02 02:00:00,1.3007395
2021-11-02 03:00:00,1.2988966666666666
2021-11-02 04:00:00,1.3044566666666666
2021-11-02 05:00:00,1.3118249999999998
2021-11-02 06:00:00,3.7610083333333337
2021-11-02 07:00:00,31.870166666666666
2021-11-02 08:00:00,86.39865
2021-11-02 09:00:00,95.79205
2021-11-02 10:00:00,321.3075
2021-11-02 11:00:00,529.3711666666667
2021-11-02 12:00:00,635.4638333333334
2021-11-02 13:00:00,571.7075
2021-11-02 14:00:00,445.9855
2021-11-02 15:00:00,264.11966666666666
2021-11-02 16:00:00,79.37535
2021-11-02 17:00:00,14.769065000000001
2021-11-02 18:00:00,1.2676304999999999
2021-11-02 19:00:00,1.3007116666666667
2021-11-02 20:00:00,1.3081183333333333
2021-11-02 21:00:00,1.3007300000000002
2021-11-02 22:00:00,1.2713186666666665
2021-11-02 23:00:00,1.2970783333333331
2021-11-03 00:00:00,1.2787035
2021-11-03 01:00:00,1.2694743333333334
2021-11-03 02:00:00,1.2639616666666667
2021-11-03 03:00:00,1.2492545
2021-11-03 04:00:00,1.2456356666666666
2021-11-03 05:00:00,1.229118
2021-11-03 06:00:00,2.156959
2021-11-03 07:00:00,14.575203333333333
2021-11-03 08:00:00,53.51321666666667
2021-11-03 09:00:00,359.90483333333333
2021-11-03 10:00:00,546.3661666666667
2021-11-03 11:00:00,503.71883333333335
2021-11-03 12:00:00,613.8021666666666
2021-11-03 13:00:00,570.3738333333333
2021-11-03 14:00:00,451.2945
2021-11-03 15:00:00,242.15443333333332
2021-11-03 16:00:00,67.23963333333333
2021-11-03 17:00:00,14.569893333333335
2021-11-03 18:00:00,0.9534588333333333
2021-11-03 19:00:00,1.2566415
2021-11-03 20:00:00,1.2051911666666666
2021-11-03 21:00:00,1.2456583333333333
2021-11-03 22:00:00,1.2805986666666667
2021-11-03 23:00:00,1.2732233333333334
2021-11-04 00:00:00,1.2658755
2021-11-04 01:00:00,1.247491
2021-11-04 02:00:00,1.2530106666666667
2021-11-04 03:00:00,1.229121
2021-11-04 04:00:00,1.2383081666666667
2021-11-04 05:00:00,1.2383086666666665
2021-11-04 06:00:00,5.493343666666666
2021-11-04 07:00:00,31.24093333333333
2021-11-04 08:00:00,224.65181666666666
2021-11-04 09:00:00,247.3035
2021-11-04 10:00:00,399.74816666666663
2021-11-04 11:00:00,393.72566666666665
2021-11-04 12:00:00,584.025
2021-11-04 13:00:00,559.2926666666666
2021-11-04 14:00:00,459.0058333333333
2021-11-04 15:00:00,314.5575
2021-11-04 16:00:00,52.44755
2021-11-04 17:00:00,13.361545
2021-11-04 18:00:00,1.245559
2021-11-04 19:00:00,1.2401631666666666
2021-11-04 20:00:00,1.2989216666666665
2021-11-04 21:00:00,1.2180098333333333
2021-11-04 22:00:00,1.0857263333333333
2021-11-04 23:00:00,1.1500366666666666
2021-11-05 00:00:00,1.0618363333333334
2021-11-05 01:00:00,1.082059
2021-11-05 02:00:00,1.1371685
2021-11-05 03:00:00,1.0765563333333332
2021-11-05 04:00:00,1.1041141666666665
2021-11-05 05:00:00,1.0857386666666666
2021-11-05 06:00:00,3.0826898333333332
2021-11-05 07:00:00,23.09245333333333
2021-11-05 08:00:00,53.988616666666665
2021-11-05 09:00:00,101.65538333333333
2021-11-05 10:00:00,101.53025
2021-11-05 11:00:00,288.3231666666667
2021-11-05 12:00:00,306.8581666666667
2021-11-05 13:00:00,543.1405
2021-11-05 14:00:00,309.4823333333333
2021-11-05 15:00:00,115.14635
2021-11-05 16:00:00,59.347033333333336
2021-11-05 17:00:00,11.640525
2021-11-05 18:00:00,1.1371593333333332
2021-11-05 19:00:00,1.29893
2021-11-05 20:00:00,1.3081585
2021-11-05 21:00:00,1.52312
2021-11-05 22:00:00,5.146199999999999
2021-11-05 23:00:00,8.977129999999999
2021-11-06 00:00:00,10.116081666666668
2021-11-06 01:00:00,10.261391666666666
2021-11-06 02:00:00,9.581291666666667
2021-11-06 03:00:00,8.629561666666666
2021-11-06 04:00:00,10.957306666666666
2021-11-06 05:00:00,9.93779
2021-11-06 06:00:00,16.06684333333333
2021-11-06 07:00:00,128.81938333333335
2021-11-06 08:00:00,339.0895
2021-11-06 09:00:00,531.8566666666667
2021-11-06 10:00:00,591.0006666666667
2021-11-06 11:00:00,369.1418333333333
2021-11-06 12:00:00,544.5310000000001
2021-11-06 13:00:00,543.054
2021-11-06 14:00:00,233.25883333333334
2021-11-06 15:00:00,103.19321666666666
2021-11-06 16:00:00,33.23151666666667
2021-11-06 17:00:00,11.799303333333334
2021-11-06 18:00:00,1.629365
2021-11-06 19:00:00,2.1070816666666667
2021-11-06 20:00:00,2.654593333333333
2021-11-06 21:00:00,3.257155
2021-11-06 22:00:00,3.7330650000000003
2021-11-06 23:00:00,4.9898766666666665
2021-11-07 00:00:00,5.442013333333334
2021-11-07 01:00:00,5.083785000000001
2021-11-07 02:00:00,5.203078333333334
2021-11-07 03:00:00,5.20123
2021-11-07 04:00:00,6.129041666666667
2021-11-07 05:00:00,8.09325
2021-11-07 06:00:00,16.835365
2021-11-07 07:00:00,122.47568333333334
2021-11-07 08:00:00,242.4201666666667
2021-11-07 09:00:00,310.1381
2021-11-07 10:00:00,403.30321666666663
2021-11-07 11:00:00,199.5685
2021-11-07 12:00:00,227.72764999999998
2021-11-07 13:00:00,133.5416
2021-11-07 14:00:00,140.80748333333335
2021-11-07 15:00:00,132.50674999999998
2021-11-07 16:00:00,63.2639
2021-11-07 17:00:00,11.572891666666667
2021-11-07 18:00:00,3.646505
2021-11-07 19:00:00,4.27669
2021-11-07 20:00:00,4.620223333333333
2021-11-07 21:00:00,5.068576666666667
2021-11-07 22:00:00,5.052028333333333
2021-11-07 23:00:00,5.27976
2021-11-08 00:00:00,5.36259
2021-11-08 01:00:00,4.242243333333334
2021-11-08 02:00:00,3.981245
2021-11-08 03:00:00,2.14238
2021-11-08 04:00:00,1.2734858333333332
2021-11-08 05:00:00,1.3121733333333334
2021-11-08 06:00:00,5.515623333333334
2021-11-08 07:00:00,48.73895
2021-11-08 08:00:00,292.57956666666666
2021-11-08 09:00:00,455.2558333333333
2021-11-08 10:00:00,544.2293333333333
2021-11-08 11:00:00,612.5055
2021-11-08 12:00:00,616.8435000000001
2021-11-08 13:00:00,568.6495
2021-11-08 14:00:00,469.35049999999995
2021-11-08 15:00:00,323.7146666666667
2021-11-08 16:00:00,25.24689
2021-11-08 17:00:00,9.769073333333333
2021-11-08 18:00:00,0.6836856666666667
2021-11-08 19:00:00,0.6616731666666666
2021-11-08 20:00:00,0.6616968333333334
2021-11-08 21:00:00,0.6617076666666667
2021-11-08 22:00:00,0.6617031666666667
2021-11-08 23:00:00,0.6617013333333334
2021-11-09 00:00:00,0.6617084999999999
2021-11-09 01:00:00,0.6617215000000001
2021-11-09 02:00:00,0.6635671666666667
2021-11-09 03:00:00,0.6617166666666667
2021-11-09 04:00:00,0.6617341666666667
2021-11-09 05:00:00,0.667251
2021-11-09 06:00:00,2.965134
2021-11-09 07:00:00,31.562416666666664
2021-11-09 08:00:00,124.45963333333334
2021-11-09 09:00:00,335.4245
2021-11-09 10:00:00,542.2998333333333
2021-11-09 11:00:00,533.7555
2021-11-09 12:00:00,367.32466666666664
2021-11-09 13:00:00,418.6215
2021-11-09 14:00:00,338.9746666666667
2021-11-09 15:00:00,283.24758333333335
2021-11-09 16:00:00,42.38498333333334
2021-11-09 17:00:00,12.458780333333333
2021-11-09 18:00:00,0.9188201666666667
2021-11-09 19:00:00,0.7166983333333333
2021-11-09 20:00:00,0.6579058333333333
2021-11-09 21:00:00,0.6762896666666667
2021-11-09 22:00:00,0.6597476666666666
2021-11-09 23:00:00,0.6616215000000001
2021-11-10 00:00:00,0.6616628333333333
2021-11-10 01:00:00,0.6616951666666666
2021-11-10 02:00:00,0.6616986666666667
2021-11-10 03:00:00,0.6617080000000001
2021-11-10 04:00:00,0.6617116666666667
2021-11-10 05:00:00,0.6617236666666667
2021-11-10 06:00:00,5.1374355
2021-11-10 07:00:00,52.12708333333333
2021-11-10 08:00:00,150.9006666666667
2021-11-10 09:00:00,430.6553333333333
2021-11-10 10:00:00,557.5848333333332
2021-11-10 11:00:00,619.3251666666667
2021-11-10 12:00:00,621.5731666666667
2021-11-10 13:00:00,572.1311666666667
2021-11-10 14:00:00,471.51500000000004
2021-11-10 15:00:00,316.80813333333333
2021-11-10 16:00:00,40.3682
2021-11-10 17:00:00,14.155036166666667
2021-11-10 18:00:00,0.7147698333333333
2021-11-10 19:00:00,1.064009
2021-11-10 20:00:00,0.8177801666666668
2021-11-10 21:00:00,0.6725814999999999
2021-11-10 22:00:00,0.6670911666666667
2021-11-10 23:00:00,0.6615913333333333
2021-11-11 00:00:00,0.6597518333333333
2021-11-11 01:00:00,0.661606
2021-11-11 02:00:00,0.6616561666666667
2021-11-11 03:00:00,0.6616801666666667
2021-11-11 04:00:00,0.6616906666666666
2021-11-11 05:00:00,0.6616911666666667
2021-11-11 06:00:00,6.234584
2021-11-11 07:00:00,88.9312
2021-11-11 08:00:00,260.15916666666664
2021-11-11 09:00:00,330.3308333333333
2021-11-11 10:00:00,321.2205
2021-11-11 11:00:00,619.4406666666667
2021-11-11 12:00:00,621.5886666666667
2021-11-11 13:00:00,561.0118333333334
2021-11-11 14:00:00,284.853
2021-11-11 15:00:00,156.05658333333335
2021-11-11 16:00:00,42.300650000000005
2021-11-11 17:00:00,12.526316333333334
2021-11-11 18:00:00,0.6762060000000001
2021-11-11 19:00:00,0.7736066666666667
2021-11-11 20:00:00,0.887551
2021-11-11 21:00:00,1.0051706666666667
2021-11-11 22:00:00,0.9481983333333334
2021-11-11 23:00:00,1.0015365
2021-11-12 00:00:00,1.0051546666666666
2021-11-12 01:00:00,0.7368436666666667
2021-11-12 02:00:00,0.6762026666666666
2021-11-12 03:00:00,0.6853901666666666
2021-11-12 04:00:00,0.6560330000000001
2021-11-12 05:00:00,0.5384408333333333
2021-11-12 06:00:00,10.275615333333333
2021-11-12 07:00:00,103.83991666666667
2021-11-12 08:00:00,291.0581666666667
2021-11-12 09:00:00,436.92383333333333
2021-11-12 10:00:00,555.2475
2021-11-12 11:00:00,593.4126666666667
2021-11-12 12:00:00,596.2593333333333
2021-11-12 13:00:00,562.3534999999999
2021-11-12 14:00:00,451.45116666666667
2021-11-12 15:00:00,286.12358333333333
2021-11-12 16:00:00,45.01326666666667
2021-11-12 17:00:00,11.807524
2021-11-12 18:00:00,0.6614528333333334
2021-11-12 19:00:00,0.6614741666666667
2021-11-12 20:00:00,0.6614608333333333
2021-11-12 21:00:00,0.6614644999999999
2021-11-12 22:00:00,0.6615003333333332
2021-11-12 23:00:00,0.6651710000000001
2021-11-13 00:00:00,0.6633361666666667
2021-11-13 01:00:00,0.6615001666666667
2021-11-13 02:00:00,0.661488
2021-11-13 03:00:00,0.6615088333333333
2021-11-13 04:00:00,0.6137118333333333
2021-11-13 05:00:00,0.44654066666666664
2021-11-13 06:00:00,9.0305935
2021-11-13 07:00:00,83.64526666666667
2021-11-13 08:00:00,279.189
2021-11-13 09:00:00,432.947
2021-11-13 10:00:00,541.9078333333333
2021-11-13 11:00:00,603.6830000000001
2021-11-13 12:00:00,612.2226666666667
2021-11-13 13:00:00,556.8181666666666
2021-11-13 14:00:00,452.25183333333337
2021-11-13 15:00:00,287.54541666666665
2021-11-13 16:00:00,35.32193333333333
2021-11-13 17:00:00,10.166429666666666
2021-11-13 18:00:00,0.6724841666666667
2021-11-13 19:00:00,0.8801513333333334
2021-11-13 20:00:00,0.8930406666666666
2021-11-13 21:00:00,0.7699626666666667
2021-11-13 22:00:00,0.6762411666666667
2021-11-13 23:00:00,0.6725756666666667
2021-11-14 00:00:00,0.6652283333333333
2021-11-14 01:00:00,0.6597228333333334
2021-11-14 02:00:00,0.6579063333333333
2021-11-14 03:00:00,0.6616388333333333
2021-11-14 04:00:00,0.6616791666666667
2021-11-14 05:00:00,0.6616893333333334
2021-11-14 06:00:00,7.567255833333333
2021-11-14 07:00:00,114.76988333333334
2021-11-14 08:00:00,280.6446666666667
2021-11-14 09:00:00,428.47516666666667
2021-11-14 10:00:00,536.8025
2021-11-14 11:00:00,596.7916666666666
2021-11-14 12:00:00,601.0621666666667
2021-11-14 13:00:00,550.4193333333334
2021-11-14 14:00:00,448.47633333333334
2021-11-14 15:00:00,282.9067833333333
2021-11-14 16:00:00,33.700716666666665
2021-11-14 17:00:00,10.200796333333333
2021-11-14 18:00:00,0.650458
2021-11-14 19:00:00,0.6229403333333334
2021-11-14 20:00:00,0.665218
2021-11-14 21:00:00,0.6413318333333333
2021-11-14 22:00:00,0.6339801666666667
2021-11-14 23:00:00,0.6431701666666666
2021-11-15 00:00:00,0.6523646666666667
2021-11-15 01:00:00,0.6248051666666666
2021-11-15 02:00:00,0.6376653333333333
2021-11-15 03:00:00,0.6542053333333333
2021-11-15 04:00:00,0.6579068333333333
2021-11-15 05:00:00,0.6578943333333334
2021-11-15 06:00:00,4.870024833333333
2021-11-15 07:00:00,111.06963333333333
2021-11-15 08:00:00,270.0601833333333
2021-11-15 09:00:00,266.5835
2021-11-15 10:00:00,345.6933333333333
2021-11-15 11:00:00,513.2189999999999
2021-11-15 12:00:00,607.3073333333334
2021-11-15 13:00:00,474.6333333333333
2021-11-15 14:00:00,309.8045
2021-11-15 15:00:00,238.88725000000002
2021-11-15 16:00:00,27.85373333333333
2021-11-15 17:00:00,9.03725
2021-11-15 18:00:00,0.6449374999999999
2021-11-15 19:00:00,0.6228870000000001
2021-11-15 20:00:00,0.6100516666666667
2021-11-15 21:00:00,0.5880150000000001
2021-11-15 22:00:00,0.6486506666666667
2021-11-15 23:00:00,0.6431123333333333
2021-11-16 00:00:00,0.5255186666666667
2021-11-16 01:00:00,0.43733649999999996
2021-11-16 02:00:00,0.5090231666666667
2021-11-16 03:00:00,0.6211236666666667
2021-11-16 04:00:00,0.6486936666666666
2021-11-16 05:00:00,0.6137748333333334
2021-11-16 06:00:00,4.189850666666667
2021-11-16 07:00:00,84.18986666666666
2021-11-16 08:00:00,253.654
2021-11-16 09:00:00,418.9955
2021-11-16 10:00:00,521.1561666666666
2021-11-16 11:00:00,575.859
2021-11-16 12:00:00,577.8628333333332
2021-11-16 13:00:00,520.6116666666667
2021-11-16 14:00:00,422.2785
2021-11-16 15:00:00,267.55331666666666
2021-11-16 16:00:00,43.91493333333334
2021-11-16 17:00:00,10.129411333333334
2021-11-16 18:00:00,0.6596195
2021-11-16 19:00:00,0.6633073333333334
2021-11-16 20:00:00,0.6614621666666667
2021-11-16 21:00:00,0.6706505
2021-11-16 22:00:00,0.6577643333333333
2021-11-16 23:00:00,0.689008
2021-11-17 00:00:00,0.6926658333333333
2021-11-17 01:00:00,0.7349180000000001
2021-11-17 02:00:00,0.7257678333333334
2021-11-17 03:00:00,0.6651196666666668
2021-11-17 04:00:00,0.7110488333333334
2021-11-17 05:00:00,0.9150061666666667
2021-11-17 06:00:00,4.229600666666666
2021-11-17 07:00:00,60.917233333333336
2021-11-17 08:00:00,137.18705
2021-11-17 09:00:00,287.9868333333333
2021-11-17 10:00:00,509.594
2021-11-17 11:00:00,531.8173333333333
2021-11-17 12:00:00,576.2669999999999
2021-11-17 13:00:00,453.15549999999996
2021-11-17 14:00:00,377.31149999999997
2021-11-17 15:00:00,264.036
2021-11-17 16:00:00,67.55106666666667
2021-11-17 17:00:00,9.467951666666666
2021-11-17 18:00:00,0.6632148333333333
2021-11-17 19:00:00,0.6632696666666666
2021-11-17 20:00:00,0.6633058333333334
2021-11-17 21:00:00,0.6853363333333333
2021-11-17 22:00:00,0.8635411666666666
2021-11-17 23:00:00,0.8764461666666666
2021-11-18 00:00:00,0.6854236666666667
2021-11-18 01:00:00,0.6542005
2021-11-18 02:00:00,0.6578856666666667
2021-11-18 03:00:00,0.6597338333333334
2021-11-18 04:00:00,0.6597386666666666
2021-11-18 05:00:00,0.6615935000000001
2021-11-18 06:00:00,4.776136833333334
2021-11-18 07:00:00,97.27345
2021-11-18 08:00:00,280.642
2021-11-18 09:00:00,468.4935
2021-11-18 10:00:00,445.18416666666667
2021-11-18 11:00:00,482.0626666666667
2021-11-18 12:00:00,509.4765
2021-11-18 13:00:00,426.7175
2021-11-18 14:00:00,456.2021666666667
2021-11-18 15:00:00,229.93623333333335
2021-11-18 16:00:00,29.05705
2021-11-18 17:00:00,9.049034
2021-11-18 18:00:00,0.6283641666666667
2021-11-18 19:00:00,0.5236436666666667
2021-11-18 20:00:00,0.549372
2021-11-18 21:00:00,0.4575091666666667
2021-11-18 22:00:00,0.5475856666666666
2021-11-18 23:00:00,0.6358163333333333
2021-11-19 00:00:00,0.6541921666666667
2021-11-19 01:00:00,0.6578625
2021-11-19 02:00:00,0.6486726666666667
2021-11-19 03:00:00,0.65603
2021-11-19 04:00:00,0.6615345
2021-11-19 05:00:00,0.641316
2021-11-19 06:00:00,2.7509216666666663
2021-11-19 07:00:00,42.368071666666665
2021-11-19 08:00:00,205.91938333333334
2021-11-19 09:00:00,407.67816666666664
2021-11-19 10:00:00,489.986
2021-11-19 11:00:00,506.242
2021-11-19 12:00:00,233.50616666666667
2021-11-19 13:00:00,145.08333333333334
2021-11-19 14:00:00,111.41036666666668
2021-11-19 15:00:00,51.41813333333334
2021-11-19 16:00:00,33.85015
2021-11-19 17:00:00,6.33981
2021-11-19 18:00:00,0.659537
2021-11-19 19:00:00,0.6576988333333333
2021-11-19 20:00:00,0.659559
2021-11-19 21:00:00,0.6595356666666666
2021-11-19 22:00:00,0.6577061666666667
2021-11-19 23:00:00,0.6613876666666667
2021-11-20 00:00:00,0.6595273333333334
2021-11-20 01:00:00,0.6577061666666667
2021-11-20 02:00:00,0.6613816666666666
2021-11-20 03:00:00,0.6613845
2021-11-20 04:00:00,0.6816133333333333
2021-11-20 05:00:00,0.690816
2021-11-20 06:00:00,4.5197465
2021-11-20 07:00:00,76.94196666666667
2021-11-20 08:00:00,236.02783333333335
2021-11-20 09:00:00,425.5328333333334
2021-11-20 10:00:00,505.39549999999997
2021-11-20 11:00:00,531.4335
2021-11-20 12:00:00,577.7783333333333
2021-11-20 13:00:00,501.96483333333333
2021-11-20 14:00:00,332.7195
2021-11-20 15:00:00,183.2278
2021-11-20 16:00:00,50.48381666666667
2021-11-20 17:00:00,12.961373833333333
2021-11-20 18:00:00,0.6632245
2021-11-20 19:00:00,0.7385878333333333
2021-11-20 20:00:00,0.7478005
2021-11-20 21:00:00,0.6981418333333334
2021-11-20 22:00:00,0.6871039999999999
2021-11-20 23:00:00,0.6907938333333334
2021-11-21 00:00:00,0.7054928333333333
2021-11-21 01:00:00,0.6944485
2021-11-21 02:00:00,0.7109764999999999
2021-11-21 03:00:00,0.7073233333333333
2021-11-21 04:00:00,0.7293415
2021-11-21 05:00:00,0.7440711666666666
2021-11-21 06:00:00,1.7214818333333333
2021-11-21 07:00:00,20.914891666666666
2021-11-21 08:00:00,29.459241666666667
2021-11-21 09:00:00,75.93927666666667
2021-11-21 10:00:00,149.91673333333335
2021-11-21 11:00:00,200.55566666666667
2021-11-21 12:00:00,175.285
2021-11-21 13:00:00,200.692
2021-11-21 14:00:00,321.5793333333333
2021-11-21 15:00:00,172.46863333333334
2021-11-21 16:00:00,43.19195
2021-11-21 17:00:00,9.780005
2021-11-21 18:00:00,1.8739516666666667
2021-11-21 19:00:00,3.092111666666667
2021-11-21 20:00:00,10.492661666666667
2021-11-21 21:00:00,10.65817
2021-11-21 22:00:00,10.557258333333333
2021-11-21 23:00:00,10.625131666666666
2021-11-22 00:00:00,10.639781666666666
2021-11-22 01:00:00,6.215555
2021-11-22 02:00:00,5.153581666666667
2021-11-22 03:00:00,5.875616666666667
2021-11-22 04:00:00,7.929638333333333
2021-11-22 05:00:00,9.516933333333332
2021-11-22 06:00:00,10.180151666666667
2021-11-22 07:00:00,20.603083333333334
2021-11-22 08:00:00,37.3363
2021-11-22 09:00:00,81.11038333333333
2021-11-22 10:00:00,105.51603333333333
2021-11-22 11:00:00,74.80321666666667
2021-11-22 12:00:00,127.31088333333334
2021-11-22 13:00:00,261.32166666666666
2021-11-22 14:00:00,196.41016666666667
2021-11-22 15:00:00,97.55738333333333
2021-11-22 16:00:00,33.01031666666667
2021-11-22 17:00:00,6.292281666666667
2021-11-22 18:00:00,3.20709
2021-11-22 19:00:00,2.7696666666666667
2021-11-22 20:00:00,3.1519633333333332
2021-11-22 21:00:00,2.810275
2021-11-22 22:00:00,2.6743316666666668
2021-11-22 23:00:00,2.7240616666666666
2021-11-23 00:00:00,2.6946749999999997
2021-11-23 01:00:00,2.2554250000000002
2021-11-23 02:00:00,2.029361666666667
2021-11-23 03:00:00,2.0018083333333334
2021-11-23 04:00:00,1.9834283333333333
2021-11-23 05:00:00,1.985295
2021-11-23 06:00:00,2.364028333333333
2021-11-23 07:00:00,16.569741666666665
2021-11-23 08:00:00,42.310566666666666
2021-11-23 09:00:00,71.47513333333333
2021-11-23 10:00:00,84.28175
2021-11-23 11:00:00,91.1448
2021-11-23 12:00:00,92.13276666666667
2021-11-23 13:00:00,132.41216666666665
2021-11-23 14:00:00,95.19435
2021-11-23 15:00:00,82.40258333333333
2021-11-23 16:00:00,49.8596
2021-11-23 17:00:00,7.606696666666666
2021-11-23 18:00:00,1.3214616666666668
2021-11-23 19:00:00,1.3049583333333332
2021-11-23 20:00:00,1.1947040000000002
2021-11-23 21:00:00,1.2020413333333333
2021-11-23 22:00:00,1.2461375
2021-11-23 23:00:00,1.1450748333333334
2021-11-24 00:00:00,0.8932821666666667
2021-11-24 01:00:00,0.9410705
2021-11-24 02:00:00,1.0752358333333334
2021-11-24 03:00:00,1.143246
2021-11-24 04:00:00,1.1799915
2021-11-24 05:00:00,1.2241298333333333
2021-11-24 06:00:00,1.939105
2021-11-24 07:00:00,25.18176833333333
2021-11-24 08:00:00,99.24125000000001
2021-11-24 09:00:00,247.257
2021-11-24 10:00:00,457.24916666666667
2021-11-24 11:00:00,573.0699999999999
2021-11-24 12:00:00,570.5791666666667
2021-11-24 13:00:00,520.9763333333334
2021-11-24 14:00:00,418.43149999999997
2021-11-24 15:00:00,232.3127166666667
2021-11-24 16:00:00,38.983316666666674
2021-11-24 17:00:00,10.157299833333333
2021-11-24 18:00:00,0.6671026666666666
2021-11-24 19:00:00,0.7186265
2021-11-24 20:00:00,0.9428218333333334
2021-11-24 21:00:00,1.0567753333333334
2021-11-24 22:00:00,0.8527785
2021-11-24 23:00:00,0.9593735
2021-11-25 00:00:00,0.8913843333333333
2021-11-25 01:00:00,0.7645378333333334
2021-11-25 02:00:00,0.7094173333333333
2021-11-25 03:00:00,0.7204376666666668
2021-11-25 04:00:00,0.6634566666666667
2021-11-25 05:00:00,0.6616185
2021-11-25 06:00:00,1.108214
2021-11-25 07:00:00,19.315625
2021-11-25 08:00:00,78.98261666666667
2021-11-25 09:00:00,167.9633333333333
2021-11-25 10:00:00,465.64033333333333
2021-11-25 11:00:00,563.9201666666667
2021-11-25 12:00:00,554.4680000000001
2021-11-25 13:00:00,518.945
2021-11-25 14:00:00,421.695
2021-11-25 15:00:00,236.39418333333333
2021-11-25 16:00:00,32.40128333333333
2021-11-25 17:00:00,9.009039666666666
2021-11-25 18:00:00,0.5843330000000001
2021-11-25 19:00:00,0.659713
2021-11-25 20:00:00,0.6615638333333334
2021-11-25 21:00:00,0.6597201666666667
2021-11-25 22:00:00,0.6578981666666667
2021-11-25 23:00:00,0.6616044999999999
2021-11-26 00:00:00,0.6615783333333333
2021-11-26 01:00:00,0.6597553333333334
2021-11-26 02:00:00,0.6615996666666667
2021-11-26 03:00:00,0.6579351666666666
2021-11-26 04:00:00,0.6634713333333334
2021-11-26 05:00:00,0.6781526666666667
2021-11-26 06:00:00,3.732509
2021-11-26 07:00:00,90.91436666666667
2021-11-26 08:00:00,257.3833333333333
2021-11-26 09:00:00,392.6925
2021-11-26 10:00:00,499.86333333333334
2021-11-26 11:00:00,560.9978333333333
2021-11-26 12:00:00,566.4571666666667
2021-11-26 13:00:00,521.9058333333334
2021-11-26 14:00:00,427.0896666666667
2021-11-26 15:00:00,242.3943
2021-11-26 16:00:00,41.70536666666667
2021-11-26 17:00:00,11.208091833333333
2021-11-26 18:00:00,0.24252883333333333
2021-11-26 19:00:00,0.5879941666666666
2021-11-26 20:00:00,0.6413186666666667
2021-11-26 21:00:00,0.6578583333333333
2021-11-26 22:00:00,0.6505011666666667
2021-11-26 23:00:00,0.6523396666666667
2021-11-27 00:00:00,0.6578666666666667
2021-11-27 01:00:00,0.6615409999999999
2021-11-27 02:00:00,0.6578853333333333
2021-11-27 03:00:00,0.6615924999999999
2021-11-27 04:00:00,0.6597821666666667
2021-11-27 05:00:00,0.5329663333333333
2021-11-27 06:00:00,3.285981833333333
2021-11-27 07:00:00,98.69364999999999
2021-11-27 08:00:00,249.75183333333334
2021-11-27 09:00:00,328.4843333333334
2021-11-27 10:00:00,481.9323333333333
2021-11-27 11:00:00,538.0319999999999
2021-11-27 12:00:00,567.4365
2021-11-27 13:00:00,518.3536666666666
2021-11-27 14:00:00,427.191
2021-11-27 15:00:00,237.53786666666664
2021-11-27 16:00:00,30.064666666666664
2021-11-27 17:00:00,8.917884666666668
2021-11-27 18:00:00,0.6321196666666666
2021-11-27 19:00:00,0.6597106666666667
2021-11-27 20:00:00,0.6615420000000001
2021-11-27 21:00:00,0.6560421666666667
2021-11-27 22:00:00,0.6597068333333332
2021-11-27 23:00:00,0.6578928333333334
2021-11-28 00:00:00,0.6560608333333333
2021-11-28 01:00:00,0.6578858333333333
2021-11-28 02:00:00,0.6578863333333334
2021-11-28 03:00:00,0.6560793333333332
2021-11-28 04:00:00,0.6505585
2021-11-28 05:00:00,0.5366325
2021-11-28 06:00:00,3.162824
2021-11-28 07:00:00,89.97151666666667
2021-11-28 08:00:00,264.2845
2021-11-28 09:00:00,369.98116666666664
2021-11-28 10:00:00,490.59133333333335
2021-11-28 11:00:00,553.4436666666667
2021-11-28 12:00:00,562.143
2021-11-28 13:00:00,517.3336666666667
2021-11-28 14:00:00,423.1765
2021-11-28 15:00:00,234.38488333333333
2021-11-28 16:00:00,32.368766666666666
2021-11-28 17:00:00,9.5602
2021-11-28 18:00:00,0.47407316666666666
2021-11-28 19:00:00,0.6486635
2021-11-28 20:00:00,0.6560086666666667
2021-11-28 21:00:00,0.659694
2021-11-28 22:00:00,0.6578551666666667
2021-11-28 23:00:00,0.6615144999999999
2021-11-29 00:00:00,0.656017
2021-11-29 01:00:00,0.661549
2021-11-29 02:00:00,0.657862
2021-11-29 03:00:00,0.6578848333333334
2021-11-29 04:00:00,0.6615791666666666
2021-11-29 05:00:00,0.6505656666666667
2021-11-29 06:00:00,3.181142
2021-11-29 07:00:00,92.03096666666667
2021-11-29 08:00:00,266.2726666666667
2021-11-29 09:00:00,397.88199999999995
2021-11-29 10:00:00,504.9881666666667
2021-11-29 11:00:00,569.0026666666668
2021-11-29 12:00:00,575.609
2021-11-29 13:00:00,531.215
2021-11-29 14:00:00,438.1635
2021-11-29 15:00:00,242.61273333333332
2021-11-29 16:00:00,24.732166666666668
2021-11-29 17:00:00,7.650077666666666
2021-11-29 18:00:00,0.37474433333333335
2021-11-29 19:00:00,0.07348966666666666
2021-11-29 20:00:00,0.47404183333333333
2021-11-29 21:00:00,0.6192176666666668
2021-11-29 22:00:00,0.6449733333333333
2021-11-29 23:00:00,0.6615243333333333
2021-11-30 00:00:00,0.6596963333333333
2021-11-30 01:00:00,0.6578331666666667
2021-11-30 02:00:00,0.6596971666666666
2021-11-30 03:00:00,0.6578350000000001
2021-11-30 04:00:00,0.6596518333333333
2021-11-30 05:00:00,0.6578316666666667
2021-11-30 06:00:00,3.2892188333333334
2021-11-30 07:00:00,85.69211666666666
2021-11-30 08:00:00,257.7805
2021-11-30 09:00:00,390.9675
2021-11-30 10:00:00,491.648
2021-11-30 11:00:00,546.2323333333334
2021-11-30 12:00:00,550.8953333333334
2021-11-30 13:00:00,506.44
2021-11-30 14:00:00,409.1503333333333
2021-11-30 15:00:00,227.32621666666668
2021-11-30 16:00:00,57.7772
2021-11-30 17:00:00,9.739695000000001
2021-11-30 18:00:00,0.542058
2021-11-30 19:00:00,0.6358271666666667
2021-11-30 20:00:00,0.23706
2021-11-30 21:00:00,0.038595833333333336
2021-11-30 22:00:00,0.3749593333333333
2021-11-30 23:00:00,0.6267996666666666
2021-12-01 00:00:00,0.6488641666666666
2021-12-01 01:00:00,0.6286578333333334
2021-12-01 02:00:00,0.5753781666666666
2021-12-01 03:00:00,0.5128788333333333
2021-12-01 04:00:00,0.18015466666666666
2021-12-01 05:00:00,0.02022183333333333
2021-12-01 06:00:00,2.400882833333333
2021-12-01 07:00:00,88.94705
2021-12-01 08:00:00,267.8495
2021-12-01 09:00:00,400.336
2021-12-01 10:00:00,512.1541666666667
2021-12-01 11:00:00,577.6306666666666
2021-12-01 12:00:00,589.628
2021-12-01 13:00:00,544.0293333333333
2021-12-01 14:00:00,449.66116666666665
2021-12-01 15:00:00,245.81111666666666
2021-12-01 16:00:00,26.544333333333334
2021-12-01 17:00:00,8.6759205
2021-12-01 18:00:00,0.154392
2021-12-01 19:00:00,0.5845208333333333
2021-12-01 20:00:00,0.650697
2021-12-01 21:00:00,0.658058
2021-12-01 22:00:00,0.6562336666666667
2021-12-01 23:00:00,0.5661796666666666
2021-12-02 00:00:00,0.2886215
2021-12-02 01:00:00,0.03860483333333333
2021-12-02 02:00:00,0.0128685
2021-12-02 03:00:00,0.0
2021-12-02 04:00:00,0.0
2021-12-02 05:00:00,0.0
2021-12-02 06:00:00,2.500494166666667
2021-12-02 07:00:00,82.327
2021-12-02 08:00:00,266.4615
2021-12-02 09:00:00,399.742
2021-12-02 10:00:00,512.2345
2021-12-02 11:00:00,578.6705000000001
2021-12-02 12:00:00,585.1848333333332
2021-12-02 13:00:00,539.3426666666667
2021-12-02 14:00:00,447.0866666666667
2021-12-02 15:00:00,243.26791666666668
2021-12-02 16:00:00,30.516650000000002
2021-12-02 17:00:00,8.812794499999999
2021-12-02 18:00:00,0.04962066666666667
2021-12-02 19:00:00,0.41723
2021-12-02 20:00:00,0.6010451666666667
2021-12-02 21:00:00,0.6010528333333334
2021-12-02 22:00:00,0.6580378333333333
2021-12-02 23:00:00,0.6580476666666667
2021-12-03 00:00:00,0.659882
2021-12-03 01:00:00,0.555116
2021-12-03 02:00:00,0.22058133333333335
2021-12-03 03:00:00,0.06434066666666667
2021-12-03 04:00:00,0.005515
2021-12-03 05:00:00,0.0
2021-12-03 06:00:00,2.4156086666666665
2021-12-03 07:00:00,92.49915
2021-12-03 08:00:00,270.8825
2021-12-03 09:00:00,406.106
2021-12-03 10:00:00,517.77
2021-12-03 11:00:00,582.6526666666667
2021-12-03 12:00:00,594.5708333333333
2021-12-03 13:00:00,548.144
2021-12-03 14:00:00,449.4993333333333
2021-12-03 15:00:00,244.77133333333333
2021-12-03 16:00:00,26.821199999999997
2021-12-03 17:00:00,8.965177500000001
2021-12-03 18:00:00,0.12496416666666667
2021-12-03 19:00:00,0.0477845
2021-12-03 20:00:00,0.20584316666666666
2021-12-03 21:00:00,0.2297415
2021-12-03 22:00:00,0.37863566666666665
2021-12-03 23:00:00,0.5771693333333333
2021-12-04 00:00:00,0.6543709999999999
2021-12-04 01:00:00,0.5973843333333334
2021-12-04 02:00:00,0.509169
2021-12-04 03:00:00,0.284922
2021-12-04 04:00:00,0.19117733333333334
2021-12-04 05:00:00,0.2316185
2021-12-04 06:00:00,2.1691445000000003
2021-12-04 07:00:00,88.00966666666666
2021-12-04 08:00:00,263.806
2021-12-04 09:00:00,400.3355
2021-12-04 10:00:00,508.66866666666664
2021-12-04 11:00:00,572.8143333333334
2021-12-04 12:00:00,568.3201666666666
2021-12-04 13:00:00,517.5418333333333
2021-12-04 14:00:00,437.4875
2021-12-04 15:00:00,238.3062
2021-12-04 16:00:00,25.933983333333334
2021-12-04 17:00:00,6.903626833333333
2021-12-04 18:00:00,0.0367565
2021-12-04 19:00:00,0.20034533333333335
2021-12-04 20:00:00,0.38598583333333336
2021-12-04 21:00:00,0.08822083333333335
2021-12-04 22:00:00,0.03308083333333334
2021-12-04 23:00:00,0.0202155
2021-12-05 00:00:00,0.034917666666666666
2021-12-05 01:00:00,0.04962066666666667
2021-12-05 02:00:00,0.051459166666666674
2021-12-05 03:00:00,0.08638016666666666
2021-12-05 04:00:00,0.08270333333333334
2021-12-05 05:00:00,0.0882185
2021-12-05 06:00:00,1.3969106666666666
2021-12-05 07:00:00,59.95765666666667
2021-12-05 08:00:00,241.337
2021-12-05 09:00:00,384.22683333333333
2021-12-05 10:00:00,496.1761666666667
2021-12-05 11:00:00,561.724
2021-12-05 12:00:00,573.2218333333333
2021-12-05 13:00:00,529.2256666666667
2021-12-05 14:00:00,434.2945
2021-12-05 15:00:00,231.22344999999999
2021-12-05 16:00:00,33.07
2021-12-05 17:00:00,9.329749833333333
2021-12-05 18:00:00,0.5530821666666667
2021-12-05 19:00:00,0.06431733333333332
2021-12-05 20:00:00,0.0018378333333333335
2021-12-05 21:00:00,0.020216166666666667
2021-12-05 22:00:00,0.178273
2021-12-05 23:00:00,0.19114716666666667
2021-12-06 00:00:00,0.18564049999999999
2021-12-06 01:00:00,0.1525525
2021-12-06 02:00:00,0.2775361666666667
2021-12-06 03:00:00,0.5808246666666667
2021-12-06 04:00:00,0.6083986666666666
2021-12-06 05:00:00,0.45583033333333334
2021-12-06 06:00:00,1.9558196666666665
2021-12-06 07:00:00,83.57606666666668
2021-12-06 08:00:00,258.6263333333333
2021-12-06 09:00:00,395.56333333333333
2021-12-06 10:00:00,503.0355
2021-12-06 11:00:00,564.7139999999999
2021-12-06 12:00:00,574.7991666666666
2021-12-06 13:00:00,532.6166666666667
2021-12-06 14:00:00,438.642
2021-12-06 15:00:00,236.34035
2021-12-06 16:00:00,31.3582
2021-12-06 17:00:00,9.722101
2021-12-06 18:00:00,0.4299496666666667
2021-12-06 19:00:00,0.0036755
2021-12-06 20:00:00,0.007351166666666667
2021-12-06 21:00:00,0.0165405
2021-12-06 22:00:00,0.007351166666666667
2021-12-06 23:00:00,0.003675666666666667
2021-12-07 00:00:00,0.0165405
2021-12-07 01:00:00,0.10292233333333334
2021-12-07 02:00:00,0.33083566666666664
2021-12-07 03:00:00,0.5477196666666667
2021-12-07 04:00:00,0.5808053333333334
2021-12-07 05:00:00,0.6304398333333333
2021-12-07 06:00:00,1.8692423333333332
2021-12-07 07:00:00,80.47713333333333
2021-12-07 08:00:00,202.18466666666666
2021-12-07 09:00:00,370.4578333333333
2021-12-07 10:00:00,415.5561666666666
2021-12-07 11:00:00,348.10116666666664
2021-12-07 12:00:00,348.694
2021-12-07 13:00:00,363.7611666666667
2021-12-07 14:00:00,261.819
2021-12-07 15:00:00,156.68285
2021-12-07 16:00:00,45.685077166666666
2021-12-07 17:00:00,9.371111833333334
2021-12-07 18:00:00,0.6228374999999999
2021-12-07 19:00:00,0.6577633333333334
2021-12-07 20:00:00,0.6485891666666668
2021-12-07 21:00:00,0.6522596666666666
2021-12-07 22:00:00,0.6008275
2021-12-07 23:00:00,0.4593621666666667
2021-12-08 00:00:00,0.281138
2021-12-08 01:00:00,0.12128533333333333
2021-12-08 02:00:00,0.0275645
2021-12-08 03:00:00,0.016539
2021-12-08 04:00:00,0.005513
2021-12-08 05:00:00,0.09556583333333334
2021-12-08 06:00:00,1.6668933333333333
2021-12-08 07:00:00,72.31593333333333
2021-12-08 08:00:00,247.29366666666667
2021-12-08 09:00:00,379.939
2021-12-08 10:00:00,483.7241666666667
2021-12-08 11:00:00,546.7208333333333
2021-12-08 12:00:00,556.2843333333333
2021-12-08 13:00:00,513.2563333333334
2021-12-08 14:00:00,422.55400000000003
2021-12-08 15:00:00,226.1574
2021-12-08 16:00:00,28.321900000000003
2021-12-08 17:00:00,8.991449666666666
2021-12-08 18:00:00,0.5402045
2021-12-08 19:00:00,0.3381111666666667
2021-12-08 20:00:00,0.407941
2021-12-08 21:00:00,0.415272
2021-12-08 22:00:00,0.42445716666666666
2021-12-08 23:00:00,0.29216933333333334
2021-12-09 00:00:00,0.2333775
2021-12-09 01:00:00,0.06983183333333334
2021-12-09 02:00:00,0.053292
2021-12-09 03:00:00,0.03859233333333333
2021-12-09 04:00:00,0.029402666666666667
2021-12-09 05:00:00,0.012863666666666666
2021-12-09 06:00:00,1.4793858333333332
2021-12-09 07:00:00,67.331415
2021-12-09 08:00:00,231.80783333333332
2021-12-09 09:00:00,362.9443333333333
2021-12-09 10:00:00,467.38
2021-12-09 11:00:00,529.6268333333334
2021-12-09 12:00:00,542.9368333333333
2021-12-09 13:00:00,500.6323333333333
2021-12-09 14:00:00,405.8058333333333
2021-12-09 15:00:00,218.89538333333334
2021-12-09 16:00:00,42.0752
2021-12-09 17:00:00,10.477423
2021-12-09 18:00:00,0.4556611666666667
2021-12-09 19:00:00,0.03675166666666666
2021-12-09 20:00:00,0.0036755
2021-12-09 21:00:00,0.007351166666666667
2021-12-09 22:00:00,0.016540000000000003
2021-12-09 23:00:00,0.005513
2021-12-10 00:00:00,0.031241666666666668
2021-12-10 01:00:00,0.023890666666666668
2021-12-10 02:00:00,0.07167166666666666
2021-12-10 03:00:00,0.05513016666666667
2021-12-10 04:00:00,0.011026166666666667
2021-12-10 05:00:00,0.14334683333333334
2021-12-10 06:00:00,1.5694830000000002
2021-12-10 07:00:00,70.63532666666667
2021-12-10 08:00:00,241.65349999999998
2021-12-10 09:00:00,340.4377
2021-12-10 10:00:00,453.94666666666666
2021-12-10 11:00:00,555.6413333333334
2021-12-10 12:00:00,560.713
2021-12-10 13:00:00,516.936
2021-12-10 14:00:00,425.18149999999997
2021-12-10 15:00:00,227.77746666666664
2021-12-10 16:00:00,32.72201666666667
2021-12-10 17:00:00,9.573216333333333
2021-12-10 18:00:00,0.6577608333333332
2021-12-10 19:00:00,0.6614386666666667
2021-12-10 20:00:00,0.6614366666666667
2021-12-10 21:00:00,0.6614403333333333
2021-12-10 22:00:00,0.6614255
2021-12-10 23:00:00,0.6577748333333333
2021-12-11 00:00:00,0.6302378333333334
2021-12-11 01:00:00,0.5732983333333334
2021-12-11 02:00:00,0.536551
2021-12-11 03:00:00,0.5530823333333333
2021-12-11 04:00:00,0.531026
2021-12-11 05:00:00,0.37116933333333335
2021-12-11 06:00:00,1.4058154999999999
2021-12-11 07:00:00,67.48900666666667
2021-12-11 08:00:00,238.03900000000002
2021-12-11 09:00:00,376.91200000000003
2021-12-11 10:00:00,474.174
2021-12-11 11:00:00,544.0186666666666
2021-12-11 12:00:00,562.6384999999999
2021-12-11 13:00:00,523.836
2021-12-11 14:00:00,388.12516666666664
2021-12-11 15:00:00,223.76891666666668
2021-12-11 16:00:00,34.25106666666667
2021-12-11 17:00:00,10.658608333333332
2021-12-11 18:00:00,1.6903198333333334
2021-12-11 19:00:00,1.4258166666666667
2021-12-11 20:00:00,1.3376666666666666
2021-12-11 21:00:00,1.3229566666666666
2021-12-11 22:00:00,1.323
2021-12-11 23:00:00,1.32301
2021-12-12 00:00:00,2.4824183333333334
2021-12-12 01:00:00,4.257306666666667
2021-12-12 02:00:00,3.93956
2021-12-12 03:00:00,3.495136666666667
2021-12-12 04:00:00,21.676965
2021-12-12 05:00:00,39.67158333333334
2021-12-12 06:00:00,39.910849999999996
2021-12-12 07:00:00,88.01056666666666
2021-12-12 08:00:00,232.56433333333334
2021-12-12 09:00:00,360.9765
2021-12-12 10:00:00,468.17600000000004
2021-12-12 11:00:00,537.9391666666667
2021-12-12 12:00:00,551.1758333333333
2021-12-12 13:00:00,511.89183333333335
2021-12-12 14:00:00,418.8711666666667
2021-12-12 15:00:00,227.38164999999998
2021-12-12 16:00:00,39.52186666666667
2021-12-12 17:00:00,12.944948333333334
2021-12-12 18:00:00,3.7677566666666666
2021-12-12 19:00:00,6.657923333333333
2021-12-12 20:00:00,9.631491666666667
2021-12-12 21:00:00,9.524973333333332
2021-12-12 22:00:00,4.551111666666667
2021-12-12 23:00:00,2.4896083333333334
2021-12-13 00:00:00,2.5650116666666665
2021-12-13 01:00:00,2.6423316666666663
2021-12-13 02:00:00,2.6424666666666665
2021-12-13 03:00:00,2.6590266666666666
2021-12-13 04:00:00,3.1148049999999996
2021-12-13 05:00:00,3.30613
2021-12-13 06:00:00,4.000921666666667
2021-12-13 07:00:00,42.193308333333334
2021-12-13 08:00:00,69.7773
2021-12-13 09:00:00,178.95246666666665
2021-12-13 10:00:00,395.3231666666667
2021-12-13 11:00:00,490.16016666666667
2021-12-13 12:00:00,518.7916666666666
2021-12-13 13:00:00,480.0855
2021-12-13 14:00:00,388.62333333333333
2021-12-13 15:00:00,218.58693333333335
2021-12-13 16:00:00,51.82005
2021-12-13 17:00:00,14.520133333333332
2021-12-13 18:00:00,4.878586666666666
2021-12-13 19:00:00,5.913578333333334
2021-12-13 20:00:00,6.771926666666667
2021-12-13 21:00:00,8.262459999999999
2021-12-13 22:00:00,4.340908333333333
2021-12-13 23:00:00,3.49158
2021-12-14 00:00:00,4.06833
2021-12-14 01:00:00,7.3630933333333335
2021-12-14 02:00:00,8.149575
2021-12-14 03:00:00,8.081796666666667
2021-12-14 04:00:00,8.015626666666668
2021-12-14 05:00:00,7.94023
2021-12-14 06:00:00,6.960848333333333
2021-12-14 07:00:00,39.07848333333333
2021-12-14 08:00:00,174.5373
2021-12-14 09:00:00,304.21733333333333
2021-12-14 10:00:00,379.93050000000005
2021-12-14 11:00:00,535.8135
2021-12-14 12:00:00,548.3921666666666
2021-12-14 13:00:00,508.4645
2021-12-14 14:00:00,409.6238333333333
2021-12-14 15:00:00,232.27120000000002
2021-12-14 16:00:00,60.2097
2021-12-14 17:00:00,24.874240677966103
2021-12-14 18:00:00,9.765113333333334
2021-12-14 19:00:00,9.642281666666666
2021-12-14 20:00:00,9.436435
2021-12-14 21:00:00,10.342258333333332
2021-12-14 22:00:00,11.358566666666666
2021-12-14 23:00:00,15.543783333333332
2021-12-15 00:00:00,31.381533333333334
2021-12-15 01:00:00,29.959833333333332
2021-12-15 02:00:00,23.244466666666664
2021-12-15 03:00:00,34.51865
2021-12-15 04:00:00,35.081900000000005
2021-12-15 05:00:00,13.47281
2021-12-15 06:00:00,12.087578333333333
2021-12-15 07:00:00,27.64425
2021-12-15 08:00:00,119.31211666666667
2021-12-15 09:00:00,128.51615
2021-12-15 10:00:00,137.42288333333332
2021-12-15 11:00:00,191.06550000000001
2021-12-15 12:00:00,149.4296666666667
2021-12-15 13:00:00,143.17783333333333
2021-12-15 14:00:00,134.386
2021-12-15 15:00:00,135.18618333333333
2021-12-15 16:00:00,74.48483333333334
2021-12-15 17:00:00,16.30236
2021-12-15 18:00:00,9.840243333333332
2021-12-15 19:00:00,10.926305000000001
2021-12-15 20:00:00,14.504733333333332
2021-12-15 21:00:00,23.266666666666666
2021-12-15 22:00:00,21.347283333333333
2021-12-15 23:00:00,18.39304
2021-12-16 00:00:00,14.212916666666667
2021-12-16 01:00:00,15.838883333333333
2021-12-16 02:00:00,14.069883333333333
2021-12-16 03:00:00,12.383046666666667
2021-12-16 04:00:00,12.902483333333333
2021-12-16 05:00:00,12.014383333333335
2021-12-16 06:00:00,15.344899999999999
2021-12-16 07:00:00,20.49985
2021-12-16 08:00:00,78.00516666666667
2021-12-16 09:00:00,72.36133333333333
2021-12-16 10:00:00,119.00401666666667
2021-12-16 11:00:00,267.30033333333336
2021-12-16 12:00:00,205.864
2021-12-16 13:00:00,263.40316666666666
2021-12-16 14:00:00,123.73991666666667
2021-12-16 15:00:00,87.8512
2021-12-16 16:00:00,78.50618333333334
2021-12-16 17:00:00,14.435274999999999
2021-12-16 18:00:00,6.983441666666667
2021-12-16 19:00:00,7.500108333333333
2021-12-16 20:00:00,7.2634300000000005
2021-12-16 21:00:00,7.283736666666667
2021-12-16 22:00:00,7.273115000000001
2021-12-16 23:00:00,7.49899
2021-12-17 00:00:00,7.673318333333333
2021-12-17 01:00:00,7.50243
2021-12-17 02:00:00,7.601793333333333
2021-12-17 03:00:00,7.422171666666667
2021-12-17 04:00:00,7.277238333333333
2021-12-17 05:00:00,6.573883333333333
2021-12-17 06:00:00,6.6178799999999995
2021-12-17 07:00:00,37.75763666666667
2021-12-17 08:00:00,78.25268333333334
2021-12-17 09:00:00,116.70626666666666
2021-12-17 10:00:00,296.36800000000005
2021-12-17 11:00:00,374.96883333333335
2021-12-17 12:00:00,508.0213333333333
2021-12-17 13:00:00,273.6786666666667
2021-12-17 14:00:00,192.06816666666666
2021-12-17 15:00:00,101.83626666666667
2021-12-17 16:00:00,43.09446666666667
2021-12-17 17:00:00,14.049053333333335
2021-12-17 18:00:00,2.0118133333333335
2021-12-17 19:00:00,2.1533916666666664
2021-12-17 20:00:00,1.99366
2021-12-17 21:00:00,1.74557
2021-12-17 22:00:00,1.7383066666666667
2021-12-17 23:00:00,1.8724366666666665
2021-12-18 00:00:00,1.9827383333333333
2021-12-18 01:00:00,1.984725
2021-12-18 02:00:00,1.984855
2021-12-18 03:00:00,1.9848816666666667
2021-12-18 04:00:00,1.9849083333333335
2021-12-18 05:00:00,1.9849616666666667
2021-12-18 06:00:00,2.1870883333333335
2021-12-18 07:00:00,38.375305000000004
2021-12-18 08:00:00,80.34009999999999
2021-12-18 09:00:00,120.5875
2021-12-18 10:00:00,250.90621666666667
2021-12-18 11:00:00,389.8951666666666
2021-12-18 12:00:00,405.19449999999995
2021-12-18 13:00:00,464.2185
2021-12-18 14:00:00,364.07466666666664
2021-12-18 15:00:00,240.58031666666665
2021-12-18 16:00:00,51.68371666666667
2021-12-18 17:00:00,19.569658333333333
2021-12-18 18:00:00,1.32303
2021-12-18 19:00:00,1.3248416666666667
2021-12-18 20:00:00,1.3230133333333332
2021-12-18 21:00:00,1.3174883333333334
2021-12-18 22:00:00,1.2807633333333333
2021-12-18 23:00:00,1.1779263333333332
2021-12-19 00:00:00,0.8141316666666667
2021-12-19 01:00:00,0.7700556666666666
2021-12-19 02:00:00,0.8546131666666666
2021-12-19 03:00:00,1.097242
2021-12-19 04:00:00,0.9060966666666667
2021-12-19 05:00:00,1.1119886666666665
2021-12-19 06:00:00,1.3142303333333334
2021-12-19 07:00:00,20.08669666666667
2021-12-19 08:00:00,85.30546666666667
2021-12-19 09:00:00,167.28266666666667
2021-12-19 10:00:00,288.2701666666666
2021-12-19 11:00:00,302.82283333333334
2021-12-19 12:00:00,345.405
2021-12-19 13:00:00,308.6918333333333
2021-12-19 14:00:00,272.47066666666666
2021-12-19 15:00:00,129.25768333333335
2021-12-19 16:00:00,51.049366666666664
2021-12-19 17:00:00,10.203793333333333
2021-12-19 18:00:00,1.3229816666666667
2021-12-19 19:00:00,1.3193333333333332
2021-12-19 20:00:00,1.3101256666666667
2021-12-19 21:00:00,1.31013
2021-12-19 22:00:00,1.308295
2021-12-19 23:00:00,1.315645
2021-12-20 00:00:00,1.3229866666666665
2021-12-20 01:00:00,1.3229866666666665
2021-12-20 02:00:00,1.3211566666666665
2021-12-20 03:00:00,1.31748
2021-12-20 04:00:00,1.3229866666666665
2021-12-20 05:00:00,1.31748
2021-12-20 06:00:00,1.0456218333333334
2021-12-20 07:00:00,10.609185
2021-12-20 08:00:00,22.159266666666667
2021-12-20 09:00:00,49.86
2021-12-20 10:00:00,55.80748333333334
2021-12-20 11:00:00,87.24176666666668
2021-12-20 12:00:00,101.91141666666665
2021-12-20 13:00:00,97.19368333333334
2021-12-20 14:00:00,52.891283333333334
2021-12-20 15:00:00,33.88295
2021-12-20 16:00:00,26.073983333333334
2021-12-20 17:00:00,8.77251
2021-12-20 18:00:00,4.063776666666667
2021-12-20 19:00:00,2.466616666666667
2021-12-20 20:00:00,2.543855
2021-12-20 21:00:00,2.536425
2021-12-20 22:00:00,2.457398333333333
2021-12-20 23:00:00,2.852546666666667
2021-12-21 00:00:00,2.9829716666666664
2021-12-21 01:00:00,3.124475
2021-12-21 02:00:00,3.3616016666666666
2021-12-21 03:00:00,3.1888300000000003
2021-12-21 04:00:00,2.775201666666667
2021-12-21 05:00:00,2.70351
2021-12-21 06:00:00,2.8542433333333337
2021-12-21 07:00:00,8.169585
2021-12-21 08:00:00,33.35406666666667
2021-12-21 09:00:00,76.10835
2021-12-21 10:00:00,54.5281
2021-12-21 11:00:00,93.49985
2021-12-21 12:00:00,70.81484999999999
2021-12-21 13:00:00,83.17681666666667
2021-12-21 14:00:00,127.6791
2021-12-21 15:00:00,72.26338333333334
2021-12-21 16:00:00,52.59768333333333
2021-12-21 17:00:00,16.91904
2021-12-21 18:00:00,2.9160916666666665
2021-12-21 19:00:00,2.8316083333333335
2021-12-21 20:00:00,2.93653
2021-12-21 21:00:00,2.9568833333333333
2021-12-21 22:00:00,3.03412
2021-12-21 23:00:00,2.977186666666667
2021-12-22 00:00:00,3.1095383333333335
2021-12-22 01:00:00,3.2546150000000003
2021-12-22 02:00:00,3.237863333333333
2021-12-22 03:00:00,3.276455
2021-12-22 04:00:00,3.3187433333333334
2021-12-22 05:00:00,3.1957766666666667
2021-12-22 06:00:00,3.319135
2021-12-22 07:00:00,30.692286666666668
2021-12-22 08:00:00,115.60933333333334
2021-12-22 09:00:00,225.7875
2021-12-22 10:00:00,356.2521666666667
2021-12-22 11:00:00,421.4396666666667
2021-12-22 12:00:00,345.72999999999996
2021-12-22 13:00:00,293.39166666666665
2021-12-22 14:00:00,272.7835
2021-12-22 15:00:00,139.84234999999998
2021-12-22 16:00:00,47.97195
2021-12-22 17:00:00,8.66252
2021-12-22 18:00:00,3.88928
2021-12-22 19:00:00,4.343403333333333
2021-12-22 20:00:00,4.600603333333334
2021-12-22 21:00:00,4.710826666666667
2021-12-22 22:00:00,4.797206666666667
2021-12-22 23:00:00,4.810208333333334
2021-12-23 00:00:00,5.293478333333334
2021-12-23 01:00:00,6.173755
2021-12-23 02:00:00,6.330443333333333
2021-12-23 03:00:00,5.64139
2021-12-23 04:00:00,4.965028333333334
2021-12-23 05:00:00,4.915466666666666
2021-12-23 06:00:00,5.3637250000000005
2021-12-23 07:00:00,28.39488833333333
2021-12-23 08:00:00,97.47165
2021-12-23 09:00:00,198.18983333333333
2021-12-23 10:00:00,321.174
2021-12-23 11:00:00,411.995
2021-12-23 12:00:00,350.245
2021-12-23 13:00:00,372.8498333333334
2021-12-23 14:00:00,302.532
2021-12-23 15:00:00,112.54036666666666
2021-12-23 16:00:00,61.262699999999995
2021-12-23 17:00:00,10.593806666666667
2021-12-23 18:00:00,4.361685
2021-12-23 19:00:00,4.652111666666667
2021-12-23 20:00:00,5.03806
2021-12-23 21:00:00,5.157496666666666
2021-12-23 22:00:00,5.532351666666667
2021-12-23 23:00:00,5.912850000000001
2021-12-24 00:00:00,6.394801666666667
2021-12-24 01:00:00,5.9831883333333336
2021-12-24 02:00:00,6.225866666666667
2021-12-24 03:00:00,6.444436666666666
2021-12-24 04:00:00,5.821376666666667
2021-12-24 05:00:00,5.610101666666667
2021-12-24 06:00:00,5.7038416666666665
2021-12-24 07:00:00,14.400868333333333
2021-12-24 08:00:00,31.605
2021-12-24 09:00:00,78.74243333333334
2021-12-24 10:00:00,116.67906666666666
2021-12-24 11:00:00,211.00133333333332
2021-12-24 12:00:00,196.75866666666667
2021-12-24 13:00:00,275.7726666666667
2021-12-24 14:00:00,272.8118333333333
2021-12-24 15:00:00,96.66176666666667
2021-12-24 16:00:00,78.3692
2021-12-24 17:00:00,18.669521666666665
2021-12-24 18:00:00,5.1397916666666665
2021-12-24 19:00:00,5.252248333333333
2021-12-24 20:00:00,5.116836666666667
2021-12-24 21:00:00,5.039863333333333
2021-12-24 22:00:00,5.400218333333333
2021-12-24 23:00:00,5.5583100000000005
2021-12-25 00:00:00,5.321368333333334
2021-12-25 01:00:00,5.163563333333333
2021-12-25 02:00:00,4.96337
2021-12-25 03:00:00,4.698648333333334
2021-12-25 04:00:00,4.621586666666667
2021-12-25 05:00:00,4.621696666666667
2021-12-25 06:00:00,4.789283333333333
2021-12-25 07:00:00,14.803533333333332
2021-12-25 08:00:00,140.16563333333335
2021-12-25 09:00:00,380.58700000000005
2021-12-25 10:00:00,275.4655
2021-12-25 11:00:00,395.9105
2021-12-25 12:00:00,376.62
2021-12-25 13:00:00,310.2196666666667
2021-12-25 14:00:00,198.8875
2021-12-25 15:00:00,120.6746
2021-12-25 16:00:00,71.84498333333333
2021-12-25 17:00:00,16.671231666666667
2021-12-25 18:00:00,4.745851666666667
2021-12-25 19:00:00,5.387125
2021-12-25 20:00:00,5.8208633333333335
2021-12-25 21:00:00,5.497698333333333
2021-12-25 22:00:00,4.9854
2021-12-25 23:00:00,5.1511016666666665
2021-12-26 00:00:00,5.2596099999999995
2021-12-26 01:00:00,5.189875
2021-12-26 02:00:00,4.965843333333334
2021-12-26 03:00:00,4.8355266666666665
2021-12-26 04:00:00,4.752056666666666
2021-12-26 05:00:00,4.806253333333333
2021-12-26 06:00:00,4.971685
2021-12-26 07:00:00,13.015225
2021-12-26 08:00:00,69.50031666666668
2021-12-26 09:00:00,160.12545
2021-12-26 10:00:00,109.99576666666667
2021-12-26 11:00:00,89.35313333333333
2021-12-26 12:00:00,93.97623333333333
2021-12-26 13:00:00,69.1676
2021-12-26 14:00:00,56.894149999999996
2021-12-26 15:00:00,35.16818333333333
2021-12-26 16:00:00,28.360416666666666
2021-12-26 17:00:00,9.506168333333333
2021-12-26 18:00:00,5.006586666666666
2021-12-26 19:00:00,5.129778333333333
2021-12-26 20:00:00,4.62977
2021-12-26 21:00:00,4.309946666666666
2021-12-26 22:00:00,4.486668333333333
2021-12-26 23:00:00,4.791738333333333
2021-12-27 00:00:00,4.484661666666667
2021-12-27 01:00:00,5.034785
2021-12-27 02:00:00,5.6638633333333335
2021-12-27 03:00:00,5.182245
2021-12-27 04:00:00,4.510941666666667
2021-12-27 05:00:00,4.654343333333333
2021-12-27 06:00:00,4.970438333333333
2021-12-27 07:00:00,13.861545000000001
2021-12-27 08:00:00,62.08806666666667
2021-12-27 09:00:00,106.95106666666668
2021-12-27 10:00:00,162.28683333333336
2021-12-27 11:00:00,368.3271666666667
2021-12-27 12:00:00,393.16366666666664
2021-12-27 13:00:00,305.25399999999996
2021-12-27 14:00:00,279.82516666666663
2021-12-27 15:00:00,166.24213333333333
2021-12-27 16:00:00,59.568650000000005
2021-12-27 17:00:00,13.199858333333333
2021-12-27 18:00:00,3.9746966666666665
2021-12-27 19:00:00,4.057801666666666
2021-12-27 20:00:00,4.34289
2021-12-27 21:00:00,4.55431
2021-12-27 22:00:00,4.6682966666666665
2021-12-27 23:00:00,4.778416666666667
2021-12-28 00:00:00,4.830081666666667
2021-12-28 01:00:00,5.052566666666666
2021-12-28 02:00:00,4.677626666666667
2021-12-28 03:00:00,4.694154999999999
2021-12-28 04:00:00,4.760199999999999
2021-12-28 05:00:00,4.769381666666666
2021-12-28 06:00:00,5.1280366666666675
2021-12-28 07:00:00,23.604136666666665
2021-12-28 08:00:00,73.69731666666667
2021-12-28 09:00:00,100.93018333333333
2021-12-28 10:00:00,266.7778333333333
2021-12-28 11:00:00,478.242
2021-12-28 12:00:00,385.10066666666665
2021-12-28 13:00:00,251.5395
2021-12-28 14:00:00,202.05666666666667
2021-12-28 15:00:00,126.22746666666667
2021-12-28 16:00:00,55.04451666666667
2021-12-28 17:00:00,12.185621666666666
2021-12-28 18:00:00,5.152786666666667
2021-12-28 19:00:00,5.425023333333333
2021-12-28 20:00:00,5.612495
2021-12-28 21:00:00,5.772281666666667
2021-12-28 22:00:00,5.945125
2021-12-28 23:00:00,5.893456666666666
2021-12-29 00:00:00,5.84377
2021-12-29 01:00:00,6.027938333333334
2021-12-29 02:00:00,5.945356666666667
2021-12-29 03:00:00,6.200906666666667
2021-12-29 04:00:00,6.274108333333333
2021-12-29 05:00:00,6.279481666666666
2021-12-29 06:00:00,6.644966666666666
2021-12-29 07:00:00,29.37478
2021-12-29 08:00:00,143.24106666666665
2021-12-29 09:00:00,197.484
2021-12-29 10:00:00,352.09083333333336
2021-12-29 11:00:00,484.86066666666665
2021-12-29 12:00:00,545.7855000000001
2021-12-29 13:00:00,544.3291666666667
2021-12-29 14:00:00,269.45533333333333
2021-12-29 15:00:00,151.44283333333334
2021-12-29 16:00:00,75.85873333333333
2021-12-29 17:00:00,21.574895
2021-12-29 18:00:00,3.040555
2021-12-29 19:00:00,3.2172733333333334
2021-12-29 20:00:00,3.74498
2021-12-29 21:00:00,4.118083333333334
2021-12-29 22:00:00,4.1918516666666665
2021-12-29 23:00:00,4.368381666666666
2021-12-30 00:00:00,4.243455
2021-12-30 01:00:00,4.259926666666667
2021-12-30 02:00:00,4.162711666666667
2021-12-30 03:00:00,4.618803333333333
2021-12-30 04:00:00,5.085241666666667
2021-12-30 05:00:00,4.607293333333333
2021-12-30 06:00:00,4.629651666666666
2021-12-30 07:00:00,61.14255166666667
2021-12-30 08:00:00,233.11516666666665
2021-12-30 09:00:00,387.79966666666667
2021-12-30 10:00:00,497.87916666666666
2021-12-30 11:00:00,574.9423333333333
2021-12-30 12:00:00,592.5545
2021-12-30 13:00:00,545.7803333333334
2021-12-30 14:00:00,460.44916666666666
2021-12-30 15:00:00,283.6420166666667
2021-12-30 16:00:00,48.161500000000004
2021-12-30 17:00:00,13.393156666666666
2021-12-30 18:00:00,2.9218783333333334
2021-12-30 19:00:00,3.3593266666666666
2021-12-30 20:00:00,3.8609016666666665
2021-12-30 21:00:00,4.230286666666666
2021-12-30 22:00:00,4.46567
2021-12-30 23:00:00,4.7137199999999995
2021-12-31 00:00:00,4.963608333333334
2021-12-31 01:00:00,5.139984999999999
2021-12-31 02:00:00,5.198815
2021-12-31 03:00:00,5.2816600000000005
2021-12-31 04:00:00,5.3221300000000005
2021-12-31 05:00:00,5.437903333333334
2021-12-31 06:00:00,5.441671666666666
2021-12-31 07:00:00,9.299036666666666
2021-12-31 08:00:00,20.846016666666667
2021-12-31 09:00:00,70.51983333333332
2021-12-31 10:00:00,166.96066666666667
2021-12-31 11:00:00,308.79266666666666
2021-12-31 12:00:00,385.92150000000004
2021-12-31 13:00:00,406.75849999999997
2021-12-31 14:00:00,369.46633333333335
2021-12-31 15:00:00,233.58783333333335
2021-12-31 16:00:00,75.75898333333333
2021-12-31 17:00:00,21.609371666666668
2021-12-31 18:00:00,4.467645
2021-12-31 19:00:00,4.822698333333333
2021-12-31 20:00:00,5.22554
2021-12-31 21:00:00,5.748863333333333
2021-12-31 22:00:00,6.15839
2021-12-31 23:00:00,6.19881
2022-01-01 00:00:00,6.255786666666666
2022-01-01 01:00:00,6.149291666666667
2022-01-01 02:00:00,6.257976666666667
2022-01-01 03:00:00,6.208575
2022-01-01 04:00:00,6.21249
2022-01-01 05:00:00,6.254735
2022-01-01 06:00:00,6.2288049999999995
2022-01-01 07:00:00,33.39785833333333
2022-01-01 08:00:00,101.68053333333334
2022-01-01 09:00:00,160.0115
2022-01-01 10:00:00,253.16483333333332
2022-01-01 11:00:00,178.50666666666666
2022-01-01 12:00:00,186.31883333333332
2022-01-01 13:00:00,200.2945
2022-01-01 14:00:00,230.43883333333332
2022-01-01 15:00:00,160.39868333333334
2022-01-01 16:00:00,74.66286666666666
2022-01-01 17:00:00,18.621585
2022-01-01 18:00:00,5.318546666666666
2022-01-01 19:00:00,5.240188333333333
2022-01-01 20:00:00,5.286035
2022-01-01 21:00:00,5.58189
2022-01-01 22:00:00,5.79516
2022-01-01 23:00:00,5.7693933333333325
2022-01-02 00:00:00,5.828203333333334
2022-01-02 01:00:00,5.89443
2022-01-02 02:00:00,5.811661666666667
2022-01-02 03:00:00,5.807996666666667
2022-01-02 04:00:00,5.813541666666667
2022-01-02 05:00:00,5.703286666666667
2022-01-02 06:00:00,5.9994250000000005
2022-01-02 07:00:00,45.93122666666667
2022-01-02 08:00:00,205.81616666666665
2022-01-02 09:00:00,361.75266666666664
2022-01-02 10:00:00,471.0146666666667
2022-01-02 11:00:00,552.601
2022-01-02 12:00:00,575.4395000000001
2022-01-02 13:00:00,535.144
2022-01-02 14:00:00,437.9881666666667
2022-01-02 15:00:00,275.74535000000003
2022-01-02 16:00:00,58.64625
2022-01-02 17:00:00,17.360881666666668
2022-01-02 18:00:00,2.4422366666666666
2022-01-02 19:00:00,2.78972
2022-01-02 20:00:00,3.1941316666666664
2022-01-02 21:00:00,3.5194033333333334
2022-01-02 22:00:00,3.8391516666666665
2022-01-02 23:00:00,3.9586033333333335
2022-01-03 00:00:00,4.528366666666667
2022-01-03 01:00:00,4.699185
2022-01-03 02:00:00,4.6385283333333325
2022-01-03 03:00:00,4.49343
2022-01-03 04:00:00,4.282495
2022-01-03 05:00:00,4.5731183333333325
2022-01-03 06:00:00,4.96827
2022-01-03 07:00:00,19.040276666666667
2022-01-03 08:00:00,70.08401666666667
2022-01-03 09:00:00,108.13938333333334
2022-01-03 10:00:00,233.73033333333333
2022-01-03 11:00:00,448.42016666666666
2022-01-03 12:00:00,554.4475
2022-01-03 13:00:00,560.2705000000001
2022-01-03 14:00:00,473.00333333333333
2022-01-03 15:00:00,309.8671166666667
2022-01-03 16:00:00,40.786966666666665
2022-01-03 17:00:00,16.743166666666667
2022-01-03 18:00:00,2.973438333333333
2022-01-03 19:00:00,3.122465
2022-01-03 20:00:00,3.4388533333333333
2022-01-03 21:00:00,3.6779583333333337
2022-01-03 22:00:00,3.9794316666666663
2022-01-03 23:00:00,4.436983333333333
2022-01-04 00:00:00,4.88336
2022-01-04 01:00:00,4.8336950000000005
2022-01-04 02:00:00,4.352553333333334
2022-01-04 03:00:00,5.0896083333333335
2022-01-04 04:00:00,5.148376666666667
2022-01-04 05:00:00,5.225525
2022-01-04 06:00:00,5.429628333333333
2022-01-04 07:00:00,29.177206666666667
2022-01-04 08:00:00,200.74925
2022-01-04 09:00:00,376.70483333333334
2022-01-04 10:00:00,488.6633333333333
2022-01-04 11:00:00,564.3705000000001
2022-01-04 12:00:00,550.8181666666666
2022-01-04 13:00:00,522.4048333333334
2022-01-04 14:00:00,469.228
2022-01-04 15:00:00,334.2538333333333
2022-01-04 16:00:00,89.55638333333333
2022-01-04 17:00:00,21.509783333333335
2022-01-04 18:00:00,2.9840250000000004
2022-01-04 19:00:00,3.546275
2022-01-04 20:00:00,3.9376
2022-01-04 21:00:00,4.3880083333333335
2022-01-04 22:00:00,4.794135
2022-01-04 23:00:00,5.141183333333333
2022-01-05 00:00:00,5.315928333333333
2022-01-05 01:00:00,5.316408333333333
2022-01-05 02:00:00,5.27426
2022-01-05 03:00:00,5.921326666666667
2022-01-05 04:00:00,5.726486666666667
2022-01-05 05:00:00,5.533501666666667
2022-01-05 06:00:00,5.869796666666667
2022-01-05 07:00:00,18.62293
2022-01-05 08:00:00,146.36715
2022-01-05 09:00:00,391.4728333333333
2022-01-05 10:00:00,505.661
2022-01-05 11:00:00,580.6018333333334
2022-01-05 12:00:00,604.1428333333333
2022-01-05 13:00:00,568.9528333333333
2022-01-05 14:00:00,474.1993333333333
2022-01-05 15:00:00,328.0409333333333
2022-01-05 16:00:00,50.23926666666667
2022-01-05 17:00:00,21.233568333333334
2022-01-05 18:00:00,2.726525
2022-01-05 19:00:00,3.0097633333333333
2022-01-05 20:00:00,3.4728350000000003
2022-01-05 21:00:00,3.5114783333333337
2022-01-05 22:00:00,3.7432983333333336
2022-01-05 23:00:00,4.166018333333333
2022-01-06 00:00:00,4.711785000000001
2022-01-06 01:00:00,4.759331666666667
2022-01-06 02:00:00,4.709906666666667
2022-01-06 03:00:00,4.735798333333333
2022-01-06 04:00:00,4.6293516666666665
2022-01-06 05:00:00,4.936241666666667
2022-01-06 06:00:00,5.298266666666667
2022-01-06 07:00:00,41.189616666666666
2022-01-06 08:00:00,208.63398333333333
2022-01-06 09:00:00,362.33483333333334
2022-01-06 10:00:00,497.8401666666667
2022-01-06 11:00:00,586.7151666666666
2022-01-06 12:00:00,598.4983333333333
2022-01-06 13:00:00,541.7518333333334
2022-01-06 14:00:00,428.83033333333333
2022-01-06 15:00:00,167.78766666666667
2022-01-06 16:00:00,94.12166666666667
2022-01-06 17:00:00,24.93612166666667
2022-01-06 18:00:00,3.2337116666666663
2022-01-06 19:00:00,3.54462
2022-01-06 20:00:00,4.176806666666667
2022-01-06 21:00:00,4.303484999999999
2022-01-06 22:00:00,4.5570466666666665
2022-01-06 23:00:00,4.592066666666667
2022-01-07 00:00:00,4.651118333333333
2022-01-07 01:00:00,4.842365
2022-01-07 02:00:00,5.066626666666666
2022-01-07 03:00:00,5.132816666666667
2022-01-07 04:00:00,4.910513333333333
2022-01-07 05:00:00,5.068841666666667
2022-01-07 06:00:00,5.249503333333333
2022-01-07 07:00:00,20.558316666666666
2022-01-07 08:00:00,110.11721666666668
2022-01-07 09:00:00,127.764
2022-01-07 10:00:00,102.92786666666667
2022-01-07 11:00:00,214.629
2022-01-07 12:00:00,427.15233333333333
2022-01-07 13:00:00,398.9443333333333
2022-01-07 14:00:00,431.5783333333333
2022-01-07 15:00:00,297.42466666666667
2022-01-07 16:00:00,86.68111666666667
2022-01-07 17:00:00,25.547453333333333
2022-01-07 18:00:00,3.4378949999999997
2022-01-07 19:00:00,3.25985
2022-01-07 20:00:00,3.414398333333333
2022-01-07 21:00:00,3.4971716666666666
2022-01-07 22:00:00,3.5045216666666668
2022-01-07 23:00:00,3.7250099999999997
2022-01-08 00:00:00,3.7507016666666666
2022-01-08 01:00:00,4.088738333333334
2022-01-08 02:00:00,3.5099299999999998
2022-01-08 03:00:00,3.42374
2022-01-08 04:00:00,3.5193233333333334
2022-01-08 05:00:00,3.5047216666666667
2022-01-08 06:00:00,3.65001
2022-01-08 07:00:00,36.90203666666666
2022-01-08 08:00:00,184.949
2022-01-08 09:00:00,357.8991666666667
2022-01-08 10:00:00,483.49683333333337
2022-01-08 11:00:00,572.394
2022-01-08 12:00:00,549.4711666666666
2022-01-08 13:00:00,544.0263333333334
2022-01-08 14:00:00,454.42033333333336
2022-01-08 15:00:00,312.65549999999996
2022-01-08 16:00:00,64.1711
2022-01-08 17:00:00,24.06493
2022-01-08 18:00:00,1.7052316666666667
2022-01-08 19:00:00,1.859655
2022-01-08 20:00:00,2.0085366666666666
2022-01-08 21:00:00,2.05275
2022-01-08 22:00:00,2.1245133333333333
2022-01-08 23:00:00,2.2898766666666663
2022-01-09 00:00:00,2.8871266666666666
2022-01-09 01:00:00,3.1221
2022-01-09 02:00:00,3.175265
2022-01-09 03:00:00,3.0081866666666666
2022-01-09 04:00:00,3.1241399999999997
2022-01-09 05:00:00,3.1738033333333333
2022-01-09 06:00:00,3.5246283333333333
2022-01-09 07:00:00,39.848085
2022-01-09 08:00:00,85.38085
2022-01-09 09:00:00,67.70261666666667
2022-01-09 10:00:00,115.53791666666666
2022-01-09 11:00:00,187.7995
2022-01-09 12:00:00,287.2465
2022-01-09 13:00:00,537.7601666666667
2022-01-09 14:00:00,232.77833333333334
2022-01-09 15:00:00,96.48885
2022-01-09 16:00:00,59.3734
2022-01-09 17:00:00,28.779971666666665
2022-01-09 18:00:00,3.0463983333333333
2022-01-09 19:00:00,2.8648049999999996
2022-01-09 20:00:00,3.085306666666667
2022-01-09 21:00:00,3.1075166666666667
2022-01-09 22:00:00,3.026865
2022-01-09 23:00:00,3.0617116666666666
2022-01-10 00:00:00,3.1444533333333333
2022-01-10 01:00:00,3.3337233333333334
2022-01-10 02:00:00,3.4182533333333334
2022-01-10 03:00:00,3.627683333333333
2022-01-10 04:00:00,3.515556666666667
2022-01-10 05:00:00,3.4329433333333332
2022-01-10 06:00:00,3.730671666666667
2022-01-10 07:00:00,17.639655
2022-01-10 08:00:00,56.204316666666664
2022-01-10 09:00:00,183.55445
2022-01-10 10:00:00,267.43033333333335
2022-01-10 11:00:00,421.7223333333333
2022-01-10 12:00:00,539.7958333333333
2022-01-10 13:00:00,417.7185
2022-01-10 14:00:00,300.1936666666667
2022-01-10 15:00:00,139.8567666666667
2022-01-10 16:00:00,79.73618333333334
2022-01-10 17:00:00,24.015773333333335
2022-01-10 18:00:00,2.9747133333333333
2022-01-10 19:00:00,3.2817
2022-01-10 20:00:00,3.3663533333333335
2022-01-10 21:00:00,3.5024333333333333
2022-01-10 22:00:00,3.877256666666667
2022-01-10 23:00:00,4.130803333333334
2022-01-11 00:00:00,4.152585
2022-01-11 01:00:00,3.7705416666666665
2022-01-11 02:00:00,3.0889766666666665
2022-01-11 03:00:00,2.77503
2022-01-11 04:00:00,2.47951
2022-01-11 05:00:00,2.43749
2022-01-11 06:00:00,2.7041850000000003
2022-01-11 07:00:00,31.083693333333333
2022-01-11 08:00:00,209.42076666666665
2022-01-11 09:00:00,375.6808333333333
2022-01-11 10:00:00,492.3726666666667
2022-01-11 11:00:00,565.4821666666667
2022-01-11 12:00:00,593.6813333333333
2022-01-11 13:00:00,563.455
2022-01-11 14:00:00,478.24899999999997
2022-01-11 15:00:00,344.93483333333336
2022-01-11 16:00:00,53.14785
2022-01-11 17:00:00,20.365745
2022-01-11 18:00:00,1.6025850000000001
2022-01-11 19:00:00,1.378445
2022-01-11 20:00:00,1.6340716666666668
2022-01-11 21:00:00,1.7664033333333333
2022-01-11 22:00:00,2.2185883333333334
2022-01-11 23:00:00,2.5198699999999996
2022-01-12 00:00:00,2.710871666666667
2022-01-12 01:00:00,2.74219
2022-01-12 02:00:00,2.703726666666667
2022-01-12 03:00:00,2.701983333333333
2022-01-12 04:00:00,2.6193233333333334
2022-01-12 05:00:00,2.555088333333333
2022-01-12 06:00:00,2.871268333333333
2022-01-12 07:00:00,17.231341666666665
2022-01-12 08:00:00,41.62061666666667
2022-01-12 09:00:00,54.02833333333333
2022-01-12 10:00:00,105.80991666666667
2022-01-12 11:00:00,162.03833333333333
2022-01-12 12:00:00,141.20033333333333
2022-01-12 13:00:00,183.707
2022-01-12 14:00:00,146.46300000000002
2022-01-12 15:00:00,142.32344999999998
2022-01-12 16:00:00,74.31768333333333
2022-01-12 17:00:00,13.83813
2022-01-12 18:00:00,3.9343583333333334
2022-01-12 19:00:00,3.8757116666666667
2022-01-12 20:00:00,4.015358333333333
2022-01-12 21:00:00,4.131121666666667
2022-01-12 22:00:00,4.167951666666666
2022-01-12 23:00:00,4.239633333333334
2022-01-13 00:00:00,4.210191666666667
2022-01-13 01:00:00,4.212041666666667
2022-01-13 02:00:00,4.164278333333333
2022-01-13 03:00:00,4.092698333333334
2022-01-13 04:00:00,4.0230033333333335
2022-01-13 05:00:00,4.063385
2022-01-13 06:00:00,3.9513350000000003
2022-01-13 07:00:00,9.378285
2022-01-13 08:00:00,41.23673333333333
2022-01-13 09:00:00,99.45773333333334
2022-01-13 10:00:00,207.74966666666666
2022-01-13 11:00:00,267.5201666666666
2022-01-13 12:00:00,398.9651666666667
2022-01-13 13:00:00,291.4295
2022-01-13 14:00:00,229.32233333333335
2022-01-13 15:00:00,219.81233333333333
2022-01-13 16:00:00,88.94969999999999
2022-01-13 17:00:00,25.723779999999998
2022-01-13 18:00:00,3.573985
2022-01-13 19:00:00,3.4731116666666666
2022-01-13 20:00:00,3.69556
2022-01-13 21:00:00,3.859173333333333
2022-01-13 22:00:00,3.7306766666666666
2022-01-13 23:00:00,3.6205483333333333
2022-01-14 00:00:00,3.83372
2022-01-14 01:00:00,3.7455083333333334
2022-01-14 02:00:00,3.5066466666666667
2022-01-14 03:00:00,3.563893333333333
2022-01-14 04:00:00,3.620816666666667
2022-01-14 05:00:00,3.5252399999999997
2022-01-14 06:00:00,3.639415
2022-01-14 07:00:00,10.796456666666668
2022-01-14 08:00:00,26.3213
2022-01-14 09:00:00,34.29845
2022-01-14 10:00:00,36.54253333333334
2022-01-14 11:00:00,34.737449999999995
2022-01-14 12:00:00,46.294549999999994
2022-01-14 13:00:00,51.314483333333335
2022-01-14 14:00:00,70.8762
2022-01-14 15:00:00,55.65805
2022-01-14 16:00:00,22.16305
2022-01-14 17:00:00,8.436325
2022-01-14 18:00:00,4.336971666666667
2022-01-14 19:00:00,4.357201666666667
2022-01-14 20:00:00,4.415936666666667
2022-01-14 21:00:00,4.43786
2022-01-14 22:00:00,4.439655
2022-01-14 23:00:00,4.559068333333333
2022-01-15 00:00:00,4.498360000000001
2022-01-15 01:00:00,4.400938333333333
2022-01-15 02:00:00,4.327496666666667
2022-01-15 03:00:00,4.320171666666667
2022-01-15 04:00:00,4.266806666666667
2022-01-15 05:00:00,4.198975
2022-01-15 06:00:00,4.239563333333333
2022-01-15 07:00:00,13.343766666666665
2022-01-15 08:00:00,98.85196666666667
2022-01-15 09:00:00,144.11049999999997
2022-01-15 10:00:00,170.61516666666665
2022-01-15 11:00:00,244.59866666666667
2022-01-15 12:00:00,275.8813333333334
2022-01-15 13:00:00,274.546
2022-01-15 14:00:00,258.9205
2022-01-15 15:00:00,137.4030833333333
2022-01-15 16:00:00,43.82283333333333
2022-01-15 17:00:00,12.248993333333335
2022-01-15 18:00:00,4.350838333333333
2022-01-15 19:00:00,4.360133333333334
2022-01-15 20:00:00,4.48137
2022-01-15 21:00:00,4.527473333333333
2022-01-15 22:00:00,4.593718333333333
2022-01-15 23:00:00,4.584663333333333
2022-01-16 00:00:00,4.610613333333333
2022-01-16 01:00:00,4.491198333333333
2022-01-16 02:00:00,4.272589999999999
2022-01-16 03:00:00,4.182635
2022-01-16 04:00:00,4.278158333333334
2022-01-16 05:00:00,4.426951666666667
2022-01-16 06:00:00,4.49485
2022-01-16 07:00:00,9.994835
2022-01-16 08:00:00,24.853666666666665
2022-01-16 09:00:00,39.343516666666666
2022-01-16 10:00:00,86.32631666666666
2022-01-16 11:00:00,133.9295
2022-01-16 12:00:00,238.839
2022-01-16 13:00:00,415.47766666666666
2022-01-16 14:00:00,454.569
2022-01-16 15:00:00,353.5588333333333
2022-01-16 16:00:00,81.14
2022-01-16 17:00:00,23.984823333333335
2022-01-16 18:00:00,2.50431
2022-01-16 19:00:00,2.405466666666667
2022-01-16 20:00:00,2.5819199999999998
2022-01-16 21:00:00,2.6738633333333337
2022-01-16 22:00:00,2.7657666666666665
2022-01-16 23:00:00,3.0469266666666663
2022-01-17 00:00:00,3.405215
2022-01-17 01:00:00,3.524575
2022-01-17 02:00:00,3.5889283333333335
2022-01-17 03:00:00,3.6367133333333332
2022-01-17 04:00:00,3.583406666666667
2022-01-17 05:00:00,3.666101666666667
2022-01-17 06:00:00,3.7672266666666667
2022-01-17 07:00:00,12.222223333333334
2022-01-17 08:00:00,36.65145
2022-01-17 09:00:00,57.94943333333333
2022-01-17 10:00:00,81.97573333333334
2022-01-17 11:00:00,83.78616666666667
2022-01-17 12:00:00,77.09198333333333
2022-01-17 13:00:00,72.84153333333333
2022-01-17 14:00:00,59.4229
2022-01-17 15:00:00,38.502233333333336
2022-01-17 16:00:00,24.73551666666667
2022-01-17 17:00:00,14.853095
2022-01-17 18:00:00,4.551823333333333
2022-01-17 19:00:00,4.4746033333333335
2022-01-17 20:00:00,4.507736666666667
2022-01-17 21:00:00,4.572071666666667
2022-01-17 22:00:00,4.540803333333333
2022-01-17 23:00:00,4.588518333333334
2022-01-18 00:00:00,4.57756
2022-01-18 01:00:00,4.513238333333333
2022-01-18 02:00:00,4.522446666666666
2022-01-18 03:00:00,4.577546666666667
2022-01-18 04:00:00,4.494829999999999
2022-01-18 05:00:00,4.199186666666667
2022-01-18 06:00:00,3.949453333333333
2022-01-18 07:00:00,7.064751666666667
2022-01-18 08:00:00,41.77705
2022-01-18 09:00:00,142.64156666666668
2022-01-18 10:00:00,203.7577
2022-01-18 11:00:00,209.02933333333334
2022-01-18 12:00:00,139.67228333333333
2022-01-18 13:00:00,90.52153333333334
2022-01-18 14:00:00,120.38000000000001
2022-01-18 15:00:00,77.11386666666667
2022-01-18 16:00:00,76.57741666666668
2022-01-18 17:00:00,20.654723333333333
2022-01-18 18:00:00,4.18214
2022-01-18 19:00:00,4.081438333333334
2022-01-18 20:00:00,4.099821666666667
2022-01-18 21:00:00,4.250563333333334
2022-01-18 22:00:00,4.358949999999999
2022-01-18 23:00:00,4.3480316666666665
2022-01-19 00:00:00,4.189921666666667
2022-01-19 01:00:00,4.141528
2022-01-19 07:00:00,42.460499999999996
2022-01-19 08:00:00,85.66021666666667
2022-01-19 09:00:00,278.00016666666664
2022-01-19 10:00:00,526.6873333333334
2022-01-19 11:00:00,608.189
2022-01-19 12:00:00,645.7688333333333
2022-01-19 13:00:00,621.1811666666667
2022-01-19 14:00:00,292.375
2022-01-19 15:00:00,113.1195
2022-01-19 16:00:00,94.45205
2022-01-19 17:00:00,32.489446666666666
2022-01-19 18:00:00,3.021066666666667
2022-01-19 19:00:00,2.2863233333333337
2022-01-19 20:00:00,2.246085
2022-01-19 21:00:00,2.56241
2022-01-19 22:00:00,2.74994
2022-01-19 23:00:00,2.806973333333333
2022-01-20 00:00:00,3.027575
2022-01-20 01:00:00,3.2573916666666665
2022-01-20 02:00:00,3.503668333333333
2022-01-20 03:00:00,3.8951599999999997
2022-01-20 04:00:00,4.08437
2022-01-20 05:00:00,3.909753333333333
2022-01-20 06:00:00,4.306878333333333
2022-01-20 07:00:00,26.154318333333332
2022-01-20 08:00:00,172.23655
2022-01-20 09:00:00,380.0011666666667
2022-01-20 10:00:00,507.98216666666667
2022-01-20 11:00:00,586.1031666666667
2022-01-20 12:00:00,611.6271666666667
2022-01-20 13:00:00,523.7761666666667
2022-01-20 14:00:00,381.77566666666667
2022-01-20 15:00:00,183.672
2022-01-20 16:00:00,82.68918333333333
2022-01-20 17:00:00,26.729705000000003
2022-01-20 18:00:00,2.517635
2022-01-20 19:00:00,2.4518150000000003
2022-01-20 20:00:00,2.7954933333333334
2022-01-20 21:00:00,2.852405
2022-01-20 22:00:00,3.0251099999999997
2022-01-20 23:00:00,3.322905
2022-01-21 00:00:00,3.444145
2022-01-21 01:00:00,3.49383
2022-01-21 02:00:00,3.427675
2022-01-21 03:00:00,3.207211666666667
2022-01-21 04:00:00,3.1376183333333336
2022-01-21 05:00:00,3.049525
2022-01-21 06:00:00,3.20943
2022-01-21 07:00:00,22.925495
2022-01-21 08:00:00,116.54066666666667
2022-01-21 09:00:00,309.4978333333333
2022-01-21 10:00:00,327.41083333333336
2022-01-21 11:00:00,410.1668333333334
2022-01-21 12:00:00,394.47566666666665
2022-01-21 13:00:00,237.03583333333333
2022-01-21 14:00:00,236.13666666666668
2022-01-21 15:00:00,135.50608333333332
2022-01-21 16:00:00,52.09911666666667
2022-01-21 17:00:00,10.140161666666668
2022-01-21 18:00:00,2.7856533333333333
2022-01-21 19:00:00,2.9108416666666668
2022-01-21 20:00:00,3.067073333333333
2022-01-21 21:00:00,3.1314066666666664
2022-01-21 22:00:00,3.1865516666666664
2022-01-21 23:00:00,3.239835
2022-01-22 00:00:00,3.2858216666666666
2022-01-22 01:00:00,3.2618966666666664
2022-01-22 02:00:00,3.2159566666666666
2022-01-22 03:00:00,3.258258333333333
2022-01-22 04:00:00,3.311545
2022-01-22 05:00:00,3.33731
2022-01-22 06:00:00,3.3337100000000004
2022-01-22 07:00:00,6.19879
2022-01-22 08:00:00,30.48071666666667
2022-01-22 09:00:00,47.60316666666667
2022-01-22 10:00:00,55.242666666666665
2022-01-22 11:00:00,69.06683333333334
2022-01-22 12:00:00,65.32321666666667
2022-01-22 13:00:00,79.91108333333334
2022-01-22 14:00:00,115.28153333333333
2022-01-22 15:00:00,60.9107
2022-01-22 16:00:00,38.01886666666667
2022-01-22 17:00:00,19.370636666666666
2022-01-22 18:00:00,3.71947
2022-01-22 19:00:00,3.515493333333333
2022-01-22 20:00:00,3.45121
2022-01-22 21:00:00,3.76729
2022-01-22 22:00:00,3.750723333333333
2022-01-22 23:00:00,3.51551
2022-01-23 00:00:00,3.6000366666666666
2022-01-23 01:00:00,3.555955
2022-01-23 02:00:00,3.6129166666666666
2022-01-23 03:00:00,3.6257783333333333
2022-01-23 04:00:00,3.6165666666666665
2022-01-23 05:00:00,3.6128883333333333
2022-01-23 06:00:00,3.7194566666666664
2022-01-23 07:00:00,17.027426666666667
2022-01-23 08:00:00,79.03101666666666
2022-01-23 09:00:00,138.65196666666668
2022-01-23 10:00:00,216.67166666666665
2022-01-23 11:00:00,298.3958333333333
2022-01-23 12:00:00,310.3025
2022-01-23 13:00:00,277.26149999999996
2022-01-23 14:00:00,214.44433333333333
2022-01-23 15:00:00,162.03316666666666
2022-01-23 16:00:00,77.37098333333333
2022-01-23 17:00:00,19.823785
2022-01-23 18:00:00,3.329201666666667
2022-01-23 19:00:00,3.454133333333333
2022-01-23 20:00:00,3.8546633333333333
2022-01-23 21:00:00,3.9336466666666667
2022-01-23 22:00:00,3.959395
2022-01-23 23:00:00,4.018115
2022-01-24 00:00:00,4.0255600000000005
2022-01-24 01:00:00,4.034716666666666
2022-01-24 02:00:00,4.086153333333333
2022-01-24 03:00:00,4.005348333333333
2022-01-24 04:00:00,4.231321666666667
2022-01-24 05:00:00,4.391158333333333
2022-01-24 06:00:00,4.455455
2022-01-24 07:00:00,9.647878333333333
2022-01-24 08:00:00,41.165283333333335
2022-01-24 09:00:00,61.016600000000004
2022-01-24 10:00:00,167.85801666666666
2022-01-24 11:00:00,358.17333333333335
2022-01-24 12:00:00,283.2696666666667
2022-01-24 13:00:00,186.55416666666667
2022-01-24 14:00:00,88.37925
2022-01-24 15:00:00,52.05721666666667
2022-01-24 16:00:00,28.23595
2022-01-24 17:00:00,8.602596666666667
2022-01-24 18:00:00,3.656311666666667
2022-01-24 19:00:00,3.6525616666666667
2022-01-24 20:00:00,3.805071666666667
2022-01-24 21:00:00,3.924513333333333
2022-01-24 22:00:00,3.919011666666667
2022-01-24 23:00:00,3.91164
2022-01-25 00:00:00,3.85475
2022-01-25 01:00:00,3.7500416666666667
2022-01-25 02:00:00,3.634583333333333
2022-01-25 03:00:00,3.60353
2022-01-25 04:00:00,3.5944833333333337
2022-01-25 05:00:00,3.4144349999999997
2022-01-25 06:00:00,3.5486766666666667
2022-01-25 07:00:00,17.86219
2022-01-25 08:00:00,34.271883333333335
2022-01-25 09:00:00,63.36626666666667
2022-01-25 10:00:00,82.32493333333333
2022-01-25 11:00:00,105.33065
2022-01-25 12:00:00,92.72846666666666
2022-01-25 13:00:00,192.75476666666665
2022-01-25 14:00:00,409.7873333333334
2022-01-25 15:00:00,415.4628333333333
2022-01-25 16:00:00,91.5498
2022-01-25 17:00:00,30.542366666666666
2022-01-25 18:00:00,3.56267
2022-01-25 19:00:00,2.748993333333333
2022-01-25 20:00:00,3.1974316666666667
2022-01-25 21:00:00,3.5188083333333333
2022-01-25 22:00:00,3.6362266666666665
2022-01-25 23:00:00,3.66021
2022-01-26 00:00:00,3.7300383333333333
2022-01-26 01:00:00,3.82203
2022-01-26 02:00:00,3.9212333333333333
2022-01-26 03:00:00,4.101343333333333
2022-01-26 04:00:00,4.049985
2022-01-26 05:00:00,4.107103333333333
2022-01-26 06:00:00,4.279955
2022-01-26 07:00:00,12.299836666666666
2022-01-26 08:00:00,36.80318333333333
2022-01-26 09:00:00,154.98729999999998
2022-01-26 10:00:00,180.57016666666667
2022-01-26 11:00:00,286.67083333333335
2022-01-26 12:00:00,384.2883333333333
2022-01-26 13:00:00,332.54366666666664
2022-01-26 14:00:00,233.63183333333333
2022-01-26 15:00:00,217.67016666666666
2022-01-26 16:00:00,79.16876666666667
2022-01-26 17:00:00,22.265314999999998
2022-01-26 18:00:00,3.731691666666667
2022-01-26 19:00:00,3.542553333333333
2022-01-26 20:00:00,3.816185
2022-01-26 21:00:00,3.9337266666666664
2022-01-26 22:00:00,3.9447083333333333
2022-01-26 23:00:00,3.9612366666666663
2022-01-27 00:00:00,3.95585
2022-01-27 01:00:00,4.13239
2022-01-27 02:00:00,4.137941666666666
2022-01-27 03:00:00,3.9634799999999997
2022-01-27 04:00:00,3.9010033333333336
2022-01-27 05:00:00,4.044333333333333
2022-01-27 06:00:00,4.257323333333334
2022-01-27 07:00:00,15.911996666666665
2022-01-27 08:00:00,45.96729333333334
2022-01-27 09:00:00,78.3162
2022-01-27 10:00:00,122.4411
2022-01-27 11:00:00,313.4651666666667
2022-01-27 12:00:00,319.83683333333335
2022-01-27 13:00:00,244.9055
2022-01-27 14:00:00,395.5801666666667
2022-01-27 15:00:00,278.761
2022-01-27 16:00:00,146.56693333333334
2022-01-27 17:00:00,39.29477833333333
2022-01-27 18:00:00,3.83446
2022-01-27 19:00:00,2.94532
2022-01-27 20:00:00,3.1291333333333333
2022-01-27 21:00:00,3.3018666666666667
2022-01-27 22:00:00,3.42712
2022-01-27 23:00:00,3.8053616666666668
2022-01-28 00:00:00,3.98336
2022-01-28 01:00:00,4.051336666666667
2022-01-28 02:00:00,3.99622
2022-01-28 03:00:00,3.85288
2022-01-28 04:00:00,3.7353433333333332
2022-01-28 05:00:00,3.856646666666667
2022-01-28 06:00:00,3.948715
2022-01-28 07:00:00,9.345301666666668
2022-01-28 08:00:00,22.07946666666667
2022-01-28 09:00:00,40.32771666666667
2022-01-28 10:00:00,64.70581666666666
2022-01-28 11:00:00,77.78816666666667
2022-01-28 12:00:00,125.2235
2022-01-28 13:00:00,130.8603
2022-01-28 14:00:00,89.87955000000001
2022-01-28 15:00:00,83.40155
2022-01-28 16:00:00,39.794533333333334
2022-01-28 17:00:00,11.176868333333335
2022-01-28 18:00:00,3.7830916666666665
2022-01-28 19:00:00,3.6582533333333336
2022-01-28 20:00:00,3.641878333333333
2022-01-28 21:00:00,3.6657883333333334
2022-01-28 22:00:00,3.65485
2022-01-28 23:00:00,3.6530633333333333
2022-01-29 00:00:00,3.6954350000000002
2022-01-29 01:00:00,3.7578383333333334
2022-01-29 02:00:00,3.74317
2022-01-29 03:00:00,3.7450716666666666
2022-01-29 04:00:00,3.8296183333333333
2022-01-29 05:00:00,4.0024033333333335
2022-01-29 06:00:00,4.048321666666667
2022-01-29 07:00:00,7.359876666666667
2022-01-29 08:00:00,17.801983333333332
2022-01-29 09:00:00,59.637683333333335
2022-01-29 10:00:00,172.76916666666665
2022-01-29 11:00:00,279.661
2022-01-29 12:00:00,352.5853333333333
2022-01-29 13:00:00,334.08116666666666
2022-01-29 14:00:00,486.5781666666666
2022-01-29 15:00:00,295.7096666666667
2022-01-29 16:00:00,95.76209999999999
2022-01-29 17:00:00,17.37604
2022-01-29 18:00:00,2.1535133333333336
2022-01-29 19:00:00,2.3224949999999995
2022-01-29 20:00:00,2.598098333333333
2022-01-29 21:00:00,2.7156716666666667
2022-01-29 22:00:00,2.83157
2022-01-29 23:00:00,2.9089266666666664
2022-01-30 00:00:00,2.8208683333333338
2022-01-30 01:00:00,2.76401
2022-01-30 02:00:00,2.7402266666666666
2022-01-30 03:00:00,2.4721166666666665
2022-01-30 04:00:00,2.431795
2022-01-30 05:00:00,2.547676666666667
2022-01-30 06:00:00,2.4816116666666668
2022-01-30 07:00:00,24.733836666666665
2022-01-30 08:00:00,107.86518333333333
2022-01-30 09:00:00,365.76683333333335
2022-01-30 10:00:00,537.1423333333333
2022-01-30 11:00:00,627.8548333333333
2022-01-30 12:00:00,667.3080000000001
2022-01-30 13:00:00,487.6073333333333
2022-01-30 14:00:00,346.91183333333333
2022-01-30 15:00:00,262.436
2022-01-30 16:00:00,149.35346666666666
2022-01-30 17:00:00,21.136945
2022-01-30 18:00:00,2.4405613333333336
2022-01-30 19:00:00,1.2278528333333334
2022-01-30 20:00:00,1.2591966666666667
2022-01-30 21:00:00,1.316236666666667
2022-01-30 22:00:00,1.325385
2022-01-30 23:00:00,1.329095
2022-01-31 00:00:00,1.3510883333333332
2022-01-31 01:00:00,1.39523
2022-01-31 02:00:00,1.479765
2022-01-31 03:00:00,1.613955
2022-01-31 04:00:00,1.6966533333333333
2022-01-31 05:00:00,1.67462
2022-01-31 06:00:00,1.7665250000000001
2022-01-31 07:00:00,5.683761666666666
2022-01-31 08:00:00,21.283055
2022-01-31 09:00:00,71.32356666666666
2022-01-31 10:00:00,158.77599999999998
2022-01-31 11:00:00,186.61283333333333
2022-01-31 12:00:00,223.64716666666666
2022-01-31 13:00:00,279.334
2022-01-31 14:00:00,135.5781
2022-01-31 15:00:00,64.55905
2022-01-31 16:00:00,28.77648333333333
2022-01-31 17:00:00,27.422838333333335
2022-01-31 18:00:00,2.4337266666666664
2022-01-31 19:00:00,2.077218333333333
2022-01-31 20:00:00,2.1195083333333335
2022-01-31 21:00:00,2.0845716666666667
2022-01-31 22:00:00,2.0239350000000003
2022-01-31 23:00:00,2.114005
2022-02-01 00:00:00,2.207711666666667
2022-02-01 01:00:00,2.1672533333333335
2022-02-01 02:00:00,2.13418
2022-02-01 03:00:00,1.989005
2022-02-01 04:00:00,1.9872066666666666
2022-02-01 05:00:00,2.057068333333333
2022-02-01 06:00:00,2.297836666666667
2022-02-01 07:00:00,7.8733200000000005
2022-02-01 08:00:00,28.48036666666667
2022-02-01 09:00:00,64.67056666666666
2022-02-01 10:00:00,123.26951666666668
2022-02-01 11:00:00,94.06746666666666
2022-02-01 12:00:00,63.61331666666667
2022-02-01 13:00:00,105.62853333333332
2022-02-01 14:00:00,101.62991666666667
2022-02-01 15:00:00,93.33086666666667
2022-02-01 16:00:00,57.89495
2022-02-01 17:00:00,19.47769333333333
2022-02-01 18:00:00,2.606326666666667
2022-02-01 19:00:00,2.20942
2022-02-01 20:00:00,2.378556666666667
2022-02-01 21:00:00,2.5493566666666667
2022-02-01 22:00:00,2.5604083333333336
2022-02-01 23:00:00,2.591486666666667
2022-02-02 00:00:00,2.5751033333333333
2022-02-02 01:00:00,2.6504600000000003
2022-02-02 02:00:00,2.6926733333333335
2022-02-02 03:00:00,2.7018283333333333
2022-02-02 04:00:00,2.7497016666666667
2022-02-02 05:00:00,2.644903333333333
2022-02-02 06:00:00,2.6614533333333332
2022-02-02 07:00:00,4.964601666666667
2022-02-02 08:00:00,18.056045
2022-02-02 09:00:00,64.95975
2022-02-02 10:00:00,73.4756
2022-02-02 11:00:00,94.59266666666667
2022-02-02 12:00:00,138.88628333333332
2022-02-02 13:00:00,209.7225
2022-02-02 14:00:00,135.09186666666668
2022-02-02 15:00:00,97.42948333333334
2022-02-02 16:00:00,42.656283333333334
2022-02-02 17:00:00,9.956868333333334
2022-02-02 18:00:00,2.4628016666666666
2022-02-02 19:00:00,2.2718133333333332
2022-02-02 20:00:00,2.3344216666666666
2022-02-02 21:00:00,2.402425
2022-02-02 22:00:00,2.4942683333333333
2022-02-02 23:00:00,2.5438899999999998
2022-02-03 00:00:00,2.64137
2022-02-03 01:00:00,2.634036666666667
2022-02-03 02:00:00,2.4834283333333333
2022-02-03 03:00:00,2.3455683333333335
2022-02-03 04:00:00,2.3216733333333335
2022-02-03 05:00:00,2.2868316666666666
2022-02-03 06:00:00,2.336485
2022-02-03 07:00:00,7.037603333333333
2022-02-03 08:00:00,56.604150000000004
2022-02-03 09:00:00,131.95278333333331
2022-02-03 10:00:00,84.43785
2022-02-03 11:00:00,111.27348333333333
2022-02-03 12:00:00,126.36138333333334
2022-02-03 13:00:00,99.39918333333334
2022-02-03 14:00:00,131.15201666666667
2022-02-03 15:00:00,96.66735
2022-02-03 16:00:00,35.1768
2022-02-03 17:00:00,17.610815
2022-02-03 18:00:00,2.940925
2022-02-03 19:00:00,2.453918333333333
2022-02-03 20:00:00,2.3363583333333335
2022-02-03 21:00:00,2.3106750000000003
2022-02-03 22:00:00,2.3419016666666668
2022-02-03 23:00:00,2.2941066666666665
2022-02-04 00:00:00,2.358451666666667
2022-02-04 01:00:00,2.3565899999999997
2022-02-04 02:00:00,2.36211
2022-02-04 03:00:00,2.2867966666666666
2022-02-04 04:00:00,2.1526583333333336
2022-02-04 05:00:00,2.1049166666666665
2022-02-04 06:00:00,2.33856
2022-02-04 07:00:00,17.41957
2022-02-04 08:00:00,63.36188333333333
2022-02-04 09:00:00,159.45398333333333
2022-02-04 10:00:00,248.022
2022-02-04 11:00:00,276.65483333333333
2022-02-04 12:00:00,341.75766666666664
2022-02-04 13:00:00,458.58799999999997
2022-02-04 14:00:00,558.484
2022-02-04 15:00:00,424.423
2022-02-04 16:00:00,174.34556666666668
2022-02-04 17:00:00,27.657916666666665
2022-02-04 18:00:00,2.9717915
2022-02-04 19:00:00,0.9926176666666666
2022-02-04 20:00:00,1.0864486666666666
2022-02-04 21:00:00,1.1195446666666666
2022-02-04 22:00:00,1.3327935000000002
2022-02-04 23:00:00,1.5350416666666669
2022-02-05 00:00:00,1.64345
2022-02-05 01:00:00,1.7059466666666665
2022-02-05 02:00:00,1.7886833333333334
2022-02-05 03:00:00,1.904495
2022-02-05 04:00:00,1.9964133333333334
2022-02-05 05:00:00,2.137938333333333
2022-02-05 06:00:00,2.4302550000000003
2022-02-05 07:00:00,40.610483333333335
2022-02-05 08:00:00,90.93135000000001
2022-02-05 09:00:00,126.75566666666667
2022-02-05 10:00:00,205.35616666666664
2022-02-05 11:00:00,346.3105
2022-02-05 12:00:00,507.6015
2022-02-05 13:00:00,432.252
2022-02-05 14:00:00,315.9771666666667
2022-02-05 15:00:00,250.63266666666667
2022-02-05 16:00:00,107.78546666666666
2022-02-05 17:00:00,42.67386666666666
2022-02-05 18:00:00,3.1588149999999997
2022-02-05 19:00:00,1.953671666666667
2022-02-05 20:00:00,2.0292083333333335
2022-02-05 21:00:00,2.167101666666667
2022-02-05 22:00:00,2.293945
2022-02-05 23:00:00,2.321553333333333
2022-02-06 00:00:00,2.3252450000000002
2022-02-06 01:00:00,2.3564516666666666
2022-02-06 02:00:00,2.3987716666666667
2022-02-06 03:00:00,2.35097
2022-02-06 04:00:00,2.3142349999999996
2022-02-06 05:00:00,2.1524816666666666
2022-02-06 06:00:00,2.7703333333333333
2022-02-06 07:00:00,67.55884333333333
2022-02-06 08:00:00,122.71083333333333
2022-02-06 09:00:00,167.6365
2022-02-06 10:00:00,255.91400000000002
2022-02-06 11:00:00,252.57850000000002
2022-02-06 12:00:00,471.34149999999994
2022-02-06 13:00:00,465.62083333333334
2022-02-06 14:00:00,475.451
2022-02-06 15:00:00,247.89116666666666
2022-02-06 16:00:00,162.05769999999998
2022-02-06 17:00:00,46.26583333333333
2022-02-06 18:00:00,2.8575933333333334
2022-02-06 19:00:00,1.9131633333333333
2022-02-06 20:00:00,2.0748783333333334
2022-02-06 21:00:00,2.040045
2022-02-06 22:00:00,2.01438
2022-02-06 23:00:00,2.0475133333333333
2022-02-07 00:00:00,2.031023333333333
2022-02-07 01:00:00,2.0438050000000003
2022-02-07 02:00:00,2.00347
2022-02-07 03:00:00,1.9942833333333334
2022-02-07 04:00:00,1.97774
2022-02-07 05:00:00,1.946545
2022-02-07 06:00:00,2.038466666666667
2022-02-07 07:00:00,4.4757533333333335
2022-02-07 08:00:00,12.137001666666666
2022-02-07 09:00:00,24.33696666666667
2022-02-07 10:00:00,39.3555
2022-02-07 11:00:00,58.76205
2022-02-07 12:00:00,58.90973333333333
2022-02-07 13:00:00,40.55651666666667
2022-02-07 14:00:00,112.5759
2022-02-07 15:00:00,111.10300000000001
2022-02-07 16:00:00,98.52005000000001
2022-02-07 17:00:00,27.97621666666667
2022-02-07 18:00:00,3.718925
2022-02-07 19:00:00,2.38335
2022-02-07 20:00:00,2.429425
2022-02-07 21:00:00,2.471706666666667
2022-02-07 22:00:00,2.4974250000000002
2022-02-07 23:00:00,2.5800199999999998
2022-02-08 00:00:00,2.53951
2022-02-08 01:00:00,2.493545
2022-02-08 02:00:00,2.383413333333333
2022-02-08 03:00:00,2.311853333333333
2022-02-08 04:00:00,2.2934816666666666
2022-02-08 05:00:00,2.2457333333333334
2022-02-08 06:00:00,2.315678333333333
2022-02-08 07:00:00,6.58703
2022-02-08 08:00:00,38.388416666666664
2022-02-08 09:00:00,202.88016666666667
2022-02-08 10:00:00,381.27216666666664
2022-02-08 11:00:00,210.47016666666664
2022-02-08 12:00:00,200.88416666666666
2022-02-08 13:00:00,160.46733333333336
2022-02-08 14:00:00,161.8775
2022-02-08 15:00:00,111.44981666666666
2022-02-08 16:00:00,77.76746666666666
2022-02-08 17:00:00,21.898311666666665
2022-02-08 18:00:00,2.8096216666666667
2022-02-08 19:00:00,2.2089566666666665
2022-02-08 20:00:00,2.253075
2022-02-08 21:00:00,2.1519983333333332
2022-02-08 22:00:00,2.03459
2022-02-08 23:00:00,2.0548966666666666
2022-02-09 00:00:00,2.0990433333333334
2022-02-09 01:00:00,2.144986666666667
2022-02-09 02:00:00,2.1725833333333338
2022-02-09 03:00:00,2.174406666666667
2022-02-09 04:00:00,2.076986666666667
2022-02-09 05:00:00,2.0806750000000003
2022-02-09 06:00:00,2.2718433333333334
2022-02-09 07:00:00,21.483251666666668
2022-02-09 08:00:00,53.210816666666666
2022-02-09 09:00:00,93.4521
2022-02-09 10:00:00,104.22235
2022-02-09 11:00:00,158.73166666666665
2022-02-09 12:00:00,139.05616666666668
2022-02-09 13:00:00,171.42258333333334
2022-02-09 14:00:00,127.29005000000001
2022-02-09 15:00:00,93.32128333333334
2022-02-09 16:00:00,60.249649999999995
2022-02-09 17:00:00,16.80621
2022-02-09 18:00:00,2.829763333333333
2022-02-09 19:00:00,1.9681866666666668
2022-02-09 20:00:00,1.9976116666666668
2022-02-09 21:00:00,1.9847433333333333
2022-02-09 22:00:00,2.0270016666666666
2022-02-09 23:00:00,1.9406533333333333
2022-02-10 00:00:00,1.8653233333333332
2022-02-10 01:00:00,1.88003
2022-02-10 02:00:00,1.9057666666666668
2022-02-10 03:00:00,1.9241549999999998
2022-02-10 04:00:00,1.8745616666666665
2022-02-10 05:00:00,1.9242816666666667
2022-02-10 06:00:00,2.12273
2022-02-10 07:00:00,10.723438333333332
2022-02-10 08:00:00,33.75406666666667
2022-02-10 09:00:00,73.32358333333333
2022-02-10 10:00:00,120.25173333333333
2022-02-10 11:00:00,139.8425
2022-02-10 12:00:00,140.8046666666667
2022-02-10 13:00:00,97.93788333333333
2022-02-10 14:00:00,76.32915
2022-02-10 15:00:00,74.91843333333333
2022-02-10 16:00:00,45.8234
2022-02-10 17:00:00,17.121276666666667
2022-02-10 18:00:00,2.592875
2022-02-10 19:00:00,2.006785
2022-02-10 20:00:00,2.0894733333333333
2022-02-10 21:00:00,2.0177916666666667
2022-02-10 22:00:00,1.99021
2022-02-10 23:00:00,1.9957466666666666
2022-02-11 00:00:00,1.981055
2022-02-11 01:00:00,1.9240933333333332
2022-02-11 02:00:00,1.8671499999999999
2022-02-11 03:00:00,1.8708366666666667
2022-02-11 04:00:00,1.89116
2022-02-11 05:00:00,1.9278533333333334
2022-02-11 06:00:00,2.5711066666666667
2022-02-11 07:00:00,60.848085
2022-02-11 08:00:00,233.09183333333334
2022-02-11 09:00:00,409.849
2022-02-11 10:00:00,548.2486666666666
2022-02-11 11:00:00,638.0645000000001
2022-02-11 12:00:00,318.673
2022-02-11 13:00:00,173.0593333333333
2022-02-11 14:00:00,178.54799999999997
2022-02-11 15:00:00,131.45376666666667
2022-02-11 16:00:00,77.03511666666667
2022-02-11 17:00:00,30.708683333333333
2022-02-11 18:00:00,3.49268
2022-02-11 19:00:00,1.61706
2022-02-11 20:00:00,1.5031166666666667
2022-02-11 21:00:00,1.6079683333333332
2022-02-11 22:00:00,1.79724
2022-02-11 23:00:00,1.817355
2022-02-12 00:00:00,1.6996466666666667
2022-02-12 01:00:00,1.7143366666666668
2022-02-12 02:00:00,1.70702
2022-02-12 03:00:00,1.6757766666666667
2022-02-12 04:00:00,1.6318783333333333
2022-02-12 05:00:00,1.6649733333333332
2022-02-12 06:00:00,1.8046566666666666
2022-02-12 07:00:00,12.737351666666665
2022-02-12 08:00:00,47.78426666666667
2022-02-12 09:00:00,74.83024999999999
2022-02-12 10:00:00,87.61038333333333
2022-02-12 11:00:00,208.54033333333334
2022-02-12 12:00:00,186.79566666666668
2022-02-12 13:00:00,429.461
2022-02-12 14:00:00,447.6155
2022-02-12 15:00:00,288.32233333333335
2022-02-12 16:00:00,199.49183333333335
2022-02-12 17:00:00,35.614533333333334
2022-02-12 18:00:00,4.123443333333333
2022-02-12 19:00:00,1.426012
2022-02-12 20:00:00,1.4113583333333333
2022-02-12 21:00:00,1.4830716666666668
2022-02-12 22:00:00,1.6208183333333332
2022-02-12 23:00:00,1.642715
2022-02-13 00:00:00,1.6353166666666668
2022-02-13 01:00:00,1.5397883333333333
2022-02-13 02:00:00,1.4131633333333333
2022-02-13 03:00:00,1.5289983333333335
2022-02-13 04:00:00,1.6631533333333333
2022-02-13 05:00:00,1.6539616666666668
2022-02-13 06:00:00,1.6778716666666667
2022-02-13 07:00:00,4.0136416666666666
2022-02-13 08:00:00,11.68075
2022-02-13 09:00:00,19.647100000000002
2022-02-13 10:00:00,39.27765
2022-02-13 11:00:00,48.24701666666667
2022-02-13 12:00:00,77.55091666666667
2022-02-13 13:00:00,77.13476666666666
2022-02-13 14:00:00,99.02046666666666
2022-02-13 15:00:00,64.0453
2022-02-13 16:00:00,36.90311666666666
2022-02-13 17:00:00,12.929371666666666
2022-02-13 18:00:00,2.3265963333333333
2022-02-13 19:00:00,1.3472121666666665
2022-02-13 20:00:00,1.3307208333333334
2022-02-13 21:00:00,1.253593
2022-02-13 22:00:00,1.4484616666666668
2022-02-13 23:00:00,1.378615
2022-02-14 00:00:00,1.3382766666666666
2022-02-14 01:00:00,1.33647
2022-02-14 02:00:00,1.3438183333333336
2022-02-14 03:00:00,1.3769116666666668
2022-02-14 04:00:00,1.5589000000000002
2022-02-14 05:00:00,1.5496883333333333
2022-02-14 06:00:00,1.696795
2022-02-14 07:00:00,31.367898333333336
2022-02-14 08:00:00,148.94138333333333
2022-02-14 09:00:00,260.27133333333336
2022-02-14 10:00:00,499.81083333333333
2022-02-14 11:00:00,596.8898333333333
2022-02-14 12:00:00,575.2778333333333
2022-02-14 13:00:00,654.2085000000001
2022-02-14 14:00:00,572.188
2022-02-14 15:00:00,413.0795
2022-02-14 16:00:00,237.36776666666668
2022-02-14 17:00:00,38.528083333333335
2022-02-14 18:00:00,4.1787535
2022-02-14 19:00:00,1.0292681666666668
2022-02-14 20:00:00,1.2682596666666666
2022-02-14 21:00:00,1.5237233333333333
2022-02-14 22:00:00,1.9151066666666667
2022-02-14 23:00:00,2.093226666666667
2022-02-15 00:00:00,2.04725
2022-02-15 01:00:00,1.7514883333333333
2022-02-15 02:00:00,1.782915
2022-02-15 03:00:00,1.9685766666666669
2022-02-15 04:00:00,2.003476666666667
2022-02-15 05:00:00,1.8380883333333335
2022-02-15 06:00:00,2.088105
2022-02-15 07:00:00,9.304111666666667
2022-02-15 08:00:00,32.94785
2022-02-15 09:00:00,69.72444999999999
2022-02-15 10:00:00,189.33486666666667
2022-02-15 11:00:00,377.96733333333333
2022-02-15 12:00:00,561.5521666666666
2022-02-15 13:00:00,656.3653333333333
2022-02-15 14:00:00,567.7468333333333
2022-02-15 15:00:00,420.48499999999996
2022-02-15 16:00:00,224.76313333333334
2022-02-15 17:00:00,39.97505
2022-02-15 18:00:00,4.665727833333333
2022-02-15 19:00:00,1.0733228333333333
2022-02-15 20:00:00,1.2094326666666668
2022-02-15 21:00:00,1.2903161666666667
2022-02-15 22:00:00,1.361998
2022-02-15 23:00:00,1.4667433333333333
2022-02-16 00:00:00,1.5788456666666666
2022-02-16 01:00:00,1.57144
2022-02-16 02:00:00,1.45204
2022-02-16 03:00:00,1.3804066666666666
2022-02-16 04:00:00,1.4282233333333332
2022-02-16 05:00:00,1.428245
2022-02-16 06:00:00,2.2462233333333335
2022-02-16 07:00:00,61.103973333333336
2022-02-16 08:00:00,97.88466666666666
2022-02-16 09:00:00,87.91491666666666
2022-02-16 10:00:00,132.92156666666668
2022-02-16 11:00:00,139.54581666666667
2022-02-16 12:00:00,104.54421666666667
2022-02-16 13:00:00,121.85368333333332
2022-02-16 14:00:00,131.60605
2022-02-16 15:00:00,109.13841666666667
2022-02-16 16:00:00,116.99555000000001
2022-02-16 17:00:00,48.52151666666667
2022-02-16 18:00:00,3.92337
2022-02-16 19:00:00,1.4334966666666666
2022-02-16 20:00:00,1.5603550000000002
2022-02-16 21:00:00,1.619115
2022-02-16 22:00:00,1.598845
2022-02-16 23:00:00,1.5474033333333332
2022-02-17 00:00:00,1.4959366666666667
2022-02-17 01:00:00,1.4224986666666666
2022-02-17 02:00:00,1.3710911666666665
2022-02-17 03:00:00,1.4005261666666666
2022-02-17 04:00:00,1.3582811666666668
2022-02-17 05:00:00,1.407937
2022-02-17 06:00:00,1.57893
2022-02-17 07:00:00,3.3159899999999998
2022-02-17 08:00:00,12.102465
2022-02-17 09:00:00,18.54896666666667
2022-02-17 10:00:00,46.92398333333333
2022-02-17 11:00:00,57.084950000000006
2022-02-17 12:00:00,41.09138333333333
2022-02-17 13:00:00,43.1224
2022-02-17 14:00:00,34.996433333333336
2022-02-17 15:00:00,29.178383333333333
2022-02-17 16:00:00,22.763700000000004
2022-02-17 17:00:00,8.981171666666667
2022-02-17 18:00:00,2.45945
2022-02-17 19:00:00,2.400656666666667
2022-02-17 20:00:00,2.507225
2022-02-17 21:00:00,2.396951666666667
2022-02-17 22:00:00,2.115718333333333
2022-02-17 23:00:00,2.16534
2022-02-18 00:00:00,2.134098333333333
2022-02-18 01:00:00,2.1726883333333333
2022-02-18 02:00:00,2.1690016666666665
2022-02-18 03:00:00,2.150605
2022-02-18 04:00:00,2.137765
2022-02-18 05:00:00,2.180026666666667
2022-02-18 06:00:00,2.229645
2022-02-18 07:00:00,4.683538333333333
2022-02-18 08:00:00,10.617003333333335
2022-02-18 09:00:00,21.56318333333333
2022-02-18 10:00:00,47.836666666666666
2022-02-18 11:00:00,86.43603333333334
2022-02-18 12:00:00,97.19798333333333
2022-02-18 13:00:00,97.20781666666667
2022-02-18 14:00:00,82.72511666666666
2022-02-18 15:00:00,72.29273333333335
2022-02-18 16:00:00,68.80563333333333
2022-02-18 17:00:00,23.587585
2022-02-18 18:00:00,3.2401666666666666
2022-02-18 19:00:00,2.424305
2022-02-18 20:00:00,2.492211666666667
2022-02-18 21:00:00,2.539978333333333
2022-02-18 22:00:00,2.5473383333333337
2022-02-18 23:00:00,2.4150566666666666
2022-02-19 00:00:00,2.3949616666666667
2022-02-19 01:00:00,2.336161666666667
2022-02-19 02:00:00,2.420775
2022-02-19 03:00:00,2.3362233333333333
2022-02-19 04:00:00,2.3638433333333335
2022-02-19 05:00:00,2.143311666666667
2022-02-19 06:00:00,2.114133333333333
2022-02-19 07:00:00,10.469285000000001
2022-02-19 08:00:00,18.4816
2022-02-19 09:00:00,33.342283333333334
2022-02-19 10:00:00,44.84418333333333
2022-02-19 11:00:00,47.21296666666667
2022-02-19 12:00:00,60.9831
2022-02-19 13:00:00,79.52735
2022-02-19 14:00:00,42.361200000000004
2022-02-19 15:00:00,22.190383333333333
2022-02-19 16:00:00,19.8347
2022-02-19 17:00:00,7.698676666666667
2022-02-19 18:00:00,2.473065
2022-02-19 19:00:00,2.1605183333333335
2022-02-19 20:00:00,1.9768133333333333
2022-02-19 21:00:00,1.8757949999999999
2022-02-19 22:00:00,1.853748333333333
2022-02-19 23:00:00,1.92176
2022-02-20 00:00:00,1.8849916666666666
2022-02-20 01:00:00,1.901595
2022-02-20 02:00:00,1.9384133333333333
2022-02-20 03:00:00,2.0175549999999998
2022-02-20 04:00:00,2.0543299999999998
2022-02-20 05:00:00,2.0378683333333334
2022-02-20 06:00:00,2.139148333333333
2022-02-20 07:00:00,8.096256666666667
2022-02-20 08:00:00,25.51565
2022-02-20 09:00:00,52.611650000000004
2022-02-20 10:00:00,59.16291666666667
2022-02-20 11:00:00,75.49941666666668
2022-02-20 12:00:00,74.82326666666667
2022-02-20 13:00:00,85.22603333333333
2022-02-20 14:00:00,71.70951666666666
2022-02-20 15:00:00,47.227666666666664
2022-02-20 16:00:00,36.28955
2022-02-20 17:00:00,13.92152
2022-02-20 18:00:00,2.7898349999999996
2022-02-20 19:00:00,2.1498483333333334
2022-02-20 20:00:00,2.1664066666666666
2022-02-20 21:00:00,2.1057216666666667
2022-02-20 22:00:00,2.0505316666666666
2022-02-20 23:00:00,2.00276
2022-02-21 00:00:00,2.0598283333333334
2022-02-21 01:00:00,2.0303816666666665
2022-02-21 02:00:00,2.0432866666666665
2022-02-21 03:00:00,2.0340616666666667
2022-02-21 04:00:00,2.03775
2022-02-21 05:00:00,2.0818966666666667
2022-02-21 06:00:00,2.2161366666666664
2022-02-21 07:00:00,6.990513333333334
2022-02-21 08:00:00,25.52655
2022-02-21 09:00:00,40.852066666666666
2022-02-21 10:00:00,59.14505
2022-02-21 11:00:00,72.73948333333333
2022-02-21 12:00:00,96.79056666666666
2022-02-21 13:00:00,93.20476666666667
2022-02-21 14:00:00,73.4952
2022-02-21 15:00:00,81.66398333333333
2022-02-21 16:00:00,53.68081666666667
2022-02-21 17:00:00,27.559775
2022-02-21 18:00:00,3.4255799999999996
2022-02-21 19:00:00,2.2580066666666667
2022-02-21 20:00:00,2.340818333333333
2022-02-21 21:00:00,2.3243
2022-02-21 22:00:00,1.8296566666666665
2022-02-21 23:00:00,1.2283353333333333
2022-02-22 00:00:00,0.6325786666666667
2022-02-22 01:00:00,0.8624403333333334
2022-02-22 02:00:00,1.4013106666666668
2022-02-22 03:00:00,1.5924233333333333
2022-02-22 04:00:00,1.7688899999999999
2022-02-22 05:00:00,1.7854033333333335
2022-02-22 06:00:00,1.9159683333333333
2022-02-22 07:00:00,12.654050000000002
2022-02-22 08:00:00,38.702016666666665
2022-02-22 09:00:00,65.11395
2022-02-22 10:00:00,71.79115
2022-02-22 11:00:00,87.09635
2022-02-22 12:00:00,108.60108333333332
2022-02-22 13:00:00,79.42501666666666
2022-02-22 14:00:00,86.82518333333334
2022-02-22 15:00:00,80.84086666666667
2022-02-22 16:00:00,56.24368333333334
2022-02-22 17:00:00,21.414031666666666
2022-02-22 18:00:00,1.9101235
2022-02-22 19:00:00,1.0203381666666667
2022-02-22 20:00:00,0.972619
2022-02-22 21:00:00,1.1105453333333335
2022-02-22 22:00:00,1.2539425
2022-02-22 23:00:00,1.3127980000000001
2022-02-23 00:00:00,1.3642916666666667
2022-02-23 01:00:00,1.4011046666666667
2022-02-23 02:00:00,1.4011146666666667
2022-02-23 03:00:00,1.465517
2022-02-23 04:00:00,1.2871726666666667
2022-02-23 05:00:00,0.95992
2022-02-23 06:00:00,1.1530538333333333
2022-02-23 07:00:00,15.192366666666667
2022-02-23 08:00:00,59.40411666666667
2022-02-23 09:00:00,218.37666666666667
2022-02-23 10:00:00,344.4146666666667
2022-02-23 11:00:00,468.9235
2022-02-23 12:00:00,439.9355
2022-02-23 13:00:00,416.25416666666666
2022-02-23 14:00:00,347.99983333333336
2022-02-23 15:00:00,298.883
2022-02-23 16:00:00,184.79521666666668
2022-02-23 17:00:00,37.003233333333334
2022-02-23 18:00:00,5.120615166666667
2022-02-23 19:00:00,0.4559298333333333
2022-02-23 20:00:00,0.623262
2022-02-23 21:00:00,0.8512336666666667
2022-02-23 22:00:00,0.9578661666666667
2022-02-23 23:00:00,1.0553286666666666
2022-02-24 00:00:00,1.0645035
2022-02-24 01:00:00,1.0443054999999999
2022-02-24 02:00:00,1.0241286666666667
2022-02-24 03:00:00,1.2797088333333333
2022-02-24 04:00:00,1.413967
2022-02-24 05:00:00,1.4378596666666668
2022-02-24 06:00:00,1.8717783333333335
2022-02-24 07:00:00,22.579106666666668
2022-02-24 08:00:00,123.57915
2022-02-24 09:00:00,385.8063333333333
2022-02-24 10:00:00,582.9415
2022-02-24 11:00:00,603.4211666666666
2022-02-24 12:00:00,726.0526666666667
2022-02-24 13:00:00,674.6138333333333
2022-02-24 14:00:00,531.9565
2022-02-24 15:00:00,368.05833333333334
2022-02-24 16:00:00,244.65146666666666
2022-02-24 17:00:00,45.18515
2022-02-24 18:00:00,4.913005666666667
2022-02-24 19:00:00,0.16362616666666666
2022-02-24 20:00:00,0.32542516666666665
2022-02-24 21:00:00,0.4504525
2022-02-24 22:00:00,0.476201
2022-02-24 23:00:00,0.5442256666666666
2022-02-25 00:00:00,0.6085955
2022-02-25 01:00:00,0.7666893333333333
2022-02-25 02:00:00,0.9100421666666667
2022-02-25 03:00:00,1.022195
2022-02-25 04:00:00,1.0865026666666668
2022-02-25 05:00:00,1.1012508333333335
2022-02-25 06:00:00,1.5387978333333334
2022-02-25 07:00:00,18.685936666666667
2022-02-25 08:00:00,83.24878333333332
2022-02-25 09:00:00,317.648
2022-02-25 10:00:00,553.9954999999999
2022-02-25 11:00:00,685.6815
2022-02-25 12:00:00,712.809
2022-02-25 13:00:00,682.4240000000001
2022-02-25 14:00:00,598.3053333333334
2022-02-25 15:00:00,464.3913333333333
2022-02-25 16:00:00,284.72666666666663
2022-02-25 17:00:00,37.94786666666666
2022-02-25 18:00:00,4.724799333333333
2022-02-25 19:00:00,0.4503513333333334
2022-02-25 20:00:00,0.20403933333333332
2022-02-25 21:00:00,0.15810333333333335
2022-02-25 22:00:00,0.21325666666666668
2022-02-25 23:00:00,0.2941553333333333
2022-02-26 00:00:00,0.5331615
2022-02-26 01:00:00,0.6912491666666667
2022-02-26 02:00:00,0.7830971666666666
2022-02-26 03:00:00,0.637927
2022-02-26 04:00:00,0.8603963333333334
2022-02-26 05:00:00,1.0110776666666665
2022-02-26 06:00:00,2.2187211666666666
2022-02-26 07:00:00,34.38383833333333
2022-02-26 08:00:00,141.04513333333335
2022-02-26 09:00:00,369.22833333333335
2022-02-26 10:00:00,594.6546666666667
2022-02-26 11:00:00,684.5550000000001
2022-02-26 12:00:00,715.8636666666666
2022-02-26 13:00:00,684.4821666666667
2022-02-26 14:00:00,591.4313333333333
2022-02-26 15:00:00,451.795
2022-02-26 16:00:00,270.392
2022-02-26 17:00:00,45.03183333333333
2022-02-26 18:00:00,5.117048333333333
2022-02-26 19:00:00,0.387785
2022-02-26 20:00:00,0.19482183333333333
2022-02-26 21:00:00,0.15256216666666667
2022-02-26 22:00:00,0.20403
2022-02-26 23:00:00,0.2260943333333333
2022-02-27 00:00:00,0.2628565
2022-02-27 01:00:00,0.3106488333333333
2022-02-27 02:00:00,0.487121
2022-02-27 03:00:00,0.5496178333333332
2022-02-27 04:00:00,0.6617398333333333
2022-02-27 05:00:00,0.656219
2022-02-27 06:00:00,3.0825861666666667
2022-02-27 07:00:00,73.65038333333334
2022-02-27 08:00:00,248.08950000000002
2022-02-27 09:00:00,419.5195
2022-02-27 10:00:00,550.7166666666667
2022-02-27 11:00:00,662.8855
2022-02-27 12:00:00,700.0830000000001
2022-02-27 13:00:00,676.339
2022-02-27 14:00:00,588.522
2022-02-27 15:00:00,364.3385
2022-02-27 16:00:00,279.058
2022-02-27 17:00:00,46.62436666666667
2022-02-27 18:00:00,4.878138333333333
2022-02-27 19:00:00,0.1801025
2022-02-27 20:00:00,0.3344833333333333
2022-02-27 21:00:00,0.6009393333333333
2022-02-27 22:00:00,0.7792583333333333
2022-02-27 23:00:00,0.8472565
2022-02-28 00:00:00,1.0457276666666666
2022-02-28 01:00:00,1.3158999999999998
2022-02-28 02:00:00,1.4151026666666666
2022-02-28 03:00:00,1.5639683333333332
2022-02-28 04:00:00,1.6173133333333332
2022-02-28 05:00:00,1.7367566666666667
2022-02-28 06:00:00,3.1407700000000003
2022-02-28 07:00:00,29.40542
2022-02-28 08:00:00,146.1076
2022-02-28 09:00:00,212.06958333333333
2022-02-28 10:00:00,292.835
2022-02-28 11:00:00,346.4888333333334
2022-02-28 12:00:00,363.20916666666665
2022-02-28 13:00:00,537.4798333333333
2022-02-28 14:00:00,505.168
2022-02-28 15:00:00,285.72833333333335
2022-02-28 16:00:00,206.29416666666665
2022-02-28 17:00:00,82.87131666666667
2022-02-28 18:00:00,6.623173166666667
2022-02-28 19:00:00,1.4515053333333334
2022-02-28 20:00:00,1.8301550000000002
2022-02-28 21:00:00,2.1389349999999996
2022-02-28 22:00:00,2.3961883333333334
2022-02-28 23:00:00,2.680981666666667
2022-03-01 00:00:00,2.879341666666667
2022-03-01 01:00:00,3.013428333333333
2022-03-01 02:00:00,2.9819883333333332
2022-03-01 03:00:00,2.9029700000000003
2022-03-01 04:00:00,2.78351
2022-03-01 05:00:00,2.8937933333333334
2022-03-01 06:00:00,3.8655583333333334
2022-03-01 07:00:00,34.53596
2022-03-01 08:00:00,114.80151666666667
2022-03-01 09:00:00,453.8868333333333
2022-03-01 10:00:00,565.3995
2022-03-01 11:00:00,675.0
2022-03-01 12:00:00,731.9676666666667
2022-03-01 13:00:00,629.6356666666667
2022-03-01 14:00:00,398.09516666666667
2022-03-01 15:00:00,309.76366666666667
2022-03-01 16:00:00,241.63905000000003
2022-03-01 17:00:00,63.935716666666664
2022-03-01 18:00:00,6.362657666666666
2022-03-01 19:00:00,0.7917656666666667
2022-03-01 20:00:00,0.9424285
2022-03-01 21:00:00,0.9976293333333334
2022-03-01 22:00:00,1.0215413333333332
2022-03-01 23:00:00,0.9645724999999999
2022-03-02 00:00:00,0.9057683333333333
2022-03-02 01:00:00,0.8525061666666667
2022-03-02 02:00:00,0.6945933333333334
2022-03-02 03:00:00,0.7368815000000001
2022-03-02 04:00:00,0.7773133333333333
2022-03-02 05:00:00,0.8416228333333333
2022-03-02 06:00:00,3.6972956666666668
2022-03-02 07:00:00,71.99295000000001
2022-03-02 08:00:00,240.27066666666667
2022-03-02 09:00:00,416.402
2022-03-02 10:00:00,556.9056666666667
2022-03-02 11:00:00,649.3386666666667
2022-03-02 12:00:00,691.5418333333333
2022-03-02 13:00:00,602.7075
2022-03-02 14:00:00,290.01213333333334
2022-03-02 15:00:00,40.99688333333334
2022-03-02 16:00:00,17.392618333333335
2022-03-02 17:00:00,9.469901666666667
2022-03-02 18:00:00,1.6611126666666667
2022-03-02 19:00:00,0.9481876666666668
2022-03-02 20:00:00,0.8967526666666666
2022-03-02 21:00:00,0.8930881666666667
2022-03-02 22:00:00,0.8820723333333333
2022-03-02 23:00:00,0.8343133333333334
2022-03-03 00:00:00,0.8912821666666667
2022-03-03 01:00:00,0.7902248333333334
2022-03-03 02:00:00,0.7792305
2022-03-03 03:00:00,0.790268
2022-03-03 04:00:00,0.7902571666666667
2022-03-03 05:00:00,0.8747773333333334
2022-03-03 06:00:00,1.7440565
2022-03-03 07:00:00,20.507918333333336
2022-03-03 08:00:00,78.8846
2022-03-03 09:00:00,163.3615
2022-03-03 10:00:00,325.35716666666667
2022-03-03 11:00:00,489.7056666666667
2022-03-03 12:00:00,670.6053333333333
2022-03-03 13:00:00,653.4106666666667
2022-03-03 14:00:00,568.1255
2022-03-03 15:00:00,439.1698333333333
2022-03-03 16:00:00,270.85105
2022-03-03 17:00:00,60.59748333333334
2022-03-03 18:00:00,6.029289666666667
2022-03-03 19:00:00,0.21682616666666668
2022-03-03 20:00:00,0.2885101666666667
2022-03-03 21:00:00,0.45756933333333333
2022-03-03 22:00:00,0.694613
2022-03-03 23:00:00,0.735035
2022-03-04 00:00:00,0.764441
2022-03-04 01:00:00,0.8324324999999999
2022-03-04 02:00:00,0.8581508333333333
2022-03-04 03:00:00,0.8691765
2022-03-04 04:00:00,0.8710231666666667
2022-03-04 05:00:00,0.7773076666666667
2022-03-04 06:00:00,2.5800031666666663
2022-03-04 07:00:00,47.84578333333333
2022-03-04 08:00:00,212.80766666666668
2022-03-04 09:00:00,455.9488333333333
2022-03-04 10:00:00,574.464
2022-03-04 11:00:00,654.4851666666667
2022-03-04 12:00:00,660.5930000000001
2022-03-04 13:00:00,649.279
2022-03-04 14:00:00,557.9328333333334
2022-03-04 15:00:00,419.47933333333333
2022-03-04 16:00:00,259.3825
2022-03-04 17:00:00,65.87181666666667
2022-03-04 18:00:00,7.143807833333333
2022-03-04 19:00:00,0.8359618333333334
2022-03-04 20:00:00,0.7698488333333333
2022-03-04 21:00:00,0.6798933333333333
2022-03-04 22:00:00,0.6743986666666667
2022-03-04 23:00:00,0.6872513333333333
2022-03-05 00:00:00,0.6835801666666667
2022-03-05 01:00:00,0.7037968333333333
2022-03-05 02:00:00,0.7129814999999999
2022-03-05 03:00:00,0.6743895
2022-03-05 04:00:00,0.6780803333333334
2022-03-05 05:00:00,0.7828234999999999
2022-03-05 06:00:00,3.757922166666667
2022-03-05 07:00:00,67.34016666666666
2022-03-05 08:00:00,233.2531666666667
2022-03-05 09:00:00,380.7465
2022-03-05 10:00:00,534.128
2022-03-05 11:00:00,618.6
2022-03-05 12:00:00,648.2928333333333
2022-03-05 13:00:00,613.0885
2022-03-05 14:00:00,441.6478333333333
2022-03-05 15:00:00,331.5965
2022-03-05 16:00:00,142.93016666666665
2022-03-05 17:00:00,73.92368333333334
2022-03-05 18:00:00,6.2674565
2022-03-05 19:00:00,2.7155229999999997
2022-03-05 20:00:00,4.086421666666667
2022-03-05 21:00:00,3.3517133333333335
2022-03-05 22:00:00,2.3851766666666667
2022-03-05 23:00:00,1.824715
2022-03-06 00:00:00,1.0768410000000002
2022-03-06 01:00:00,0.6762398333333334
2022-03-06 02:00:00,0.683596
2022-03-06 03:00:00,0.6505388333333334
2022-03-06 04:00:00,0.608278
2022-03-06 05:00:00,0.639518
2022-03-06 06:00:00,1.1393775
2022-03-06 07:00:00,19.72357333333333
2022-03-06 08:00:00,81.76303333333334
2022-03-06 09:00:00,118.13963333333332
2022-03-06 10:00:00,251.76616666666666
2022-03-06 11:00:00,320.5838333333333
2022-03-06 12:00:00,188.35016666666667
2022-03-06 13:00:00,138.63316666666665
2022-03-06 14:00:00,147.60183333333333
2022-03-06 15:00:00,134.63021666666666
2022-03-06 16:00:00,98.0364
2022-03-06 17:00:00,76.03731666666665
2022-03-06 18:00:00,3.6969765
2022-03-06 19:00:00,0.6597068333333332
2022-03-06 20:00:00,0.661549
2022-03-06 21:00:00,0.6670791666666667
2022-03-06 22:00:00,0.6928283333333333
2022-03-06 23:00:00,0.6156751666666668
2022-03-07 00:00:00,0.6285216666666666
2022-03-07 01:00:00,0.6285405
2022-03-07 02:00:00,0.5991225
2022-03-07 03:00:00,0.7130741666666667
2022-03-07 04:00:00,1.1045006666666666
2022-03-07 05:00:00,1.4518685
2022-03-07 06:00:00,2.997405
2022-03-07 07:00:00,20.130771666666664
2022-03-07 08:00:00,73.17925
2022-03-07 09:00:00,149.62195000000003
2022-03-07 10:00:00,305.6015
2022-03-07 11:00:00,421.3985
2022-03-07 12:00:00,573.9086666666666
2022-03-07 13:00:00,375.43733333333336
2022-03-07 14:00:00,475.738
2022-03-07 15:00:00,335.11905
2022-03-07 16:00:00,249.12656666666666
2022-03-07 17:00:00,102.19058333333334
2022-03-07 18:00:00,10.3243725
2022-03-07 19:00:00,0.7588725000000001
2022-03-07 20:00:00,0.6982888333333332
2022-03-07 21:00:00,0.8122448333333333
2022-03-07 22:00:00,0.7902598333333334
2022-03-07 23:00:00,0.7571766666666666
2022-03-08 00:00:00,0.6782123333333333
2022-03-08 01:00:00,0.6598491666666667
2022-03-08 02:00:00,0.6653928333333333
2022-03-08 03:00:00,0.6746308333333333
2022-03-08 04:00:00,0.6985768333333334
2022-03-08 05:00:00,0.7445676666666666
2022-03-08 06:00:00,6.581855333333333
2022-03-08 07:00:00,104.05296666666666
2022-03-08 08:00:00,326.7501666666667
2022-03-08 09:00:00,512.8563333333334
2022-03-08 10:00:00,658.4063333333332
2022-03-08 11:00:00,750.2193333333333
2022-03-08 12:00:00,782.3891666666666
2022-03-08 13:00:00,755.9945
2022-03-08 14:00:00,670.8629999999999
2022-03-08 15:00:00,530.7278333333333
2022-03-08 16:00:00,349.57116666666667
2022-03-08 17:00:00,105.23025
2022-03-08 18:00:00,10.321315499999999
2022-03-08 19:00:00,0.6322858333333333
2022-03-08 20:00:00,0.6617336666666667
2022-03-08 21:00:00,0.6617536666666666
2022-03-08 22:00:00,0.6636405
2022-03-08 23:00:00,0.6783593333333333
2022-03-09 00:00:00,0.6728508333333333
2022-03-09 01:00:00,0.6820558333333333
2022-03-09 02:00:00,0.704114
2022-03-09 03:00:00,0.7941904999999999
2022-03-09 04:00:00,0.7114643333333334
2022-03-09 05:00:00,0.6342571666666666
2022-03-09 06:00:00,6.4381855
2022-03-09 07:00:00,103.48163333333333
2022-03-09 08:00:00,325.732
2022-03-09 09:00:00,502.424
2022-03-09 10:00:00,646.1483333333333
2022-03-09 11:00:00,736.3648333333333
2022-03-09 12:00:00,767.7871666666667
2022-03-09 13:00:00,731.4631666666667
2022-03-09 14:00:00,645.7528333333333
2022-03-09 15:00:00,509.4458333333333
2022-03-09 16:00:00,332.0601666666667
2022-03-09 17:00:00,109.796
2022-03-09 18:00:00,9.668508333333333
2022-03-09 19:00:00,0.6854316666666667
2022-03-09 20:00:00,0.725926
2022-03-09 21:00:00,0.7204088333333334
2022-03-09 22:00:00,0.8656078333333334
2022-03-09 23:00:00,0.6873356666666666
2022-03-10 00:00:00,0.766369
2022-03-10 01:00:00,0.7461458333333333
2022-03-10 02:00:00,0.733267
2022-03-10 03:00:00,0.8674234999999999
2022-03-10 04:00:00,0.6652606666666666
2022-03-10 05:00:00,0.5403035
2022-03-10 06:00:00,6.38445
2022-03-10 07:00:00,94.71813333333333
2022-03-10 08:00:00,303.2923333333334
2022-03-10 09:00:00,482.2685
2022-03-10 10:00:00,618.8683333333333
2022-03-10 11:00:00,706.9078333333333
2022-03-10 12:00:00,733.2328333333334
2022-03-10 13:00:00,681.5699999999999
2022-03-10 14:00:00,610.2941666666667
2022-03-10 15:00:00,484.5083333333333
2022-03-10 16:00:00,313.4193333333333
2022-03-10 17:00:00,107.18371666666667
2022-03-10 18:00:00,9.370332833333332
2022-03-10 19:00:00,0.661498
2022-03-10 20:00:00,0.661534
2022-03-10 21:00:00,0.6615383333333333
2022-03-10 22:00:00,0.6615288333333333
2022-03-10 23:00:00,0.6633835
2022-03-11 00:00:00,0.6670745
2022-03-11 01:00:00,0.6707540000000001
2022-03-11 02:00:00,0.6487186666666667
2022-03-11 03:00:00,0.6725996666666667
2022-03-11 04:00:00,0.6633756666666667
2022-03-11 05:00:00,0.6615323333333334
2022-03-11 06:00:00,3.3094798333333335
2022-03-11 07:00:00,36.716816666666666
2022-03-11 08:00:00,237.68913333333333
2022-03-11 09:00:00,458.281
2022-03-11 10:00:00,597.3936666666667
2022-03-11 11:00:00,682.7103333333333
2022-03-11 12:00:00,714.6093333333333
2022-03-11 13:00:00,663.3888333333333
2022-03-11 14:00:00,597.9528333333333
2022-03-11 15:00:00,463.9015
2022-03-11 16:00:00,289.34749999999997
2022-03-11 17:00:00,110.82396666666666
2022-03-11 18:00:00,9.017164666666668
2022-03-11 19:00:00,1.0141546666666668
2022-03-11 20:00:00,0.6651469999999999
2022-03-11 21:00:00,0.661532
2022-03-11 22:00:00,0.661532
2022-03-11 23:00:00,0.6615363333333334
2022-03-12 00:00:00,0.6615348333333333
2022-03-12 01:00:00,0.6615044999999999
2022-03-12 02:00:00,0.6651181666666667
2022-03-12 03:00:00,0.6742796666666667
2022-03-12 04:00:00,0.6614418333333333
2022-03-12 05:00:00,2.693848666666667
2022-03-12 06:00:00,8.620171666666666
2022-03-12 07:00:00,113.05818333333333
2022-03-12 08:00:00,281.15246666666667
2022-03-12 09:00:00,478.13550000000004
2022-03-12 10:00:00,623.6836666666666
2022-03-12 11:00:00,704.8773333333334
2022-03-12 12:00:00,738.7595
2022-03-12 13:00:00,697.3966666666668
2022-03-12 14:00:00,484.6963333333333
2022-03-12 15:00:00,514.1541666666667
2022-03-12 16:00:00,265.38105
2022-03-12 17:00:00,107.19598333333333
2022-03-12 18:00:00,11.983335333333335
2022-03-12 19:00:00,1.2547573333333333
2022-03-12 20:00:00,1.2456335
2022-03-12 21:00:00,1.1372399999999998
2022-03-12 22:00:00,1.0049731666666666
2022-03-12 23:00:00,0.9847536666666666
2022-03-13 00:00:00,1.0711063333333333
2022-03-13 01:00:00,1.0564243333333334
2022-03-13 02:00:00,1.0325263333333334
2022-03-13 03:00:00,1.052765
2022-03-13 04:00:00,1.2199456666666668
2022-03-13 05:00:00,1.3099416666666666
2022-03-13 06:00:00,2.30381
2022-03-13 07:00:00,54.23101333333333
2022-03-13 08:00:00,143.46618333333333
2022-03-13 09:00:00,413.0038333333333
2022-03-13 10:00:00,608.4953333333334
2022-03-13 11:00:00,493.569
2022-03-13 12:00:00,625.3623333333333
2022-03-13 13:00:00,698.3389999999999
2022-03-13 14:00:00,608.9766666666667
2022-03-13 15:00:00,472.34433333333334
2022-03-13 16:00:00,289.5353333333333
2022-03-13 17:00:00,108.2889
2022-03-13 18:00:00,9.408993833333334
2022-03-13 19:00:00,1.2290053333333333
2022-03-13 20:00:00,1.1868418333333333
2022-03-13 21:00:00,0.9039223333333334
2022-03-13 22:00:00,0.7716198333333334
2022-03-13 23:00:00,0.946164
2022-03-14 00:00:00,1.1298833333333331
2022-03-14 01:00:00,1.2033631666666667
2022-03-14 02:00:00,1.6829745
2022-03-14 03:00:00,3.8549983333333335
2022-03-14 04:00:00,4.433946666666667
2022-03-14 05:00:00,5.439236666666667
2022-03-14 06:00:00,11.73455
2022-03-14 07:00:00,101.04825000000001
2022-03-14 08:00:00,241.0265
2022-03-14 09:00:00,469.031
2022-03-14 10:00:00,596.1861666666666
2022-03-14 11:00:00,679.9028333333333
2022-03-14 12:00:00,709.3695
2022-03-14 13:00:00,672.9946666666667
2022-03-14 14:00:00,578.1358333333334
2022-03-14 15:00:00,434.4471666666667
2022-03-14 16:00:00,268.7986666666667
2022-03-14 17:00:00,98.87876666666666
2022-03-14 18:00:00,9.12698
2022-03-14 19:00:00,1.0029331666666665
2022-03-14 20:00:00,1.289588
2022-03-14 21:00:00,1.2548226666666666
2022-03-14 22:00:00,1.0508835
2022-03-14 23:00:00,0.9461611666666666
2022-03-15 00:00:00,0.7697933333333334
2022-03-15 01:00:00,0.7054983333333333
2022-03-15 02:00:00,0.6889688333333334
2022-03-15 03:00:00,0.6651146666666666
2022-03-15 04:00:00,0.6614695
2022-03-15 05:00:00,0.685351
2022-03-15 06:00:00,8.3806615
2022-03-15 07:00:00,106.28393333333334
2022-03-15 08:00:00,251.90673333333334
2022-03-15 09:00:00,441.77566666666667
2022-03-15 10:00:00,560.9233333333334
2022-03-15 11:00:00,651.6033333333332
2022-03-15 12:00:00,671.9405
2022-03-15 13:00:00,627.6766666666666
2022-03-15 14:00:00,550.3061666666667
2022-03-15 15:00:00,428.97999999999996
2022-03-15 16:00:00,230.2435
2022-03-15 17:00:00,91.5734
2022-03-15 18:00:00,4.211738333333333
2022-03-15 19:00:00,3.9496033333333336
2022-03-15 20:00:00,3.148825
2022-03-15 21:00:00,2.441578333333333
2022-03-15 22:00:00,2.481978333333333
2022-03-15 23:00:00,2.03188
2022-03-16 00:00:00,2.1292750000000003
2022-03-16 01:00:00,2.053958333333333
2022-03-16 02:00:00,1.9621516666666667
2022-03-16 03:00:00,1.6683370000000002
2022-03-16 04:00:00,0.7294284999999999
2022-03-16 05:00:00,0.700012
2022-03-16 06:00:00,3.134618166666667
2022-03-16 07:00:00,28.607528333333335
2022-03-16 08:00:00,60.57338333333333
2022-03-16 09:00:00,151.90861666666666
2022-03-16 10:00:00,135.48175
2022-03-16 11:00:00,266.21035
2022-03-16 12:00:00,557.6078333333334
2022-03-16 13:00:00,348.4247833333333
2022-03-16 14:00:00,201.7745
2022-03-16 15:00:00,143.84986666666666
2022-03-16 16:00:00,208.01196666666667
2022-03-16 17:00:00,76.56788333333334
2022-03-16 18:00:00,7.6897400000000005
2022-03-16 19:00:00,1.2804316666666666
2022-03-16 20:00:00,1.2272406666666666
2022-03-16 21:00:00,1.614876
2022-03-16 22:00:00,3.7037283333333333
2022-03-16 23:00:00,5.315029999999999
2022-03-17 00:00:00,5.803723333333333
2022-03-17 01:00:00,5.462011666666667
2022-03-17 02:00:00,5.258039999999999
2022-03-17 03:00:00,5.217605000000001
2022-03-17 04:00:00,4.104228333333333
2022-03-17 05:00:00,4.27139
2022-03-17 06:00:00,5.913785000000001
2022-03-17 07:00:00,31.703775
2022-03-17 08:00:00,111.84698333333334
2022-03-17 09:00:00,145.16841666666667
2022-03-17 10:00:00,432.35900000000004
2022-03-17 11:00:00,448.4286666666667
2022-03-17 12:00:00,612.2011666666666
2022-03-17 13:00:00,431.9436666666667
2022-03-17 14:00:00,288.54249999999996
2022-03-17 15:00:00,281.04626666666667
2022-03-17 16:00:00,244.19816666666665
2022-03-17 17:00:00,103.76673333333333
2022-03-17 18:00:00,6.668605
2022-03-17 19:00:00,2.7279216666666666
2022-03-17 20:00:00,3.2625266666666666
2022-03-17 21:00:00,1.7745183333333334
2022-03-17 22:00:00,4.065230000000001
2022-03-17 23:00:00,5.075681666666667
2022-03-18 00:00:00,3.7862333333333336
2022-03-18 01:00:00,3.791726666666667
2022-03-18 02:00:00,3.5050966666666667
2022-03-18 03:00:00,3.87981
2022-03-18 04:00:00,2.4910366666666666
2022-03-18 05:00:00,3.2626033333333333
2022-03-18 06:00:00,10.221541666666667
2022-03-18 07:00:00,97.44341666666666
2022-03-18 08:00:00,228.7835
2022-03-18 09:00:00,362.0126666666667
2022-03-18 10:00:00,407.55266666666665
2022-03-18 11:00:00,296.0793333333333
2022-03-18 12:00:00,168.19978333333336
2022-03-18 13:00:00,114.58231666666667
2022-03-18 14:00:00,287.7285
2022-03-18 15:00:00,268.40833333333336
2022-03-18 16:00:00,87.51433333333333
2022-03-18 17:00:00,59.600766666666665
2022-03-18 18:00:00,9.925099999999999
2022-03-18 19:00:00,1.2839296666666666
2022-03-18 20:00:00,1.2473216666666667
2022-03-18 21:00:00,1.5724733333333334
2022-03-18 22:00:00,3.4425866666666667
2022-03-18 23:00:00,5.828860000000001
2022-03-19 00:00:00,5.467028333333333
2022-03-19 01:00:00,6.587906666666667
2022-03-19 02:00:00,6.545721666666666
2022-03-19 03:00:00,6.5988750000000005
2022-03-19 04:00:00,6.541798333333333
2022-03-19 05:00:00,6.545378333333334
2022-03-19 06:00:00,7.543051666666667
2022-03-19 07:00:00,14.721716666666667
2022-03-19 08:00:00,31.64775
2022-03-19 09:00:00,63.05435
2022-03-19 10:00:00,139.09258333333335
2022-03-19 11:00:00,164.71615
2022-03-19 12:00:00,282.7155
2022-03-19 13:00:00,209.69723333333334
2022-03-19 14:00:00,224.3781666666667
2022-03-19 15:00:00,137.161
2022-03-19 16:00:00,53.79378333333333
2022-03-19 17:00:00,20.726516666666665
2022-03-19 18:00:00,3.7493618333333334
2022-03-19 19:00:00,1.1482028333333332
2022-03-19 20:00:00,1.1004505
2022-03-19 21:00:00,1.0949448333333334
2022-03-19 22:00:00,1.0582040000000001
2022-03-19 23:00:00,1.1500503333333332
2022-03-20 00:00:00,1.3925466666666668
2022-03-20 01:00:00,3.376576666666667
2022-03-20 02:00:00,3.9480416666666667
2022-03-20 03:00:00,3.411646666666667
2022-03-20 04:00:00,3.6303016666666665
2022-03-20 05:00:00,5.972636666666667
2022-03-20 06:00:00,6.707785
2022-03-20 07:00:00,11.114493333333334
2022-03-20 08:00:00,18.262251666666668
2022-03-20 09:00:00,21.348766666666666
2022-03-20 10:00:00,23.876666666666665
2022-03-20 11:00:00,34.20795
2022-03-20 12:00:00,39.90871666666667
2022-03-20 13:00:00,51.00781666666667
2022-03-20 14:00:00,42.39068833333333
2022-03-20 15:00:00,46.89365166666666
2022-03-20 16:00:00,34.131685
2022-03-20 17:00:00,10.741178333333332
2022-03-20 18:00:00,2.1221721666666666
2022-03-20 19:00:00,1.234715
2022-03-20 20:00:00,1.2292029999999998
2022-03-20 21:00:00,1.2365408333333332
2022-03-20 22:00:00,1.2402346666666666
2022-03-20 23:00:00,1.2660096666666665
2022-03-21 00:00:00,1.3431201666666666
2022-03-21 01:00:00,3.3256403333333333
2022-03-21 02:00:00,2.788993333333333
2022-03-21 03:00:00,1.3816201666666668
2022-03-21 04:00:00,1.5010016666666668
2022-03-21 05:00:00,1.919825
2022-03-21 06:00:00,3.6945983333333334
2022-03-21 07:00:00,22.273798333333332
2022-03-21 08:00:00,46.32191666666667
2022-03-21 09:00:00,70.53866666666666
2022-03-21 10:00:00,94.78383333333333
2022-03-21 11:00:00,176.272
2022-03-21 12:00:00,97.09816666666667
2022-03-21 13:00:00,110.31608333333334
2022-03-21 14:00:00,90.21990000000001
2022-03-21 15:00:00,76.19188333333334
2022-03-21 16:00:00,52.94303333333333
2022-03-21 17:00:00,19.39473333333333
2022-03-21 18:00:00,6.82692
2022-03-21 19:00:00,5.891883333333333
2022-03-21 20:00:00,5.9047
2022-03-21 21:00:00,5.862495
2022-03-21 22:00:00,5.80365
2022-03-21 23:00:00,5.684228333333333
2022-03-22 00:00:00,4.958551666666667
2022-03-22 01:00:00,4.587459999999999
2022-03-22 02:00:00,4.085911666666666
2022-03-22 03:00:00,3.7937583333333333
2022-03-22 04:00:00,3.3877966666666666
2022-03-22 05:00:00,3.1526083333333332
2022-03-22 06:00:00,5.32419
2022-03-22 07:00:00,27.83734666666667
2022-03-22 08:00:00,49.54691166666667
2022-03-22 09:00:00,142.9941333333333
2022-03-22 10:00:00,136.66421666666665
2022-03-22 11:00:00,109.49119999999999
2022-03-22 12:00:00,121.37966666666667
2022-03-22 13:00:00,65.24781666666667
2022-03-22 14:00:00,71.82845
2022-03-22 15:00:00,67.9421
2022-03-22 16:00:00,49.889
2022-03-22 17:00:00,20.353716666666667
2022-03-22 18:00:00,5.138018333333333
2022-03-22 19:00:00,4.5978433333333335
2022-03-22 20:00:00,4.498681666666667
2022-03-22 21:00:00,3.81163
2022-03-22 22:00:00,3.9532716666666667
2022-03-22 23:00:00,3.7735266666666667
2022-03-23 00:00:00,3.3271683333333333
2022-03-23 01:00:00,2.6403823333333336
2022-03-23 02:00:00,2.03952
2022-03-23 03:00:00,2.2177233333333333
2022-03-23 04:00:00,2.1240466666666666
2022-03-23 05:00:00,1.82458
2022-03-23 06:00:00,2.754636666666667
2022-03-23 07:00:00,17.121286666666666
2022-03-23 08:00:00,47.2155
2022-03-23 09:00:00,24.672633333333334
2022-03-23 10:00:00,53.867383333333336
2022-03-23 11:00:00,92.92715
2022-03-23 12:00:00,82.81753333333333
2022-03-23 13:00:00,104.05066666666667
2022-03-23 14:00:00,88.13713333333334
2022-03-23 15:00:00,51.71075
2022-03-23 16:00:00,34.27601666666667
2022-03-23 17:00:00,24.338033333333332
2022-03-23 18:00:00,3.0969616666666666
2022-03-23 19:00:00,1.6505383333333332
2022-03-23 20:00:00,1.66525
2022-03-23 21:00:00,1.7608266666666668
2022-03-23 22:00:00,1.6137983333333332
2022-03-23 23:00:00,1.6230266666666668
2022-03-24 00:00:00,1.6266399999999999
2022-03-24 01:00:00,1.6799233333333334
2022-03-24 02:00:00,1.6817683333333333
2022-03-24 03:00:00,1.62296
2022-03-24 04:00:00,1.5861699999999999
2022-03-24 05:00:00,2.4885949999999997
2022-03-24 06:00:00,3.383713333333333
2022-03-24 07:00:00,15.906108333333332
2022-03-24 08:00:00,26.690983333333335
2022-03-24 09:00:00,41.193099999999994
2022-03-24 10:00:00,42.16973333333333
2022-03-24 11:00:00,56.863416666666666
2022-03-24 12:00:00,55.43335
2022-03-24 13:00:00,42.211133333333336
2022-03-24 14:00:00,41.95811666666667
2022-03-24 15:00:00,25.569601666666664
2022-03-24 16:00:00,21.2676
2022-03-24 17:00:00,10.605185
2022-03-24 18:00:00,3.956503333333333
2022-03-24 19:00:00,3.1387283333333333
2022-03-24 20:00:00,3.2820466666666666
2022-03-24 21:00:00,3.1516033333333335
2022-03-24 22:00:00,3.0615499999999995
2022-03-24 23:00:00,2.7620116666666665
2022-03-25 00:00:00,2.74913
2022-03-25 01:00:00,2.809728333333333
2022-03-25 02:00:00,2.684695
2022-03-25 03:00:00,2.655266666666667
2022-03-25 04:00:00,2.631395
2022-03-25 05:00:00,2.6460716666666664
2022-03-25 06:00:00,4.191138333333333
2022-03-25 07:00:00,10.136646666666667
2022-03-25 08:00:00,19.346918333333335
2022-03-25 09:00:00,26.046516666666665
2022-03-25 10:00:00,32.169333333333334
2022-03-25 11:00:00,134.57745
2022-03-25 12:00:00,57.30455
2022-03-25 13:00:00,86.08200000000001
2022-03-25 14:00:00,82.94223333333333
2022-03-25 15:00:00,71.00483333333334
2022-03-25 16:00:00,47.04905
2022-03-25 17:00:00,24.808049999999998
2022-03-25 18:00:00,6.577789999999999
2022-03-25 19:00:00,3.631651666666667
2022-03-25 20:00:00,3.76026
2022-03-25 21:00:00,3.9274183333333337
2022-03-25 22:00:00,3.927361666666667
2022-03-25 23:00:00,3.967948333333333
2022-03-26 00:00:00,4.010108333333333
2022-03-26 01:00:00,4.112958333333333
2022-03-26 02:00:00,4.623583333333333
2022-03-26 03:00:00,5.4649849999999995
2022-03-26 04:00:00,5.848945
2022-03-26 05:00:00,6.118908333333334
2022-03-26 06:00:00,7.364485
2022-03-26 07:00:00,36.89921666666667
2022-03-26 08:00:00,81.34326666666666
2022-03-26 09:00:00,174.87563333333335
2022-03-26 10:00:00,223.55161666666666
2022-03-26 11:00:00,240.27183333333332
2022-03-26 12:00:00,189.54661666666667
2022-03-26 13:00:00,244.71458333333334
2022-03-26 14:00:00,387.7278333333333
2022-03-26 15:00:00,203.764
2022-03-26 16:00:00,129.23038333333335
2022-03-26 17:00:00,26.935893333333336
2022-03-26 18:00:00,8.222751666666667
2022-03-26 19:00:00,4.861705
2022-03-26 20:00:00,5.323206666666667
2022-03-26 21:00:00,4.994723333333334
2022-03-26 22:00:00,5.018578333333334
2022-03-26 23:00:00,5.044305
2022-03-27 00:00:00,5.294124999999999
2022-03-27 01:00:00,5.093983333333333
2022-03-27 02:00:00,4.2857
2022-03-27 03:00:00,4.01562
2022-03-27 04:00:00,3.96095
2022-03-27 05:00:00,4.085981666666667
2022-03-27 06:00:00,9.49202
2022-03-27 07:00:00,46.45195666666667
2022-03-27 08:00:00,95.12363333333333
2022-03-27 09:00:00,71.90465
2022-03-27 10:00:00,102.30298333333333
2022-03-27 11:00:00,108.98176666666667
2022-03-27 12:00:00,73.13483333333333
2022-03-27 13:00:00,125.2398
2022-03-27 14:00:00,141.01853333333332
2022-03-27 15:00:00,71.19458333333334
2022-03-27 16:00:00,27.435666666666666
2022-03-27 17:00:00,12.233758333333332
2022-03-27 18:00:00,6.743415
2022-03-27 19:00:00,5.022130000000001
2022-03-27 20:00:00,4.906594999999999
2022-03-27 21:00:00,5.2887933333333335
2022-03-27 22:00:00,4.616283333333333
2022-03-27 23:00:00,3.9973
2022-03-28 00:00:00,3.372695
2022-03-28 01:00:00,3.6926449999999997
2022-03-28 02:00:00,4.229313333333334
2022-03-28 03:00:00,4.738428333333333
2022-03-28 04:00:00,4.94809
2022-03-28 05:00:00,4.089786666666667
2022-03-28 06:00:00,4.9482550000000005
2022-03-28 07:00:00,13.312218333333334
2022-03-28 08:00:00,53.98916666666666
2022-03-28 09:00:00,88.35728333333333
2022-03-28 10:00:00,92.41136666666667
2022-03-28 11:00:00,148.2508
2022-03-28 12:00:00,106.50246666666666
2022-03-28 13:00:00,70.52534999999999
2022-03-28 14:00:00,40.39264
2022-03-28 15:00:00,16.875026666666667
2022-03-28 16:00:00,19.34943333333333
2022-03-28 17:00:00,11.697646666666666
2022-03-28 18:00:00,6.550866666666667
2022-03-28 19:00:00,5.0272049999999995
2022-03-28 20:00:00,5.212796666666667
2022-03-28 21:00:00,4.964623333333334
2022-03-28 22:00:00,4.786268333333334
2022-03-28 23:00:00,4.576703333333333
2022-03-29 00:00:00,4.593406666666667
2022-03-29 01:00:00,4.536453333333333
2022-03-29 02:00:00,4.569505
2022-03-29 03:00:00,4.571273333333334
2022-03-29 04:00:00,4.604423333333333
2022-03-29 05:00:00,4.60614
2022-03-29 06:00:00,7.600365
2022-03-29 07:00:00,22.887018333333334
2022-03-29 08:00:00,94.0506
2022-03-29 09:00:00,267.374
2022-03-29 10:00:00,157.6778
2022-03-29 11:00:00,114.39673333333333
2022-03-29 12:00:00,182.09234999999998
2022-03-29 13:00:00,265.43316666666664
2022-03-29 14:00:00,122.39211666666667
2022-03-29 15:00:00,181.07445
2022-03-29 16:00:00,67.69365
2022-03-29 17:00:00,34.029268333333334
2022-03-29 18:00:00,9.387793333333333
2022-03-29 19:00:00,4.463134999999999
2022-03-29 20:00:00,4.703986666666666
2022-03-29 21:00:00,4.875006666666667
2022-03-29 22:00:00,4.9778400000000005
2022-03-29 23:00:00,5.04212
2022-03-30 00:00:00,5.148658333333333
2022-03-30 01:00:00,5.1668883333333335
2022-03-30 02:00:00,5.111865
2022-03-30 03:00:00,5.066361666666666
2022-03-30 04:00:00,5.602845
2022-03-30 05:00:00,6.012003333333333
2022-03-30 06:00:00,12.996048333333333
2022-03-30 07:00:00,43.89828333333333
2022-03-30 08:00:00,119.15333333333334
2022-03-30 09:00:00,219.5803
2022-03-30 10:00:00,254.08755000000002
2022-03-30 11:00:00,201.53726666666668
2022-03-30 12:00:00,427.42833333333334
2022-03-30 13:00:00,459.29533333333336
2022-03-30 14:00:00,297.8175
2022-03-30 15:00:00,143.10493333333335
2022-03-30 16:00:00,116.29301666666667
2022-03-30 17:00:00,46.926183333333334
2022-03-30 18:00:00,16.733383333333332
2022-03-30 19:00:00,4.6094
2022-03-30 20:00:00,5.704506666666666
2022-03-30 21:00:00,6.0958266666666665
2022-03-30 22:00:00,5.774335
2022-03-30 23:00:00,6.130708333333333
2022-03-31 00:00:00,6.330963333333333
2022-03-31 01:00:00,6.6727099999999995
2022-03-31 02:00:00,6.977628333333333
2022-03-31 03:00:00,7.515911666666667
2022-03-31 04:00:00,6.368551666666666
2022-03-31 05:00:00,5.470343333333333
2022-03-31 06:00:00,27.040591666666668
2022-03-31 07:00:00,147.93885
2022-03-31 08:00:00,269.88716666666664
2022-03-31 09:00:00,257.84616666666665
2022-03-31 10:00:00,161.54596666666666
2022-03-31 11:00:00,282.4496833333333
2022-03-31 12:00:00,505.17150000000004
2022-03-31 13:00:00,698.7046666666666
2022-03-31 14:00:00,286.4135
2022-03-31 15:00:00,280.64435
2022-03-31 16:00:00,270.25283333333334
2022-03-31 17:00:00,75.13021666666667
2022-03-31 18:00:00,10.859095
2022-03-31 19:00:00,3.977163333333333
2022-03-31 20:00:00,4.412958333333333
2022-03-31 21:00:00,4.271739999999999
2022-03-31 22:00:00,4.472498333333333
2022-03-31 23:00:00,4.738988333333333
2022-04-01 00:00:00,5.078721666666667
2022-04-01 01:00:00,5.2938
2022-04-01 02:00:00,5.174323333333334
2022-04-01 03:00:00,5.163296666666667
2022-04-01 04:00:00,5.547663333333333
2022-04-01 05:00:00,7.611585000000001
2022-04-01 06:00:00,9.92173
2022-04-01 07:00:00,14.900466666666667
2022-04-01 08:00:00,21.650316666666665
2022-04-01 09:00:00,38.756166666666665
2022-04-01 10:00:00,57.09346666666667
2022-04-01 11:00:00,66.4266
2022-04-01 12:00:00,78.27821666666667
2022-04-01 13:00:00,137.46493333333333
2022-04-01 14:00:00,99.09891666666667
2022-04-01 15:00:00,62.63288333333333
2022-04-01 16:00:00,35.68184333333333
2022-04-01 17:00:00,17.121075
2022-04-01 18:00:00,6.7869633333333335
2022-04-01 19:00:00,5.115128333333333
2022-04-01 20:00:00,5.39117
2022-04-01 21:00:00,6.467079999999999
2022-04-01 22:00:00,4.8644050000000005
2022-04-01 23:00:00,4.077493333333333
2022-04-02 00:00:00,4.430393333333333
2022-04-02 01:00:00,4.7262683333333335
2022-04-02 02:00:00,4.76863
2022-04-02 03:00:00,4.886225
2022-04-02 04:00:00,5.108768333333333
2022-04-02 05:00:00,4.9395283333333335
2022-04-02 06:00:00,8.03904
2022-04-02 07:00:00,25.477766666666664
2022-04-02 08:00:00,46.25541666666666
2022-04-02 09:00:00,82.33995
2022-04-02 10:00:00,108.75956666666666
2022-04-02 11:00:00,164.16966666666667
2022-04-02 12:00:00,189.07233333333335
2022-04-02 13:00:00,171.857
2022-04-02 14:00:00,121.76870000000001
2022-04-02 15:00:00,84.08075000000001
2022-04-02 16:00:00,87.87583333333333
2022-04-02 17:00:00,29.0994
2022-04-02 18:00:00,9.181013333333334
2022-04-02 19:00:00,4.528395000000001
2022-04-02 20:00:00,5.416406666666666
2022-04-02 21:00:00,4.993563333333333
2022-04-02 22:00:00,5.335156666666666
2022-04-02 23:00:00,5.430350000000001
2022-04-03 00:00:00,5.511105
2022-04-03 01:00:00,5.443091666666667
2022-04-03 02:00:00,5.549761666666667
2022-04-03 03:00:00,5.520263333333333
2022-04-03 04:00:00,5.647305
2022-04-03 05:00:00,5.790595
2022-04-03 06:00:00,13.305138333333334
2022-04-03 07:00:00,67.78661666666667
2022-04-03 08:00:00,277.6273333333333
2022-04-03 09:00:00,543.6218333333334
2022-04-03 10:00:00,684.9043333333334
2022-04-03 11:00:00,771.5401666666668
2022-04-03 12:00:00,793.3066666666667
2022-04-03 13:00:00,754.7181666666667
2022-04-03 14:00:00,665.9461666666666
2022-04-03 15:00:00,522.2238333333333
2022-04-03 16:00:00,344.2728333333333
2022-04-03 17:00:00,141.87253333333334
2022-04-03 18:00:00,12.636294999999999
2022-04-03 19:00:00,1.3195005
2022-04-03 20:00:00,1.5806566666666666
2022-04-03 21:00:00,2.0292000000000003
2022-04-03 22:00:00,2.39134
2022-04-03 23:00:00,2.6541966666666665
2022-04-04 00:00:00,2.786556666666667
2022-04-04 01:00:00,2.7773883333333336
2022-04-04 02:00:00,2.7608783333333333
2022-04-04 03:00:00,2.7499466666666668
2022-04-04 04:00:00,2.86586
2022-04-04 05:00:00,2.7814449999999997
2022-04-04 06:00:00,32.37850666666667
2022-04-04 07:00:00,192.96498333333332
2022-04-04 08:00:00,375.1368333333333
2022-04-04 09:00:00,562.7801666666667
2022-04-04 10:00:00,696.2601666666667
2022-04-04 11:00:00,772.0889999999999
2022-04-04 12:00:00,794.8651666666667
2022-04-04 13:00:00,748.32535
2022-04-04 14:00:00,673.7215
2022-04-04 15:00:00,529.0973333333334
2022-04-04 16:00:00,350.2828333333334
2022-04-04 17:00:00,142.28541666666666
2022-04-04 18:00:00,11.724113333333333
2022-04-04 19:00:00,1.3837389999999998
2022-04-04 20:00:00,1.7863466666666667
2022-04-04 21:00:00,2.08594
2022-04-04 22:00:00,2.4646383333333333
2022-04-04 23:00:00,2.6503283333333334
2022-04-05 00:00:00,2.80113
2022-04-05 01:00:00,3.1558633333333335
2022-04-05 02:00:00,3.312145
2022-04-05 03:00:00,3.7127600000000003
2022-04-05 04:00:00,3.9755666666666665
2022-04-05 05:00:00,3.9664116666666667
2022-04-05 06:00:00,33.749765
2022-04-05 07:00:00,210.38633333333334
2022-04-05 08:00:00,380.3771666666667
2022-04-05 09:00:00,544.4641666666666
2022-04-05 10:00:00,668.3278333333333
2022-04-05 11:00:00,746.0865
2022-04-05 12:00:00,767.0503333333332
2022-04-05 13:00:00,733.436
2022-04-05 14:00:00,646.7586666666667
2022-04-05 15:00:00,499.566
2022-04-05 16:00:00,302.64823333333334
2022-04-05 17:00:00,108.85968333333334
2022-04-05 18:00:00,13.477715
2022-04-05 19:00:00,1.767626666666667
2022-04-05 20:00:00,2.1426533333333335
2022-04-05 21:00:00,2.4202316666666666
2022-04-05 22:00:00,2.8099583333333333
2022-04-05 23:00:00,3.2013900000000004
2022-04-06 00:00:00,3.3097399999999997
2022-04-06 01:00:00,3.309798333333333
2022-04-06 02:00:00,3.2473733333333334
2022-04-06 03:00:00,3.1830149999999997
2022-04-06 04:00:00,2.9900533333333335
2022-04-06 05:00:00,2.988176666666667
2022-04-06 06:00:00,28.068285
2022-04-06 07:00:00,159.13125
2022-04-06 08:00:00,330.66383333333334
2022-04-06 09:00:00,493.2665
2022-04-06 10:00:00,637.693
2022-04-06 11:00:00,703.2513333333334
2022-04-06 12:00:00,741.4825
2022-04-06 13:00:00,708.0815
2022-04-06 14:00:00,620.3426666666667
2022-04-06 15:00:00,477.4975
2022-04-06 16:00:00,301.36633333333333
2022-04-06 17:00:00,115.71426666666666
2022-04-06 18:00:00,13.321480000000001
2022-04-06 19:00:00,1.9512183333333333
2022-04-06 20:00:00,2.4917016666666667
2022-04-06 21:00:00,2.9052133333333336
2022-04-06 22:00:00,3.0816749999999997
2022-04-06 23:00:00,3.19197
2022-04-07 00:00:00,3.16065
2022-04-07 01:00:00,2.9108435
2022-04-07 02:00:00,2.96237
2022-04-07 03:00:00,2.973376666666667
2022-04-07 04:00:00,2.8301833333333333
2022-04-07 05:00:00,2.743828333333333
2022-04-07 06:00:00,19.932543333333335
2022-04-07 07:00:00,148.79174999999998
2022-04-07 08:00:00,321.0965
2022-04-07 09:00:00,504.1116666666667
2022-04-07 10:00:00,624.572
2022-04-07 11:00:00,697.1655
2022-04-07 12:00:00,710.7153333333333
2022-04-07 13:00:00,696.6821666666667
2022-04-07 14:00:00,585.2573333333333
2022-04-07 15:00:00,424.94905
2022-04-07 16:00:00,295.122
2022-04-07 17:00:00,109.135
2022-04-07 18:00:00,18.312138333333333
2022-04-07 19:00:00,1.8740333333333334
2022-04-07 20:00:00,2.035815
2022-04-07 21:00:00,2.023165
2022-04-07 22:00:00,1.92763
2022-04-07 23:00:00,1.8798549999999998
2022-04-08 00:00:00,1.7916733333333332
2022-04-08 01:00:00,1.74391
2022-04-08 02:00:00,1.6557466666666667
2022-04-08 03:00:00,1.648425
2022-04-08 04:00:00,1.6007216666666666
2022-04-08 05:00:00,1.5529683333333333
2022-04-08 06:00:00,31.150766666666666
2022-04-08 07:00:00,176.62551666666667
2022-04-08 08:00:00,382.9448333333333
2022-04-08 09:00:00,561.4275
2022-04-08 10:00:00,686.4031666666667
2022-04-08 11:00:00,769.8666666666667
2022-04-08 12:00:00,796.0826666666667
2022-04-08 13:00:00,753.681
2022-04-08 14:00:00,640.8376166666666
2022-04-08 15:00:00,509.85949999999997
2022-04-08 16:00:00,321.62966666666665
2022-04-08 17:00:00,108.63026666666666
2022-04-08 18:00:00,13.199653333333334
2022-04-08 19:00:00,1.2916701666666666
2022-04-08 20:00:00,1.0510651666666666
2022-04-08 21:00:00,1.0272203333333334
2022-04-08 22:00:00,1.157687
2022-04-08 23:00:00,1.1907636666666666
2022-04-09 00:00:00,1.2551238333333332
2022-04-09 01:00:00,1.2974683333333334
2022-04-09 02:00:00,1.3122
2022-04-09 03:00:00,1.3213816666666667
2022-04-09 04:00:00,1.3231966666666666
2022-04-09 05:00:00,1.3801766666666666
2022-04-09 06:00:00,37.281081666666665
2022-04-09 07:00:00,199.86983333333333
2022-04-09 08:00:00,393.1316666666667
2022-04-09 09:00:00,552.2151666666666
2022-04-09 10:00:00,685.5208333333334
2022-04-09 11:00:00,767.3761666666667
2022-04-09 12:00:00,777.5588333333333
2022-04-09 13:00:00,710.9909166666667
2022-04-09 14:00:00,662.7103333333333
2022-04-09 15:00:00,512.5143333333333
2022-04-09 16:00:00,342.85316666666665
2022-04-09 17:00:00,106.03436666666667
2022-04-09 18:00:00,12.645251666666667
2022-04-09 19:00:00,1.1391523333333333
2022-04-09 20:00:00,0.7368563333333333
2022-04-09 21:00:00,0.8048635
2022-04-09 22:00:00,0.8526391666666666
2022-04-09 23:00:00,0.8691838333333333
2022-04-10 00:00:00,1.0033255
2022-04-10 01:00:00,1.0272270000000001
2022-04-10 02:00:00,1.0640415
2022-04-10 03:00:00,1.1964206666666668
2022-04-10 04:00:00,1.1523258333333333
2022-04-10 05:00:00,1.2589219999999999
2022-04-10 06:00:00,39.140501666666665
2022-04-10 07:00:00,200.12616666666665
2022-04-10 08:00:00,384.1395
2022-04-10 09:00:00,550.6835
2022-04-10 10:00:00,676.0764999999999
2022-04-10 11:00:00,688.0148833333333
2022-04-10 12:00:00,770.2636666666666
2022-04-10 13:00:00,719.8863833333332
2022-04-10 14:00:00,633.1076666666667
2022-04-10 15:00:00,446.0555
2022-04-10 16:00:00,315.08616666666666
2022-04-10 17:00:00,76.59328333333333
2022-04-10 18:00:00,11.740773333333333
2022-04-10 19:00:00,1.2970358333333332
2022-04-10 20:00:00,1.31918
2022-04-10 21:00:00,1.251165
2022-04-10 22:00:00,1.0949874999999998
2022-04-10 23:00:00,1.0086931666666665
2022-04-11 00:00:00,0.8764528333333333
2022-04-11 01:00:00,1.0418628333333333
2022-04-11 02:00:00,1.3062916666666666
2022-04-11 03:00:00,1.3210183333333334
2022-04-11 04:00:00,1.3192033333333333
2022-04-11 05:00:00,1.3247166666666668
2022-04-11 06:00:00,12.967543333333333
2022-04-11 07:00:00,93.58063333333332
2022-04-11 08:00:00,155.60750000000002
2022-04-11 09:00:00,242.55533333333332
2022-04-11 10:00:00,440.90166666666664
2022-04-11 11:00:00,694.6396666666666
2022-04-11 12:00:00,626.8823333333333
2022-04-11 13:00:00,751.7745
2022-04-11 14:00:00,654.4031666666667
2022-04-11 15:00:00,502.30383333333333
2022-04-11 16:00:00,313.36083333333335
2022-04-11 17:00:00,82.08874999999999
2022-04-11 18:00:00,13.750358333333333
2022-04-11 19:00:00,1.1536403333333332
2022-04-11 20:00:00,1.229031
2022-04-11 21:00:00,1.3154983333333334
2022-04-11 22:00:00,1.32107
2022-04-11 23:00:00,1.3173966666666668
2022-04-12 00:00:00,1.3210433333333331
2022-04-12 01:00:00,1.2677249999999998
2022-04-12 02:00:00,1.197913
2022-04-12 03:00:00,1.1354581666666665
2022-04-12 04:00:00,1.1060563333333333
2022-04-12 05:00:00,1.1447055
2022-04-12 06:00:00,41.562916666666666
2022-04-12 07:00:00,169.81193333333334
2022-04-12 08:00:00,284.33033333333333
2022-04-12 09:00:00,574.7438333333333
2022-04-12 10:00:00,537.0338333333333
2022-04-12 11:00:00,550.3826666666666
2022-04-12 12:00:00,701.9726666666667
2022-04-12 13:00:00,602.0790833333334
2022-04-12 14:00:00,612.3243333333334
2022-04-12 15:00:00,488.08916666666664
2022-04-12 16:00:00,309.28516666666667
2022-04-12 17:00:00,80.93825
2022-04-12 18:00:00,13.157655
2022-04-12 19:00:00,1.195913
2022-04-12 20:00:00,1.3025823333333333
2022-04-12 21:00:00,1.3173366666666666
2022-04-12 22:00:00,1.3191616666666666
2022-04-12 23:00:00,1.3063066666666667
2022-04-13 00:00:00,1.3081649999999998
2022-04-13 01:00:00,1.3025908333333334
2022-04-13 02:00:00,1.2750233333333334
2022-04-13 03:00:00,1.3154933333333332
2022-04-13 04:00:00,1.3466983333333333
2022-04-13 05:00:00,1.4532965
2022-04-13 06:00:00,18.924456666666668
2022-04-13 07:00:00,108.77405
2022-04-13 08:00:00,193.98383333333334
2022-04-13 09:00:00,98.71885
2022-04-13 10:00:00,80.97786666666666
2022-04-13 11:00:00,227.17626666666666
2022-04-13 12:00:00,291.2323333333333
2022-04-13 13:00:00,389.70616666666666
2022-04-13 14:00:00,374.7521666666667
2022-04-13 15:00:00,399.90633333333335
2022-04-13 16:00:00,294.8738333333333
2022-04-13 17:00:00,83.75143333333334
2022-04-13 18:00:00,10.752450000000001
2022-04-13 19:00:00,1.3261800000000001
2022-04-13 20:00:00,1.3465200000000002
2022-04-13 21:00:00,1.1830919999999998
2022-04-13 22:00:00,1.1059459999999999
2022-04-13 23:00:00,1.1628916666666667
2022-04-14 00:00:00,1.2327108333333332
2022-04-14 01:00:00,1.3098706666666666
2022-04-14 02:00:00,1.3411126666666666
2022-04-14 03:00:00,1.3062166666666668
2022-04-14 04:00:00,1.3081283333333333
2022-04-14 05:00:00,1.3192483333333334
2022-04-14 06:00:00,13.774585
2022-04-14 07:00:00,127.11366666666666
2022-04-14 08:00:00,381.6988333333333
2022-04-14 09:00:00,545.3913333333334
2022-04-14 10:00:00,672.9419999999999
2022-04-14 11:00:00,719.85815
2022-04-14 12:00:00,723.395
2022-04-14 13:00:00,480.8843833333333
2022-04-14 14:00:00,535.7218333333334
2022-04-14 15:00:00,223.01364999999998
2022-04-14 16:00:00,244.507
2022-04-14 17:00:00,65.79101666666666
2022-04-14 18:00:00,14.946076666666666
2022-04-14 19:00:00,1.2490703333333333
2022-04-14 20:00:00,0.8377126666666667
2022-04-14 21:00:00,1.2235536666666667
2022-04-14 22:00:00,1.3173866666666667
2022-04-14 23:00:00,1.31922
2022-04-15 00:00:00,1.313655
2022-04-15 01:00:00,1.29524
2022-04-15 02:00:00,1.3081233333333333
2022-04-15 03:00:00,1.3118416666666666
2022-04-15 04:00:00,1.315555
2022-04-15 05:00:00,1.3026966666666666
2022-04-15 06:00:00,9.844294999999999
2022-04-15 07:00:00,40.12716666666667
2022-04-15 08:00:00,85.03098333333334
2022-04-15 09:00:00,317.9364166666667
2022-04-15 10:00:00,662.4753333333333
2022-04-15 11:00:00,604.69115
2022-04-15 12:00:00,670.2329833333333
2022-04-15 13:00:00,723.6126666666667
2022-04-15 14:00:00,607.9503333333333
2022-04-15 15:00:00,453.84625
2022-04-15 16:00:00,291.665
2022-04-15 17:00:00,51.190083333333334
2022-04-15 18:00:00,13.187925
2022-04-15 19:00:00,1.001323
2022-04-15 20:00:00,0.6982358333333333
2022-04-15 21:00:00,0.6798706666666666
2022-04-15 22:00:00,0.7423059999999999
2022-04-15 23:00:00,0.7937083333333333
2022-04-16 00:00:00,0.7404221666666667
2022-04-16 01:00:00,0.6963613333333334
2022-04-16 02:00:00,0.6670143333333333
2022-04-16 03:00:00,0.6615015
2022-04-16 04:00:00,0.6615106666666667
2022-04-16 05:00:00,0.6707103333333334
2022-04-16 06:00:00,3.3848206666666667
2022-04-16 07:00:00,12.5103765
2022-04-16 08:00:00,30.13688
2022-04-16 09:00:00,75.78428333333333
2022-04-16 10:00:00,100.85996666666666
2022-04-16 11:00:00,108.07331666666667
2022-04-16 12:00:00,125.85838333333332
2022-04-16 13:00:00,181.04883333333333
2022-04-16 14:00:00,124.60811666666667
2022-04-16 15:00:00,58.77268333333333
2022-04-16 16:00:00,58.53883333333333
2022-04-16 17:00:00,54.87393333333333
2022-04-16 18:00:00,4.270182500000001
2022-04-16 19:00:00,0.6596701666666667
2022-04-16 20:00:00,0.6596985
2022-04-16 21:00:00,0.663373
2022-04-16 22:00:00,0.6578513333333333
2022-04-16 23:00:00,0.6615308333333334
2022-04-17 00:00:00,0.6633706666666667
2022-04-17 01:00:00,0.6615315
2022-04-17 02:00:00,0.6615396666666666
2022-04-17 03:00:00,0.6615361666666666
2022-04-17 04:00:00,0.6633816666666666
2022-04-17 05:00:00,0.6633846666666667
2022-04-17 06:00:00,6.2477845
2022-04-17 07:00:00,26.794766666666664
2022-04-17 08:00:00,51.779983333333334
2022-04-17 09:00:00,141.41968333333335
2022-04-17 10:00:00,257.49463333333335
2022-04-17 11:00:00,408.2223333333333
2022-04-17 12:00:00,548.353
2022-04-17 13:00:00,308.6236666666666
2022-04-17 14:00:00,212.45416666666668
2022-04-17 15:00:00,122.57041666666667
2022-04-17 16:00:00,78.37698333333333
2022-04-17 17:00:00,43.385666666666665
2022-04-17 18:00:00,5.3722623333333335
2022-04-17 19:00:00,0.6725431666666667
2022-04-17 20:00:00,0.6633726666666667
2022-04-17 21:00:00,0.6633616666666666
2022-04-17 22:00:00,0.6652011666666666
2022-04-17 23:00:00,0.6615358333333333
2022-04-18 00:00:00,0.6670401666666667
2022-04-18 01:00:00,0.6615273333333334
2022-04-18 02:00:00,0.6633696666666666
2022-04-18 03:00:00,0.6633705
2022-04-18 04:00:00,0.6615358333333333
2022-04-18 05:00:00,0.6725603333333333
2022-04-18 06:00:00,10.481715833333334
2022-04-18 07:00:00,32.639266666666664
2022-04-18 08:00:00,55.7314
2022-04-18 09:00:00,87.73968333333333
2022-04-18 10:00:00,122.62193333333333
2022-04-18 11:00:00,321.21933333333334
2022-04-18 12:00:00,155.28921666666665
2022-04-18 13:00:00,123.79008333333333
2022-04-18 14:00:00,91.53961666666667
2022-04-18 15:00:00,58.179539999999996
2022-04-18 16:00:00,29.333551666666665
2022-04-18 17:00:00,20.998186666666665
2022-04-18 18:00:00,3.5955931666666667
2022-04-18 19:00:00,0.6651785
2022-04-18 20:00:00,0.6615368333333334
2022-04-18 21:00:00,0.6615351666666667
2022-04-18 22:00:00,0.6615366666666667
2022-04-18 23:00:00,0.6615301666666666
2022-04-19 00:00:00,0.6615409999999999
2022-04-19 01:00:00,0.6615366666666667
2022-04-19 02:00:00,0.6633838333333333
2022-04-19 03:00:00,0.5953803333333333
2022-04-19 04:00:00,0.7056718333333334
2022-04-19 05:00:00,0.9115179999999999
2022-04-19 06:00:00,3.9033466666666667
2022-04-19 07:00:00,12.924463333333334
2022-04-19 08:00:00,24.906293333333334
2022-04-19 09:00:00,53.66721666666667
2022-04-19 10:00:00,77.82461666666667
2022-04-19 11:00:00,72.01811666666666
2022-04-19 12:00:00,55.57098333333333
2022-04-19 13:00:00,68.16618333333334
2022-04-19 14:00:00,113.72023333333333
2022-04-19 15:00:00,118.27173333333333
2022-04-19 16:00:00,179.96833333333333
2022-04-19 17:00:00,55.647145
2022-04-19 18:00:00,3.2431583333333336
2022-04-19 19:00:00,0.7405535000000001
2022-04-19 20:00:00,0.8618625000000001
2022-04-19 21:00:00,0.9832135
2022-04-19 22:00:00,0.9133688333333333
2022-04-19 23:00:00,0.9446220000000001
2022-04-20 00:00:00,0.9758883333333334
2022-04-20 01:00:00,1.001535
2022-04-20 02:00:00,0.9133143333333333
2022-04-20 03:00:00,0.9500746666666667
2022-04-20 04:00:00,0.9353903333333334
2022-04-20 05:00:00,0.9647721666666667
2022-04-20 06:00:00,5.404578333333333
2022-04-20 07:00:00,17.82701666666667
2022-04-20 08:00:00,41.27173333333334
2022-04-20 09:00:00,74.84956666666668
2022-04-20 10:00:00,420.15166666666664
2022-04-20 11:00:00,602.6726666666667
2022-04-20 12:00:00,619.1415833333334
2022-04-20 13:00:00,581.0971666666667
2022-04-20 14:00:00,420.5725
2022-04-20 15:00:00,401.26166666666666
2022-04-20 16:00:00,199.96881666666667
2022-04-20 17:00:00,74.18288333333334
2022-04-20 18:00:00,8.079453333333333
2022-04-20 19:00:00,1.2787499999999998
2022-04-20 20:00:00,1.0748125
2022-04-20 21:00:00,0.7955583333333334
2022-04-20 22:00:00,0.7460218333333334
2022-04-20 23:00:00,0.6964521666666666
2022-04-21 00:00:00,0.8360963333333333
2022-04-21 01:00:00,0.8893491666666667
2022-04-21 02:00:00,0.8617596666666666
2022-04-21 03:00:00,0.7864565
2022-04-21 04:00:00,0.8177271666666667
2022-04-21 05:00:00,1.0731328333333332
2022-04-21 06:00:00,17.789036666666668
2022-04-21 07:00:00,63.71188333333334
2022-04-21 08:00:00,109.35001666666668
2022-04-21 09:00:00,311.1048333333334
2022-04-21 10:00:00,478.4775
2022-04-21 11:00:00,540.9348333333334
2022-04-21 12:00:00,751.3786666666667
2022-04-21 13:00:00,625.0580000000001
2022-04-21 14:00:00,587.5151666666667
2022-04-21 15:00:00,467.77899999999994
2022-04-21 16:00:00,280.01865
2022-04-21 17:00:00,59.522171666666665
2022-04-21 18:00:00,11.722113333333334
2022-04-21 19:00:00,1.3504066666666668
2022-04-21 20:00:00,1.3540633333333332
2022-04-21 21:00:00,1.4312683333333331
2022-04-21 22:00:00,1.5672966666666668
2022-04-21 23:00:00,1.6407033333333334
2022-04-22 00:00:00,1.68111
2022-04-22 01:00:00,1.638855
2022-04-22 02:00:00,1.6351583333333333
2022-04-22 03:00:00,1.646185
2022-04-22 04:00:00,1.62967
2022-04-22 05:00:00,1.8354666666666666
2022-04-22 06:00:00,11.240776666666667
2022-04-22 07:00:00,41.217483333333334
2022-04-22 08:00:00,42.200116666666666
2022-04-22 09:00:00,91.81046666666666
2022-04-22 10:00:00,126.60073333333334
2022-04-22 11:00:00,145.46685
2022-04-22 12:00:00,225.8739
2022-04-22 13:00:00,234.3581333333333
2022-04-22 14:00:00,350.2986666666667
2022-04-22 15:00:00,217.55533333333332
2022-04-22 16:00:00,163.51794999999998
2022-04-22 17:00:00,36.0946
2022-04-22 18:00:00,10.235325
2022-04-22 19:00:00,2.05756
2022-04-22 20:00:00,3.079005
2022-04-22 21:00:00,3.090063333333333
2022-04-22 22:00:00,3.428096666666667
2022-04-22 23:00:00,3.756915
2022-04-23 00:00:00,4.052631666666667
2022-04-23 01:00:00,4.771038333333333
2022-04-23 02:00:00,5.825491666666666
2022-04-23 03:00:00,6.303106666666666
2022-04-23 04:00:00,7.054668333333334
2022-04-23 05:00:00,8.810966666666667
2022-04-23 06:00:00,34.891733333333335
2022-04-23 07:00:00,101.49548333333334
2022-04-23 08:00:00,186.76693333333333
2022-04-23 09:00:00,391.2561666666667
2022-04-23 10:00:00,411.752
2022-04-23 11:00:00,603.837
2022-04-23 12:00:00,393.19475
2022-04-23 13:00:00,361.9178333333333
2022-04-23 14:00:00,500.94599999999997
2022-04-23 15:00:00,304.93833333333333
2022-04-23 16:00:00,205.83714999999998
2022-04-23 17:00:00,67.05650333333332
2022-04-23 18:00:00,13.88737
2022-04-23 19:00:00,1.4199283333333335
2022-04-23 20:00:00,1.8443866666666666
2022-04-23 21:00:00,1.97854
2022-04-23 22:00:00,1.98773
2022-04-23 23:00:00,2.362528333333333
2022-04-24 00:00:00,2.4801233333333332
2022-04-24 01:00:00,3.192935
2022-04-24 02:00:00,3.222345
2022-04-24 03:00:00,3.2517116666666666
2022-04-24 04:00:00,3.22603
2022-04-24 05:00:00,3.518111666666667
2022-04-24 06:00:00,19.60939
2022-04-24 07:00:00,101.22625
2022-04-24 08:00:00,353.20463333333333
2022-04-24 09:00:00,362.20565
2022-04-24 10:00:00,490.12766666666664
2022-04-24 11:00:00,394.5601666666667
2022-04-24 12:00:00,480.179
2022-04-24 13:00:00,616.1686666666667
2022-04-24 14:00:00,360.372
2022-04-24 15:00:00,442.31800000000004
2022-04-24 16:00:00,298.2495833333333
2022-04-24 17:00:00,84.47755000000001
2022-04-24 18:00:00,10.134403333333333
2022-04-24 19:00:00,1.56131
2022-04-24 20:00:00,1.5852083333333333
2022-04-24 21:00:00,1.739505
2022-04-24 22:00:00,1.64951
2022-04-24 23:00:00,2.0095016666666665
2022-04-25 00:00:00,2.1749
2022-04-25 01:00:00,2.452295
2022-04-25 02:00:00,2.428481666666667
2022-04-25 03:00:00,2.4010166666666666
2022-04-25 04:00:00,2.413905
2022-04-25 05:00:00,2.650910166666667
2022-04-25 06:00:00,30.166198333333334
2022-04-25 07:00:00,104.43186666666666
2022-04-25 08:00:00,265.06465000000003
2022-04-25 09:00:00,347.6345
2022-04-25 10:00:00,528.6403333333333
2022-04-25 11:00:00,709.9805
2022-04-25 12:00:00,728.3555
2022-04-25 13:00:00,587.6183833333333
2022-04-25 14:00:00,618.6973333333333
2022-04-25 15:00:00,513.6005
2022-04-25 16:00:00,284.23001666666664
2022-04-25 17:00:00,47.88941666666667
2022-04-25 18:00:00,13.207275000000001
2022-04-25 19:00:00,1.4217716666666669
2022-04-25 20:00:00,1.4052149999999999
2022-04-25 21:00:00,1.4401249999999999
2022-04-25 22:00:00,1.4566066666666666
2022-04-25 23:00:00,1.5963183333333333
2022-04-26 00:00:00,1.6661949999999999
2022-04-26 01:00:00,1.7102966666666668
2022-04-26 02:00:00,1.7892683333333332
2022-04-26 03:00:00,1.761735
2022-04-26 04:00:00,1.7286716666666666
2022-04-26 05:00:00,2.096103333333333
2022-04-26 06:00:00,16.785336666666666
2022-04-26 07:00:00,119.70658333333334
2022-04-26 08:00:00,188.21065
2022-04-26 09:00:00,322.58816666666667
2022-04-26 10:00:00,387.8542166666667
2022-04-26 11:00:00,552.0956666666666
2022-04-26 12:00:00,621.2473333333334
2022-04-26 13:00:00,655.0385
2022-04-26 14:00:00,404.748
2022-04-26 15:00:00,280.8763333333333
2022-04-26 16:00:00,143.98773333333332
2022-04-26 17:00:00,44.420566666666666
2022-04-26 18:00:00,6.321813333333334
2022-04-26 19:00:00,1.3464366666666665
2022-04-26 20:00:00,1.3409200000000001
2022-04-26 21:00:00,1.3647816666666666
2022-04-26 22:00:00,1.3812849999999999
2022-04-26 23:00:00,1.4493116666666668
2022-04-27 00:00:00,1.51904
2022-04-27 01:00:00,1.482315
2022-04-27 02:00:00,1.5815183333333331
2022-04-27 03:00:00,1.5834466666666667
2022-04-27 04:00:00,1.6219416666666668
2022-04-27 05:00:00,2.215323333333333
2022-04-27 06:00:00,37.450784999999996
2022-04-27 07:00:00,146.73858333333334
2022-04-27 08:00:00,369.5595666666667
2022-04-27 09:00:00,553.2618333333334
2022-04-27 10:00:00,621.2727
2022-04-27 11:00:00,730.4331666666666
2022-04-27 12:00:00,783.0065
2022-04-27 13:00:00,672.7158333333333
2022-04-27 14:00:00,587.5224999999999
2022-04-27 15:00:00,414.98633333333333
2022-04-27 16:00:00,156.47966666666667
2022-04-27 17:00:00,57.76383333333333
2022-04-27 18:00:00,13.058611666666668
2022-04-27 19:00:00,1.5262866666666668
2022-04-27 20:00:00,1.32807
2022-04-27 21:00:00,1.3354166666666667
2022-04-27 22:00:00,1.4676566666666666
2022-04-27 23:00:00,1.4419283333333333
2022-04-28 00:00:00,1.4088433333333334
2022-04-28 01:00:00,1.4198716666666666
2022-04-28 02:00:00,1.4051566666666666
2022-04-28 03:00:00,1.4933166666666666
2022-04-28 04:00:00,1.5557699999999999
2022-04-28 05:00:00,1.99495
2022-04-28 06:00:00,14.019206666666665
2022-04-28 07:00:00,51.86986666666667
2022-04-28 08:00:00,101.8736
2022-04-28 09:00:00,229.34601666666669
2022-04-28 10:00:00,288.64033333333333
2022-04-28 11:00:00,455.0108333333334
2022-04-28 12:00:00,257.33166666666665
2022-04-28 13:00:00,376.6464833333333
2022-04-28 14:00:00,320.27900000000005
2022-04-28 15:00:00,241.64756666666665
2022-04-28 16:00:00,140.0282
2022-04-28 17:00:00,55.65078333333334
2022-04-28 18:00:00,11.319268333333333
2022-04-28 19:00:00,1.8441800000000002
2022-04-28 20:00:00,1.8386433333333334
2022-04-28 21:00:00,1.5869605
2022-04-28 22:00:00,1.7228683333333334
2022-04-28 23:00:00,2.1399516666666667
2022-04-29 00:00:00,2.5054066666666666
2022-04-29 01:00:00,2.593613333333333
2022-04-29 02:00:00,2.5917216666666665
2022-04-29 03:00:00,2.6340383333333333
2022-04-29 04:00:00,2.6727183333333335
2022-04-29 05:00:00,3.22938
2022-04-29 06:00:00,48.244485000000005
2022-04-29 07:00:00,169.07143333333335
2022-04-29 08:00:00,291.89033333333333
2022-04-29 09:00:00,502.88416666666666
2022-04-29 10:00:00,621.0338333333333
2022-04-29 11:00:00,249.48135
2022-04-29 12:00:00,443.28683333333333
2022-04-29 13:00:00,604.441
2022-04-29 14:00:00,586.2721666666667
2022-04-29 15:00:00,421.99716666666666
2022-04-29 16:00:00,275.1508666666667
2022-04-29 17:00:00,58.32853333333333
2022-04-29 18:00:00,12.835161666666666
2022-04-29 19:00:00,2.420958333333333
2022-04-29 20:00:00,2.505445
2022-04-29 21:00:00,2.56789
2022-04-29 22:00:00,2.571606666666667
2022-04-29 23:00:00,2.6030133333333336
2022-04-30 00:00:00,2.876743333333333
2022-04-30 01:00:00,3.07154
2022-04-30 02:00:00,3.0164483333333334
2022-04-30 03:00:00,3.0146333333333337
2022-04-30 04:00:00,2.952161666666667
2022-04-30 05:00:00,3.17815
2022-04-30 06:00:00,10.794463333333333
2022-04-30 07:00:00,15.320943333333334
2022-04-30 08:00:00,26.533
2022-04-30 09:00:00,34.367765
2022-04-30 10:00:00,57.9751
2022-04-30 11:00:00,58.313633333333335
2022-04-30 12:00:00,56.8076
2022-04-30 13:00:00,45.412349999999996
2022-04-30 14:00:00,46.91895
2022-04-30 15:00:00,50.11338333333333
2022-04-30 16:00:00,34.538183333333336
2022-04-30 17:00:00,22.203533333333333
2022-04-30 18:00:00,8.07592
2022-04-30 19:00:00,1.8738866666666667
2022-04-30 20:00:00,1.8481816666666666
2022-04-30 21:00:00,2.094335
2022-04-30 22:00:00,3.6448866666666664
2022-04-30 23:00:00,3.1545566666666667
2022-05-01 00:00:00,4.8724
2022-05-01 01:00:00,3.1566233333333336
2022-05-01 02:00:00,2.976453333333333
2022-05-01 03:00:00,2.8846149999999997
2022-05-01 04:00:00,2.7871799999999998
2022-05-01 05:00:00,2.842265
2022-05-01 06:00:00,5.440248333333333
2022-05-01 07:00:00,21.970958333333332
2022-05-01 08:00:00,38.78942333333334
2022-05-01 09:00:00,68.75075
2022-05-01 10:00:00,79.23035
2022-05-01 11:00:00,179.06583333333336
2022-05-01 12:00:00,135.52563333333333
2022-05-01 13:00:00,155.16165
2022-05-01 14:00:00,137.38975
2022-05-01 15:00:00,82.32571666666666
2022-05-01 16:00:00,52.68416666666667
2022-05-01 17:00:00,20.675641666666667
2022-05-01 18:00:00,6.175838333333333
2022-05-01 19:00:00,2.481411666666667
2022-05-01 20:00:00,2.2736933333333336
2022-05-01 21:00:00,2.4336249999999997
2022-05-01 22:00:00,2.409743333333333
2022-05-01 23:00:00,2.4391666666666665
2022-05-02 00:00:00,2.3877
2022-05-02 01:00:00,2.3877416666666664
2022-05-02 02:00:00,2.6266683333333334
2022-05-02 03:00:00,2.6726249999999996
2022-05-02 04:00:00,2.6138383333333333
2022-05-02 05:00:00,2.8895916666666666
2022-05-02 06:00:00,12.529068333333333
2022-05-02 07:00:00,41.302699999999994
2022-05-02 08:00:00,77.34021666666666
2022-05-02 09:00:00,124.44005
2022-05-02 10:00:00,209.75933333333333
2022-05-02 11:00:00,268.9773333333333
2022-05-02 12:00:00,320.73449999999997
2022-05-02 13:00:00,316.85716666666667
2022-05-02 14:00:00,295.81266666666664
2022-05-02 15:00:00,172.6167166666667
2022-05-02 16:00:00,82.65115
2022-05-02 17:00:00,43.54123333333334
2022-05-02 18:00:00,5.6122016666666665
2022-05-02 19:00:00,2.968043333333333
2022-05-02 20:00:00,3.2014516666666664
2022-05-02 21:00:00,3.324621666666667
2022-05-02 22:00:00,3.462355
2022-05-02 23:00:00,3.4880766666666667
2022-05-03 00:00:00,3.38339
2022-05-03 01:00:00,3.3649666666666667
2022-05-03 02:00:00,3.438501666666667
2022-05-03 03:00:00,3.5194716666666666
2022-05-03 04:00:00,3.5765083333333334
2022-05-03 05:00:00,4.5504750000000005
2022-05-03 06:00:00,64.53044333333334
2022-05-03 07:00:00,197.90366666666665
2022-05-03 08:00:00,413.25266666666664
2022-05-03 09:00:00,517.2133333333334
2022-05-03 10:00:00,682.2205
2022-05-03 11:00:00,754.8321666666667
2022-05-03 12:00:00,749.7918333333333
2022-05-03 13:00:00,673.4353333333333
2022-05-03 14:00:00,566.1566666666666
2022-05-03 15:00:00,361.54699999999997
2022-05-03 16:00:00,254.50366666666665
2022-05-03 17:00:00,120.15241666666665
2022-05-03 18:00:00,22.000558333333334
2022-05-03 19:00:00,3.463225
2022-05-03 20:00:00,4.310266666666666
2022-05-03 21:00:00,4.995443333333333
2022-05-03 22:00:00,5.410683333333334
2022-05-03 23:00:00,5.9012166666666666
2022-05-04 00:00:00,5.972896666666667
2022-05-04 01:00:00,6.046513333333333
2022-05-04 02:00:00,6.160605
2022-05-04 03:00:00,6.408460000000001
2022-05-04 04:00:00,6.162476666666667
2022-05-04 05:00:00,7.302508333333334
2022-05-04 06:00:00,51.35843333333333
2022-05-04 07:00:00,213.4505
2022-05-04 08:00:00,384.60266666666666
2022-05-04 09:00:00,570.4111666666666
2022-05-04 10:00:00,681.4745
2022-05-04 11:00:00,734.0419999999999
2022-05-04 12:00:00,760.048
2022-05-04 13:00:00,634.5919333333334
2022-05-04 14:00:00,499.7588333333333
2022-05-04 15:00:00,451.8528333333333
2022-05-04 16:00:00,305.23766666666666
2022-05-04 17:00:00,95.89744999999999
2022-05-04 18:00:00,26.180558333333334
2022-05-04 19:00:00,3.8817749999999998
2022-05-04 20:00:00,4.315731666666666
2022-05-04 21:00:00,4.679738333333333
2022-05-04 22:00:00,5.12236
2022-05-04 23:00:00,5.824371666666667
2022-05-05 00:00:00,6.29296
2022-05-05 01:00:00,6.279968333333333
2022-05-05 02:00:00,6.57954
2022-05-05 03:00:00,6.366476666666667
2022-05-05 04:00:00,6.704451666666667
2022-05-05 05:00:00,7.7168350000000006
2022-05-05 06:00:00,37.1719
2022-05-05 07:00:00,146.44766666666666
2022-05-05 08:00:00,244.48093333333333
2022-05-05 09:00:00,543.9818333333334
2022-05-05 10:00:00,619.3571666666667
2022-05-05 11:00:00,647.0913333333334
2022-05-05 12:00:00,613.6507333333334
2022-05-05 13:00:00,669.9640666666667
2022-05-05 14:00:00,628.634
2022-05-05 15:00:00,474.0293333333333
2022-05-05 16:00:00,310.36143333333337
2022-05-05 17:00:00,46.117466666666665
2022-05-05 18:00:00,16.143588333333334
2022-05-05 19:00:00,3.83593
2022-05-05 20:00:00,4.4058600000000006
2022-05-05 21:00:00,4.887368333333333
2022-05-05 22:00:00,5.409305
2022-05-05 23:00:00,5.94959
2022-05-06 00:00:00,6.154983333333333
2022-05-06 01:00:00,6.20274
2022-05-06 02:00:00,6.14786
2022-05-06 03:00:00,6.224948333333333
2022-05-06 04:00:00,6.429103333333333
2022-05-06 05:00:00,7.520386666666667
2022-05-06 06:00:00,63.92603333333333
2022-05-06 07:00:00,248.13549999999998
2022-05-06 08:00:00,425.899
2022-05-06 09:00:00,607.4966666666667
2022-05-06 10:00:00,615.6726666666667
2022-05-06 11:00:00,773.955
2022-05-06 12:00:00,775.8508333333334
2022-05-06 13:00:00,749.3181666666666
2022-05-06 14:00:00,622.6983333333334
2022-05-06 15:00:00,435.02000000000004
2022-05-06 16:00:00,270.66251666666665
2022-05-06 17:00:00,67.33793333333332
2022-05-06 18:00:00,27.052495
2022-05-06 19:00:00,4.188551666666666
2022-05-06 20:00:00,4.905145
2022-05-06 21:00:00,5.502313333333333
2022-05-06 22:00:00,5.89195
2022-05-06 23:00:00,6.369626666666666
2022-05-07 00:00:00,6.865489999999999
2022-05-07 01:00:00,7.124443333333334
2022-05-07 02:00:00,7.109865
2022-05-07 03:00:00,7.39656
2022-05-07 04:00:00,7.525144999999999
2022-05-07 05:00:00,8.250753333333334
2022-05-07 06:00:00,39.79601666666667
2022-05-07 07:00:00,94.04658333333333
2022-05-07 08:00:00,301.55033333333336
2022-05-07 09:00:00,536.7335
2022-05-07 10:00:00,547.1663333333333
2022-05-07 11:00:00,595.0433333333333
2022-05-07 12:00:00,740.5926666666667
2022-05-07 13:00:00,441.7398333333333
2022-05-07 14:00:00,133.1475
2022-05-07 15:00:00,135.37178333333333
2022-05-07 16:00:00,97.59078333333333
2022-05-07 17:00:00,35.809133333333335
2022-05-07 18:00:00,17.13255
2022-05-07 19:00:00,8.877015
2022-05-07 20:00:00,8.582331666666667
2022-05-07 21:00:00,7.728018333333334
2022-05-07 22:00:00,6.342575
2022-05-07 23:00:00,6.470961666666667
2022-05-08 00:00:00,6.566761666666666
2022-05-08 01:00:00,6.474926666666667
2022-05-08 02:00:00,6.401325
2022-05-08 03:00:00,6.684293333333333
2022-05-08 04:00:00,6.818271666666666
2022-05-08 05:00:00,7.988903333333334
2022-05-08 06:00:00,60.57763333333333
2022-05-08 07:00:00,158.94796666666667
2022-05-08 08:00:00,179.22683333333333
2022-05-08 09:00:00,288.25533333333334
2022-05-08 10:00:00,280.5595
2022-05-08 11:00:00,342.11333333333334
2022-05-08 12:00:00,417.1785
2022-05-08 13:00:00,250.56291666666667
2022-05-08 14:00:00,197.95183333333335
2022-05-08 15:00:00,188.94833333333332
2022-05-08 16:00:00,131.8996
2022-05-08 17:00:00,53.51971666666667
2022-05-08 18:00:00,17.786175
2022-05-08 19:00:00,7.208723333333333
2022-05-08 20:00:00,7.765436666666667
2022-05-08 21:00:00,7.783995
2022-05-08 22:00:00,7.782441666666667
2022-05-08 23:00:00,7.751308333333333
2022-05-09 00:00:00,8.032296666666666
2022-05-09 01:00:00,8.203005
2022-05-09 02:00:00,7.956765
2022-05-09 03:00:00,7.910868333333334
2022-05-09 04:00:00,8.008284999999999
2022-05-09 05:00:00,8.54648
2022-05-09 06:00:00,22.17420666666667
2022-05-09 07:00:00,47.849666666666664
2022-05-09 08:00:00,94.20285
2022-05-09 09:00:00,108.59238333333333
2022-05-09 10:00:00,188.68916666666667
2022-05-09 11:00:00,312.23716666666667
2022-05-09 12:00:00,498.555
2022-05-09 13:00:00,374.1913333333333
2022-05-09 14:00:00,418.29766666666666
2022-05-09 15:00:00,299.5111666666666
2022-05-09 16:00:00,293.63216666666665
2022-05-09 17:00:00,82.49143166666666
2022-05-09 18:00:00,18.404016666666667
2022-05-09 19:00:00,6.622893333333334
2022-05-09 20:00:00,6.876363333333333
2022-05-09 21:00:00,7.3006
2022-05-09 22:00:00,7.241825
2022-05-09 23:00:00,7.274981666666666
2022-05-10 00:00:00,7.199653333333333
2022-05-10 01:00:00,8.371811666666666
2022-05-10 02:00:00,10.243789999999999
2022-05-10 03:00:00,10.227364999999999
2022-05-10 04:00:00,9.790146666666667
2022-05-10 05:00:00,8.910195
2022-05-10 06:00:00,17.2471
2022-05-10 07:00:00,36.305483333333335
2022-05-10 08:00:00,37.73635
2022-05-10 09:00:00,32.00203333333334
2022-05-10 10:00:00,45.76578333333334
2022-05-10 11:00:00,66.9165
2022-05-10 12:00:00,56.766733333333335
2022-05-10 13:00:00,127.10513333333333
2022-05-10 14:00:00,121.00868333333332
2022-05-10 15:00:00,62.5441
2022-05-10 16:00:00,32.456583333333334
2022-05-10 17:00:00,24.84915
2022-05-10 18:00:00,10.644309999999999
2022-05-10 19:00:00,8.140263333333333
2022-05-10 20:00:00,8.584753333333333
2022-05-10 21:00:00,7.987683333333334
2022-05-10 22:00:00,8.515191666666666
2022-05-10 23:00:00,9.255338333333333
2022-05-11 00:00:00,9.200396666666668
2022-05-11 01:00:00,8.933876666666666
2022-05-11 02:00:00,8.279826666666667
2022-05-11 03:00:00,8.426893333333334
2022-05-11 04:00:00,8.215681666666667
2022-05-11 05:00:00,7.7949383333333335
2022-05-11 06:00:00,16.571033333333336
2022-05-11 07:00:00,21.083000000000002
2022-05-11 08:00:00,33.52761666666667
2022-05-11 09:00:00,33.3654
2022-05-11 10:00:00,24.3544
2022-05-11 11:00:00,28.923283333333334
2022-05-11 12:00:00,30.921933333333335
2022-05-11 13:00:00,25.234733333333335
2022-05-11 14:00:00,83.73486666666666
2022-05-11 15:00:00,64.37438333333334
2022-05-11 16:00:00,43.558683333333335
2022-05-11 17:00:00,39.7288
2022-05-11 18:00:00,11.811263333333333
2022-05-11 19:00:00,9.922596666666667
2022-05-11 20:00:00,9.740578333333334
2022-05-11 21:00:00,10.040028333333334
2022-05-11 22:00:00,10.085984999999999
2022-05-11 23:00:00,10.484513333333334
2022-05-12 00:00:00,10.117226666666665
2022-05-12 01:00:00,9.486901666666666
2022-05-12 02:00:00,9.646731666666666
2022-05-12 03:00:00,10.100660000000001
2022-05-12 04:00:00,9.907696666666668
2022-05-12 05:00:00,9.892958333333333
2022-05-12 06:00:00,10.930616666666667
2022-05-12 07:00:00,22.668543333333332
2022-05-12 08:00:00,52.81531666666667
2022-05-12 09:00:00,40.00931666666667
2022-05-12 10:00:00,18.623116666666665
2022-05-12 11:00:00,16.519633333333335
2022-05-12 12:00:00,22.429466666666666
2022-05-12 13:00:00,33.10145
2022-05-12 14:00:00,17.908416666666668
2022-05-12 15:00:00,17.54318333333333
2022-05-12 16:00:00,18.120016666666668
2022-05-12 17:00:00,13.755038333333333
2022-05-12 18:00:00,9.801438333333333
2022-05-12 19:00:00,8.798221666666667
2022-05-12 20:00:00,8.713851666666667
2022-05-12 21:00:00,9.246613333333332
2022-05-12 22:00:00,8.302176666666666
2022-05-12 23:00:00,8.169693333333333
2022-05-13 00:00:00,8.825798333333333
2022-05-13 01:00:00,8.763200000000001
2022-05-13 02:00:00,8.8055
2022-05-13 03:00:00,9.387681666666667
2022-05-13 04:00:00,9.092005
2022-05-13 05:00:00,9.00766
2022-05-13 06:00:00,10.881793333333333
2022-05-13 07:00:00,18.922666666666665
2022-05-13 08:00:00,56.12866666666667
2022-05-13 09:00:00,55.46626666666667
2022-05-13 10:00:00,90.76436666666667
2022-05-13 11:00:00,188.91966666666667
2022-05-13 12:00:00,308.49583333333334
2022-05-13 13:00:00,269.19483333333335
2022-05-13 14:00:00,184.7275
2022-05-13 15:00:00,118.60006666666666
2022-05-13 16:00:00,48.98800000000001
2022-05-13 17:00:00,26.86555
2022-05-13 18:00:00,11.150923333333333
2022-05-13 19:00:00,7.879895
2022-05-13 20:00:00,7.731084999999999
2022-05-13 21:00:00,7.4164650000000005
2022-05-13 22:00:00,7.605788333333334
2022-05-13 23:00:00,7.785855
2022-05-14 00:00:00,8.043003333333333
2022-05-14 01:00:00,7.9383133333333324
2022-05-14 02:00:00,7.982426666666667
2022-05-14 03:00:00,7.912661666666667
2022-05-14 04:00:00,7.8978866666666665
2022-05-14 05:00:00,8.004408333333334
2022-05-14 06:00:00,22.04403166666667
2022-05-14 07:00:00,50.90181666666667
2022-05-14 08:00:00,108.90885
2022-05-14 09:00:00,232.58133333333336
2022-05-14 10:00:00,98.26546666666667
2022-05-14 11:00:00,135.28388333333334
2022-05-14 12:00:00,115.81748333333333
2022-05-14 13:00:00,83.26153333333333
2022-05-14 14:00:00,73.03501666666666
2022-05-14 15:00:00,52.23493333333333
2022-05-14 16:00:00,37.50078333333333
2022-05-14 17:00:00,19.938783333333333
2022-05-14 18:00:00,11.013591666666667
2022-05-14 19:00:00,7.8044
2022-05-14 20:00:00,7.905306666666666
2022-05-14 21:00:00,7.872475
2022-05-14 22:00:00,7.52719
2022-05-14 23:00:00,7.435613333333333
2022-05-15 00:00:00,7.367908333333333
2022-05-15 01:00:00,7.239438333333333
2022-05-15 02:00:00,7.157048333333334
2022-05-15 03:00:00,7.118456666666666
2022-05-15 04:00:00,7.30783
2022-05-15 05:00:00,7.328005
2022-05-15 06:00:00,9.766465
2022-05-15 07:00:00,17.62751666666667
2022-05-15 08:00:00,35.27688333333333
2022-05-15 09:00:00,62.6836
2022-05-15 10:00:00,58.86136666666666
2022-05-15 11:00:00,106.87613333333334
2022-05-15 12:00:00,273.12466666666666
2022-05-15 13:00:00,359.8376666666666
2022-05-15 14:00:00,204.94851666666668
2022-05-15 15:00:00,72.01333333333334
2022-05-15 16:00:00,82.67241666666668
2022-05-15 17:00:00,28.75185
2022-05-15 18:00:00,12.210731666666668
2022-05-15 19:00:00,7.00887
2022-05-15 20:00:00,6.91894
2022-05-15 21:00:00,6.898733333333333
2022-05-15 22:00:00,6.891563333333334
2022-05-15 23:00:00,6.70778
2022-05-16 00:00:00,5.814756666666667
2022-05-16 01:00:00,5.388086666666667
2022-05-16 02:00:00,5.357271666666667
2022-05-16 03:00:00,5.7157333333333336
2022-05-16 04:00:00,5.95817
2022-05-16 05:00:00,6.686071666666666
2022-05-16 06:00:00,12.434996666666667
2022-05-16 07:00:00,26.939716666666666
2022-05-16 08:00:00,67.79068333333333
2022-05-16 09:00:00,74.64363333333334
2022-05-16 10:00:00,108.99273333333333
2022-05-16 11:00:00,130.76033333333334
2022-05-16 12:00:00,138.06083333333333
2022-05-16 13:00:00,248.0785
2022-05-16 14:00:00,197.7811
2022-05-16 15:00:00,114.99375
2022-05-16 16:00:00,84.55098333333333
2022-05-16 17:00:00,70.94968333333333
2022-05-16 18:00:00,12.544003333333334
2022-05-16 19:00:00,6.139844999999999
2022-05-16 20:00:00,6.235463333333333
2022-05-16 21:00:00,6.3620399999999995
2022-05-16 22:00:00,6.395066666666667
2022-05-16 23:00:00,6.268293333333333
2022-05-17 00:00:00,6.301645
2022-05-17 01:00:00,6.371835
2022-05-17 02:00:00,6.465761666666666
2022-05-17 03:00:00,6.641851666666667
2022-05-17 04:00:00,6.689241666666667
2022-05-17 05:00:00,6.988716666666666
2022-05-17 06:00:00,18.966866666666665
2022-05-17 07:00:00,99.30995
2022-05-17 08:00:00,158.5615
2022-05-17 09:00:00,402.62966666666665
2022-05-17 10:00:00,669.5413333333333
2022-05-17 11:00:00,785.452
2022-05-17 12:00:00,775.19615
2022-05-17 13:00:00,681.7992833333334
2022-05-17 14:00:00,611.9136666666667
2022-05-17 15:00:00,513.4121666666666
2022-05-17 16:00:00,288.411
2022-05-17 17:00:00,73.05738333333333
2022-05-17 18:00:00,16.792633333333335
2022-05-17 19:00:00,5.317126666666667
2022-05-17 20:00:00,5.482925
2022-05-17 21:00:00,5.503348333333333
2022-05-17 22:00:00,5.543831666666667
2022-05-17 23:00:00,5.883825
2022-05-18 00:00:00,5.960986666666667
2022-05-18 01:00:00,5.959280000000001
2022-05-18 02:00:00,6.0035783333333335
2022-05-18 03:00:00,6.062655
2022-05-18 04:00:00,6.075746666666666
2022-05-18 05:00:00,8.81787
2022-05-18 06:00:00,32.42191666666667
2022-05-18 07:00:00,140.22145
2022-05-18 08:00:00,431.352
2022-05-18 09:00:00,588.9628333333333
2022-05-18 10:00:00,533.4621666666667
2022-05-18 11:00:00,686.6718333333333
2022-05-18 12:00:00,454.97883333333334
2022-05-18 13:00:00,481.8271666666667
2022-05-18 14:00:00,367.68850000000003
2022-05-18 15:00:00,239.53583333333333
2022-05-18 16:00:00,175.31916666666666
2022-05-18 17:00:00,59.20868333333333
2022-05-18 18:00:00,24.636273333333335
2022-05-18 19:00:00,7.472426666666666
2022-05-18 20:00:00,7.49792
2022-05-18 21:00:00,7.600693333333334
2022-05-18 22:00:00,7.519833333333334
2022-05-18 23:00:00,8.508106666666666
2022-05-19 00:00:00,8.671566666666667
2022-05-19 01:00:00,8.350025
2022-05-19 02:00:00,8.319088333333333
2022-05-19 03:00:00,8.500651666666666
2022-05-19 04:00:00,8.656901666666666
2022-05-19 05:00:00,10.94036
2022-05-19 06:00:00,46.69371666666667
2022-05-19 07:00:00,95.94511666666668
2022-05-19 08:00:00,256.20633333333336
2022-05-19 09:00:00,399.65233333333333
2022-05-19 10:00:00,495.563
2022-05-19 11:00:00,660.3833333333333
2022-05-19 12:00:00,769.8636666666666
2022-05-19 13:00:00,720.13155
2022-05-19 14:00:00,625.4171666666666
2022-05-19 15:00:00,558.4110000000001
2022-05-19 16:00:00,337.4637
2022-05-19 17:00:00,73.69281666666667
2022-05-19 18:00:00,27.300213333333332
2022-05-19 19:00:00,7.796944999999999
2022-05-19 20:00:00,7.8622
2022-05-19 21:00:00,7.887878333333333
2022-05-19 22:00:00,8.12678
2022-05-19 23:00:00,8.246211666666666
2022-05-20 00:00:00,8.339955
2022-05-20 01:00:00,8.564
2022-05-20 02:00:00,8.464855
2022-05-20 03:00:00,8.404216666666667
2022-05-20 04:00:00,8.530928333333334
2022-05-20 05:00:00,9.556189999999999
2022-05-20 06:00:00,49.29136666666667
2022-05-20 07:00:00,117.67908333333334
2022-05-20 08:00:00,363.36716666666666
2022-05-20 09:00:00,534.506
2022-05-20 10:00:00,712.3251666666667
2022-05-20 11:00:00,645.08375
2022-05-20 12:00:00,704.0511666666666
2022-05-20 13:00:00,708.0432166666667
2022-05-20 14:00:00,638.5431666666666
2022-05-20 15:00:00,345.1163666666667
2022-05-20 16:00:00,280.0355
2022-05-20 17:00:00,80.87008333333333
2022-05-20 18:00:00,30.003800000000002
2022-05-20 19:00:00,8.214968333333333
2022-05-20 20:00:00,8.166028333333333
2022-05-20 21:00:00,8.247553333333334
2022-05-20 22:00:00,8.200208333333332
2022-05-20 23:00:00,8.308696666666666
2022-05-21 00:00:00,8.44639
2022-05-21 01:00:00,8.42623
2022-05-21 02:00:00,8.837668333333333
2022-05-21 03:00:00,8.661326666666668
2022-05-21 04:00:00,8.767688333333332
2022-05-21 05:00:00,11.398646666666668
2022-05-21 06:00:00,59.065666666666665
2022-05-21 07:00:00,185.46483333333333
2022-05-21 08:00:00,272.7153333333333
2022-05-21 09:00:00,529.2885
2022-05-21 10:00:00,610.4608333333333
2022-05-21 11:00:00,603.075
2022-05-21 12:00:00,561.0470666666666
2022-05-21 13:00:00,587.6183333333333
2022-05-21 14:00:00,518.0991833333334
2022-05-21 15:00:00,295.841
2022-05-21 16:00:00,150.5335
2022-05-21 17:00:00,87.47631666666666
2022-05-21 18:00:00,28.424133333333334
2022-05-21 19:00:00,9.221841666666668
2022-05-21 20:00:00,9.571536666666667
2022-05-21 21:00:00,9.945124999999999
2022-05-21 22:00:00,9.90804
2022-05-21 23:00:00,9.921330000000001
2022-05-22 00:00:00,9.688163333333334
2022-05-22 01:00:00,9.462568333333333
2022-05-22 02:00:00,9.370735
2022-05-22 03:00:00,9.293616666666667
2022-05-22 04:00:00,9.214688333333333
2022-05-22 05:00:00,9.563463333333335
2022-05-22 06:00:00,15.474533333333333
2022-05-22 07:00:00,36.96875
2022-05-22 08:00:00,67.97853333333333
2022-05-22 09:00:00,59.79795
2022-05-22 10:00:00,57.170683333333336
2022-05-22 11:00:00,85.25233333333334
2022-05-22 12:00:00,133.84306666666666
2022-05-22 13:00:00,119.27233333333334
2022-05-22 14:00:00,123.58175
2022-05-22 15:00:00,115.69386666666666
2022-05-22 16:00:00,80.12958333333333
2022-05-22 17:00:00,56.31381666666667
2022-05-22 18:00:00,23.125249999999998
2022-05-22 19:00:00,10.193684999999999
2022-05-22 20:00:00,10.359243333333334
2022-05-22 21:00:00,10.366591666666666
2022-05-22 22:00:00,10.287573333333334
2022-05-22 23:00:00,10.181105
2022-05-23 00:00:00,10.272996666666668
2022-05-23 01:00:00,10.111098333333333
2022-05-23 02:00:00,10.684366666666667
2022-05-23 03:00:00,11.343766666666665
2022-05-23 04:00:00,11.221049999999998
2022-05-23 05:00:00,11.3242
2022-05-23 06:00:00,13.251566666666667
2022-05-23 07:00:00,19.686316666666666
2022-05-23 08:00:00,26.190966666666668
2022-05-23 09:00:00,38.81421666666667
2022-05-23 10:00:00,49.69931666666666
2022-05-23 11:00:00,58.30513333333333
2022-05-23 12:00:00,65.30268333333333
2022-05-23 13:00:00,71.2861
2022-05-23 14:00:00,52.00033333333333
2022-05-23 15:00:00,48.3747
2022-05-23 16:00:00,28.885783333333332
2022-05-23 17:00:00,18.92526666666667
2022-05-23 18:00:00,15.180316666666666
2022-05-23 19:00:00,12.308383333333333
2022-05-23 20:00:00,11.803233333333333
2022-05-23 21:00:00,11.793633333333334
2022-05-23 22:00:00,11.479999999999999
2022-05-23 23:00:00,11.301549999999999
2022-05-24 00:00:00,12.069583333333332
2022-05-24 01:00:00,12.205616666666666
2022-05-24 02:00:00,11.349566666666666
2022-05-24 03:00:00,10.871466666666667
2022-05-24 04:00:00,11.274233333333333
2022-05-24 05:00:00,12.722116666666667
2022-05-24 06:00:00,15.1891
2022-05-24 07:00:00,22.24611666666667
2022-05-24 08:00:00,33.74126666666667
2022-05-24 09:00:00,36.15926666666667
2022-05-24 10:00:00,48.31728333333333
2022-05-24 11:00:00,55.27655
2022-05-24 12:00:00,94.25489999999999
2022-05-24 13:00:00,93.71366666666667
2022-05-24 14:00:00,57.147616666666664
2022-05-24 15:00:00,38.53006666666667
2022-05-24 16:00:00,40.578966666666666
2022-05-24 17:00:00,26.041516666666666
2022-05-24 18:00:00,15.86965
2022-05-24 19:00:00,11.930299999999999
2022-05-24 20:00:00,11.601416666666667
2022-05-24 21:00:00,11.17906
2022-05-24 22:00:00,11.85505
2022-05-24 23:00:00,12.268633333333334
2022-05-25 00:00:00,11.98755
2022-05-25 01:00:00,12.170783333333333
2022-05-25 02:00:00,12.292216666666667
2022-05-25 03:00:00,11.237416666666666
2022-05-25 04:00:00,11.202666666666666
2022-05-25 05:00:00,11.559050000000001
2022-05-25 06:00:00,15.69885
2022-05-25 07:00:00,27.76513333333333
2022-05-25 08:00:00,52.72866666666666
2022-05-25 09:00:00,89.93056666666666
2022-05-25 10:00:00,119.92376666666668
2022-05-25 11:00:00,140.27464999999998
2022-05-25 12:00:00,225.50716666666668
2022-05-25 13:00:00,352.89696666666663
2022-05-25 14:00:00,204.34933333333336
2022-05-25 15:00:00,128.02201666666667
2022-05-25 16:00:00,99.48785
2022-05-25 17:00:00,35.902233333333335
2022-05-25 18:00:00,16.63445
2022-05-25 19:00:00,11.296716666666667
2022-05-25 20:00:00,11.5467
2022-05-25 21:00:00,12.4891
2022-05-25 22:00:00,12.978083333333332
2022-05-25 23:00:00,12.900749999999999
2022-05-26 00:00:00,13.102766666666668
2022-05-26 01:00:00,13.0956
2022-05-26 02:00:00,13.139683333333332
2022-05-26 03:00:00,13.05695
2022-05-26 04:00:00,11.970866666666666
2022-05-26 05:00:00,11.972866666666667
2022-05-26 06:00:00,20.033683333333332
2022-05-26 07:00:00,58.37461666666666
2022-05-26 08:00:00,119.13921666666667
2022-05-26 09:00:00,134.6163
2022-05-26 10:00:00,199.8369833333333
2022-05-26 11:00:00,204.59900000000002
2022-05-26 12:00:00,209.2472
2022-05-26 13:00:00,165.21996666666666
2022-05-26 14:00:00,67.74303333333333
2022-05-26 15:00:00,45.85735
2022-05-26 16:00:00,64.4682
2022-05-26 17:00:00,32.37413333333333
2022-05-26 18:00:00,29.868100000000002
2022-05-26 19:00:00,11.431883333333333
2022-05-26 20:00:00,11.378583333333333
2022-05-26 21:00:00,10.879068333333333
2022-05-26 22:00:00,10.478425
2022-05-26 23:00:00,10.671663333333333
2022-05-27 00:00:00,10.320855
2022-05-27 01:00:00,11.195433333333334
2022-05-27 02:00:00,11.735583333333333
2022-05-27 03:00:00,13.212833333333332
2022-05-27 04:00:00,12.528933333333333
2022-05-27 05:00:00,13.566883333333333
2022-05-27 06:00:00,23.005883333333333
2022-05-27 07:00:00,52.011116666666666
2022-05-27 08:00:00,69.1733
2022-05-27 09:00:00,145.70646666666667
2022-05-27 10:00:00,171.4341
2022-05-27 11:00:00,85.4175
2022-05-27 12:00:00,104.08238333333334
2022-05-27 13:00:00,83.67428333333334
2022-05-27 14:00:00,67.21381666666666
2022-05-27 15:00:00,65.3639
2022-05-27 16:00:00,77.67609999999999
2022-05-27 17:00:00,44.57521666666666
2022-05-27 18:00:00,25.5204
2022-05-27 19:00:00,11.815949999999999
2022-05-27 20:00:00,11.518650000000001
2022-05-27 21:00:00,11.412183333333333
2022-05-27 22:00:00,11.507716666666665
2022-05-27 23:00:00,11.625300000000001
2022-05-28 00:00:00,11.406583333333334
2022-05-28 01:00:00,11.915516666666667
2022-05-28 02:00:00,11.929849999999998
2022-05-28 03:00:00,11.435933333333333
2022-05-28 04:00:00,12.168833333333334
2022-05-28 05:00:00,13.53905
2022-05-28 06:00:00,62.248216666666664
2022-05-28 07:00:00,139.62058333333334
2022-05-28 08:00:00,384.3805166666667
2022-05-28 09:00:00,419.12333333333333
2022-05-28 10:00:00,532.6525
2022-05-28 11:00:00,677.9943333333334
2022-05-28 12:00:00,595.5555
2022-05-28 13:00:00,468.90866666666665
2022-05-28 14:00:00,334.512
2022-05-28 15:00:00,311.0733166666667
2022-05-28 16:00:00,140.95784999999998
2022-05-28 17:00:00,48.18143333333333
2022-05-28 18:00:00,18.326516666666667
2022-05-28 19:00:00,10.6966
2022-05-28 20:00:00,10.764933333333333
2022-05-28 21:00:00,10.627133333333335
2022-05-28 22:00:00,10.735616666666667
2022-05-28 23:00:00,11.001976666666668
2022-05-29 00:00:00,10.554316666666667
2022-05-29 01:00:00,10.6021
2022-05-29 02:00:00,10.576516666666667
2022-05-29 03:00:00,10.61325
2022-05-29 04:00:00,10.727233333333334
2022-05-29 05:00:00,13.101033333333334
2022-05-29 06:00:00,67.6443
2022-05-29 07:00:00,277.8819833333334
2022-05-29 08:00:00,391.01105
2022-05-29 09:00:00,532.3541666666666
2022-05-29 10:00:00,557.4375833333332
2022-05-29 11:00:00,652.2201666666666
2022-05-29 12:00:00,648.9636666666667
2022-05-29 13:00:00,659.4652666666666
2022-05-29 14:00:00,661.5053333333333
2022-05-29 15:00:00,559.0196666666667
2022-05-29 16:00:00,208.22656666666666
2022-05-29 17:00:00,43.80928333333333
2022-05-29 18:00:00,30.554166666666667
2022-05-29 19:00:00,9.157408333333334
2022-05-29 20:00:00,8.599015000000001
2022-05-29 21:00:00,8.831323333333334
2022-05-29 22:00:00,8.858888333333335
2022-05-29 23:00:00,8.737708333333334
2022-05-30 00:00:00,8.9469
2022-05-30 01:00:00,9.127366666666667
2022-05-30 02:00:00,9.083025
2022-05-30 03:00:00,9.240911666666667
2022-05-30 04:00:00,9.189428333333332
2022-05-30 05:00:00,12.138176666666668
2022-05-30 06:00:00,48.00568333333333
2022-05-30 07:00:00,88.09778333333334
2022-05-30 08:00:00,121.28095
2022-05-30 09:00:00,395.6199833333333
2022-05-30 10:00:00,375.7611666666667
2022-05-30 11:00:00,325.19396666666665
2022-05-30 12:00:00,191.6825
2022-05-30 13:00:00,432.57481666666666
2022-05-30 14:00:00,533.0626666666666
2022-05-30 15:00:00,306.363
2022-05-30 16:00:00,256.5183333333333
2022-05-30 17:00:00,99.94598333333333
2022-05-30 18:00:00,30.235116666666666
2022-05-30 19:00:00,9.318971666666666
2022-05-30 20:00:00,9.033043333333334
2022-05-30 21:00:00,9.244588333333333
2022-05-30 22:00:00,9.261095000000001
2022-05-30 23:00:00,9.264848333333333
2022-05-31 00:00:00,9.307216666666667
2022-05-31 01:00:00,9.319966666666666
2022-05-31 02:00:00,9.271993333333334
2022-05-31 03:00:00,9.378173333333333
2022-05-31 04:00:00,9.852366666666667
2022-05-31 05:00:00,13.458473333333334
2022-05-31 06:00:00,67.8538
2022-05-31 07:00:00,221.65011666666666
2022-05-31 08:00:00,393.0586
2022-05-31 09:00:00,551.9291666666667
2022-05-31 10:00:00,548.7721052631579
2022-05-31 11:00:00,148.51791666666668
2022-05-31 12:00:00,136.39075
2022-05-31 13:00:00,360.04266666666666
2022-05-31 14:00:00,193.14083333333335
2022-05-31 15:00:00,148.5262833333333
2022-05-31 16:00:00,128.5136
2022-05-31 17:00:00,89.49758333333332
2022-05-31 18:00:00,29.830550000000002
2022-05-31 19:00:00,9.279095
2022-05-31 20:00:00,9.325725
2022-05-31 21:00:00,9.373351666666668
2022-05-31 22:00:00,9.498099999999999
2022-05-31 23:00:00,10.047516666666667
2022-06-01 00:00:00,10.115105
2022-06-01 01:00:00,10.060525
2022-06-01 02:00:00,10.677516666666666
2022-06-01 03:00:00,11.254816666666667
2022-06-01 04:00:00,11.668
2022-06-01 05:00:00,12.62885
2022-06-01 06:00:00,39.50151666666667
2022-06-01 07:00:00,95.48938333333334
2022-06-01 08:00:00,370.1433333333333
2022-06-01 09:00:00,635.3646666666666
2022-06-01 10:00:00,653.8418333333334
2022-06-01 11:00:00,619.5028500000001
2022-06-01 12:00:00,521.8237833333334
2022-06-01 13:00:00,469.60633333333334
2022-06-01 14:00:00,203.75916666666666
2022-06-01 15:00:00,207.56426666666667
2022-06-01 16:00:00,157.06
2022-06-01 17:00:00,89.89705000000001
2022-06-01 18:00:00,33.1325
2022-06-01 19:00:00,10.173861666666665
2022-06-01 20:00:00,10.395805
2022-06-01 21:00:00,10.432566666666668
2022-06-01 22:00:00,10.340705000000002
2022-06-01 23:00:00,10.293188333333335
2022-06-02 00:00:00,10.462349999999999
2022-06-02 01:00:00,10.828000000000001
2022-06-02 02:00:00,10.122733333333334
2022-06-02 03:00:00,10.087886666666666
2022-06-02 04:00:00,10.480806666666666
2022-06-02 05:00:00,11.775418333333333
2022-06-02 06:00:00,44.02433333333333
2022-06-02 07:00:00,133.88113333333334
2022-06-02 08:00:00,277.21161666666666
2022-06-02 09:00:00,406.8123333333333
2022-06-02 10:00:00,360.92266666666666
2022-06-02 11:00:00,279.09395
2022-06-02 12:00:00,406.3486833333333
2022-06-02 13:00:00,396.9436666666667
2022-06-02 14:00:00,477.652
2022-06-02 15:00:00,207.11486666666667
2022-06-02 16:00:00,231.53866666666667
2022-06-02 17:00:00,131.04663333333332
2022-06-02 18:00:00,35.146766666666664
2022-06-02 19:00:00,10.347806666666665
2022-06-02 20:00:00,10.315121666666666
2022-06-02 21:00:00,10.508066666666668
2022-06-02 22:00:00,10.4766
2022-06-02 23:00:00,10.61825
2022-06-03 00:00:00,10.693433333333333
2022-06-03 01:00:00,10.686183333333334
2022-06-03 02:00:00,10.716133333333334
2022-06-03 03:00:00,10.808466666666668
2022-06-03 04:00:00,10.628291666666666
2022-06-03 05:00:00,13.00775
2022-06-03 06:00:00,56.317800000000005
2022-06-03 07:00:00,207.95123333333333
2022-06-03 08:00:00,311.6735
2022-06-03 09:00:00,334.36735000000004
2022-06-03 10:00:00,474.7426666666667
2022-06-03 11:00:00,399.23266666666666
2022-06-03 12:00:00,332.3831666666667
2022-06-03 13:00:00,297.345
2022-06-03 14:00:00,149.35060000000001
2022-06-03 15:00:00,123.49366666666667
2022-06-03 16:00:00,94.79298333333332
2022-06-03 17:00:00,81.27948333333333
2022-06-03 18:00:00,20.03875
2022-06-03 19:00:00,10.949250000000001
2022-06-03 20:00:00,10.873733333333332
2022-06-03 21:00:00,10.952716666666667
2022-06-03 22:00:00,11.404816666666667
2022-06-03 23:00:00,11.668949999999999
2022-06-04 00:00:00,11.874699999999999
2022-06-04 01:00:00,11.764716666666667
2022-06-04 02:00:00,11.320733333333333
2022-06-04 03:00:00,11.683449999999999
2022-06-04 04:00:00,12.122383333333334
2022-06-04 05:00:00,15.381850000000002
2022-06-04 06:00:00,64.17126666666667
2022-06-04 07:00:00,228.54500000000002
2022-06-04 08:00:00,266.2873333333333
2022-06-04 09:00:00,341.41533333333336
2022-06-04 10:00:00,461.1251666666667
2022-06-04 11:00:00,490.93566666666663
2022-06-04 12:00:00,427.3738333333333
2022-06-04 13:00:00,375.67196666666666
2022-06-04 14:00:00,456.38098333333335
2022-06-04 15:00:00,352.7165333333333
2022-06-04 16:00:00,142.96363333333332
2022-06-04 17:00:00,54.019416666666665
2022-06-04 18:00:00,25.489916666666666
2022-06-04 19:00:00,10.687883333333334
2022-06-04 20:00:00,10.633283333333335
2022-06-04 21:00:00,10.778545000000001
2022-06-04 22:00:00,10.301136666666668
2022-06-04 23:00:00,11.035933333333332
2022-06-05 00:00:00,11.184166666666666
2022-06-05 01:00:00,11.237633333333333
2022-06-05 02:00:00,11.388183333333332
2022-06-05 03:00:00,11.389983333333333
2022-06-05 04:00:00,11.742633333333334
2022-06-05 05:00:00,13.629433333333333
2022-06-05 06:00:00,75.55655
2022-06-05 07:00:00,197.7638
2022-06-05 08:00:00,190.73061666666666
2022-06-05 09:00:00,309.87666666666667
2022-06-05 10:00:00,401.9936666666666
2022-06-05 11:00:00,503.80483333333336
2022-06-05 12:00:00,339.2128333333333
2022-06-05 13:00:00,402.0965
2022-06-05 14:00:00,494.936
2022-06-05 15:00:00,498.22816666666665
2022-06-05 16:00:00,237.51746666666668
2022-06-05 17:00:00,68.16073333333333
2022-06-05 18:00:00,28.69435
2022-06-05 19:00:00,11.331816666666667
2022-06-05 20:00:00,11.2447
2022-06-05 21:00:00,11.377316666666667
2022-06-05 22:00:00,11.485783333333332
2022-06-05 23:00:00,11.699116666666667
2022-06-06 00:00:00,11.8535
2022-06-06 01:00:00,11.873216666666668
2022-06-06 02:00:00,12.30515
2022-06-06 03:00:00,12.398933333333334
2022-06-06 04:00:00,12.483216666666667
2022-06-06 05:00:00,13.304533333333334
2022-06-06 06:00:00,68.66441666666667
2022-06-06 07:00:00,213.5992
2022-06-06 08:00:00,231.79028333333332
2022-06-06 09:00:00,107.86541666666668
2022-06-06 10:00:00,377.51149999999996
2022-06-06 11:00:00,432.1161666666667
2022-06-06 12:00:00,343.8988
2022-06-06 13:00:00,65.98563333333333
2022-06-06 14:00:00,49.68873333333333
2022-06-06 15:00:00,53.697750000000006
2022-06-06 16:00:00,66.43595
2022-06-06 17:00:00,52.7111
2022-06-06 18:00:00,15.145466666666668
2022-06-06 19:00:00,11.67395
2022-06-06 20:00:00,11.389566666666667
2022-06-06 21:00:00,12.0764
2022-06-06 22:00:00,12.557799999999999
2022-06-06 23:00:00,12.335333333333333
2022-06-07 00:00:00,12.256400000000001
2022-06-07 01:00:00,11.828366666666666
2022-06-07 02:00:00,12.620483333333334
2022-06-07 03:00:00,12.298816666666665
2022-06-07 04:00:00,12.289716666666667
2022-06-07 05:00:00,12.567066666666667
2022-06-07 06:00:00,13.282083333333333
2022-06-07 07:00:00,39.78835
2022-06-07 08:00:00,59.95931666666667
2022-06-07 09:00:00,127.21413333333334
2022-06-07 10:00:00,292.452
2022-06-07 11:00:00,314.25016666666664
2022-06-07 12:00:00,145.5341
2022-06-07 13:00:00,274.87983333333335
2022-06-07 14:00:00,84.82976666666667
2022-06-07 15:00:00,76.67658333333334
2022-06-07 16:00:00,98.69928333333334
2022-06-07 17:00:00,37.860866666666666
2022-06-07 18:00:00,15.350016666666667
2022-06-07 19:00:00,11.141616666666666
2022-06-07 20:00:00,10.256171666666667
2022-06-07 21:00:00,9.847025
2022-06-07 22:00:00,10.131721666666667
2022-06-07 23:00:00,10.427473333333333
2022-06-08 00:00:00,10.488241666666665
2022-06-08 01:00:00,10.583753333333334
2022-06-08 02:00:00,10.870299999999999
2022-06-08 03:00:00,11.2303
2022-06-08 04:00:00,11.24345
2022-06-08 05:00:00,11.86525
2022-06-08 06:00:00,19.521483333333332
2022-06-08 07:00:00,30.521766666666668
2022-06-08 08:00:00,35.61898333333333
2022-06-08 09:00:00,68.02971666666666
2022-06-08 10:00:00,22.26131666666667
2022-06-08 11:00:00,14.463783333333334
2022-06-08 12:00:00,22.388916666666667
2022-06-08 13:00:00,31.988366666666664
2022-06-08 14:00:00,20.847766666666665
2022-06-08 15:00:00,17.207416666666667
2022-06-08 16:00:00,28.060383333333334
2022-06-08 17:00:00,33.54468333333333
2022-06-08 18:00:00,15.457133333333333
2022-06-08 19:00:00,11.521266666666666
2022-06-08 20:00:00,11.425433333333332
2022-06-08 21:00:00,11.4714
2022-06-08 22:00:00,11.868466666666666
2022-06-08 23:00:00,11.286183333333334
2022-06-09 00:00:00,11.2585
2022-06-09 01:00:00,11.253233333333332
2022-06-09 02:00:00,11.319133333333333
2022-06-09 03:00:00,11.80005
2022-06-09 04:00:00,11.612833333333333
2022-06-09 05:00:00,14.79935
2022-06-09 06:00:00,100.05926666666667
2022-06-09 07:00:00,124.35493333333334
2022-06-09 08:00:00,107.81784999999999
2022-06-09 09:00:00,78.97751666666666
2022-06-09 10:00:00,50.732616666666665
2022-06-09 11:00:00,94.07013333333333
2022-06-09 12:00:00,238.45743333333334
2022-06-09 13:00:00,53.980016666666664
2022-06-09 14:00:00,112.70065
2022-06-09 15:00:00,131.97283333333334
2022-06-09 16:00:00,106.29166666666667
2022-06-09 17:00:00,75.02335
2022-06-09 18:00:00,29.51543333333333
2022-06-09 19:00:00,11.863766666666667
2022-06-09 20:00:00,11.6763
2022-06-09 21:00:00,11.883916666666666
2022-06-09 22:00:00,11.180283333333334
2022-06-09 23:00:00,11.375533333333333
2022-06-10 00:00:00,11.074900000000001
2022-06-10 01:00:00,11.0026
2022-06-10 02:00:00,11.2419
2022-06-10 03:00:00,11.3009
2022-06-10 04:00:00,11.352766666666668
2022-06-10 05:00:00,12.309916666666668
2022-06-10 06:00:00,24.009816666666666
2022-06-10 07:00:00,56.5512
2022-06-10 08:00:00,197.72196666666665
2022-06-10 09:00:00,183.91616666666667
2022-06-10 10:00:00,116.4609
2022-06-10 11:00:00,145.28033333333332
2022-06-10 12:00:00,149.7827
2022-06-10 13:00:00,166.12156666666667
2022-06-10 14:00:00,179.15625
2022-06-10 15:00:00,241.12849999999997
2022-06-10 16:00:00,75.20746666666668
2022-06-10 17:00:00,51.79096666666667
2022-06-10 18:00:00,26.583433333333335
2022-06-10 19:00:00,11.555133333333334
2022-06-10 20:00:00,11.693066666666665
2022-06-10 21:00:00,11.702300000000001
2022-06-10 22:00:00,11.191516666666667
2022-06-10 23:00:00,11.364299999999998
2022-06-11 00:00:00,11.17675
2022-06-11 01:00:00,11.038833333333333
2022-06-11 02:00:00,11.685783333333335
2022-06-11 03:00:00,11.542211666666667
2022-06-11 04:00:00,11.886116666666668
2022-06-11 05:00:00,12.360316666666668
2022-06-11 06:00:00,19.49325
2022-06-11 07:00:00,26.567816666666666
2022-06-11 08:00:00,63.11668333333333
2022-06-11 09:00:00,193.71373333333335
2022-06-11 10:00:00,248.78183333333334
2022-06-11 11:00:00,251.91400000000002
2022-06-11 12:00:00,147.00583333333333
2022-06-11 13:00:00,56.5584
2022-06-11 14:00:00,36.28896666666667
2022-06-11 15:00:00,30.88791666666667
2022-06-11 16:00:00,53.76128333333334
2022-06-11 17:00:00,47.6666
2022-06-11 18:00:00,22.162466666666667
2022-06-11 19:00:00,11.413683333333333
2022-06-11 20:00:00,11.364049999999999
2022-06-11 21:00:00,11.0866
2022-06-11 22:00:00,11.152783333333334
2022-06-11 23:00:00,11.09385
2022-06-12 00:00:00,11.035116666666665
2022-06-12 01:00:00,10.862383333333334
2022-06-12 02:00:00,11.32025
2022-06-12 03:00:00,11.635633333333335
2022-06-12 04:00:00,11.737516666666666
2022-06-12 05:00:00,12.192649999999999
2022-06-12 06:00:00,15.6489
2022-06-12 07:00:00,23.421
2022-06-12 08:00:00,57.61151666666667
2022-06-12 09:00:00,142.48496666666668
2022-06-12 10:00:00,119.3779
2022-06-12 11:00:00,156.16016666666667
2022-06-12 12:00:00,149.71316666666664
2022-06-12 13:00:00,206.85698333333332
2022-06-12 14:00:00,204.7866666666667
2022-06-12 15:00:00,146.61175
2022-06-12 16:00:00,140.71306666666666
2022-06-12 17:00:00,85.63065
2022-06-12 18:00:00,26.088083333333334
2022-06-12 19:00:00,11.507766666666667
2022-06-12 20:00:00,11.436683333333333
2022-06-12 21:00:00,11.495616666666667
2022-06-12 22:00:00,11.20335
2022-06-12 23:00:00,11.337666666666667
2022-06-13 00:00:00,11.370716666666665
2022-06-13 01:00:00,11.451616666666666
2022-06-13 02:00:00,11.506733333333333
2022-06-13 03:00:00,11.615450000000001
2022-06-13 04:00:00,11.806450000000002
2022-06-13 05:00:00,13.186283333333334
2022-06-13 06:00:00,44.510666666666665
2022-06-13 07:00:00,149.38765
2022-06-13 08:00:00,299.067
2022-06-13 09:00:00,386.15400000000005
2022-06-13 10:00:00,430.3761666666667
2022-06-13 11:00:00,337.28516666666667
2022-06-13 12:00:00,280.9596666666667
2022-06-13 13:00:00,251.63531666666668
2022-06-13 14:00:00,256.8562166666667
2022-06-13 15:00:00,172.97856666666667
2022-06-13 16:00:00,74.32071666666667
2022-06-13 17:00:00,46.38216666666666
2022-06-13 18:00:00,24.093216666666667
2022-06-13 19:00:00,11.533083333333334
2022-06-13 20:00:00,11.974549999999999
2022-06-13 21:00:00,12.084883333333332
2022-06-13 22:00:00,12.204466666666667
2022-06-13 23:00:00,12.1971
2022-06-14 00:00:00,12.1769
2022-06-14 01:00:00,12.20115
2022-06-14 02:00:00,12.34645
2022-06-14 03:00:00,12.441916666666666
2022-06-14 04:00:00,12.249133333333333
2022-06-14 05:00:00,14.031433333333332
2022-06-14 06:00:00,38.852533333333334
2022-06-14 07:00:00,151.0271
2022-06-14 08:00:00,202.4226
2022-06-14 09:00:00,148.78740000000002
2022-06-14 10:00:00,70.39421666666667
2022-06-14 11:00:00,41.90091666666667
2022-06-14 12:00:00,100.02851666666668
2022-06-14 13:00:00,81.5765
2022-06-14 14:00:00,26.649366666666666
2022-06-14 15:00:00,24.358283333333336
2022-06-14 16:00:00,46.09275
2022-06-14 17:00:00,39.40391666666667
2022-06-14 18:00:00,23.39545
2022-06-14 19:00:00,12.4118
2022-06-14 20:00:00,11.2789
2022-06-14 21:00:00,11.158316666666668
2022-06-14 22:00:00,12.406450000000001
2022-06-14 23:00:00,12.176616666666666
2022-06-15 00:00:00,12.240916666666667
2022-06-15 01:00:00,11.845733333333333
2022-06-15 02:00:00,11.325700000000001
2022-06-15 03:00:00,11.272366666666667
2022-06-15 04:00:00,11.5736
2022-06-15 05:00:00,13.440949999999999
2022-06-15 06:00:00,51.248866666666665
2022-06-15 07:00:00,89.95145000000001
2022-06-15 08:00:00,175.44893333333331
2022-06-15 09:00:00,264.907
2022-06-15 10:00:00,297.8320166666667
2022-06-15 11:00:00,173.70693333333332
2022-06-15 12:00:00,330.9361666666666
2022-06-15 13:00:00,361.3625
2022-06-15 14:00:00,487.1053333333333
2022-06-15 15:00:00,369.5176666666667
2022-06-15 16:00:00,100.3715
2022-06-15 17:00:00,34.87551666666666
2022-06-15 18:00:00,14.532216666666667
2022-06-15 19:00:00,9.866911666666665
2022-06-15 20:00:00,10.227825
2022-06-15 21:00:00,9.496983333333333
2022-06-15 22:00:00,9.767018333333334
2022-06-15 23:00:00,9.807363333333335
2022-06-16 00:00:00,9.742703333333333
2022-06-16 01:00:00,9.744826666666667
2022-06-16 02:00:00,10.34772
2022-06-16 03:00:00,10.347796666666666
2022-06-16 04:00:00,10.316654999999999
2022-06-16 05:00:00,11.55129
2022-06-16 06:00:00,28.17965
2022-06-16 07:00:00,59.541066666666666
2022-06-16 08:00:00,128.61143333333334
2022-06-16 09:00:00,122.48661666666666
2022-06-16 10:00:00,91.24135
2022-06-16 11:00:00,320.2405
2022-06-16 12:00:00,365.93416666666667
2022-06-16 13:00:00,334.5845
2022-06-16 14:00:00,384.9941666666667
2022-06-16 15:00:00,255.40793333333335
2022-06-16 16:00:00,120.16863333333335
2022-06-16 17:00:00,68.28025
2022-06-16 18:00:00,34.853833333333334
2022-06-16 19:00:00,11.149866666666666
2022-06-16 20:00:00,10.979516666666665
2022-06-16 21:00:00,11.14665
2022-06-16 22:00:00,11.284633333333334
2022-06-16 23:00:00,11.348816666666666
2022-06-17 00:00:00,11.20915
2022-06-17 01:00:00,11.016433333333334
2022-06-17 02:00:00,11.804083333333333
2022-06-17 03:00:00,11.188416666666665
2022-06-17 04:00:00,11.482416666666666
2022-06-17 05:00:00,12.641983333333334
2022-06-17 06:00:00,39.98693333333333
2022-06-17 07:00:00,82.64608333333334
2022-06-17 08:00:00,351.031
2022-06-17 09:00:00,558.1715
2022-06-17 10:00:00,463.4616666666667
2022-06-17 11:00:00,456.4886666666667
2022-06-17 12:00:00,298.1130333333333
2022-06-17 13:00:00,449.6838333333333
2022-06-17 14:00:00,459.04449999999997
2022-06-17 15:00:00,272.25083333333333
2022-06-17 16:00:00,137.96195
2022-06-17 17:00:00,65.90763333333334
2022-06-17 18:00:00,28.682650000000002
2022-06-17 19:00:00,10.37999
2022-06-17 20:00:00,10.274086666666667
2022-06-17 21:00:00,10.729899999999999
2022-06-17 22:00:00,10.931683333333332
2022-06-17 23:00:00,10.750083333333333
2022-06-18 00:00:00,10.862416666666666
2022-06-18 01:00:00,11.020866666666667
2022-06-18 02:00:00,11.221533333333333
2022-06-18 03:00:00,11.656766666666666
2022-06-18 04:00:00,11.9102
2022-06-18 05:00:00,13.4988
2022-06-18 06:00:00,39.21725
2022-06-18 07:00:00,95.67005
2022-06-18 08:00:00,124.30898333333333
2022-06-18 09:00:00,201.93533333333335
2022-06-18 10:00:00,182.97606666666667
2022-06-18 11:00:00,214.5615
2022-06-18 12:00:00,267.3245
2022-06-18 13:00:00,257.6008333333333
2022-06-18 14:00:00,175.49801666666664
2022-06-18 15:00:00,167.71433333333334
2022-06-18 16:00:00,134.46336666666667
2022-06-18 17:00:00,80.43151666666667
2022-06-18 18:00:00,30.591116666666668
2022-06-18 19:00:00,12.724133333333333
2022-06-18 20:00:00,12.38505
2022-06-18 21:00:00,12.578133333333334
2022-06-18 22:00:00,12.716166666666668
2022-06-18 23:00:00,12.565249999999999
2022-06-19 00:00:00,12.6149
2022-06-19 01:00:00,12.723616666666667
2022-06-19 02:00:00,12.868883333333335
2022-06-19 03:00:00,12.920016666666667
2022-06-19 04:00:00,12.99695
2022-06-19 05:00:00,15.088083333333334
2022-06-19 06:00:00,92.2909
2022-06-19 07:00:00,153.79868333333334
2022-06-19 08:00:00,143.51613333333336
2022-06-19 09:00:00,161.55758333333333
2022-06-19 10:00:00,237.78516666666667
2022-06-19 11:00:00,219.61631666666665
2022-06-19 12:00:00,257.42175000000003
2022-06-19 13:00:00,283.7751666666666
2022-06-19 14:00:00,262.89658333333335
2022-06-19 15:00:00,162.28343333333333
2022-06-19 16:00:00,131.9904
2022-06-19 17:00:00,80.53203333333333
2022-06-19 18:00:00,33.1572
2022-06-19 19:00:00,12.792116666666667
2022-06-19 20:00:00,12.555766666666667
2022-06-19 21:00:00,12.570466666666668
2022-06-19 22:00:00,12.561316666666666
2022-06-19 23:00:00,12.634933333333333
2022-06-20 00:00:00,12.54335
2022-06-20 01:00:00,12.78635
2022-06-20 02:00:00,13.374149999999998
2022-06-20 03:00:00,12.720866666666666
2022-06-20 04:00:00,12.73035
2022-06-20 05:00:00,13.764633333333334
2022-06-20 06:00:00,76.01213333333334
2022-06-20 07:00:00,143.17481666666666
2022-06-20 08:00:00,264.254
2022-06-20 09:00:00,382.5885666666666
2022-06-20 10:00:00,293.6668
2022-06-20 11:00:00,196.10129999999998
2022-06-20 12:00:00,291.7135
2022-06-20 13:00:00,297.22433333333333
2022-06-20 14:00:00,268.36899999999997
2022-06-20 15:00:00,194.05716666666666
2022-06-20 16:00:00,141.5164166666667
2022-06-20 17:00:00,65.54358333333333
2022-06-20 18:00:00,30.454166666666666
2022-06-20 19:00:00,12.617866666666666
2022-06-20 20:00:00,12.485866666666668
2022-06-20 21:00:00,12.401549999999999
2022-06-20 22:00:00,12.642383333333333
2022-06-20 23:00:00,12.69385
2022-06-21 00:00:00,12.813183333333335
2022-06-21 01:00:00,12.76905
2022-06-21 02:00:00,12.65545
2022-06-21 03:00:00,12.877816666666666
2022-06-21 04:00:00,13.246916666666666
2022-06-21 05:00:00,14.11955
2022-06-21 06:00:00,43.73316666666666
2022-06-21 07:00:00,80.77408333333332
2022-06-21 08:00:00,134.14743333333334
2022-06-21 09:00:00,247.85716666666667
2022-06-21 10:00:00,289.25100000000003
2022-06-21 11:00:00,265.6073333333333
2022-06-21 12:00:00,272.4016666666667
2022-06-21 13:00:00,234.17483333333334
2022-06-21 14:00:00,221.28166666666667
2022-06-21 15:00:00,177.09483333333336
2022-06-21 16:00:00,114.66625
2022-06-21 17:00:00,69.49155
2022-06-21 18:00:00,34.838300000000004
2022-06-21 19:00:00,12.910366666666667
2022-06-21 20:00:00,12.634883333333333
2022-06-21 21:00:00,12.6806
2022-06-21 22:00:00,12.769016666666666
2022-06-21 23:00:00,12.627749999999999
2022-06-22 00:00:00,12.8228
2022-06-22 01:00:00,12.949916666666667
2022-06-22 02:00:00,13.045916666666667
2022-06-22 03:00:00,13.159600000000001
2022-06-22 04:00:00,13.04065
2022-06-22 05:00:00,17.535683333333335
2022-06-22 06:00:00,97.21645
2022-06-22 07:00:00,219.98533333333336
2022-06-22 08:00:00,366.06800000000004
2022-06-22 09:00:00,363.35616666666664
2022-06-22 10:00:00,484.5756666666667
2022-06-22 11:00:00,453.0801666666667
2022-06-22 12:00:00,373.5461666666667
2022-06-22 13:00:00,317.224
2022-06-22 14:00:00,456.18850000000003
2022-06-22 15:00:00,344.4805
2022-06-22 16:00:00,191.75683333333333
2022-06-22 17:00:00,112.98341666666667
2022-06-22 18:00:00,46.51815
2022-06-22 19:00:00,12.8789
2022-06-22 20:00:00,11.5123
2022-06-22 21:00:00,11.756499999999999
2022-06-22 22:00:00,11.653933333333333
2022-06-22 23:00:00,12.1835
2022-06-23 00:00:00,12.325166666666666
2022-06-23 01:00:00,12.417216666666667
2022-06-23 02:00:00,12.3145
2022-06-23 03:00:00,12.112383333333334
2022-06-23 04:00:00,12.366366666666666
2022-06-23 05:00:00,14.6985
2022-06-23 06:00:00,117.76559999999999
2022-06-23 07:00:00,296.3256666666667
2022-06-23 08:00:00,460.50100000000003
2022-06-23 09:00:00,625.579
2022-06-23 10:00:00,614.9724333333332
2022-06-23 11:00:00,738.2824999999999
2022-06-23 12:00:00,599.5835000000001
2022-06-23 13:00:00,575.6357499999999
2022-06-23 14:00:00,587.8958333333334
2022-06-23 15:00:00,539.2523333333334
2022-06-23 16:00:00,332.45545000000004
2022-06-23 17:00:00,35.011250000000004
2022-06-23 18:00:00,22.508033333333334
2022-06-23 19:00:00,9.515044999999999
2022-06-23 20:00:00,8.71992
2022-06-23 21:00:00,9.01215
2022-06-23 22:00:00,9.26955
2022-06-23 23:00:00,9.611445
2022-06-24 00:00:00,9.837060000000001
2022-06-24 01:00:00,9.923540000000001
2022-06-24 02:00:00,9.944051666666667
2022-06-24 03:00:00,9.922276666666667
2022-06-24 04:00:00,9.851041666666667
2022-06-24 05:00:00,12.963943333333333
2022-06-24 06:00:00,115.32809999999999
2022-06-24 07:00:00,255.79416666666665
2022-06-24 08:00:00,362.283
2022-06-24 09:00:00,582.4945
2022-06-24 10:00:00,612.4263333333333
2022-06-24 11:00:00,540.6421666666666
2022-06-24 12:00:00,614.0178333333333
2022-06-24 13:00:00,622.888
2022-06-24 14:00:00,602.1443333333334
2022-06-24 15:00:00,535.2945
2022-06-24 16:00:00,308.53221666666667
2022-06-24 17:00:00,35.35488333333333
2022-06-24 18:00:00,23.8736
2022-06-24 19:00:00,8.267206666666667
2022-06-24 20:00:00,7.494485
2022-06-24 21:00:00,7.97015
2022-06-24 22:00:00,8.287946666666667
2022-06-24 23:00:00,8.416778333333333
2022-06-25 00:00:00,8.663206666666667
2022-06-25 01:00:00,8.523935
2022-06-25 02:00:00,8.546308333333334
2022-06-25 03:00:00,8.809078333333334
2022-06-25 04:00:00,8.720983333333333
2022-06-25 05:00:00,12.539375
2022-06-25 06:00:00,113.36015
2022-06-25 07:00:00,206.89188333333334
2022-06-25 08:00:00,323.9051666666667
2022-06-25 09:00:00,408.6785
2022-06-25 10:00:00,533.2685
2022-06-25 11:00:00,709.1726666666667
2022-06-25 12:00:00,266.2441166666667
2022-06-25 13:00:00,689.0707666666666
2022-06-25 14:00:00,545.7365
2022-06-25 15:00:00,207.88425
2022-06-25 16:00:00,145.78308333333334
2022-06-25 17:00:00,63.88826666666667
2022-06-25 18:00:00,37.638866666666665
2022-06-25 19:00:00,9.41582
2022-06-25 20:00:00,7.286689999999999
2022-06-25 21:00:00,7.635996666666667
2022-06-25 22:00:00,7.836123333333333
2022-06-25 23:00:00,8.051468333333334
2022-06-26 00:00:00,8.200706666666667
2022-06-26 01:00:00,8.474603333333333
2022-06-26 02:00:00,8.790395
2022-06-26 03:00:00,8.549653333333334
2022-06-26 04:00:00,8.553625
2022-06-26 05:00:00,11.060141666666668
2022-06-26 06:00:00,41.2856
2022-06-26 07:00:00,160.17543333333333
2022-06-26 08:00:00,404.73766666666666
2022-06-26 09:00:00,431.4986333333334
2022-06-26 10:00:00,429.2995
2022-06-26 11:00:00,545.1651833333333
2022-06-26 12:00:00,557.8998333333333
2022-06-26 13:00:00,628.3653333333333
2022-06-26 14:00:00,564.8828333333333
2022-06-26 15:00:00,459.85766666666666
2022-06-26 16:00:00,282.14681666666667
2022-06-26 17:00:00,50.896
2022-06-26 18:00:00,21.9608
2022-06-26 19:00:00,6.923159999999999
2022-06-26 20:00:00,6.32207
2022-06-26 21:00:00,6.522458333333334
2022-06-26 22:00:00,6.9230583333333335
2022-06-26 23:00:00,7.158665
2022-06-27 00:00:00,7.278016666666667
2022-06-27 01:00:00,7.30741
2022-06-27 02:00:00,7.2175633333333336
2022-06-27 03:00:00,7.217626666666666
2022-06-27 04:00:00,7.300375
2022-06-27 05:00:00,9.08462
2022-06-27 06:00:00,82.15308333333334
2022-06-27 07:00:00,230.41716666666667
2022-06-27 08:00:00,464.603
2022-06-27 09:00:00,519.5958333333333
2022-06-27 10:00:00,661.751
2022-06-27 11:00:00,732.8086666666666
2022-06-27 12:00:00,719.8493333333333
2022-06-27 13:00:00,717.1473333333332
2022-06-27 14:00:00,620.8806666666667
2022-06-27 15:00:00,530.133
2022-06-27 16:00:00,337.80035000000004
2022-06-27 17:00:00,36.45056666666667
2022-06-27 18:00:00,27.30955
2022-06-27 19:00:00,4.995428333333334
2022-06-27 20:00:00,4.209298333333333
2022-06-27 21:00:00,4.475771666666666
2022-06-27 22:00:00,4.687188333333333
2022-06-27 23:00:00,4.91343
2022-06-28 00:00:00,4.970453333333333
2022-06-28 01:00:00,5.0072383333333335
2022-06-28 02:00:00,4.994378333333333
2022-06-28 03:00:00,4.98887
2022-06-28 04:00:00,5.055085
2022-06-28 05:00:00,8.026176666666666
2022-06-28 06:00:00,75.0353
2022-06-28 07:00:00,143.83763333333334
2022-06-28 08:00:00,405.046
2022-06-28 09:00:00,559.9986666666666
2022-06-28 10:00:00,696.7633333333334
2022-06-28 11:00:00,727.0740000000001
2022-06-28 12:00:00,758.9884999999999
2022-06-28 13:00:00,307.13199999999995
2022-06-28 14:00:00,571.9788333333333
2022-06-28 15:00:00,487.543
2022-06-28 16:00:00,324.86826666666667
2022-06-28 17:00:00,32.99511666666667
2022-06-28 18:00:00,20.40055
2022-06-28 19:00:00,3.9867433333333335
2022-06-28 20:00:00,3.198895
2022-06-28 21:00:00,3.3991083333333334
2022-06-28 22:00:00,3.5571283333333334
2022-06-28 23:00:00,3.702365
2022-06-29 00:00:00,3.8548583333333335
2022-06-29 01:00:00,4.031198333333333
2022-06-29 02:00:00,4.101136666666666
2022-06-29 03:00:00,4.090238333333334
2022-06-29 04:00:00,4.205993333333334
2022-06-29 05:00:00,6.269211666666666
2022-06-29 06:00:00,51.12155
2022-06-29 07:00:00,127.80683333333333
2022-06-29 08:00:00,253.2043666666667
2022-06-29 09:00:00,410.6535
2022-06-29 10:00:00,587.8248333333333
2022-06-29 11:00:00,762.6585
2022-06-29 12:00:00,747.357
2022-06-29 13:00:00,646.0935000000001
2022-06-29 14:00:00,112.53713333333333
2022-06-29 15:00:00,297.4465
2022-06-29 16:00:00,217.25823333333335
2022-06-29 17:00:00,86.47510000000001
2022-06-29 18:00:00,41.45598333333333
2022-06-29 19:00:00,6.707655
2022-06-29 20:00:00,6.3076
2022-06-29 21:00:00,6.842193333333333
2022-06-29 22:00:00,7.4411483333333335
2022-06-29 23:00:00,7.913368333333334
2022-06-30 00:00:00,8.361348333333334
2022-06-30 01:00:00,8.839405
2022-06-30 02:00:00,8.648655
2022-06-30 03:00:00,8.803165
2022-06-30 04:00:00,8.543648333333334
2022-06-30 05:00:00,9.957225
2022-06-30 06:00:00,50.43198333333333
2022-06-30 07:00:00,123.75281666666666
2022-06-30 08:00:00,75.7956
2022-06-30 09:00:00,77.71293333333332
2022-06-30 10:00:00,137.42445
2022-06-30 11:00:00,145.55841666666666
2022-06-30 12:00:00,89.34821666666667
2022-06-30 13:00:00,119.08091666666665
2022-06-30 14:00:00,38.918033333333334
2022-06-30 15:00:00,84.67353333333334
2022-06-30 16:00:00,104.98835000000001
2022-06-30 17:00:00,31.080516666666664
2022-06-30 18:00:00,19.7928
2022-06-30 19:00:00,11.843883333333334
2022-06-30 20:00:00,11.676833333333333
2022-06-30 21:00:00,11.54035
2022-06-30 22:00:00,12.2697
2022-06-30 23:00:00,11.72565
2022-07-01 00:00:00,12.190483333333333
2022-07-01 01:00:00,11.831033333333332
2022-07-01 02:00:00,11.938400000000001
2022-07-01 03:00:00,11.905533333333333
2022-07-01 04:00:00,11.914566666666667
2022-07-01 05:00:00,13.103516666666668
2022-07-01 06:00:00,24.236749999999997
2022-07-01 07:00:00,89.31805
2022-07-01 08:00:00,196.91595
2022-07-01 09:00:00,539.3985
2022-07-01 10:00:00,712.2099999999999
2022-07-01 11:00:00,476.61716666666666
2022-07-01 12:00:00,327.70861666666667
2022-07-01 13:00:00,51.796866666666666
2022-07-01 14:00:00,58.768800000000006
2022-07-01 15:00:00,21.214966666666665
2022-07-01 16:00:00,37.25056666666667
2022-07-01 17:00:00,48.12788333333333
2022-07-01 18:00:00,19.595966666666666
2022-07-01 19:00:00,10.620073333333332
2022-07-01 20:00:00,10.924583333333334
2022-07-01 21:00:00,11.41675
2022-07-01 22:00:00,13.044833333333335
2022-07-01 23:00:00,13.2342
2022-07-02 00:00:00,12.945833333333333
2022-07-02 01:00:00,13.274583333333334
2022-07-02 02:00:00,13.010166666666667
2022-07-02 03:00:00,12.740783333333333
2022-07-02 04:00:00,11.793333333333333
2022-07-02 05:00:00,12.254416666666666
2022-07-02 06:00:00,26.939433333333334
2022-07-02 07:00:00,39.650333333333336
2022-07-02 08:00:00,42.2016
2022-07-02 09:00:00,52.996716666666664
2022-07-02 10:00:00,37.44245
2022-07-02 11:00:00,37.05618333333334
2022-07-02 12:00:00,64.38306666666666
2022-07-02 13:00:00,49.54088333333333
2022-07-02 14:00:00,115.22971666666668
2022-07-02 15:00:00,80.81551666666665
2022-07-02 16:00:00,41.884116666666664
2022-07-02 17:00:00,32.197966666666666
2022-07-02 18:00:00,17.823283333333332
2022-07-02 19:00:00,14.187916666666666
2022-07-02 20:00:00,15.4925
2022-07-02 21:00:00,14.906866666666668
2022-07-02 22:00:00,14.645999999999999
2022-07-02 23:00:00,16.938883333333333
2022-07-03 00:00:00,17.65716666666667
2022-07-03 01:00:00,15.1193
2022-07-03 02:00:00,14.4725
2022-07-03 03:00:00,15.112150000000002
2022-07-03 04:00:00,15.193783333333332
2022-07-03 05:00:00,15.961733333333333
2022-07-03 06:00:00,30.479216666666666
2022-07-03 07:00:00,81.68501666666666
2022-07-03 08:00:00,169.94936666666666
2022-07-03 09:00:00,270.97266666666667
2022-07-03 10:00:00,251.7686666666667
2022-07-03 11:00:00,333.2771666666667
2022-07-03 12:00:00,265.1671666666667
2022-07-03 13:00:00,283.42510000000004
2022-07-03 14:00:00,166.0015666666667
2022-07-03 15:00:00,140.26885
2022-07-03 16:00:00,74.38078333333333
2022-07-03 17:00:00,50.13271666666667
2022-07-03 18:00:00,24.79795
2022-07-03 19:00:00,14.615
2022-07-03 20:00:00,14.458400000000001
2022-07-03 21:00:00,14.695483333333334
2022-07-03 22:00:00,14.87565
2022-07-03 23:00:00,15.040716666666667
2022-07-04 00:00:00,15.057316666666667
2022-07-04 01:00:00,15.16785
2022-07-04 02:00:00,15.252216666666667
2022-07-04 03:00:00,15.233933333333333
2022-07-04 04:00:00,15.333433333333334
2022-07-04 05:00:00,15.774616666666667
2022-07-04 06:00:00,30.992233333333335
2022-07-04 07:00:00,45.653283333333334
2022-07-04 08:00:00,100.17233333333334
2022-07-04 09:00:00,75.39518333333334
2022-07-04 10:00:00,93.80845
2022-07-04 11:00:00,195.25383333333332
2022-07-04 12:00:00,225.35266666666666
2022-07-04 13:00:00,126.20554999999999
2022-07-04 14:00:00,169.81561666666667
2022-07-04 15:00:00,160.51516666666666
2022-07-04 16:00:00,83.72153333333334
2022-07-04 17:00:00,34.0834
2022-07-04 18:00:00,25.952333333333335
2022-07-04 19:00:00,15.629383333333333
2022-07-04 20:00:00,15.28205
2022-07-04 21:00:00,15.585016666666666
2022-07-04 22:00:00,15.541316666666667
2022-07-04 23:00:00,15.690016666666667
2022-07-05 00:00:00,15.50055
2022-07-05 01:00:00,15.57415
2022-07-05 02:00:00,15.688016666666666
2022-07-05 03:00:00,15.777883333333333
2022-07-05 04:00:00,15.961450000000001
2022-07-05 05:00:00,16.156299999999998
2022-07-05 06:00:00,21.984383333333334
2022-07-05 07:00:00,71.36591666666666
2022-07-05 08:00:00,78.81886666666666
2022-07-05 09:00:00,112.95554999999999
2022-07-05 10:00:00,169.11576666666667
2022-07-05 11:00:00,146.7283833333333
2022-07-05 12:00:00,232.90036666666668
2022-07-05 13:00:00,114.26
2022-07-05 14:00:00,203.3786
2022-07-05 15:00:00,87.12323333333333
2022-07-05 16:00:00,40.467616666666665
2022-07-05 17:00:00,30.45385
2022-07-05 18:00:00,23.25136666666667
2022-07-05 19:00:00,16.7298
2022-07-05 20:00:00,16.443416666666668
2022-07-05 21:00:00,16.553533333333334
2022-07-05 22:00:00,16.47263333333333
2022-07-05 23:00:00,16.50385
2022-07-06 00:00:00,16.314933333333332
2022-07-06 01:00:00,16.770766666666667
2022-07-06 02:00:00,16.56925
2022-07-06 03:00:00,15.759266666666667
2022-07-06 04:00:00,17.1187
2022-07-06 05:00:00,18.71673333333333
2022-07-06 06:00:00,54.41473333333333
2022-07-06 07:00:00,198.42458333333335
2022-07-06 08:00:00,209.28966666666668
2022-07-06 09:00:00,207.91683333333333
2022-07-06 10:00:00,200.16516666666666
2022-07-06 11:00:00,191.39653333333334
2022-07-06 12:00:00,273.53816666666665
2022-07-06 13:00:00,238.19683333333333
2022-07-06 14:00:00,220.70933333333332
2022-07-06 15:00:00,207.29945
2022-07-06 16:00:00,153.05433333333335
2022-07-06 17:00:00,98.38255000000001
2022-07-06 18:00:00,40.69065
2022-07-06 19:00:00,14.461083333333333
2022-07-06 20:00:00,13.805283333333334
2022-07-06 21:00:00,14.616116666666667
2022-07-06 22:00:00,14.151183333333334
2022-07-06 23:00:00,14.013566666666666
2022-07-07 00:00:00,14.783666666666667
2022-07-07 01:00:00,14.932283333333334
2022-07-07 02:00:00,14.441883333333333
2022-07-07 03:00:00,14.497266666666667
2022-07-07 04:00:00,15.162166666666668
2022-07-07 05:00:00,16.619333333333334
2022-07-07 06:00:00,33.96993333333333
2022-07-07 07:00:00,58.85061666666666
2022-07-07 08:00:00,141.02599999999998
2022-07-07 09:00:00,204.20873333333333
2022-07-07 10:00:00,395.388
2022-07-07 11:00:00,221.5648
2022-07-07 12:00:00,261.3631833333333
2022-07-07 13:00:00,363.44231666666667
2022-07-07 14:00:00,194.6654
2022-07-07 15:00:00,99.25160000000001
2022-07-07 16:00:00,92.64093333333334
2022-07-07 17:00:00,48.20981666666667
2022-07-07 18:00:00,28.300433333333334
2022-07-07 19:00:00,13.457683333333334
2022-07-07 20:00:00,16.295083333333334
2022-07-07 21:00:00,15.319883333333333
2022-07-07 22:00:00,14.564833333333333
2022-07-07 23:00:00,14.623783333333334
2022-07-08 00:00:00,15.57
2022-07-08 01:00:00,15.790233333333333
2022-07-08 02:00:00,14.78535
2022-07-08 03:00:00,15.5811
2022-07-08 04:00:00,15.605066666666666
2022-07-08 05:00:00,20.210350000000002
2022-07-08 06:00:00,132.80331666666666
2022-07-08 07:00:00,319.8548333333334
2022-07-08 08:00:00,334.13366666666667
2022-07-08 09:00:00,439.099
2022-07-08 10:00:00,709.2173333333334
2022-07-08 11:00:00,708.6341666666667
2022-07-08 12:00:00,769.6713333333333
2022-07-08 13:00:00,745.4733333333334
2022-07-08 14:00:00,665.9186666666667
2022-07-08 15:00:00,530.6781666666667
2022-07-08 16:00:00,271.8192833333333
2022-07-08 17:00:00,52.48648333333333
2022-07-08 18:00:00,24.4805
2022-07-08 19:00:00,9.061628333333333
2022-07-08 20:00:00,8.805226666666666
2022-07-08 21:00:00,9.264723333333333
2022-07-08 22:00:00,9.644884999999999
2022-07-08 23:00:00,9.880318333333333
2022-07-09 00:00:00,10.271833333333335
2022-07-09 01:00:00,10.629950000000001
2022-07-09 02:00:00,10.8894
2022-07-09 03:00:00,11.402083333333334
2022-07-09 04:00:00,11.532233333333332
2022-07-09 05:00:00,13.031683333333332
2022-07-09 06:00:00,83.7902
2022-07-09 07:00:00,160.40853333333334
2022-07-09 08:00:00,395.07053333333334
2022-07-09 09:00:00,447.72999999999996
2022-07-09 10:00:00,446.1115
2022-07-09 11:00:00,603.9446666666666
2022-07-09 12:00:00,733.107
2022-07-09 13:00:00,710.518
2022-07-09 14:00:00,322.38
2022-07-09 15:00:00,163.73758333333333
2022-07-09 16:00:00,71.35635
2022-07-09 17:00:00,56.153850000000006
2022-07-09 18:00:00,32.81466666666667
2022-07-09 19:00:00,11.815916666666665
2022-07-09 20:00:00,11.320833333333333
2022-07-09 21:00:00,11.756433333333332
2022-07-09 22:00:00,12.098316666666667
2022-07-09 23:00:00,12.609083333333333
2022-07-10 00:00:00,12.816633333333334
2022-07-10 01:00:00,12.835033333333334
2022-07-10 02:00:00,13.03905
2022-07-10 03:00:00,13.17675
2022-07-10 04:00:00,13.257733333333332
2022-07-10 05:00:00,15.0182
2022-07-10 06:00:00,96.85761666666667
2022-07-10 07:00:00,351.2896666666667
2022-07-10 08:00:00,382.27933333333334
2022-07-10 09:00:00,547.3481666666667
2022-07-10 10:00:00,708.9668333333334
2022-07-10 11:00:00,804.2996666666667
2022-07-10 12:00:00,769.9461666666666
2022-07-10 13:00:00,757.682
2022-07-10 14:00:00,670.2671666666666
2022-07-10 15:00:00,533.1856666666666
2022-07-10 16:00:00,344.7529666666667
2022-07-10 17:00:00,45.73275
2022-07-10 18:00:00,35.43745
2022-07-10 19:00:00,9.752645
2022-07-10 20:00:00,8.661763333333333
2022-07-10 21:00:00,9.12898
2022-07-10 22:00:00,9.49662
2022-07-10 23:00:00,9.807338333333332
2022-07-11 00:00:00,10.211615
2022-07-11 01:00:00,10.380921666666667
2022-07-11 02:00:00,10.627583333333332
2022-07-11 03:00:00,11.0225
2022-07-11 04:00:00,11.046383333333333
2022-07-11 05:00:00,12.709383333333333
2022-07-11 06:00:00,42.259933333333336
2022-07-11 07:00:00,173.22721666666666
2022-07-11 08:00:00,502.78116666666665
2022-07-11 09:00:00,580.5893333333333
2022-07-11 10:00:00,696.4628333333333
2022-07-11 11:00:00,758.385
2022-07-11 12:00:00,707.7351666666667
2022-07-11 13:00:00,643.0214166666666
2022-07-11 14:00:00,674.2961666666666
2022-07-11 15:00:00,552.5703333333333
2022-07-11 16:00:00,353.58523333333335
2022-07-11 17:00:00,31.03485
2022-07-11 18:00:00,22.022733333333335
2022-07-11 19:00:00,8.88198
2022-07-11 20:00:00,7.972941666666667
2022-07-11 21:00:00,8.533566666666667
2022-07-11 22:00:00,9.116528333333333
2022-07-11 23:00:00,9.546491666666666
2022-07-12 00:00:00,9.734318333333334
2022-07-12 01:00:00,10.079910000000002
2022-07-12 02:00:00,10.5025
2022-07-12 03:00:00,11.1105
2022-07-12 04:00:00,11.551933333333332
2022-07-12 05:00:00,13.062800000000001
2022-07-12 06:00:00,52.45718333333333
2022-07-12 07:00:00,123.28383333333333
2022-07-12 08:00:00,363.0146666666667
2022-07-12 09:00:00,589.2413333333334
2022-07-12 10:00:00,717.1370000000001
2022-07-12 11:00:00,773.2726666666666
2022-07-12 12:00:00,784.9178333333333
2022-07-12 13:00:00,760.8191666666667
2022-07-12 14:00:00,681.7683333333333
2022-07-12 15:00:00,556.1051666666666
2022-07-12 16:00:00,365.5989166666667
2022-07-12 17:00:00,27.433100000000003
2022-07-12 18:00:00,20.559166666666666
2022-07-12 19:00:00,9.097203333333335
2022-07-12 20:00:00,8.386666666666667
2022-07-12 21:00:00,9.009656666666666
2022-07-12 22:00:00,9.349783333333333
2022-07-12 23:00:00,9.689986666666666
2022-07-13 00:00:00,10.096371666666666
2022-07-13 01:00:00,10.706233333333333
2022-07-13 02:00:00,10.4916
2022-07-13 03:00:00,10.57985
2022-07-13 04:00:00,10.847633333333333
2022-07-13 05:00:00,13.01985
2022-07-13 06:00:00,72.7976
2022-07-13 07:00:00,253.143
2022-07-13 08:00:00,423.2795
2022-07-13 09:00:00,575.8681666666666
2022-07-13 10:00:00,693.8603333333334
2022-07-13 11:00:00,757.9975
2022-07-13 12:00:00,770.681
2022-07-13 13:00:00,743.741
2022-07-13 14:00:00,669.8128333333333
2022-07-13 15:00:00,551.5623333333333
2022-07-13 16:00:00,360.67176666666666
2022-07-13 17:00:00,31.695016666666668
2022-07-13 18:00:00,23.26836666666667
2022-07-13 19:00:00,9.120911666666666
2022-07-13 20:00:00,8.147573333333334
2022-07-13 21:00:00,8.790716666666667
2022-07-13 22:00:00,9.358715
2022-07-13 23:00:00,9.827468333333334
2022-07-14 00:00:00,10.075975
2022-07-14 01:00:00,10.381333333333334
2022-07-14 02:00:00,10.795016666666667
2022-07-14 03:00:00,11.41955
2022-07-14 04:00:00,11.6069
2022-07-14 05:00:00,13.373266666666666
2022-07-14 06:00:00,57.28223333333333
2022-07-14 07:00:00,186.33331666666666
2022-07-14 08:00:00,301.6036666666667
2022-07-14 09:00:00,613.8765000000001
2022-07-14 10:00:00,478.3763333333333
2022-07-14 11:00:00,497.8823333333333
2022-07-14 12:00:00,700.5935000000001
2022-07-14 13:00:00,641.0893333333333
2022-07-14 14:00:00,386.41383333333334
2022-07-14 15:00:00,393.28799999999995
2022-07-14 16:00:00,216.66649999999998
2022-07-14 17:00:00,102.21776666666666
2022-07-14 18:00:00,31.50423333333333
2022-07-14 19:00:00,11.575516666666665
2022-07-14 20:00:00,11.24735
2022-07-14 21:00:00,11.681416666666667
2022-07-14 22:00:00,11.9846
2022-07-14 23:00:00,12.146316666666667
2022-07-15 00:00:00,12.548833333333334
2022-07-15 01:00:00,12.507466666666666
2022-07-15 02:00:00,13.299883333333332
2022-07-15 03:00:00,13.810016666666666
2022-07-15 04:00:00,14.220400000000001
2022-07-15 05:00:00,15.876333333333333
2022-07-15 06:00:00,81.77765
2022-07-15 07:00:00,230.75883333333334
2022-07-15 08:00:00,266.87283333333335
2022-07-15 09:00:00,184.77345
2022-07-15 10:00:00,408.47450000000003
2022-07-15 11:00:00,697.4273333333333
2022-07-15 12:00:00,539.9905
2022-07-15 13:00:00,749.8001666666667
2022-07-15 14:00:00,637.3573333333334
2022-07-15 15:00:00,354.74516666666665
2022-07-15 16:00:00,177.6045
2022-07-15 17:00:00,96.73006666666667
2022-07-15 18:00:00,31.13993333333333
2022-07-15 19:00:00,12.51795
2022-07-15 20:00:00,12.268683333333334
2022-07-15 21:00:00,12.901
2022-07-15 22:00:00,13.381266666666667
2022-07-15 23:00:00,13.94125
2022-07-16 00:00:00,14.24465
2022-07-16 01:00:00,14.441333333333334
2022-07-16 02:00:00,14.661683333333334
2022-07-16 03:00:00,15.712933333333332
2022-07-16 04:00:00,14.813483333333332
2022-07-16 05:00:00,16.126583333333333
2022-07-16 06:00:00,87.31761666666667
2022-07-16 07:00:00,136.51433333333333
2022-07-16 08:00:00,97.28256666666667
2022-07-16 09:00:00,109.64873333333334
2022-07-16 10:00:00,447.8756666666667
2022-07-16 11:00:00,668.0308333333334
2022-07-16 12:00:00,824.0631666666667
2022-07-16 13:00:00,754.9521666666666
2022-07-16 14:00:00,682.9286666666667
2022-07-16 15:00:00,546.8128333333334
2022-07-16 16:00:00,309.05833333333334
2022-07-16 17:00:00,96.23661666666666
2022-07-16 18:00:00,46.04503333333333
2022-07-16 19:00:00,12.924183333333334
2022-07-16 20:00:00,12.522466666666666
2022-07-16 21:00:00,12.812316666666668
2022-07-16 22:00:00,13.114683333333334
2022-07-16 23:00:00,13.7577
2022-07-17 00:00:00,14.419233333333333
2022-07-17 01:00:00,14.867666666666667
2022-07-17 02:00:00,14.99095
2022-07-17 03:00:00,15.233299999999998
2022-07-17 04:00:00,15.619216666666667
2022-07-17 05:00:00,16.141233333333336
2022-07-17 06:00:00,50.5231
2022-07-17 07:00:00,228.77498333333332
2022-07-17 08:00:00,345.1836666666667
2022-07-17 09:00:00,475.32283333333334
2022-07-17 10:00:00,295.0645
2022-07-17 11:00:00,489.35049999999995
2022-07-17 12:00:00,688.432
2022-07-17 13:00:00,712.8581666666666
2022-07-17 14:00:00,535.0183333333333
2022-07-17 15:00:00,443.13266666666664
2022-07-17 16:00:00,319.998
2022-07-17 17:00:00,124.37375
2022-07-17 18:00:00,45.33336666666666
2022-07-17 19:00:00,14.087183333333334
2022-07-17 20:00:00,13.55745
2022-07-17 21:00:00,14.364583333333334
2022-07-17 22:00:00,14.695683333333333
2022-07-17 23:00:00,14.8036
2022-07-18 00:00:00,15.376949999999999
2022-07-18 01:00:00,15.700316666666668
2022-07-18 02:00:00,15.872933333333332
2022-07-18 03:00:00,15.387966666666667
2022-07-18 04:00:00,15.389366666666666
2022-07-18 05:00:00,16.150666666666666
2022-07-18 06:00:00,55.4721
2022-07-18 07:00:00,191.97516666666667
2022-07-18 08:00:00,324.7916666666667
2022-07-18 09:00:00,539.5488333333334
2022-07-18 10:00:00,548.5106666666667
2022-07-18 11:00:00,546.4955000000001
2022-07-18 12:00:00,508.20933333333335
2022-07-18 13:00:00,525.23
2022-07-18 14:00:00,381.77925
2022-07-18 15:00:00,399.3546666666667
2022-07-18 16:00:00,209.17591666666667
2022-07-18 17:00:00,106.88571666666667
2022-07-18 18:00:00,43.31563333333334
2022-07-18 19:00:00,14.030750000000001
2022-07-18 20:00:00,13.814783333333335
2022-07-18 21:00:00,14.039516666666666
2022-07-18 22:00:00,14.491716666666667
2022-07-18 23:00:00,14.838816666666666
2022-07-19 00:00:00,14.787633333333334
2022-07-19 01:00:00,14.77805
2022-07-19 02:00:00,15.331083333333334
2022-07-19 03:00:00,15.45445
2022-07-19 04:00:00,15.901100000000001
2022-07-19 05:00:00,17.25003333333333
2022-07-19 06:00:00,59.696616666666664
2022-07-19 07:00:00,131.85613333333333
2022-07-19 08:00:00,245.4395
2022-07-19 09:00:00,510.59133333333335
2022-07-19 10:00:00,623.0248333333333
2022-07-19 11:00:00,657.0604999999999
2022-07-19 12:00:00,657.0276666666667
2022-07-19 13:00:00,556.114
2022-07-19 14:00:00,530.794
2022-07-19 15:00:00,388.78816666666665
2022-07-19 16:00:00,284.02000000000004
2022-07-19 17:00:00,110.0578
2022-07-19 18:00:00,53.327466666666666
2022-07-19 19:00:00,13.094
2022-07-19 20:00:00,12.394983333333334
2022-07-19 21:00:00,13.0489
2022-07-19 22:00:00,13.500716666666667
2022-07-19 23:00:00,13.831966666666666
2022-07-20 00:00:00,14.087233333333334
2022-07-20 01:00:00,14.287833333333333
2022-07-20 02:00:00,14.697683333333334
2022-07-20 03:00:00,14.660833333333333
2022-07-20 04:00:00,14.756833333333333
2022-07-20 05:00:00,16.46431666666667
2022-07-20 06:00:00,55.98355
2022-07-20 07:00:00,132.26868333333334
2022-07-20 08:00:00,365.02450000000005
2022-07-20 09:00:00,660.4248333333333
2022-07-20 10:00:00,397.67150000000004
2022-07-20 11:00:00,401.65250000000003
2022-07-20 12:00:00,588.1650000000001
2022-07-20 13:00:00,506.4911666666667
2022-07-20 14:00:00,411.22948333333335
2022-07-20 15:00:00,325.67435
2022-07-20 16:00:00,243.92715
2022-07-20 17:00:00,62.70333333333333
2022-07-20 18:00:00,33.26585
2022-07-20 19:00:00,12.44745
2022-07-20 20:00:00,12.040583333333332
2022-07-20 21:00:00,12.472183333333334
2022-07-20 22:00:00,13.012283333333333
2022-07-20 23:00:00,13.341283333333333
2022-07-21 00:00:00,14.0602
2022-07-21 01:00:00,13.739666666666666
2022-07-21 02:00:00,14.250866666666667
2022-07-21 03:00:00,14.563066666666666
2022-07-21 04:00:00,15.142283333333333
2022-07-21 05:00:00,16.121883333333333
2022-07-21 06:00:00,64.7718
2022-07-21 07:00:00,202.48143333333334
2022-07-21 08:00:00,250.1292
2022-07-21 09:00:00,567.6288333333334
2022-07-21 10:00:00,623.0873333333333
2022-07-21 11:00:00,462.47950000000003
2022-07-21 12:00:00,516.882
2022-07-21 13:00:00,593.9261666666666
2022-07-21 14:00:00,401.10783333333336
2022-07-21 15:00:00,267.49778333333336
2022-07-21 16:00:00,176.02761666666666
2022-07-21 17:00:00,48.5266
2022-07-21 18:00:00,27.501199999999997
2022-07-21 19:00:00,13.243766666666666
2022-07-21 20:00:00,12.652366666666667
2022-07-21 21:00:00,13.218383333333332
2022-07-21 22:00:00,13.490233333333332
2022-07-21 23:00:00,13.136583333333332
2022-07-22 00:00:00,13.291516666666666
2022-07-22 01:00:00,13.47895
2022-07-22 02:00:00,13.800483333333334
2022-07-22 03:00:00,13.964333333333334
2022-07-22 04:00:00,14.377983333333333
2022-07-22 05:00:00,16.144316666666665
2022-07-22 06:00:00,76.8998
2022-07-22 07:00:00,247.70416666666668
2022-07-22 08:00:00,422.25083333333333
2022-07-22 09:00:00,577.2321666666667
2022-07-22 10:00:00,695.5316666666666
2022-07-22 11:00:00,759.8716666666667
2022-07-22 12:00:00,777.8376666666667
2022-07-22 13:00:00,756.1491666666666
2022-07-22 14:00:00,666.4458333333333
2022-07-22 15:00:00,534.9198333333333
2022-07-22 16:00:00,338.3931
2022-07-22 17:00:00,46.302533333333336
2022-07-22 18:00:00,25.958000000000002
2022-07-22 19:00:00,9.485601666666668
2022-07-22 20:00:00,9.06161
2022-07-22 21:00:00,9.769576666666667
2022-07-22 22:00:00,10.543633333333334
2022-07-22 23:00:00,11.22045
2022-07-23 00:00:00,11.570266666666667
2022-07-23 01:00:00,12.08505
2022-07-23 02:00:00,12.40865
2022-07-23 03:00:00,12.810633333333334
2022-07-23 04:00:00,13.01265
2022-07-23 05:00:00,15.039316666666668
2022-07-23 06:00:00,82.23790000000001
2022-07-23 07:00:00,244.24883333333335
2022-07-23 08:00:00,428.26783333333333
2022-07-23 09:00:00,590.8321666666667
2022-07-23 10:00:00,743.0986666666666
2022-07-23 11:00:00,699.2711666666667
2022-07-23 12:00:00,406.48449999999997
2022-07-23 13:00:00,617.6355
2022-07-23 14:00:00,630.2099999999999
2022-07-23 15:00:00,519.4225
2022-07-23 16:00:00,348.5873333333333
2022-07-23 17:00:00,51.61586666666667
2022-07-23 18:00:00,33.0697
2022-07-23 19:00:00,11.455866666666667
2022-07-23 20:00:00,11.123883333333334
2022-07-23 21:00:00,11.8316
2022-07-23 22:00:00,12.506416666666667
2022-07-23 23:00:00,13.102183333333333
2022-07-24 00:00:00,13.764233333333333
2022-07-24 01:00:00,14.10295
2022-07-24 02:00:00,14.410083333333334
2022-07-24 03:00:00,15.0532
2022-07-24 04:00:00,15.420916666666667
2022-07-24 05:00:00,17.175883333333335
2022-07-24 06:00:00,67.05048333333333
2022-07-24 07:00:00,214.74716666666666
2022-07-24 08:00:00,394.94016666666664
2022-07-24 09:00:00,556.0221666666667
2022-07-24 10:00:00,673.5338333333333
2022-07-24 11:00:00,752.3611666666667
2022-07-24 12:00:00,765.1323333333333
2022-07-24 13:00:00,674.8936666666667
2022-07-24 14:00:00,645.9626666666667
2022-07-24 15:00:00,530.1178333333334
2022-07-24 16:00:00,340.5118333333333
2022-07-24 17:00:00,55.6484
2022-07-24 18:00:00,33.760650000000005
2022-07-24 19:00:00,11.699733333333334
2022-07-24 20:00:00,11.068383333333333
2022-07-24 21:00:00,11.904783333333334
2022-07-24 22:00:00,12.595949999999998
2022-07-24 23:00:00,13.237466666666666
2022-07-25 00:00:00,13.6973
2022-07-25 01:00:00,14.256766666666667
2022-07-25 02:00:00,14.319866666666666
2022-07-25 03:00:00,14.766433333333334
2022-07-25 04:00:00,15.233083333333333
2022-07-25 05:00:00,16.71465
2022-07-25 06:00:00,69.95306666666667
2022-07-25 07:00:00,229.933
2022-07-25 08:00:00,405.659
2022-07-25 09:00:00,578.3156666666667
2022-07-25 10:00:00,695.8216666666667
2022-07-25 11:00:00,766.7478333333333
2022-07-25 12:00:00,696.9045
2022-07-25 13:00:00,428.60383333333334
2022-07-25 14:00:00,469.10699999999997
2022-07-25 15:00:00,466.88013333333333
2022-07-25 16:00:00,345.79699999999997
2022-07-25 17:00:00,59.579299999999996
2022-07-25 18:00:00,34.17633333333333
2022-07-25 19:00:00,11.401033333333334
2022-07-25 20:00:00,11.315
2022-07-25 21:00:00,12.0138
2022-07-25 22:00:00,12.387450000000001
2022-07-25 23:00:00,12.706349999999999
2022-07-26 00:00:00,13.145583333333333
2022-07-26 01:00:00,13.691550000000001
2022-07-26 02:00:00,13.911399999999999
2022-07-26 03:00:00,14.048066666666667
2022-07-26 04:00:00,14.21945
2022-07-26 05:00:00,15.838750000000001
2022-07-26 06:00:00,51.0772
2022-07-26 07:00:00,256.02055
2022-07-26 08:00:00,397.6595
2022-07-26 09:00:00,520.6034999999999
2022-07-26 10:00:00,401.90833333333336
2022-07-26 11:00:00,558.9971666666667
2022-07-26 12:00:00,712.5666666666667
2022-07-26 13:00:00,767.881
2022-07-26 14:00:00,683.5016666666667
2022-07-26 15:00:00,562.6686666666667
2022-07-26 16:00:00,364.1108666666667
2022-07-26 17:00:00,39.29751666666667
2022-07-26 18:00:00,27.801499999999997
2022-07-26 19:00:00,11.157366666666666
2022-07-26 20:00:00,10.802150000000001
2022-07-26 21:00:00,11.414583333333333
2022-07-26 22:00:00,11.98415
2022-07-26 23:00:00,12.531783333333333
2022-07-27 00:00:00,13.077716666666667
2022-07-27 01:00:00,13.48615
2022-07-27 02:00:00,14.032266666666667
2022-07-27 03:00:00,14.363083333333332
2022-07-27 04:00:00,14.761783333333334
2022-07-27 05:00:00,15.888516666666668
2022-07-27 06:00:00,50.94683333333333
2022-07-27 07:00:00,212.46959999999999
2022-07-27 08:00:00,247.8345
2022-07-27 09:00:00,475.8016666666666
2022-07-27 10:00:00,626.4323333333334
2022-07-27 11:00:00,769.6574999999999
2022-07-27 12:00:00,789.2786666666667
2022-07-27 13:00:00,520.4231666666667
2022-07-27 14:00:00,618.3593333333333
2022-07-27 15:00:00,551.1360000000001
2022-07-27 16:00:00,360.0074333333333
2022-07-27 17:00:00,37.51686666666667
2022-07-27 18:00:00,26.340700000000002
2022-07-27 19:00:00,11.449033333333334
2022-07-27 20:00:00,11.247666666666667
2022-07-27 21:00:00,11.854783333333334
2022-07-27 22:00:00,12.45255
2022-07-27 23:00:00,13.123433333333333
2022-07-28 00:00:00,13.399533333333332
2022-07-28 01:00:00,14.342183333333335
2022-07-28 02:00:00,14.881066666666667
2022-07-28 03:00:00,15.505816666666668
2022-07-28 04:00:00,15.776033333333334
2022-07-28 05:00:00,16.952483333333333
2022-07-28 06:00:00,73.6606
2022-07-28 07:00:00,232.16216666666665
2022-07-28 08:00:00,393.4415
2022-07-28 09:00:00,576.8805
2022-07-28 10:00:00,697.5411666666666
2022-07-28 11:00:00,751.303
2022-07-28 12:00:00,773.7886666666667
2022-07-28 13:00:00,730.7288333333333
2022-07-28 14:00:00,646.4811666666667
2022-07-28 15:00:00,505.8043333333333
2022-07-28 16:00:00,313.144
2022-07-28 17:00:00,89.2706
2022-07-28 18:00:00,39.66105
2022-07-28 19:00:00,11.884566666666666
2022-07-28 20:00:00,11.673383333333334
2022-07-28 21:00:00,12.293000000000001
2022-07-28 22:00:00,13.067383333333334
2022-07-28 23:00:00,13.883783333333334
2022-07-29 00:00:00,14.547333333333334
2022-07-29 01:00:00,15.049316666666666
2022-07-29 02:00:00,15.505433333333334
2022-07-29 03:00:00,15.749816666666668
2022-07-29 04:00:00,15.709416666666668
2022-07-29 05:00:00,16.5592
2022-07-29 06:00:00,66.712
2022-07-29 07:00:00,205.482
2022-07-29 08:00:00,358.491
2022-07-29 09:00:00,534.1725
2022-07-29 10:00:00,664.4493333333334
2022-07-29 11:00:00,705.5341666666667
2022-07-29 12:00:00,679.6036666666666
2022-07-29 13:00:00,654.2008333333334
2022-07-29 14:00:00,609.6973333333333
2022-07-29 15:00:00,426.8605
2022-07-29 16:00:00,204.52383333333333
2022-07-29 17:00:00,114.76858333333332
2022-07-29 18:00:00,32.32065
2022-07-29 19:00:00,13.69045
2022-07-29 20:00:00,13.9761
2022-07-29 21:00:00,14.453216666666666
2022-07-29 22:00:00,15.098816666666666
2022-07-29 23:00:00,15.409799999999999
2022-07-30 00:00:00,16.011083333333332
2022-07-30 01:00:00,16.12925
2022-07-30 02:00:00,16.69615
2022-07-30 03:00:00,17.201616666666666
2022-07-30 04:00:00,17.490233333333332
2022-07-30 05:00:00,18.874166666666667
2022-07-30 06:00:00,45.19665
2022-07-30 07:00:00,152.83543333333333
2022-07-30 08:00:00,310.6331666666667
2022-07-30 09:00:00,81.10735
2022-07-30 10:00:00,36.728899999999996
2022-07-30 11:00:00,45.50181666666666
2022-07-30 12:00:00,70.59038333333334
2022-07-30 13:00:00,154.91283333333334
2022-07-30 14:00:00,218.22483333333332
2022-07-30 15:00:00,231.09253333333334
2022-07-30 16:00:00,153.05525
2022-07-30 17:00:00,98.95013333333333
2022-07-30 18:00:00,40.05388333333334
2022-07-30 19:00:00,15.251566666666665
2022-07-30 20:00:00,15.281883333333333
2022-07-30 21:00:00,15.137733333333333
2022-07-30 22:00:00,15.875
2022-07-30 23:00:00,16.302933333333335
2022-07-31 00:00:00,17.8152
2022-07-31 01:00:00,18.172833333333337
2022-07-31 02:00:00,17.935833333333335
2022-07-31 03:00:00,17.93815
2022-07-31 04:00:00,17.864716666666666
2022-07-31 05:00:00,18.41353333333333
2022-07-31 06:00:00,62.39811666666666
2022-07-31 07:00:00,235.01816666666667
2022-07-31 08:00:00,240.44416666666666
2022-07-31 09:00:00,501.4471666666667
2022-07-31 10:00:00,605.2291666666666
2022-07-31 11:00:00,515.0243333333333
2022-07-31 12:00:00,488.1691666666667
2022-07-31 13:00:00,716.1585
2022-07-31 14:00:00,477.40916666666664
2022-07-31 15:00:00,503.8958333333333
2022-07-31 16:00:00,328.86633333333333
2022-07-31 17:00:00,84.69959999999999
2022-07-31 18:00:00,37.52618333333333
2022-07-31 19:00:00,13.0719
2022-07-31 20:00:00,12.96385
2022-07-31 21:00:00,13.395966666666668
2022-07-31 22:00:00,14.04735
2022-07-31 23:00:00,14.694933333333333
2022-08-01 00:00:00,15.084733333333332
2022-08-01 01:00:00,15.413583333333333
2022-08-01 02:00:00,15.842183333333333
2022-08-01 03:00:00,16.384516666666666
2022-08-01 04:00:00,16.298099999999998
2022-08-01 05:00:00,16.629550000000002
2022-08-01 06:00:00,71.69496666666667
2022-08-01 07:00:00,233.082
2022-08-01 08:00:00,409.556
2022-08-01 09:00:00,590.1435
2022-08-01 10:00:00,642.0518333333333
2022-08-01 11:00:00,766.9221666666667
2022-08-01 12:00:00,788.7413333333334
2022-08-01 13:00:00,757.329
2022-08-01 14:00:00,619.4231666666667
2022-08-01 15:00:00,537.8343333333333
2022-08-01 16:00:00,379.0645
2022-08-01 17:00:00,57.195883333333335
2022-08-01 18:00:00,32.0481
2022-08-01 19:00:00,12.103716666666665
2022-08-01 20:00:00,11.139100000000001
2022-08-01 21:00:00,11.79985
2022-08-01 22:00:00,12.208300000000001
2022-08-01 23:00:00,12.94905
2022-08-02 00:00:00,13.3757
2022-08-02 01:00:00,13.899966666666668
2022-08-02 02:00:00,14.29035
2022-08-02 03:00:00,14.5789
2022-08-02 04:00:00,15.536866666666667
2022-08-02 05:00:00,16.448683333333335
2022-08-02 06:00:00,67.50356666666667
2022-08-02 07:00:00,240.55483333333333
2022-08-02 08:00:00,424.46316666666667
2022-08-02 09:00:00,561.732
2022-08-02 10:00:00,569.6255
2022-08-02 11:00:00,728.8783333333333
2022-08-02 12:00:00,749.9361666666666
2022-08-02 13:00:00,704.284
2022-08-02 14:00:00,523.3206666666667
2022-08-02 15:00:00,504.15049999999997
2022-08-02 16:00:00,270.76300000000003
2022-08-02 17:00:00,132.50568333333334
2022-08-02 18:00:00,28.31063333333333
2022-08-02 19:00:00,12.66195
2022-08-02 20:00:00,10.485381666666665
2022-08-02 21:00:00,9.911171666666666
2022-08-02 22:00:00,10.470920000000001
2022-08-02 23:00:00,11.29985
2022-08-03 00:00:00,12.123216666666668
2022-08-03 01:00:00,12.444700000000001
2022-08-03 02:00:00,13.225316666666666
2022-08-03 03:00:00,14.015433333333334
2022-08-03 04:00:00,14.520100000000001
2022-08-03 05:00:00,15.361966666666666
2022-08-03 06:00:00,32.99556666666667
2022-08-03 07:00:00,54.15123333333334
2022-08-03 08:00:00,82.33181666666665
2022-08-03 09:00:00,146.1216
2022-08-03 10:00:00,393.4881666666667
2022-08-03 11:00:00,320.0545
2022-08-03 12:00:00,416.8738333333333
2022-08-03 13:00:00,447.9671666666666
2022-08-03 14:00:00,187.43566666666666
2022-08-03 15:00:00,22.6587
2022-08-03 16:00:00,70.0036
2022-08-03 17:00:00,92.03308333333332
2022-08-03 18:00:00,35.37925
2022-08-03 19:00:00,15.42325
2022-08-03 20:00:00,15.944266666666667
2022-08-03 21:00:00,16.596416666666666
2022-08-03 22:00:00,16.162616666666665
2022-08-03 23:00:00,16.326883333333335
2022-08-04 00:00:00,16.7366
2022-08-04 01:00:00,17.021116666666664
2022-08-04 02:00:00,17.502483333333334
2022-08-04 03:00:00,18.246950000000002
2022-08-04 04:00:00,18.209633333333333
2022-08-04 05:00:00,18.974216666666667
2022-08-04 06:00:00,27.62686666666667
2022-08-04 07:00:00,38.25548333333334
2022-08-04 08:00:00,34.7993
2022-08-04 09:00:00,37.407000000000004
2022-08-04 10:00:00,60.62316666666666
2022-08-04 11:00:00,80.27615
2022-08-04 12:00:00,88.26551666666667
2022-08-04 13:00:00,256.8283333333333
2022-08-04 14:00:00,339.9436666666667
2022-08-04 15:00:00,147.03696666666667
2022-08-04 16:00:00,62.3842
2022-08-04 17:00:00,50.38881666666667
2022-08-04 18:00:00,31.223766666666666
2022-08-04 19:00:00,17.9907
2022-08-04 20:00:00,18.018666666666668
2022-08-04 21:00:00,18.42125
2022-08-04 22:00:00,19.016716666666664
2022-08-04 23:00:00,19.75815
2022-08-05 00:00:00,20.21135
2022-08-05 01:00:00,18.359883333333336
2022-08-05 02:00:00,18.939766666666667
2022-08-05 03:00:00,18.677033333333334
2022-08-05 04:00:00,19.474783333333335
2022-08-05 05:00:00,20.105566666666668
2022-08-05 06:00:00,63.27583333333334
2022-08-05 07:00:00,64.57681666666666
2022-08-05 08:00:00,222.8799
2022-08-05 09:00:00,385.47450000000003
2022-08-05 10:00:00,636.005
2022-08-05 11:00:00,399.15528333333333
2022-08-05 12:00:00,374.10766666666666
2022-08-05 13:00:00,158.01601666666664
2022-08-05 14:00:00,128.90256666666667
2022-08-05 15:00:00,50.383316666666666
2022-08-05 16:00:00,24.563066666666668
2022-08-05 17:00:00,21.085266666666666
2022-08-05 18:00:00,24.719883333333332
2022-08-05 19:00:00,15.50595
2022-08-05 20:00:00,15.202633333333333
2022-08-05 21:00:00,15.19
2022-08-05 22:00:00,15.355483333333332
2022-08-05 23:00:00,16.408883333333332
2022-08-06 00:00:00,16.85905
2022-08-06 01:00:00,16.697033333333334
2022-08-06 02:00:00,17.432716666666668
2022-08-06 03:00:00,17.184416666666667
2022-08-06 04:00:00,17.806466666666665
2022-08-06 05:00:00,18.143166666666666
2022-08-06 06:00:00,29.29195
2022-08-06 07:00:00,71.4012
2022-08-06 08:00:00,241.03416666666666
2022-08-06 09:00:00,351.92316666666665
2022-08-06 10:00:00,313.34766666666667
2022-08-06 11:00:00,746.6451666666667
2022-08-06 12:00:00,444.8535
2022-08-06 13:00:00,381.72683333333333
2022-08-06 14:00:00,468.54766666666666
2022-08-06 15:00:00,103.32828333333333
2022-08-06 16:00:00,90.50038333333333
2022-08-06 17:00:00,64.71355
2022-08-06 18:00:00,34.64966666666667
2022-08-06 19:00:00,15.40025
2022-08-06 20:00:00,15.399066666666666
2022-08-06 21:00:00,15.924883333333334
2022-08-06 22:00:00,16.051166666666667
2022-08-06 23:00:00,15.976066666666666
2022-08-07 00:00:00,16.068683333333333
2022-08-07 01:00:00,15.466066666666668
2022-08-07 02:00:00,16.283683333333332
2022-08-07 03:00:00,16.884783333333335
2022-08-07 04:00:00,16.99535
2022-08-07 05:00:00,17.7362
2022-08-07 06:00:00,65.71138333333333
2022-08-07 07:00:00,216.99718333333334
2022-08-07 08:00:00,415.7865
2022-08-07 09:00:00,588.6405
2022-08-07 10:00:00,655.5663333333334
2022-08-07 11:00:00,677.0801166666666
2022-08-07 12:00:00,662.38
2022-08-07 13:00:00,517.26005
2022-08-07 14:00:00,526.2493333333333
2022-08-07 15:00:00,464.933
2022-08-07 16:00:00,377.2212166666667
2022-08-07 17:00:00,72.00291666666666
2022-08-07 18:00:00,30.473000000000003
2022-08-07 19:00:00,13.266083333333334
2022-08-07 20:00:00,12.070783333333333
2022-08-07 21:00:00,13.129133333333334
2022-08-07 22:00:00,13.492983333333333
2022-08-07 23:00:00,13.102083333333333
2022-08-08 00:00:00,14.251133333333334
2022-08-08 01:00:00,14.68875
2022-08-08 02:00:00,15.866666666666667
2022-08-08 03:00:00,15.017433333333335
2022-08-08 04:00:00,15.502566666666667
2022-08-08 05:00:00,16.759733333333333
2022-08-08 06:00:00,24.48545
2022-08-08 07:00:00,33.94838333333333
2022-08-08 08:00:00,43.44703333333334
2022-08-08 09:00:00,104.67445
2022-08-08 10:00:00,66.52078333333333
2022-08-08 11:00:00,107.72473333333333
2022-08-08 12:00:00,209.11423333333332
2022-08-08 13:00:00,494.54533333333336
2022-08-08 14:00:00,504.0640333333333
2022-08-08 15:00:00,431.4529333333333
2022-08-08 16:00:00,133.5155
2022-08-08 17:00:00,77.62603333333333
2022-08-08 18:00:00,28.97008333333333
2022-08-08 19:00:00,16.035383333333336
2022-08-08 20:00:00,16.6778
2022-08-08 21:00:00,17.514400000000002
2022-08-08 22:00:00,17.95485
2022-08-08 23:00:00,18.212466666666668
2022-08-09 00:00:00,16.61413333333333
2022-08-09 01:00:00,15.863966666666666
2022-08-09 02:00:00,16.697433333333333
2022-08-09 03:00:00,16.377466666666667
2022-08-09 04:00:00,17.138683333333333
2022-08-09 05:00:00,17.403383333333334
2022-08-09 06:00:00,32.816316666666665
2022-08-09 07:00:00,45.29343333333334
2022-08-09 08:00:00,116.34958333333334
2022-08-09 09:00:00,179.67971666666665
2022-08-09 10:00:00,170.38531666666668
2022-08-09 11:00:00,125.57948333333334
2022-08-09 12:00:00,216.18358333333333
2022-08-09 13:00:00,121.42811666666667
2022-08-09 14:00:00,106.59543333333333
2022-08-09 15:00:00,130.6479
2022-08-09 16:00:00,108.55391666666667
2022-08-09 17:00:00,56.972033333333336
2022-08-09 18:00:00,25.6633
2022-08-09 19:00:00,20.089499999999997
2022-08-09 20:00:00,20.993433333333332
2022-08-09 21:00:00,21.877433333333332
2022-08-09 22:00:00,20.4213
2022-08-09 23:00:00,19.86045
2022-08-10 00:00:00,21.49641666666667
2022-08-10 01:00:00,19.773566666666667
2022-08-10 02:00:00,20.99801666666667
2022-08-10 03:00:00,20.135299999999997
2022-08-10 04:00:00,20.1685
2022-08-10 05:00:00,23.70671666666667
2022-08-10 06:00:00,31.268250000000002
2022-08-10 07:00:00,149.57591666666667
2022-08-10 08:00:00,394.54083333333335
2022-08-10 09:00:00,118.82293333333334
2022-08-10 10:00:00,95.66000000000001
2022-08-10 11:00:00,177.34983333333332
2022-08-10 12:00:00,332.20283333333333
2022-08-10 13:00:00,209.4809
2022-08-10 14:00:00,206.20020000000002
2022-08-10 15:00:00,188.43016666666665
2022-08-10 16:00:00,60.53928333333333
2022-08-10 17:00:00,32.56616666666667
2022-08-10 18:00:00,22.030533333333334
2022-08-10 19:00:00,22.27335
2022-08-10 20:00:00,22.7698
2022-08-10 21:00:00,21.47735
2022-08-10 22:00:00,19.762333333333334
2022-08-10 23:00:00,18.702133333333332
2022-08-11 00:00:00,19.4995
2022-08-11 01:00:00,18.74801666666667
2022-08-11 02:00:00,18.78235
2022-08-11 03:00:00,19.489966666666664
2022-08-11 04:00:00,19.600649999999998
2022-08-11 05:00:00,20.424016666666667
2022-08-11 06:00:00,43.05733333333333
2022-08-11 07:00:00,120.3657
2022-08-11 08:00:00,263.4046666666666
2022-08-11 09:00:00,596.5925000000001
2022-08-11 10:00:00,290.8632666666666
2022-08-11 11:00:00,198.07118333333335
2022-08-11 12:00:00,99.07705
2022-08-11 13:00:00,80.67190000000001
2022-08-11 14:00:00,183.16531666666666
2022-08-11 15:00:00,83.03253333333333
2022-08-11 16:00:00,60.70601666666666
2022-08-11 17:00:00,52.36828333333333
2022-08-11 18:00:00,36.865300000000005
2022-08-11 19:00:00,17.246133333333333
2022-08-11 20:00:00,16.918200000000002
2022-08-11 21:00:00,17.091133333333335
2022-08-11 22:00:00,17.67035
2022-08-11 23:00:00,18.179250000000003
2022-08-12 00:00:00,18.330816666666667
2022-08-12 01:00:00,18.990633333333335
2022-08-12 02:00:00,20.184966666666664
2022-08-12 03:00:00,21.38178333333333
2022-08-12 04:00:00,20.087966666666667
2022-08-12 05:00:00,18.55835
2022-08-12 06:00:00,31.277316666666664
2022-08-12 07:00:00,100.24951666666666
2022-08-12 08:00:00,123.41058333333334
2022-08-12 09:00:00,290.75718333333333
2022-08-12 10:00:00,63.86318333333334
2022-08-12 11:00:00,29.630716666666668
2022-08-12 12:00:00,27.753800000000002
2022-08-12 13:00:00,69.68671666666667
2022-08-12 14:00:00,160.78741666666667
2022-08-12 15:00:00,243.8118166666667
2022-08-12 16:00:00,215.23716666666667
2022-08-12 17:00:00,120.00678333333333
2022-08-12 18:00:00,46.0136
2022-08-12 19:00:00,17.284016666666666
2022-08-12 20:00:00,17.2778
2022-08-12 21:00:00,17.470033333333333
2022-08-12 22:00:00,17.60485
2022-08-12 23:00:00,17.82885
2022-08-13 00:00:00,17.59675
2022-08-13 01:00:00,17.4832
2022-08-13 02:00:00,17.340449999999997
2022-08-13 03:00:00,17.47256666666667
2022-08-13 04:00:00,17.394716666666667
2022-08-13 05:00:00,18.08216666666667
2022-08-13 06:00:00,57.33068333333333
2022-08-13 07:00:00,237.9226666666667
2022-08-13 08:00:00,408.92766666666665
2022-08-13 09:00:00,605.5161666666667
2022-08-13 10:00:00,461.9396666666667
2022-08-13 11:00:00,487.8365
2022-08-13 12:00:00,419.17083333333335
2022-08-13 13:00:00,462.2635
2022-08-13 14:00:00,342.2275
2022-08-13 15:00:00,282.0050166666667
2022-08-13 16:00:00,150.97446666666667
2022-08-13 17:00:00,78.46818333333334
2022-08-13 18:00:00,28.172966666666664
2022-08-13 19:00:00,15.8331
2022-08-13 20:00:00,15.879766666666667
2022-08-13 21:00:00,15.947133333333333
2022-08-13 22:00:00,16.50325
2022-08-13 23:00:00,16.27685
2022-08-14 00:00:00,16.030816666666666
2022-08-14 01:00:00,15.966633333333334
2022-08-14 02:00:00,16.2073
2022-08-14 03:00:00,16.6653
2022-08-14 04:00:00,16.713166666666666
2022-08-14 05:00:00,17.1802
2022-08-14 06:00:00,65.08435
2022-08-14 07:00:00,230.91083333333333
2022-08-14 08:00:00,408.61466666666666
2022-08-14 09:00:00,592.2216666666667
2022-08-14 10:00:00,666.1303333333333
2022-08-14 11:00:00,773.2095
2022-08-14 12:00:00,637.6968333333333
2022-08-14 13:00:00,266.4685
2022-08-14 14:00:00,390.60283333333336
2022-08-14 15:00:00,248.7165
2022-08-14 16:00:00,240.35016666666667
2022-08-14 17:00:00,49.8474
2022-08-14 18:00:00,28.34085
2022-08-14 19:00:00,16.16175
2022-08-14 20:00:00,16.059283333333333
2022-08-14 21:00:00,16.12206666666667
2022-08-14 22:00:00,16.0249
2022-08-14 23:00:00,16.402516666666667
2022-08-15 00:00:00,16.55763333333333
2022-08-15 01:00:00,16.936783333333334
2022-08-15 02:00:00,16.744033333333334
2022-08-15 03:00:00,16.542066666666667
2022-08-15 04:00:00,16.5955
2022-08-15 05:00:00,17.722199999999997
2022-08-15 06:00:00,66.88903333333333
2022-08-15 07:00:00,234.37133333333335
2022-08-15 08:00:00,465.784
2022-08-15 09:00:00,551.287
2022-08-15 10:00:00,466.868
2022-08-15 11:00:00,787.8376666666667
2022-08-15 12:00:00,790.0796666666666
2022-08-15 13:00:00,756.322
2022-08-15 14:00:00,627.5476666666667
2022-08-15 15:00:00,508.3215
2022-08-15 16:00:00,300.44916666666666
2022-08-15 17:00:00,83.90691666666666
2022-08-15 18:00:00,40.129983333333335
2022-08-15 19:00:00,12.089116666666666
2022-08-15 20:00:00,12.045733333333335
2022-08-15 21:00:00,12.686733333333333
2022-08-15 22:00:00,13.12265
2022-08-15 23:00:00,13.928333333333335
2022-08-16 00:00:00,14.558616666666667
2022-08-16 01:00:00,15.0754
2022-08-16 02:00:00,15.828916666666666
2022-08-16 03:00:00,15.848983333333333
2022-08-16 04:00:00,16.007683333333333
2022-08-16 05:00:00,16.980833333333333
2022-08-16 06:00:00,51.679383333333334
2022-08-16 07:00:00,137.65516666666664
2022-08-16 08:00:00,281.25849999999997
2022-08-16 09:00:00,538.6725
2022-08-16 10:00:00,279.8321666666667
2022-08-16 11:00:00,342.98383333333334
2022-08-16 12:00:00,614.7301666666666
2022-08-16 13:00:00,692.5861666666666
2022-08-16 14:00:00,665.8783333333333
2022-08-16 15:00:00,542.153
2022-08-16 16:00:00,367.9191666666667
2022-08-16 17:00:00,40.10530000000001
2022-08-16 18:00:00,24.763433333333335
2022-08-16 19:00:00,12.763433333333333
2022-08-16 20:00:00,12.4543
2022-08-16 21:00:00,13.425966666666666
2022-08-16 22:00:00,14.07145
2022-08-16 23:00:00,14.619200000000001
2022-08-17 00:00:00,14.968333333333334
2022-08-17 01:00:00,14.641116666666667
2022-08-17 02:00:00,15.326966666666667
2022-08-17 03:00:00,15.868983333333334
2022-08-17 04:00:00,16.3399
2022-08-17 05:00:00,17.093383333333335
2022-08-17 06:00:00,63.44708333333333
2022-08-17 07:00:00,201.02526666666665
2022-08-17 08:00:00,226.29233333333335
2022-08-17 09:00:00,477.04633333333334
2022-08-17 10:00:00,324.60400000000004
2022-08-17 11:00:00,350.7579666666667
2022-08-17 12:00:00,373.4485
2022-08-17 13:00:00,310.1723333333333
2022-08-17 14:00:00,255.317
2022-08-17 15:00:00,182.62126666666666
2022-08-17 16:00:00,59.977549999999994
2022-08-17 17:00:00,47.594566666666665
2022-08-17 18:00:00,23.380733333333335
2022-08-17 19:00:00,15.802683333333334
2022-08-17 20:00:00,16.295333333333335
2022-08-17 21:00:00,16.3324
2022-08-17 22:00:00,16.176750000000002
2022-08-17 23:00:00,17.21155
2022-08-18 00:00:00,17.5656
2022-08-18 01:00:00,17.990333333333336
2022-08-18 02:00:00,18.294866666666667
2022-08-18 03:00:00,18.322233333333333
2022-08-18 04:00:00,18.999683333333333
2022-08-18 05:00:00,18.241066666666665
2022-08-18 06:00:00,51.17036666666667
2022-08-18 07:00:00,93.51743333333334
2022-08-18 08:00:00,280.0335666666667
2022-08-18 09:00:00,242.34546666666665
2022-08-18 10:00:00,590.3363333333333
2022-08-18 11:00:00,431.05400000000003
2022-08-18 12:00:00,252.94783333333334
2022-08-18 13:00:00,208.83350000000002
2022-08-18 14:00:00,405.55550000000005
2022-08-18 15:00:00,524.3791666666667
2022-08-18 16:00:00,338.98633333333333
2022-08-18 17:00:00,70.65795
2022-08-18 18:00:00,33.08173333333333
2022-08-18 19:00:00,14.852333333333332
2022-08-18 20:00:00,14.914383333333332
2022-08-18 21:00:00,15.201783333333333
2022-08-18 22:00:00,16.365216666666665
2022-08-18 23:00:00,16.519333333333332
2022-08-19 00:00:00,16.5035
2022-08-19 01:00:00,17.339916666666667
2022-08-19 02:00:00,16.818116666666665
2022-08-19 03:00:00,16.274333333333335
2022-08-19 04:00:00,16.903316666666665
2022-08-19 05:00:00,17.2966
2022-08-19 06:00:00,42.42225
2022-08-19 07:00:00,92.55388333333333
2022-08-19 08:00:00,72.01146666666666
2022-08-19 09:00:00,190.43493333333333
2022-08-19 10:00:00,414.45033333333333
2022-08-19 11:00:00,696.7926666666666
2022-08-19 12:00:00,760.1548333333334
2022-08-19 13:00:00,561.5283333333333
2022-08-19 14:00:00,146.81866666666667
2022-08-19 15:00:00,157.37496666666667
2022-08-19 16:00:00,147.13771666666668
2022-08-19 17:00:00,94.80423333333333
2022-08-19 18:00:00,32.76871666666667
2022-08-19 19:00:00,16.719916666666666
2022-08-19 20:00:00,17.260933333333334
2022-08-19 21:00:00,17.577083333333334
2022-08-19 22:00:00,17.33696666666667
2022-08-19 23:00:00,16.931733333333334
2022-08-20 00:00:00,17.2554
2022-08-20 01:00:00,17.575283333333335
2022-08-20 02:00:00,18.251783333333332
2022-08-20 03:00:00,18.474066666666666
2022-08-20 04:00:00,18.928083333333333
2022-08-20 05:00:00,18.678166666666666
2022-08-20 06:00:00,36.718833333333336
2022-08-20 07:00:00,188.7191
2022-08-20 08:00:00,392.7645
2022-08-20 09:00:00,440.3856666666667
2022-08-20 10:00:00,656.8518333333334
2022-08-20 11:00:00,747.7918333333333
2022-08-20 12:00:00,553.6273333333334
2022-08-20 13:00:00,691.7761666666667
2022-08-20 14:00:00,423.20621666666665
2022-08-20 15:00:00,297.42741666666666
2022-08-20 16:00:00,300.9936833333333
2022-08-20 17:00:00,51.69708333333333
2022-08-20 18:00:00,23.58805
2022-08-20 19:00:00,13.473983333333333
2022-08-20 20:00:00,14.003816666666667
2022-08-20 21:00:00,15.146899999999999
2022-08-20 22:00:00,15.360283333333333
2022-08-20 23:00:00,14.968833333333333
2022-08-21 00:00:00,15.086316666666667
2022-08-21 01:00:00,16.597516666666667
2022-08-21 02:00:00,16.46871666666667
2022-08-21 03:00:00,16.663516666666666
2022-08-21 04:00:00,16.674416666666666
2022-08-21 05:00:00,17.396816666666666
2022-08-21 06:00:00,49.10993333333333
2022-08-21 07:00:00,160.62068333333335
2022-08-21 08:00:00,386.09353333333337
2022-08-21 09:00:00,445.15250000000003
2022-08-21 10:00:00,572.1738333333334
2022-08-21 11:00:00,484.06783333333334
2022-08-21 12:00:00,304.4661666666667
2022-08-21 13:00:00,270.86716666666666
2022-08-21 14:00:00,265.5201666666667
2022-08-21 15:00:00,236.64865
2022-08-21 16:00:00,121.06006666666667
2022-08-21 17:00:00,61.303466666666665
2022-08-21 18:00:00,27.630616666666665
2022-08-21 19:00:00,15.970833333333333
2022-08-21 20:00:00,16.28125
2022-08-21 21:00:00,16.573816666666666
2022-08-21 22:00:00,16.890283333333333
2022-08-21 23:00:00,16.88918333333333
2022-08-22 00:00:00,17.572883333333333
2022-08-22 01:00:00,17.830066666666667
2022-08-22 02:00:00,18.44245
2022-08-22 03:00:00,18.624483333333334
2022-08-22 04:00:00,19.194383333333334
2022-08-22 05:00:00,19.02896666666667
2022-08-22 06:00:00,70.29344999999999
2022-08-22 07:00:00,241.69333333333333
2022-08-22 08:00:00,362.20799999999997
2022-08-22 09:00:00,500.2793333333333
2022-08-22 10:00:00,593.5939999999999
2022-08-22 11:00:00,372.9395
2022-08-22 12:00:00,425.8366666666667
2022-08-22 13:00:00,490.47816666666665
2022-08-22 14:00:00,617.7625
2022-08-22 15:00:00,571.1666666666666
2022-08-22 16:00:00,361.77745
2022-08-22 17:00:00,70.07313333333333
2022-08-22 18:00:00,29.41166666666667
2022-08-22 19:00:00,13.255249999999998
2022-08-22 20:00:00,13.793133333333333
2022-08-22 21:00:00,14.600916666666667
2022-08-22 22:00:00,15.587983333333334
2022-08-22 23:00:00,15.961683333333333
2022-08-23 00:00:00,16.454383333333332
2022-08-23 01:00:00,16.75916666666667
2022-08-23 02:00:00,17.290416666666665
2022-08-23 03:00:00,17.780683333333332
2022-08-23 04:00:00,18.073216666666667
2022-08-23 05:00:00,18.867633333333334
2022-08-23 06:00:00,66.11458333333333
2022-08-23 07:00:00,217.2131666666667
2022-08-23 08:00:00,403.5648333333333
2022-08-23 09:00:00,573.9875
2022-08-23 10:00:00,611.5071666666666
2022-08-23 11:00:00,694.4488333333334
2022-08-23 12:00:00,637.3593333333333
2022-08-23 13:00:00,697.2793333333334
2022-08-23 14:00:00,601.5938333333332
2022-08-23 15:00:00,470.79466666666667
2022-08-23 16:00:00,277.9353333333333
2022-08-23 17:00:00,74.38321666666667
2022-08-23 18:00:00,26.590533333333333
2022-08-23 19:00:00,11.601466666666665
2022-08-23 20:00:00,12.351583333333334
2022-08-23 21:00:00,13.43245
2022-08-23 22:00:00,14.129766666666667
2022-08-23 23:00:00,14.779616666666668
2022-08-24 00:00:00,15.72645
2022-08-24 01:00:00,16.202983333333332
2022-08-24 02:00:00,16.663899999999998
2022-08-24 03:00:00,17.77775
2022-08-24 04:00:00,18.873083333333334
2022-08-24 05:00:00,19.6577
2022-08-24 06:00:00,39.193999999999996
2022-08-24 07:00:00,105.75784999999999
2022-08-24 08:00:00,398.46200000000005
2022-08-24 09:00:00,407.9008333333333
2022-08-24 10:00:00,384.2125
2022-08-24 11:00:00,566.8875
2022-08-24 12:00:00,672.8116666666666
2022-08-24 13:00:00,439.79083333333335
2022-08-24 14:00:00,391.9715
2022-08-24 15:00:00,335.1206666666667
2022-08-24 16:00:00,144.21021666666667
2022-08-24 17:00:00,94.54661666666668
2022-08-24 18:00:00,28.46195
2022-08-24 19:00:00,14.610683333333332
2022-08-24 20:00:00,15.136833333333334
2022-08-24 21:00:00,15.532216666666667
2022-08-24 22:00:00,16.778716666666664
2022-08-24 23:00:00,15.657100000000002
2022-08-25 00:00:00,15.438333333333333
2022-08-25 01:00:00,15.528633333333334
2022-08-25 02:00:00,16.094883333333332
2022-08-25 03:00:00,17.5088
2022-08-25 04:00:00,17.16821666666667
2022-08-25 05:00:00,16.64845
2022-08-25 06:00:00,22.00395
2022-08-25 07:00:00,41.07716666666667
2022-08-25 08:00:00,57.06975
2022-08-25 09:00:00,174.24429999999998
2022-08-25 10:00:00,242.54666666666665
2022-08-25 11:00:00,163.55901666666665
2022-08-25 12:00:00,164.88375
2022-08-25 13:00:00,466.4443333333333
2022-08-25 14:00:00,320.96
2022-08-25 15:00:00,137.79556666666667
2022-08-25 16:00:00,57.062866666666665
2022-08-25 17:00:00,28.173733333333335
2022-08-25 18:00:00,21.168499999999998
2022-08-25 19:00:00,20.80675
2022-08-25 20:00:00,21.810883333333333
2022-08-25 21:00:00,21.461516666666668
2022-08-25 22:00:00,18.90545
2022-08-25 23:00:00,18.753216666666667
2022-08-26 00:00:00,21.164316666666664
2022-08-26 01:00:00,22.441416666666665
2022-08-26 02:00:00,20.436183333333336
2022-08-26 03:00:00,20.326616666666666
2022-08-26 04:00:00,20.4603
2022-08-26 05:00:00,23.13255
2022-08-26 06:00:00,62.54663333333333
2022-08-26 07:00:00,129.9142
2022-08-26 08:00:00,357.16700000000003
2022-08-26 09:00:00,565.3835
2022-08-26 10:00:00,431.66299999999995
2022-08-26 11:00:00,603.7848333333333
2022-08-26 12:00:00,337.33916666666664
2022-08-26 13:00:00,286.6351666666667
2022-08-26 14:00:00,387.87333333333333
2022-08-26 15:00:00,356.50183333333337
2022-08-26 16:00:00,382.37316666666663
2022-08-26 17:00:00,102.41993333333333
2022-08-26 18:00:00,32.1241
2022-08-26 19:00:00,15.913900000000002
2022-08-26 20:00:00,16.263983333333336
2022-08-26 21:00:00,16.592
2022-08-26 22:00:00,17.132516666666668
2022-08-26 23:00:00,17.5827
2022-08-27 00:00:00,17.865483333333334
2022-08-27 01:00:00,17.983083333333337
2022-08-27 02:00:00,18.827116666666665
2022-08-27 03:00:00,18.920916666666663
2022-08-27 04:00:00,19.283283333333333
2022-08-27 05:00:00,19.692
2022-08-27 06:00:00,62.55073333333333
2022-08-27 07:00:00,213.95056666666667
2022-08-27 08:00:00,382.4003333333333
2022-08-27 09:00:00,506.94666666666666
2022-08-27 10:00:00,597.2788333333334
2022-08-27 11:00:00,568.7491666666666
2022-08-27 12:00:00,474.9691666666667
2022-08-27 13:00:00,313.4
2022-08-27 14:00:00,445.3226666666667
2022-08-27 15:00:00,367.71633333333335
2022-08-27 16:00:00,284.3528333333333
2022-08-27 17:00:00,75.35978333333333
2022-08-27 18:00:00,26.336416666666665
2022-08-27 19:00:00,13.914133333333332
2022-08-27 20:00:00,14.594066666666667
2022-08-27 21:00:00,15.620283333333333
2022-08-27 22:00:00,16.2714
2022-08-27 23:00:00,16.644333333333332
2022-08-28 00:00:00,17.32971666666667
2022-08-28 01:00:00,17.86303333333333
2022-08-28 02:00:00,18.197583333333334
2022-08-28 03:00:00,18.742216666666664
2022-08-28 04:00:00,18.815966666666668
2022-08-28 05:00:00,19.20948333333333
2022-08-28 06:00:00,51.34121666666667
2022-08-28 07:00:00,206.47516666666667
2022-08-28 08:00:00,385.58433333333335
2022-08-28 09:00:00,542.4353333333333
2022-08-28 10:00:00,656.4008333333334
2022-08-28 11:00:00,724.5580000000001
2022-08-28 12:00:00,716.939
2022-08-28 13:00:00,578.9931666666666
2022-08-28 14:00:00,565.7061666666667
2022-08-28 15:00:00,447.2146666666667
2022-08-28 16:00:00,166.7567666666667
2022-08-28 17:00:00,45.25038333333334
2022-08-28 18:00:00,15.277566666666667
2022-08-28 19:00:00,12.076550000000001
2022-08-28 20:00:00,12.866183333333334
2022-08-28 21:00:00,14.02635
2022-08-28 22:00:00,15.0486
2022-08-28 23:00:00,15.655366666666668
2022-08-29 00:00:00,16.381116666666667
2022-08-29 01:00:00,17.159049999999997
2022-08-29 02:00:00,17.64813333333333
2022-08-29 03:00:00,17.99185
2022-08-29 04:00:00,18.5237
2022-08-29 05:00:00,18.59576666666667
2022-08-29 06:00:00,27.320216666666667
2022-08-29 07:00:00,54.25523333333333
2022-08-29 08:00:00,142.31621666666666
2022-08-29 09:00:00,259.7318333333333
2022-08-29 10:00:00,448.74133333333333
2022-08-29 11:00:00,540.5108333333334
2022-08-29 12:00:00,553.7296666666666
2022-08-29 13:00:00,673.5571666666667
2022-08-29 14:00:00,592.9701666666666
2022-08-29 15:00:00,365.39458333333334
2022-08-29 16:00:00,132.19948333333335
2022-08-29 17:00:00,64.15836666666667
2022-08-29 18:00:00,26.36753333333333
2022-08-29 19:00:00,15.614833333333333
2022-08-29 20:00:00,15.876566666666665
2022-08-29 21:00:00,16.763333333333332
2022-08-29 22:00:00,17.750316666666667
2022-08-29 23:00:00,17.756016666666664
2022-08-30 00:00:00,18.291083333333333
2022-08-30 01:00:00,18.434466666666665
2022-08-30 02:00:00,18.80343333333333
2022-08-30 03:00:00,19.402449999999998
2022-08-30 04:00:00,19.155866666666665
2022-08-30 05:00:00,19.690716666666667
2022-08-30 06:00:00,51.28788333333333
2022-08-30 07:00:00,188.01703333333336
2022-08-30 08:00:00,383.5015
2022-08-30 09:00:00,547.9036666666667
2022-08-30 10:00:00,665.0771666666666
2022-08-30 11:00:00,782.0626666666667
2022-08-30 12:00:00,765.6800000000001
2022-08-30 13:00:00,569.0783333333333
2022-08-30 14:00:00,264.62665
2022-08-30 15:00:00,133.21275
2022-08-30 16:00:00,142.6715
2022-08-30 17:00:00,89.44956666666667
2022-08-30 18:00:00,20.0622
2022-08-30 19:00:00,14.23595
2022-08-30 20:00:00,15.43645
2022-08-30 21:00:00,16.131333333333334
2022-08-30 22:00:00,16.462183333333332
2022-08-30 23:00:00,16.896633333333334
2022-08-31 00:00:00,16.96323333333333
2022-08-31 01:00:00,17.92185
2022-08-31 02:00:00,18.743483333333334
2022-08-31 03:00:00,19.563783333333333
2022-08-31 04:00:00,20.214466666666667
2022-08-31 05:00:00,21.013416666666668
2022-08-31 06:00:00,47.82168333333333
2022-08-31 07:00:00,171.92028333333334
2022-08-31 08:00:00,368.88933333333335
2022-08-31 09:00:00,522.9578333333334
2022-08-31 10:00:00,516.597
2022-08-31 11:00:00,693.1561666666668
2022-08-31 12:00:00,560.0453333333334
2022-08-31 13:00:00,608.0178333333333
2022-08-31 14:00:00,414.58483333333334
2022-08-31 15:00:00,105.81641666666665
2022-08-31 16:00:00,94.9645
2022-08-31 17:00:00,57.3305
2022-08-31 18:00:00,20.970716666666664
2022-08-31 19:00:00,15.386833333333334
2022-08-31 20:00:00,16.117066666666666
2022-08-31 21:00:00,16.7862
2022-08-31 22:00:00,17.52555
2022-08-31 23:00:00,18.370549999999998
2022-09-01 00:00:00,19.43293333333333
2022-09-01 01:00:00,20.243983333333336
2022-09-01 02:00:00,20.156266666666667
2022-09-01 03:00:00,20.355849999999997
2022-09-01 04:00:00,20.727233333333334
2022-09-01 05:00:00,20.775066666666664
2022-09-01 06:00:00,50.16765
2022-09-01 07:00:00,196.8665
2022-09-01 08:00:00,386.07800000000003
2022-09-01 09:00:00,519.3818333333334
2022-09-01 10:00:00,667.1233333333333
2022-09-01 11:00:00,713.6126666666667
2022-09-01 12:00:00,723.2701666666667
2022-09-01 13:00:00,725.0236666666666
2022-09-01 14:00:00,461.2778333333333
2022-09-01 15:00:00,207.69866666666667
2022-09-01 16:00:00,49.11351666666667
2022-09-01 17:00:00,54.36436666666667
2022-09-01 18:00:00,20.2311
2022-09-01 19:00:00,12.554183333333333
2022-09-01 20:00:00,13.3777
2022-09-01 21:00:00,14.572483333333334
2022-09-01 22:00:00,15.357183333333333
2022-09-01 23:00:00,15.883666666666667
2022-09-02 00:00:00,16.578416666666666
2022-09-02 01:00:00,17.23805
2022-09-02 02:00:00,17.655250000000002
2022-09-02 03:00:00,18.072533333333336
2022-09-02 04:00:00,18.642116666666666
2022-09-02 05:00:00,19.281816666666664
2022-09-02 06:00:00,40.76995
2022-09-02 07:00:00,107.42018333333334
2022-09-02 08:00:00,239.46933333333334
2022-09-02 09:00:00,368.00266666666664
2022-09-02 10:00:00,491.55400000000003
2022-09-02 11:00:00,594.4946666666667
2022-09-02 12:00:00,532.8546666666666
2022-09-02 13:00:00,540.767
2022-09-02 14:00:00,568.4580000000001
2022-09-02 15:00:00,491.1695
2022-09-02 16:00:00,312.3598333333333
2022-09-02 17:00:00,116.13956666666667
2022-09-02 18:00:00,29.151533333333337
2022-09-02 19:00:00,16.308216666666667
2022-09-02 20:00:00,17.572466666666667
2022-09-02 21:00:00,18.162783333333334
2022-09-02 22:00:00,18.58225
2022-09-02 23:00:00,19.493516666666665
2022-09-03 00:00:00,20.341966666666668
2022-09-03 01:00:00,20.571066666666663
2022-09-03 02:00:00,21.135566666666666
2022-09-03 03:00:00,21.271016666666664
2022-09-03 04:00:00,21.770249999999997
2022-09-03 05:00:00,21.99301666666667
2022-09-03 06:00:00,56.281600000000005
2022-09-03 07:00:00,202.87199999999999
2022-09-03 08:00:00,389.62166666666667
2022-09-03 09:00:00,546.4738333333333
2022-09-03 10:00:00,663.7115
2022-09-03 11:00:00,731.872
2022-09-03 12:00:00,745.0365
2022-09-03 13:00:00,707.0593333333333
2022-09-03 14:00:00,618.1786666666667
2022-09-03 15:00:00,477.6898333333333
2022-09-03 16:00:00,308.939
2022-09-03 17:00:00,99.39241666666666
2022-09-03 18:00:00,20.27755
2022-09-03 19:00:00,11.976083333333333
2022-09-03 20:00:00,13.101866666666666
2022-09-03 21:00:00,14.403483333333334
2022-09-03 22:00:00,16.047
2022-09-03 23:00:00,17.2622
2022-09-04 00:00:00,17.98665
2022-09-04 01:00:00,18.524166666666666
2022-09-04 02:00:00,19.078866666666666
2022-09-04 03:00:00,19.286216666666668
2022-09-04 04:00:00,19.826916666666666
2022-09-04 05:00:00,19.99045
2022-09-04 06:00:00,59.38405
2022-09-04 07:00:00,219.87533333333334
2022-09-04 08:00:00,387.17493333333334
2022-09-04 09:00:00,556.1384999999999
2022-09-04 10:00:00,668.4125
2022-09-04 11:00:00,733.0811666666667
2022-09-04 12:00:00,747.8863333333334
2022-09-04 13:00:00,716.0816666666667
2022-09-04 14:00:00,632.7701666666667
2022-09-04 15:00:00,497.76050000000004
2022-09-04 16:00:00,332.75550000000004
2022-09-04 17:00:00,108.38955
2022-09-04 18:00:00,19.362855000000003
2022-09-04 19:00:00,10.633861666666666
2022-09-04 20:00:00,11.706266666666666
2022-09-04 21:00:00,12.5621
2022-09-04 22:00:00,14.126233333333333
2022-09-04 23:00:00,16.177533333333333
2022-09-05 00:00:00,17.51045
2022-09-05 01:00:00,18.337466666666668
2022-09-05 02:00:00,18.869716666666665
2022-09-05 03:00:00,19.214583333333334
2022-09-05 04:00:00,20.031483333333334
2022-09-05 05:00:00,20.1674
2022-09-05 06:00:00,37.83951666666667
2022-09-05 07:00:00,129.00121666666666
2022-09-05 08:00:00,264.5788333333333
2022-09-05 09:00:00,328.476
2022-09-05 10:00:00,519.826
2022-09-05 11:00:00,734.5088333333333
2022-09-05 12:00:00,752.9408333333333
2022-09-05 13:00:00,712.4678333333334
2022-09-05 14:00:00,626.5093333333333
2022-09-05 15:00:00,432.47999999999996
2022-09-05 16:00:00,247.30326666666667
2022-09-05 17:00:00,103.50061666666667
2022-09-05 18:00:00,22.126683333333336
2022-09-05 19:00:00,12.584666666666665
2022-09-05 20:00:00,13.205466666666666
2022-09-05 21:00:00,14.374183333333333
2022-09-05 22:00:00,15.582083333333333
2022-09-05 23:00:00,17.042166666666667
2022-09-06 00:00:00,17.853183333333334
2022-09-06 01:00:00,18.64241666666667
2022-09-06 02:00:00,20.009083333333333
2022-09-06 03:00:00,21.582866666666668
2022-09-06 04:00:00,22.5809
2022-09-06 05:00:00,23.34815
2022-09-06 06:00:00,44.42203333333334
2022-09-06 07:00:00,105.4591
2022-09-06 08:00:00,267.88533333333334
2022-09-06 09:00:00,538.8296666666666
2022-09-06 10:00:00,660.828
2022-09-06 11:00:00,722.4991666666666
2022-09-06 12:00:00,646.1863333333333
2022-09-06 13:00:00,527.6704166666666
2022-09-06 14:00:00,632.8381666666667
2022-09-06 15:00:00,514.4008333333334
2022-09-06 16:00:00,303.8806666666667
2022-09-06 17:00:00,109.83961666666667
2022-09-06 18:00:00,18.244383333333335
2022-09-06 19:00:00,11.741733333333334
2022-09-06 20:00:00,12.214733333333333
2022-09-06 21:00:00,13.268733333333333
2022-09-06 22:00:00,14.821833333333332
2022-09-06 23:00:00,15.561016666666665
2022-09-07 00:00:00,16.760566666666666
2022-09-07 01:00:00,17.69086666666667
2022-09-07 02:00:00,18.297816666666666
2022-09-07 03:00:00,18.833016666666666
2022-09-07 04:00:00,19.10171666666667
2022-09-07 05:00:00,19.231749999999998
2022-09-07 06:00:00,21.241116666666667
2022-09-07 07:00:00,31.454733333333333
2022-09-07 08:00:00,56.64355
2022-09-07 09:00:00,96.65473333333333
2022-09-07 10:00:00,127.77486666666667
2022-09-07 11:00:00,110.79821666666666
2022-09-07 12:00:00,114.13963333333332
2022-09-07 13:00:00,172.35483333333335
2022-09-07 14:00:00,165.78266666666664
2022-09-07 15:00:00,131.38566666666668
2022-09-07 16:00:00,87.29148333333333
2022-09-07 17:00:00,55.53830000000001
2022-09-07 18:00:00,24.39131666666667
2022-09-07 19:00:00,22.449166666666667
2022-09-07 20:00:00,22.71965
2022-09-07 21:00:00,23.238633333333333
2022-09-07 22:00:00,23.335716666666666
2022-09-07 23:00:00,23.59508333333333
2022-09-08 00:00:00,23.802933333333332
2022-09-08 01:00:00,24.078883333333334
2022-09-08 02:00:00,24.2255
2022-09-08 03:00:00,24.319166666666668
2022-09-08 04:00:00,24.422316666666667
2022-09-08 05:00:00,24.470433333333336
2022-09-08 06:00:00,59.36963333333333
2022-09-08 07:00:00,205.63950000000003
2022-09-08 08:00:00,403.7506666666667
2022-09-08 09:00:00,561.5408333333332
2022-09-08 10:00:00,672.492
2022-09-08 11:00:00,728.5183333333333
2022-09-08 12:00:00,705.7765
2022-09-08 13:00:00,680.4181666666666
2022-09-08 14:00:00,612.9673333333334
2022-09-08 15:00:00,470.5733333333334
2022-09-08 16:00:00,216.81983333333335
2022-09-08 17:00:00,51.21763333333333
2022-09-08 18:00:00,14.581700000000001
2022-09-08 19:00:00,12.102766666666668
2022-09-08 20:00:00,13.267266666666668
2022-09-08 21:00:00,14.3395
2022-09-08 22:00:00,15.450566666666667
2022-09-08 23:00:00,17.340316666666663
2022-09-09 00:00:00,19.45995
2022-09-09 01:00:00,20.72846666666667
2022-09-09 02:00:00,21.991416666666666
2022-09-09 03:00:00,23.06845
2022-09-09 04:00:00,23.061516666666666
2022-09-09 05:00:00,23.624433333333332
2022-09-09 06:00:00,51.91603333333333
2022-09-09 07:00:00,210.07941666666665
2022-09-09 08:00:00,405.63366666666667
2022-09-09 09:00:00,559.3573333333334
2022-09-09 10:00:00,672.8756666666667
2022-09-09 11:00:00,736.3485000000001
2022-09-09 12:00:00,744.1653333333333
2022-09-09 13:00:00,701.4668333333334
2022-09-09 14:00:00,607.9178333333333
2022-09-09 15:00:00,470.18033333333335
2022-09-09 16:00:00,280.1775
2022-09-09 17:00:00,109.52913333333332
2022-09-09 18:00:00,15.724471666666666
2022-09-09 19:00:00,9.923155000000001
2022-09-09 20:00:00,11.447949999999999
2022-09-09 21:00:00,13.422616666666666
2022-09-09 22:00:00,14.885716666666667
2022-09-09 23:00:00,15.784766666666666
2022-09-10 00:00:00,15.814449999999999
2022-09-10 01:00:00,16.66255
2022-09-10 02:00:00,17.33716666666667
2022-09-10 03:00:00,18.354283333333335
2022-09-10 04:00:00,18.949099999999998
2022-09-10 05:00:00,19.550583333333336
2022-09-10 06:00:00,38.955450000000006
2022-09-10 07:00:00,153.53988333333334
2022-09-10 08:00:00,278.8301666666667
2022-09-10 09:00:00,222.66866666666667
2022-09-10 10:00:00,594.0833333333334
2022-09-10 11:00:00,705.952
2022-09-10 12:00:00,718.5321666666666
2022-09-10 13:00:00,669.3544999999999
2022-09-10 14:00:00,558.3185
2022-09-10 15:00:00,243.22733333333332
2022-09-10 16:00:00,116.21415
2022-09-10 17:00:00,58.97748333333333
2022-09-10 18:00:00,18.6724
2022-09-10 19:00:00,15.868166666666667
2022-09-10 20:00:00,16.7573
2022-09-10 21:00:00,17.772350000000003
2022-09-10 22:00:00,18.173283333333334
2022-09-10 23:00:00,18.416166666666665
2022-09-11 00:00:00,19.124399999999998
2022-09-11 01:00:00,19.48528333333333
2022-09-11 02:00:00,20.3899
2022-09-11 03:00:00,20.43545
2022-09-11 04:00:00,20.441216666666666
2022-09-11 05:00:00,21.176333333333332
2022-09-11 06:00:00,40.7654
2022-09-11 07:00:00,140.72241666666665
2022-09-11 08:00:00,264.1993333333333
2022-09-11 09:00:00,423.32666666666665
2022-09-11 10:00:00,483.94283333333334
2022-09-11 11:00:00,491.6985
2022-09-11 12:00:00,566.984
2022-09-11 13:00:00,587.047
2022-09-11 14:00:00,389.6835
2022-09-11 15:00:00,292.8456666666667
2022-09-11 16:00:00,290.93583333333333
2022-09-11 17:00:00,84.92021666666666
2022-09-11 18:00:00,21.56775
2022-09-11 19:00:00,18.65105
2022-09-11 20:00:00,19.4741
2022-09-11 21:00:00,20.27926666666667
2022-09-11 22:00:00,20.891383333333334
2022-09-11 23:00:00,21.3213
2022-09-12 00:00:00,21.5606
2022-09-12 01:00:00,21.907633333333333
2022-09-12 02:00:00,22.136183333333335
2022-09-12 03:00:00,22.520766666666663
2022-09-12 04:00:00,22.71245
2022-09-12 05:00:00,24.754883333333332
2022-09-12 06:00:00,50.81316666666667
2022-09-12 07:00:00,192.28833333333333
2022-09-12 08:00:00,376.6595
2022-09-12 09:00:00,541.1131666666666
2022-09-12 10:00:00,660.5695
2022-09-12 11:00:00,718.9615
2022-09-12 12:00:00,727.7036666666667
2022-09-12 13:00:00,673.3013333333333
2022-09-12 14:00:00,494.0838333333333
2022-09-12 15:00:00,392.044
2022-09-12 16:00:00,226.7925
2022-09-12 17:00:00,86.37841666666667
2022-09-12 18:00:00,15.790678333333334
2022-09-12 19:00:00,10.515383333333334
2022-09-12 20:00:00,11.261166666666666
2022-09-12 21:00:00,12.9967
2022-09-12 22:00:00,15.490916666666665
2022-09-12 23:00:00,16.790683333333334
2022-09-13 00:00:00,17.930316666666666
2022-09-13 01:00:00,17.84955
2022-09-13 02:00:00,18.73365
2022-09-13 03:00:00,21.033683333333332
2022-09-13 04:00:00,22.353166666666667
2022-09-13 05:00:00,23.07545
2022-09-13 06:00:00,51.261116666666666
2022-09-13 07:00:00,188.61166666666668
2022-09-13 08:00:00,370.207
2022-09-13 09:00:00,529.7441666666667
2022-09-13 10:00:00,648.1355
2022-09-13 11:00:00,712.2861666666666
2022-09-13 12:00:00,723.9461666666666
2022-09-13 13:00:00,683.4053333333334
2022-09-13 14:00:00,588.7715000000001
2022-09-13 15:00:00,430.66583333333335
2022-09-13 16:00:00,262.37
2022-09-13 17:00:00,103.27788333333334
2022-09-13 18:00:00,14.232243333333335
2022-09-13 19:00:00,8.756208333333332
2022-09-13 20:00:00,9.826153333333334
2022-09-13 21:00:00,11.059068333333332
2022-09-13 22:00:00,13.518666666666666
2022-09-13 23:00:00,15.509183333333334
2022-09-14 00:00:00,17.73955
2022-09-14 01:00:00,18.465416666666666
2022-09-14 02:00:00,18.974783333333335
2022-09-14 03:00:00,19.69135
2022-09-14 04:00:00,20.989216666666668
2022-09-14 05:00:00,22.15148333333333
2022-09-14 06:00:00,44.6497
2022-09-14 07:00:00,158.44538333333333
2022-09-14 08:00:00,337.31166666666667
2022-09-14 09:00:00,457.98966666666666
2022-09-14 10:00:00,644.3430000000001
2022-09-14 11:00:00,727.4763333333334
2022-09-14 12:00:00,733.19
2022-09-14 13:00:00,697.681
2022-09-14 14:00:00,609.5643333333334
2022-09-14 15:00:00,458.58566666666667
2022-09-14 16:00:00,282.79266666666666
2022-09-14 17:00:00,102.25766666666667
2022-09-14 18:00:00,14.720245
2022-09-14 19:00:00,9.344481666666667
2022-09-14 20:00:00,10.513855000000001
2022-09-14 21:00:00,11.917666666666666
2022-09-14 22:00:00,13.437766666666667
2022-09-14 23:00:00,15.908533333333333
2022-09-15 00:00:00,16.198816666666666
2022-09-15 01:00:00,16.419683333333335
2022-09-15 02:00:00,18.53625
2022-09-15 03:00:00,18.661583333333333
2022-09-15 04:00:00,18.957866666666668
2022-09-15 05:00:00,19.769083333333334
2022-09-15 06:00:00,49.57035
2022-09-15 07:00:00,195.44133333333332
2022-09-15 08:00:00,384.60400000000004
2022-09-15 09:00:00,548.4313333333333
2022-09-15 10:00:00,661.3979999999999
2022-09-15 11:00:00,719.577
2022-09-15 12:00:00,732.4860000000001
2022-09-15 13:00:00,624.0655
2022-09-15 14:00:00,457.1565
2022-09-15 15:00:00,363.0731666666667
2022-09-15 16:00:00,235.5225
2022-09-15 17:00:00,89.79215
2022-09-15 18:00:00,14.233635
2022-09-15 19:00:00,10.169006666666666
2022-09-15 20:00:00,11.511233333333333
2022-09-15 21:00:00,12.719533333333334
2022-09-15 22:00:00,14.453166666666668
2022-09-15 23:00:00,15.690583333333333
2022-09-16 00:00:00,17.485149999999997
2022-09-16 01:00:00,19.84015
2022-09-16 02:00:00,20.130533333333336
2022-09-16 03:00:00,20.85526666666667
2022-09-16 04:00:00,21.3995
2022-09-16 05:00:00,21.509883333333335
2022-09-16 06:00:00,53.38975000000001
2022-09-16 07:00:00,184.14233333333334
2022-09-16 08:00:00,399.59083333333336
2022-09-16 09:00:00,499.30216666666666
2022-09-16 10:00:00,604.8886666666666
2022-09-16 11:00:00,721.2621666666668
2022-09-16 12:00:00,545.4426666666667
2022-09-16 13:00:00,332.45983333333334
2022-09-16 14:00:00,251.77351666666667
2022-09-16 15:00:00,254.80416666666667
2022-09-16 16:00:00,125.58516666666667
2022-09-16 17:00:00,67.11766666666666
2022-09-16 18:00:00,20.125116666666667
2022-09-16 19:00:00,15.737216666666665
2022-09-16 20:00:00,16.680783333333334
2022-09-16 21:00:00,17.552733333333332
2022-09-16 22:00:00,18.5463
2022-09-16 23:00:00,20.338833333333334
2022-09-17 00:00:00,20.182633333333335
2022-09-17 01:00:00,20.3037
2022-09-17 02:00:00,20.756383333333336
2022-09-17 03:00:00,22.7458
2022-09-17 04:00:00,24.045399999999997
2022-09-17 05:00:00,26.056616666666667
2022-09-17 06:00:00,47.584983333333334
2022-09-17 07:00:00,175.9558
2022-09-17 08:00:00,353.5585
2022-09-17 09:00:00,506.6536666666667
2022-09-17 10:00:00,629.2278333333333
2022-09-17 11:00:00,712.3104999999999
2022-09-17 12:00:00,625.3186666666667
2022-09-17 13:00:00,389.9295
2022-09-17 14:00:00,345.48108333333334
2022-09-17 15:00:00,182.613
2022-09-17 16:00:00,174.37021666666666
2022-09-17 17:00:00,78.51166666666667
2022-09-17 18:00:00,19.044449999999998
2022-09-17 19:00:00,15.15985
2022-09-17 20:00:00,16.45841666666667
2022-09-17 21:00:00,17.43285
2022-09-17 22:00:00,18.276633333333333
2022-09-17 23:00:00,18.7144
2022-09-18 00:00:00,19.957783333333335
2022-09-18 01:00:00,21.40103333333333
2022-09-18 02:00:00,22.631616666666666
2022-09-18 03:00:00,22.635949999999998
2022-09-18 04:00:00,22.154866666666667
2022-09-18 05:00:00,22.853833333333334
2022-09-18 06:00:00,38.61996666666666
2022-09-18 07:00:00,112.14431666666665
2022-09-18 08:00:00,259.68916666666667
2022-09-18 09:00:00,487.062
2022-09-18 10:00:00,597.6253333333333
2022-09-18 11:00:00,513.873
2022-09-18 12:00:00,382.72683333333333
2022-09-18 13:00:00,626.3466666666667
2022-09-18 14:00:00,563.2758333333334
2022-09-18 15:00:00,288.57745
2022-09-18 16:00:00,43.74173333333333
2022-09-18 17:00:00,30.75453333333333
2022-09-18 18:00:00,16.80003333333333
2022-09-18 19:00:00,15.36625
2022-09-18 20:00:00,16.61563333333333
2022-09-18 21:00:00,15.595633333333334
2022-09-18 22:00:00,17.3935
2022-09-18 23:00:00,17.29255
2022-09-19 00:00:00,17.200866666666666
2022-09-19 01:00:00,18.3156
2022-09-19 02:00:00,18.010333333333335
2022-09-19 03:00:00,19.114916666666666
2022-09-19 04:00:00,18.2866
2022-09-19 05:00:00,19.078166666666668
2022-09-19 06:00:00,23.044033333333335
2022-09-19 07:00:00,57.66256666666666
2022-09-19 08:00:00,242.31726666666665
2022-09-19 09:00:00,313.3565
2022-09-19 10:00:00,468.8395
2022-09-19 11:00:00,469.4345
2022-09-19 12:00:00,655.4523333333333
2022-09-19 13:00:00,644.1108333333334
2022-09-19 14:00:00,527.6458333333334
2022-09-19 15:00:00,383.50266666666664
2022-09-19 16:00:00,232.64916666666667
2022-09-19 17:00:00,68.84998333333333
2022-09-19 18:00:00,14.807433333333334
2022-09-19 19:00:00,13.355266666666667
2022-09-19 20:00:00,14.911383333333333
2022-09-19 21:00:00,16.494133333333334
2022-09-19 22:00:00,17.38955
2022-09-19 23:00:00,19.18435
2022-09-20 00:00:00,19.346216666666667
2022-09-20 01:00:00,19.529066666666665
2022-09-20 02:00:00,21.095333333333333
2022-09-20 03:00:00,21.407899999999998
2022-09-20 04:00:00,21.357833333333335
2022-09-20 05:00:00,21.598783333333333
2022-09-20 06:00:00,29.621950000000002
2022-09-20 07:00:00,51.99945
2022-09-20 08:00:00,136.8651
2022-09-20 09:00:00,155.67906666666667
2022-09-20 10:00:00,324.248
2022-09-20 11:00:00,63.204433333333334
2022-09-20 12:00:00,183.75366666666665
2022-09-20 13:00:00,261.644
2022-09-20 14:00:00,252.797
2022-09-20 15:00:00,160.74251666666666
2022-09-20 16:00:00,107.83531666666666
2022-09-20 17:00:00,58.4733
2022-09-20 18:00:00,23.9087
2022-09-20 19:00:00,20.338
2022-09-20 20:00:00,19.75455
2022-09-20 21:00:00,20.769066666666667
2022-09-20 22:00:00,22.032950000000003
2022-09-20 23:00:00,23.11975
2022-09-21 00:00:00,23.259133333333335
2022-09-21 01:00:00,23.981733333333334
2022-09-21 02:00:00,24.16691666666667
2022-09-21 03:00:00,23.896866666666668
2022-09-21 04:00:00,24.228133333333336
2022-09-21 05:00:00,25.055233333333334
2022-09-21 06:00:00,36.16878333333333
2022-09-21 07:00:00,115.3876
2022-09-21 08:00:00,302.90849999999995
2022-09-21 09:00:00,477.73383333333334
2022-09-21 10:00:00,552.8893333333333
2022-09-21 11:00:00,677.8923333333333
2022-09-21 12:00:00,638.6723333333333
2022-09-21 13:00:00,641.658
2022-09-21 14:00:00,501.20550000000003
2022-09-21 15:00:00,480.04383333333334
2022-09-21 16:00:00,273.6035
2022-09-21 17:00:00,65.0433
2022-09-21 18:00:00,16.236766666666668
2022-09-21 19:00:00,13.9524
2022-09-21 20:00:00,14.917933333333334
2022-09-21 21:00:00,16.46395
2022-09-21 22:00:00,18.11348333333333
2022-09-21 23:00:00,19.0856
2022-09-22 00:00:00,19.86146666666667
2022-09-22 01:00:00,20.920616666666668
2022-09-22 02:00:00,22.288666666666664
2022-09-22 03:00:00,23.060299999999998
2022-09-22 04:00:00,21.93886666666667
2022-09-22 05:00:00,21.156783333333333
2022-09-22 06:00:00,43.859633333333335
2022-09-22 07:00:00,145.93800000000002
2022-09-22 08:00:00,284.37516666666664
2022-09-22 09:00:00,541.226
2022-09-22 10:00:00,531.2043333333334
2022-09-22 11:00:00,397.34433333333334
2022-09-22 12:00:00,495.1915
2022-09-22 13:00:00,531.9928333333334
2022-09-22 14:00:00,506.58583333333337
2022-09-22 15:00:00,407.559
2022-09-22 16:00:00,217.84753333333336
2022-09-22 17:00:00,74.40873333333334
2022-09-22 18:00:00,17.017233333333333
2022-09-22 19:00:00,14.54615
2022-09-22 20:00:00,15.298283333333334
2022-09-22 21:00:00,16.289266666666666
2022-09-22 22:00:00,17.171716666666665
2022-09-22 23:00:00,17.871100000000002
2022-09-23 00:00:00,18.73753333333333
2022-09-23 01:00:00,19.664983333333335
2022-09-23 02:00:00,20.121033333333333
2022-09-23 03:00:00,20.529483333333335
2022-09-23 04:00:00,20.555833333333332
2022-09-23 05:00:00,20.893066666666666
2022-09-23 06:00:00,42.604283333333335
2022-09-23 07:00:00,172.4735
2022-09-23 08:00:00,326.9008333333333
2022-09-23 09:00:00,495.10450000000003
2022-09-23 10:00:00,612.9211666666666
2022-09-23 11:00:00,683.3169999999999
2022-09-23 12:00:00,443.6345
2022-09-23 13:00:00,371.48733333333337
2022-09-23 14:00:00,526.5968333333334
2022-09-23 15:00:00,413.444
2022-09-23 16:00:00,213.35176666666666
2022-09-23 17:00:00,36.69533333333333
2022-09-23 18:00:00,14.972833333333334
2022-09-23 19:00:00,14.422533333333332
2022-09-23 20:00:00,15.836983333333334
2022-09-23 21:00:00,17.463816666666666
2022-09-23 22:00:00,17.16475
2022-09-23 23:00:00,16.64255
2022-09-24 00:00:00,18.563499999999998
2022-09-24 01:00:00,19.442083333333336
2022-09-24 02:00:00,20.127916666666668
2022-09-24 03:00:00,20.872349999999997
2022-09-24 04:00:00,21.3519
2022-09-24 05:00:00,22.146250000000002
2022-09-24 06:00:00,30.63255
2022-09-24 07:00:00,63.966166666666666
2022-09-24 08:00:00,128.15905
2022-09-24 09:00:00,388.4043333333333
2022-09-24 10:00:00,502.1408333333333
2022-09-24 11:00:00,620.58
2022-09-24 12:00:00,719.5636666666667
2022-09-24 13:00:00,671.4961666666666
2022-09-24 14:00:00,361.93483333333336
2022-09-24 15:00:00,269.1703333333333
2022-09-24 16:00:00,197.47316666666666
2022-09-24 17:00:00,77.183
2022-09-24 18:00:00,18.644000000000002
2022-09-24 19:00:00,17.50048333333333
2022-09-24 20:00:00,18.4615
2022-09-24 21:00:00,19.16145
2022-09-24 22:00:00,19.839766666666666
2022-09-24 23:00:00,20.311883333333334
2022-09-25 00:00:00,21.137666666666668
2022-09-25 01:00:00,21.83376666666667
2022-09-25 02:00:00,22.44268333333333
2022-09-25 03:00:00,22.635233333333336
2022-09-25 04:00:00,23.0641
2022-09-25 05:00:00,23.46135
2022-09-25 06:00:00,43.4969
2022-09-25 07:00:00,190.74766666666667
2022-09-25 08:00:00,336.3145
2022-09-25 09:00:00,517.3818333333334
2022-09-25 10:00:00,643.7658333333333
2022-09-25 11:00:00,700.5943333333332
2022-09-25 12:00:00,710.1419999999999
2022-09-25 13:00:00,669.8430000000001
2022-09-25 14:00:00,570.3596666666667
2022-09-25 15:00:00,415.1085
2022-09-25 16:00:00,237.03400000000002
2022-09-25 17:00:00,75.07295
2022-09-25 18:00:00,11.22233
2022-09-25 19:00:00,9.931746666666667
2022-09-25 20:00:00,10.810383333333332
2022-09-25 21:00:00,11.9757
2022-09-25 22:00:00,13.5149
2022-09-25 23:00:00,15.298216666666667
2022-09-26 00:00:00,16.303633333333334
2022-09-26 01:00:00,17.29665
2022-09-26 02:00:00,18.186233333333334
2022-09-26 03:00:00,18.158933333333334
2022-09-26 04:00:00,19.125283333333336
2022-09-26 05:00:00,19.820933333333336
2022-09-26 06:00:00,42.112716666666664
2022-09-26 07:00:00,172.45248333333333
2022-09-26 08:00:00,347.1625
2022-09-26 09:00:00,526.7406666666667
2022-09-26 10:00:00,662.0861666666666
2022-09-26 11:00:00,636.1761666666666
2022-09-26 12:00:00,714.9635
2022-09-26 13:00:00,673.2456666666666
2022-09-26 14:00:00,569.5533333333333
2022-09-26 15:00:00,409.59133333333335
2022-09-26 16:00:00,209.16266666666667
2022-09-26 17:00:00,54.434999999999995
2022-09-26 18:00:00,11.744641666666666
2022-09-26 19:00:00,10.690425000000001
2022-09-26 20:00:00,12.18005
2022-09-26 21:00:00,13.560683333333333
2022-09-26 22:00:00,14.603383333333333
2022-09-26 23:00:00,15.716233333333332
2022-09-27 00:00:00,16.10225
2022-09-27 01:00:00,17.573449999999998
2022-09-27 02:00:00,18.495866666666664
2022-09-27 03:00:00,19.602016666666664
2022-09-27 04:00:00,20.63018333333333
2022-09-27 05:00:00,21.34893333333333
2022-09-27 06:00:00,29.96315
2022-09-27 07:00:00,146.11573333333334
2022-09-27 08:00:00,283.2128333333333
2022-09-27 09:00:00,507.56533333333334
2022-09-27 10:00:00,627.6103333333334
2022-09-27 11:00:00,671.3503333333333
2022-09-27 12:00:00,391.7606666666667
2022-09-27 13:00:00,339.04083333333335
2022-09-27 14:00:00,404.22249999999997
2022-09-27 15:00:00,109.4639
2022-09-27 16:00:00,66.71078333333334
2022-09-27 17:00:00,32.17021666666667
2022-09-27 18:00:00,18.433283333333335
2022-09-27 19:00:00,19.3835
2022-09-27 20:00:00,20.09508333333333
2022-09-27 21:00:00,20.937716666666667
2022-09-27 22:00:00,21.741266666666665
2022-09-27 23:00:00,22.256166666666665
2022-09-28 00:00:00,22.922933333333333
2022-09-28 01:00:00,23.27313333333333
2022-09-28 02:00:00,23.928966666666668
2022-09-28 03:00:00,24.4473
2022-09-28 04:00:00,25.008316666666666
2022-09-28 05:00:00,25.736016666666668
2022-09-28 06:00:00,38.23475
2022-09-28 07:00:00,112.93733333333333
2022-09-28 08:00:00,284.97883333333334
2022-09-28 09:00:00,435.065
2022-09-28 10:00:00,521.483
2022-09-28 11:00:00,411.60266666666666
2022-09-28 12:00:00,323.06
2022-09-28 13:00:00,621.6585
2022-09-28 14:00:00,548.1456666666667
2022-09-28 15:00:00,366.545
2022-09-28 16:00:00,230.22376666666665
2022-09-28 17:00:00,63.824333333333335
2022-09-28 18:00:00,18.72918333333333
2022-09-28 19:00:00,17.465233333333334
2022-09-28 20:00:00,18.158183333333334
2022-09-28 21:00:00,18.880633333333332
2022-09-28 22:00:00,19.555183333333332
2022-09-28 23:00:00,20.27035
2022-09-29 00:00:00,20.946616666666667
2022-09-29 01:00:00,21.1603
2022-09-29 02:00:00,21.92138333333333
2022-09-29 03:00:00,22.024350000000002
2022-09-29 04:00:00,22.753016666666667
2022-09-29 05:00:00,23.54318333333333
2022-09-29 06:00:00,37.71703333333333
2022-09-29 07:00:00,63.03495
2022-09-29 08:00:00,54.53703333333333
2022-09-29 09:00:00,59.1157
2022-09-29 10:00:00,128.4626
2022-09-29 11:00:00,213.94316666666666
2022-09-29 12:00:00,275.3745
2022-09-29 13:00:00,186.442
2022-09-29 14:00:00,201.15900000000002
2022-09-29 15:00:00,181.59166666666667
2022-09-29 16:00:00,115.35245
2022-09-29 17:00:00,54.72411666666667
2022-09-29 18:00:00,22.575533333333333
2022-09-29 19:00:00,21.6148
2022-09-29 20:00:00,21.988049999999998
2022-09-29 21:00:00,22.4778
2022-09-29 22:00:00,22.793616666666665
2022-09-29 23:00:00,22.974083333333333
2022-09-30 00:00:00,22.927633333333333
2022-09-30 01:00:00,23.63178333333333
2022-09-30 02:00:00,23.746083333333335
2022-09-30 03:00:00,23.095016666666666
2022-09-30 04:00:00,23.37235
2022-09-30 05:00:00,23.874716666666664
2022-09-30 06:00:00,29.905783333333332
2022-09-30 07:00:00,52.16043333333334
2022-09-30 08:00:00,151.42726666666667
2022-09-30 09:00:00,120.11755
2022-09-30 10:00:00,62.74933333333333
2022-09-30 11:00:00,37.57111666666666
2022-09-30 12:00:00,31.631666666666668
2022-09-30 13:00:00,31.99045
2022-09-30 14:00:00,46.965333333333334
2022-09-30 15:00:00,39.676633333333335
2022-09-30 16:00:00,21.738866666666663
2022-09-30 17:00:00,22.310766666666666
2022-09-30 18:00:00,23.123566666666665
2022-09-30 19:00:00,22.00395
2022-09-30 20:00:00,19.868883333333333
2022-09-30 21:00:00,19.83045
2022-09-30 22:00:00,21.023833333333336
2022-09-30 23:00:00,21.290750000000003
2022-10-01 00:00:00,21.167183333333334
2022-10-01 01:00:00,21.404166666666665
2022-10-01 02:00:00,21.324766666666665
2022-10-01 03:00:00,21.5997
2022-10-01 04:00:00,22.36205
2022-10-01 05:00:00,22.634183333333333
2022-10-01 06:00:00,43.23206666666667
2022-10-01 07:00:00,144.96394999999998
2022-10-01 08:00:00,190.15775
2022-10-01 09:00:00,371.0555166666666
2022-10-01 10:00:00,471.05333333333334
2022-10-01 11:00:00,580.009
2022-10-01 12:00:00,375.6388333333333
2022-10-01 13:00:00,423.20233333333334
2022-10-01 14:00:00,165.34571666666668
2022-10-01 15:00:00,65.08525
2022-10-01 16:00:00,41.7175
2022-10-01 17:00:00,30.543333333333333
2022-10-01 18:00:00,19.9351
2022-10-01 19:00:00,19.727733333333333
2022-10-01 20:00:00,20.021166666666666
2022-10-01 21:00:00,20.434233333333335
2022-10-01 22:00:00,20.526366666666668
2022-10-01 23:00:00,20.420216666666665
2022-10-02 00:00:00,21.166433333333334
2022-10-02 01:00:00,21.751416666666668
2022-10-02 02:00:00,21.923983333333336
2022-10-02 03:00:00,22.203500000000002
2022-10-02 04:00:00,22.48875
2022-10-02 05:00:00,22.494500000000002
2022-10-02 06:00:00,52.82671666666667
2022-10-02 07:00:00,123.56693333333332
2022-10-02 08:00:00,180.08993333333333
2022-10-02 09:00:00,250.27849999999998
2022-10-02 10:00:00,346.80316666666664
2022-10-02 11:00:00,434.7583333333333
2022-10-02 12:00:00,515.2570000000001
2022-10-02 13:00:00,421.5903333333333
2022-10-02 14:00:00,387.2162833333333
2022-10-02 15:00:00,157.84881666666666
2022-10-02 16:00:00,81.06786666666667
2022-10-02 17:00:00,47.910133333333334
2022-10-02 18:00:00,18.855533333333334
2022-10-02 19:00:00,18.027466666666665
2022-10-02 20:00:00,18.2425
2022-10-02 21:00:00,18.77221666666667
2022-10-02 22:00:00,19.465950000000003
2022-10-02 23:00:00,19.452800000000003
2022-10-03 00:00:00,19.649549999999998
2022-10-03 01:00:00,19.808
2022-10-03 02:00:00,19.89446666666667
2022-10-03 03:00:00,20.34283333333333
2022-10-03 04:00:00,20.5322
2022-10-03 05:00:00,20.657383333333332
2022-10-03 06:00:00,40.52583333333334
2022-10-03 07:00:00,117.545
2022-10-03 08:00:00,312.67266666666666
2022-10-03 09:00:00,452.15933333333334
2022-10-03 10:00:00,657.9366666666666
2022-10-03 11:00:00,719.742
2022-10-03 12:00:00,729.1023333333334
2022-10-03 13:00:00,677.4328333333334
2022-10-03 14:00:00,569.9746666666667
2022-10-03 15:00:00,426.3351666666667
2022-10-03 16:00:00,236.00005000000002
2022-10-03 17:00:00,77.1546
2022-10-03 18:00:00,8.327405
2022-10-03 19:00:00,8.069233333333333
2022-10-03 20:00:00,9.086631666666667
2022-10-03 21:00:00,10.165976666666666
2022-10-03 22:00:00,11.237733333333333
2022-10-03 23:00:00,12.125683333333333
2022-10-04 00:00:00,13.0947
2022-10-04 01:00:00,13.99405
2022-10-04 02:00:00,14.7591
2022-10-04 03:00:00,15.393466666666667
2022-10-04 04:00:00,16.101616666666665
2022-10-04 05:00:00,16.7651
2022-10-04 06:00:00,31.3252
2022-10-04 07:00:00,126.25541666666666
2022-10-04 08:00:00,242.00566666666666
2022-10-04 09:00:00,470.2111666666667
2022-10-04 10:00:00,648.0698333333333
2022-10-04 11:00:00,710.5604999999999
2022-10-04 12:00:00,736.6955
2022-10-04 13:00:00,682.253
2022-10-04 14:00:00,549.9726666666667
2022-10-04 15:00:00,391.0875
2022-10-04 16:00:00,161.92061666666666
2022-10-04 17:00:00,51.60433333333333
2022-10-04 18:00:00,10.208505
2022-10-04 19:00:00,9.830815
2022-10-04 20:00:00,11.3939
2022-10-04 21:00:00,12.116816666666667
2022-10-04 22:00:00,13.1427
2022-10-04 23:00:00,14.054833333333333
2022-10-05 00:00:00,15.036783333333334
2022-10-05 01:00:00,16.1234
2022-10-05 02:00:00,17.36035
2022-10-05 03:00:00,17.88295
2022-10-05 04:00:00,19.278583333333334
2022-10-05 05:00:00,19.79478333333333
2022-10-05 06:00:00,33.8714
2022-10-05 07:00:00,126.25913333333332
2022-10-05 08:00:00,126.23735
2022-10-05 09:00:00,348.0613333333333
2022-10-05 10:00:00,638.9926666666667
2022-10-05 11:00:00,674.6256666666667
2022-10-05 12:00:00,502.3163333333333
2022-10-05 13:00:00,495.02983333333333
2022-10-05 14:00:00,418.53926666666666
2022-10-05 15:00:00,248.03838333333334
2022-10-05 16:00:00,162.4083
2022-10-05 17:00:00,56.32913333333333
2022-10-05 18:00:00,16.550216666666667
2022-10-05 19:00:00,16.223366666666667
2022-10-05 20:00:00,17.033383333333333
2022-10-05 21:00:00,17.9069
2022-10-05 22:00:00,18.48616666666667
2022-10-05 23:00:00,19.6096
2022-10-06 00:00:00,20.468349999999997
2022-10-06 01:00:00,20.73708333333333
2022-10-06 02:00:00,21.323050000000002
2022-10-06 03:00:00,21.745966666666668
2022-10-06 04:00:00,22.242933333333333
2022-10-06 05:00:00,22.57015
2022-10-06 06:00:00,38.35726666666667
2022-10-06 07:00:00,222.0060333333333
2022-10-06 08:00:00,287.58133333333336
2022-10-06 09:00:00,502.57300000000004
2022-10-06 10:00:00,623.5285
2022-10-06 11:00:00,708.1571666666666
2022-10-06 12:00:00,710.5224999999999
2022-10-06 13:00:00,658.2288333333333
2022-10-06 14:00:00,568.3208333333333
2022-10-06 15:00:00,391.65049999999997
2022-10-06 16:00:00,177.74248333333335
2022-10-06 17:00:00,48.02393333333334
2022-10-06 18:00:00,10.648621666666665
2022-10-06 19:00:00,10.998866666666666
2022-10-06 20:00:00,12.512116666666666
2022-10-06 21:00:00,13.736866666666666
2022-10-06 22:00:00,14.40625
2022-10-06 23:00:00,15.2628
2022-10-07 00:00:00,16.781983333333333
2022-10-07 01:00:00,17.61658333333333
2022-10-07 02:00:00,18.489966666666664
2022-10-07 03:00:00,20.552733333333332
2022-10-07 04:00:00,21.340566666666668
2022-10-07 05:00:00,21.253766666666664
2022-10-07 06:00:00,29.874483333333334
2022-10-07 07:00:00,156.35946666666666
2022-10-07 08:00:00,370.1093333333334
2022-10-07 09:00:00,360.3365
2022-10-07 10:00:00,608.6106666666667
2022-10-07 11:00:00,716.6278333333333
2022-10-07 12:00:00,721.5296666666667
2022-10-07 13:00:00,648.9291666666667
2022-10-07 14:00:00,553.0991666666666
2022-10-07 15:00:00,408.8856666666667
2022-10-07 16:00:00,206.01383333333334
2022-10-07 17:00:00,48.72498333333333
2022-10-07 18:00:00,11.373050000000001
2022-10-07 19:00:00,11.9001
2022-10-07 20:00:00,13.161683333333334
2022-10-07 21:00:00,14.388016666666665
2022-10-07 22:00:00,15.1988
2022-10-07 23:00:00,14.897466666666666
2022-10-08 00:00:00,15.775933333333334
2022-10-08 01:00:00,15.095400000000001
2022-10-08 02:00:00,15.831033333333332
2022-10-08 03:00:00,16.8238
2022-10-08 04:00:00,18.024583333333332
2022-10-08 05:00:00,18.745166666666666
2022-10-08 06:00:00,26.100883333333332
2022-10-08 07:00:00,135.00071666666665
2022-10-08 08:00:00,231.35583333333335
2022-10-08 09:00:00,518.115
2022-10-08 10:00:00,563.5486666666667
2022-10-08 11:00:00,309.58253333333334
2022-10-08 12:00:00,553.7016666666666
2022-10-08 13:00:00,677.4088333333333
2022-10-08 14:00:00,585.7479999999999
2022-10-08 15:00:00,410.3051666666667
2022-10-08 16:00:00,195.26478333333336
2022-10-08 17:00:00,45.48576666666667
2022-10-08 18:00:00,12.5924
2022-10-08 19:00:00,13.074683333333333
2022-10-08 20:00:00,14.055183333333334
2022-10-08 21:00:00,15.292483333333333
2022-10-08 22:00:00,16.127383333333334
2022-10-08 23:00:00,17.247033333333334
2022-10-09 00:00:00,18.357866666666666
2022-10-09 01:00:00,18.809116666666668
2022-10-09 02:00:00,17.98823333333333
2022-10-09 03:00:00,17.993350000000003
2022-10-09 04:00:00,18.326183333333333
2022-10-09 05:00:00,18.205083333333334
2022-10-09 06:00:00,35.107099999999996
2022-10-09 07:00:00,113.32745
2022-10-09 08:00:00,326.16133333333335
2022-10-09 09:00:00,540.2978333333333
2022-10-09 10:00:00,644.2096666666667
2022-10-09 11:00:00,712.6876666666667
2022-10-09 12:00:00,645.2486666666666
2022-10-09 13:00:00,687.2148333333333
2022-10-09 14:00:00,535.942
2022-10-09 15:00:00,380.934
2022-10-09 16:00:00,192.15451666666667
2022-10-09 17:00:00,50.319266666666664
2022-10-09 18:00:00,8.76422
2022-10-09 19:00:00,8.362005
2022-10-09 20:00:00,8.708210000000001
2022-10-09 21:00:00,9.24436
2022-10-09 22:00:00,9.255211666666666
2022-10-09 23:00:00,9.574731666666667
2022-10-10 00:00:00,10.07719
2022-10-10 01:00:00,10.625499999999999
2022-10-10 02:00:00,11.196183333333332
2022-10-10 03:00:00,11.5956
2022-10-10 04:00:00,12.27685
2022-10-10 05:00:00,12.753266666666667
2022-10-10 06:00:00,24.123783333333332
2022-10-10 07:00:00,52.672850000000004
2022-10-10 08:00:00,144.3943
2022-10-10 09:00:00,422.03883333333334
2022-10-10 10:00:00,657.7883333333334
2022-10-10 11:00:00,706.3205
2022-10-10 12:00:00,631.5903333333333
2022-10-10 13:00:00,527.1936666666667
2022-10-10 14:00:00,299.55833333333334
2022-10-10 15:00:00,190.26983333333334
2022-10-10 16:00:00,111.02941666666668
2022-10-10 17:00:00,44.29768333333333
2022-10-10 18:00:00,21.589566666666666
2022-10-10 19:00:00,20.846383333333332
2022-10-10 20:00:00,21.3726
2022-10-10 21:00:00,21.180799999999998
2022-10-10 22:00:00,21.022066666666667
2022-10-10 23:00:00,21.000333333333334
2022-10-11 00:00:00,20.863016666666667
2022-10-11 01:00:00,21.069766666666666
2022-10-11 02:00:00,21.15175
2022-10-11 03:00:00,21.118083333333335
2022-10-11 04:00:00,21.29385
2022-10-11 05:00:00,21.517
2022-10-11 06:00:00,30.877716666666668
2022-10-11 07:00:00,153.32608333333334
2022-10-11 08:00:00,366.77383333333336
2022-10-11 09:00:00,502.0581666666667
2022-10-11 10:00:00,633.4851666666667
2022-10-11 11:00:00,712.5316666666666
2022-10-11 12:00:00,711.9966666666667
2022-10-11 13:00:00,679.8155
2022-10-11 14:00:00,564.9069999999999
2022-10-11 15:00:00,399.0096666666667
2022-10-11 16:00:00,174.55531666666667
2022-10-11 17:00:00,40.2407
2022-10-11 18:00:00,7.465915
2022-10-11 19:00:00,7.619016666666667
2022-10-11 20:00:00,8.270601666666668
2022-10-11 21:00:00,9.107456666666668
2022-10-11 22:00:00,10.30871
2022-10-11 23:00:00,11.325866666666666
2022-10-12 00:00:00,12.276399999999999
2022-10-12 01:00:00,13.889433333333333
2022-10-12 02:00:00,14.279083333333334
2022-10-12 03:00:00,13.505883333333333
2022-10-12 04:00:00,13.93845
2022-10-12 05:00:00,14.158716666666667
2022-10-12 06:00:00,28.248966666666668
2022-10-12 07:00:00,167.8185333333333
2022-10-12 08:00:00,361.60949999999997
2022-10-12 09:00:00,525.6613333333333
2022-10-12 10:00:00,646.403
2022-10-12 11:00:00,713.0705
2022-10-12 12:00:00,723.4686666666668
2022-10-12 13:00:00,671.59
2022-10-12 14:00:00,567.4495000000001
2022-10-12 15:00:00,416.3131666666667
2022-10-12 16:00:00,177.31824999999998
2022-10-12 17:00:00,37.68829166666667
2022-10-12 18:00:00,6.196601666666667
2022-10-12 19:00:00,6.099914999999999
2022-10-12 20:00:00,6.989898333333333
2022-10-12 21:00:00,7.953585
2022-10-12 22:00:00,9.200596666666666
2022-10-12 23:00:00,11.289633333333335
2022-10-13 00:00:00,12.124316666666665
2022-10-13 01:00:00,12.179083333333333
2022-10-13 02:00:00,12.795566666666668
2022-10-13 03:00:00,13.943666666666667
2022-10-13 04:00:00,14.715816666666665
2022-10-13 05:00:00,14.554983333333332
2022-10-13 06:00:00,27.3909
2022-10-13 07:00:00,127.06336666666667
2022-10-13 08:00:00,382.1545
2022-10-13 09:00:00,469.85
2022-10-13 10:00:00,474.69466666666665
2022-10-13 11:00:00,698.2676666666666
2022-10-13 12:00:00,635.6198333333334
2022-10-13 13:00:00,439.897
2022-10-13 14:00:00,465.5991666666667
2022-10-13 15:00:00,289.77366666666666
2022-10-13 16:00:00,132.62445
2022-10-13 17:00:00,38.206066666666665
2022-10-13 18:00:00,13.57735
2022-10-13 19:00:00,13.827983333333332
2022-10-13 20:00:00,14.4481
2022-10-13 21:00:00,15.6075
2022-10-13 22:00:00,16.882383333333333
2022-10-13 23:00:00,18.13635
2022-10-14 00:00:00,19.05826666666667
2022-10-14 01:00:00,19.431433333333334
2022-10-14 02:00:00,19.37313333333333
2022-10-14 03:00:00,19.905866666666668
2022-10-14 04:00:00,20.66166666666667
2022-10-14 05:00:00,21.4045
2022-10-14 06:00:00,34.00438333333333
2022-10-14 07:00:00,173.70565
2022-10-14 08:00:00,357.9925
2022-10-14 09:00:00,524.1231666666666
2022-10-14 10:00:00,642.1384999999999
2022-10-14 11:00:00,697.5705
2022-10-14 12:00:00,708.8353333333333
2022-10-14 13:00:00,656.2885
2022-10-14 14:00:00,548.4581666666667
2022-10-14 15:00:00,380.65616666666665
2022-10-14 16:00:00,153.61735
2022-10-14 17:00:00,31.026706666666666
2022-10-14 18:00:00,6.9247000000000005
2022-10-14 19:00:00,7.435033333333333
2022-10-14 20:00:00,8.509478333333332
2022-10-14 21:00:00,9.84483
2022-10-14 22:00:00,10.999666666666666
2022-10-14 23:00:00,12.456033333333332
2022-10-15 00:00:00,13.522966666666667
2022-10-15 01:00:00,13.958433333333334
2022-10-15 02:00:00,14.695316666666667
2022-10-15 03:00:00,14.91975
2022-10-15 04:00:00,15.163616666666666
2022-10-15 05:00:00,15.626
2022-10-15 06:00:00,30.644983333333336
2022-10-15 07:00:00,179.18836666666667
2022-10-15 08:00:00,360.6943333333333
2022-10-15 09:00:00,521.4473333333333
2022-10-15 10:00:00,641.7303333333333
2022-10-15 11:00:00,709.056
2022-10-15 12:00:00,717.153
2022-10-15 13:00:00,666.0963333333333
2022-10-15 14:00:00,556.6088333333333
2022-10-15 15:00:00,398.3293333333333
2022-10-15 16:00:00,155.40095000000002
2022-10-15 17:00:00,29.306828333333332
2022-10-15 18:00:00,7.1740916666666665
2022-10-15 19:00:00,8.182030000000001
2022-10-15 20:00:00,9.500878333333333
2022-10-15 21:00:00,11.96335
2022-10-15 22:00:00,14.08315
2022-10-15 23:00:00,14.269383333333334
2022-10-16 00:00:00,16.420466666666666
2022-10-16 01:00:00,18.442783333333335
2022-10-16 02:00:00,19.40815
2022-10-16 03:00:00,19.761416666666666
2022-10-16 04:00:00,20.2913
2022-10-16 05:00:00,21.17885
2022-10-16 06:00:00,32.22775
2022-10-16 07:00:00,113.14858333333333
2022-10-16 08:00:00,258.5783333333333
2022-10-16 09:00:00,415.70616666666666
2022-10-16 10:00:00,426.2758333333333
2022-10-16 11:00:00,591.2691666666667
2022-10-16 12:00:00,212.2845
2022-10-16 13:00:00,305.4235
2022-10-16 14:00:00,285.9125
2022-10-16 15:00:00,403.79966666666667
2022-10-16 16:00:00,175.19913333333335
2022-10-16 17:00:00,43.2934
2022-10-16 18:00:00,23.452266666666667
2022-10-16 19:00:00,25.070083333333333
2022-10-16 20:00:00,25.758233333333333
2022-10-16 21:00:00,25.809216666666668
2022-10-16 22:00:00,26.31505
2022-10-16 23:00:00,27.348799999999997
2022-10-17 00:00:00,28.206599999999998
2022-10-17 01:00:00,28.82755
2022-10-17 02:00:00,29.02805
2022-10-17 03:00:00,29.0297
2022-10-17 04:00:00,29.226116666666666
2022-10-17 05:00:00,29.433933333333336
2022-10-17 06:00:00,34.95
2022-10-17 07:00:00,88.61921666666667
2022-10-17 08:00:00,211.74763333333334
2022-10-17 09:00:00,400.577
2022-10-17 10:00:00,280.7116666666667
2022-10-17 11:00:00,629.4533333333333
2022-10-17 12:00:00,724.5941666666666
2022-10-17 13:00:00,306.73133333333334
2022-10-17 14:00:00,279.7051666666667
2022-10-17 15:00:00,123.51145
2022-10-17 16:00:00,69.33189999999999
2022-10-17 17:00:00,36.785650000000004
2022-10-17 18:00:00,22.143449999999998
2022-10-17 19:00:00,22.973216666666666
2022-10-17 20:00:00,24.271416666666667
2022-10-17 21:00:00,25.5287
2022-10-17 22:00:00,25.963733333333334
2022-10-17 23:00:00,26.474966666666667
2022-10-18 00:00:00,27.225266666666666
2022-10-18 01:00:00,27.5662
2022-10-18 02:00:00,26.542266666666666
2022-10-18 03:00:00,25.613583333333334
2022-10-18 04:00:00,24.805600000000002
2022-10-18 05:00:00,22.752633333333335
2022-10-18 06:00:00,22.0989
2022-10-18 07:00:00,42.845083333333335
2022-10-18 08:00:00,125.24895
2022-10-18 09:00:00,198.83733333333333
2022-10-18 10:00:00,257.00166666666667
2022-10-18 11:00:00,205.785
2022-10-18 12:00:00,167.32333333333332
2022-10-18 13:00:00,136.35595
2022-10-18 14:00:00,79.578
2022-10-18 15:00:00,49.991499999999995
2022-10-18 16:00:00,29.408916666666666
2022-10-18 17:00:00,17.4296
2022-10-18 18:00:00,14.712266666666666
2022-10-18 19:00:00,14.881516666666666
2022-10-18 20:00:00,14.635233333333334
2022-10-18 21:00:00,14.964699999999999
2022-10-18 22:00:00,15.0815
2022-10-18 23:00:00,17.26516666666667
2022-10-19 00:00:00,21.261683333333334
2022-10-19 01:00:00,23.27665
2022-10-19 02:00:00,24.15145
2022-10-19 03:00:00,24.839299999999998
2022-10-19 04:00:00,24.6829
2022-10-19 05:00:00,24.2257
2022-10-19 06:00:00,40.01688333333333
2022-10-19 07:00:00,205.05216666666666
2022-10-19 08:00:00,381.95983333333334
2022-10-19 09:00:00,536.9918333333333
2022-10-19 10:00:00,598.981
2022-10-19 11:00:00,670.4571666666667
2022-10-19 12:00:00,647.6368333333334
2022-10-19 13:00:00,434.0918333333333
2022-10-19 14:00:00,321.7198333333333
2022-10-19 15:00:00,180.64283333333333
2022-10-19 16:00:00,103.03268333333334
2022-10-19 17:00:00,36.36135
2022-10-19 18:00:00,14.212150000000001
2022-10-19 19:00:00,15.15685
2022-10-19 20:00:00,15.93875
2022-10-19 21:00:00,16.531066666666668
2022-10-19 22:00:00,17.676783333333333
2022-10-19 23:00:00,18.353816666666667
2022-10-20 00:00:00,19.26765
2022-10-20 01:00:00,19.85056666666667
2022-10-20 02:00:00,20.419033333333335
2022-10-20 03:00:00,20.539966666666665
2022-10-20 04:00:00,20.960683333333336
2022-10-20 05:00:00,21.288149999999998
2022-10-20 06:00:00,29.854133333333333
2022-10-20 07:00:00,80.32636666666667
2022-10-20 08:00:00,123.87349999999999
2022-10-20 09:00:00,147.33566666666667
2022-10-20 10:00:00,235.17483333333334
2022-10-20 11:00:00,278.57116666666667
2022-10-20 12:00:00,331.70183333333335
2022-10-20 13:00:00,434.1685
2022-10-20 14:00:00,381.39183333333335
2022-10-20 15:00:00,316.365
2022-10-20 16:00:00,169.93573333333333
2022-10-20 17:00:00,52.04375
2022-10-20 18:00:00,22.56425
2022-10-20 19:00:00,22.5226
2022-10-20 20:00:00,23.293850000000003
2022-10-20 21:00:00,23.8272
2022-10-20 22:00:00,23.895300000000002
2022-10-20 23:00:00,24.079283333333333
2022-10-21 00:00:00,23.851333333333333
2022-10-21 01:00:00,23.901149999999998
2022-10-21 02:00:00,24.21555
2022-10-21 03:00:00,24.344299999999997
2022-10-21 04:00:00,24.199099999999998
2022-10-21 05:00:00,24.25358333333333
2022-10-21 06:00:00,37.8161
2022-10-21 07:00:00,181.16073333333333
2022-10-21 08:00:00,369.05533333333335
2022-10-21 09:00:00,524.4166666666666
2022-10-21 10:00:00,628.9833333333333
2022-10-21 11:00:00,685.4005
2022-10-21 12:00:00,686.5183333333333
2022-10-21 13:00:00,638.2145
2022-10-21 14:00:00,542.6461666666667
2022-10-21 15:00:00,365.94683333333336
2022-10-21 16:00:00,127.83338333333333
2022-10-21 17:00:00,31.448983333333334
2022-10-21 18:00:00,8.490533333333333
2022-10-21 19:00:00,8.945735
2022-10-21 20:00:00,9.501445
2022-10-21 21:00:00,10.369498333333333
2022-10-21 22:00:00,11.1679
2022-10-21 23:00:00,11.7492
2022-10-22 00:00:00,12.558133333333334
2022-10-22 01:00:00,13.332733333333332
2022-10-22 02:00:00,13.865933333333334
2022-10-22 03:00:00,14.320150000000002
2022-10-22 04:00:00,14.370033333333334
2022-10-22 05:00:00,14.945699999999999
2022-10-22 06:00:00,22.923000000000002
2022-10-22 07:00:00,154.60516666666666
2022-10-22 08:00:00,380.41650000000004
2022-10-22 09:00:00,439.776
2022-10-22 10:00:00,706.6741666666666
2022-10-22 11:00:00,657.9538333333334
2022-10-22 12:00:00,538.2846666666667
2022-10-22 13:00:00,512.6073333333333
2022-10-22 14:00:00,424.7038333333333
2022-10-22 15:00:00,186.29633333333334
2022-10-22 16:00:00,67.89463333333333
2022-10-22 17:00:00,24.396683333333332
2022-10-22 18:00:00,13.71605
2022-10-22 19:00:00,14.042933333333334
2022-10-22 20:00:00,15.765233333333333
2022-10-22 21:00:00,17.191599999999998
2022-10-22 22:00:00,18.130133333333333
2022-10-22 23:00:00,19.391916666666667
2022-10-23 00:00:00,20.258
2022-10-23 01:00:00,21.021833333333333
2022-10-23 02:00:00,19.940549999999998
2022-10-23 03:00:00,20.258399999999998
2022-10-23 04:00:00,20.581566666666667
2022-10-23 05:00:00,20.95385
2022-10-23 06:00:00,25.415233333333333
2022-10-23 07:00:00,47.083600000000004
2022-10-23 08:00:00,118.07828333333333
2022-10-23 09:00:00,293.81149999999997
2022-10-23 10:00:00,480.6861666666666
2022-10-23 11:00:00,653.7808333333334
2022-10-23 12:00:00,765.9505
2022-10-23 13:00:00,544.6278333333333
2022-10-23 14:00:00,262.366
2022-10-23 15:00:00,124.66591666666666
2022-10-23 16:00:00,64.824
2022-10-23 17:00:00,23.434183333333333
2022-10-23 18:00:00,14.520733333333334
2022-10-23 19:00:00,14.67265
2022-10-23 20:00:00,14.9968
2022-10-23 21:00:00,15.879966666666666
2022-10-23 22:00:00,16.979333333333333
2022-10-23 23:00:00,18.17301666666667
2022-10-24 00:00:00,19.8888
2022-10-24 01:00:00,20.631700000000002
2022-10-24 02:00:00,21.045583333333337
2022-10-24 03:00:00,21.07363333333333
2022-10-24 04:00:00,21.167399999999997
2022-10-24 05:00:00,21.443583333333333
2022-10-24 06:00:00,32.73856666666667
2022-10-24 07:00:00,153.49275
2022-10-24 08:00:00,339.808
2022-10-24 09:00:00,511.88349999999997
2022-10-24 10:00:00,608.3686666666667
2022-10-24 11:00:00,653.0395000000001
2022-10-24 12:00:00,562.7396666666666
2022-10-24 13:00:00,431.1975
2022-10-24 14:00:00,217.74483333333333
2022-10-24 15:00:00,195.43316666666666
2022-10-24 16:00:00,127.07083333333334
2022-10-24 17:00:00,33.826283333333336
2022-10-24 18:00:00,15.994866666666667
2022-10-24 19:00:00,17.018216666666667
2022-10-24 20:00:00,17.687666666666665
2022-10-24 21:00:00,18.298683333333333
2022-10-24 22:00:00,19.05091666666667
2022-10-24 23:00:00,19.238433333333333
2022-10-25 00:00:00,19.412916666666668
2022-10-25 01:00:00,19.72005
2022-10-25 02:00:00,19.991733333333332
2022-10-25 03:00:00,20.442766666666667
2022-10-25 04:00:00,20.880566666666667
2022-10-25 05:00:00,21.140150000000002
2022-10-25 06:00:00,34.36878333333333
2022-10-25 07:00:00,160.70371666666668
2022-10-25 08:00:00,345.2101666666667
2022-10-25 09:00:00,509.77049999999997
2022-10-25 10:00:00,624.3735
2022-10-25 11:00:00,675.5343333333333
2022-10-25 12:00:00,666.74
2022-10-25 13:00:00,596.2681666666666
2022-10-25 14:00:00,517.3803333333333
2022-10-25 15:00:00,368.4301666666667
2022-10-25 16:00:00,125.71558333333334
2022-10-25 17:00:00,32.31106666666667
2022-10-25 18:00:00,9.972208333333333
2022-10-25 19:00:00,10.401035
2022-10-25 20:00:00,10.960333333333333
2022-10-25 21:00:00,11.865116666666667
2022-10-25 22:00:00,12.665249999999999
2022-10-25 23:00:00,13.400733333333333
2022-10-26 00:00:00,14.018849999999999
2022-10-26 01:00:00,14.576266666666667
2022-10-26 02:00:00,15.194383333333333
2022-10-26 03:00:00,15.389766666666667
2022-10-26 04:00:00,15.827966666666667
2022-10-26 05:00:00,15.782433333333334
2022-10-26 06:00:00,31.7498
2022-10-26 07:00:00,171.40248333333332
2022-10-26 08:00:00,350.18333333333334
2022-10-26 09:00:00,491.70116666666667
2022-10-26 10:00:00,618.4113333333333
2022-10-26 11:00:00,678.5993333333333
2022-10-26 12:00:00,675.732
2022-10-26 13:00:00,615.4256666666666
2022-10-26 14:00:00,512.8788333333333
2022-10-26 15:00:00,362.23833333333334
2022-10-26 16:00:00,95.15403333333333
2022-10-26 17:00:00,20.243483333333334
2022-10-26 18:00:00,7.566533333333334
2022-10-26 19:00:00,8.729333333333333
2022-10-26 20:00:00,9.694816666666666
2022-10-26 21:00:00,10.697316666666666
2022-10-26 22:00:00,11.552583333333333
2022-10-26 23:00:00,12.336166666666665
2022-10-27 00:00:00,13.152766666666668
2022-10-27 01:00:00,13.993316666666667
2022-10-27 02:00:00,14.782433333333334
2022-10-27 03:00:00,15.253716666666666
2022-10-27 04:00:00,15.679866666666667
2022-10-27 05:00:00,16.484133333333332
2022-10-27 06:00:00,27.468683333333335
2022-10-27 07:00:00,146.75695
2022-10-27 08:00:00,340.96066666666667
2022-10-27 09:00:00,509.06166666666667
2022-10-27 10:00:00,620.0541666666667
2022-10-27 11:00:00,679.8203333333333
2022-10-27 12:00:00,669.6163333333334
2022-10-27 13:00:00,609.217
2022-10-27 14:00:00,506.902
2022-10-27 15:00:00,354.695
2022-10-27 16:00:00,92.21194999999999
2022-10-27 17:00:00,22.580241666666666
2022-10-27 18:00:00,8.732103333333333
2022-10-27 19:00:00,9.218183333333334
2022-10-27 20:00:00,10.099226666666668
2022-10-27 21:00:00,11.991833333333334
2022-10-27 22:00:00,13.144983333333332
2022-10-27 23:00:00,13.834766666666667
2022-10-28 00:00:00,14.134533333333334
2022-10-28 01:00:00,14.39775
2022-10-28 02:00:00,15.0454
2022-10-28 03:00:00,15.82145
2022-10-28 04:00:00,16.64175
2022-10-28 05:00:00,17.16391666666667
2022-10-28 06:00:00,29.631316666666667
2022-10-28 07:00:00,141.60516666666666
2022-10-28 08:00:00,316.45283333333333
2022-10-28 09:00:00,480.9558333333333
2022-10-28 10:00:00,594.1518333333333
2022-10-28 11:00:00,656.2133333333334
2022-10-28 12:00:00,662.124
2022-10-28 13:00:00,606.1831666666666
2022-10-28 14:00:00,493.526
2022-10-28 15:00:00,319.44616666666667
2022-10-28 16:00:00,94.89716666666666
2022-10-28 17:00:00,25.612826666666667
2022-10-28 18:00:00,9.824725
2022-10-28 19:00:00,10.422846666666667
2022-10-28 20:00:00,11.39565
2022-10-28 21:00:00,12.313649999999999
2022-10-28 22:00:00,12.722016666666667
2022-10-28 23:00:00,13.38805
2022-10-29 00:00:00,14.072233333333333
2022-10-29 01:00:00,15.1462
2022-10-29 02:00:00,16.68565
2022-10-29 03:00:00,17.744916666666665
2022-10-29 04:00:00,18.120016666666668
2022-10-29 05:00:00,18.616716666666665
2022-10-29 06:00:00,26.571683333333333
2022-10-29 07:00:00,120.92023333333333
2022-10-29 08:00:00,319.93050000000005
2022-10-29 09:00:00,496.601
2022-10-29 10:00:00,605.172
2022-10-29 11:00:00,685.4343333333333
2022-10-29 12:00:00,638.9516666666666
2022-10-29 13:00:00,593.9443333333332
2022-10-29 14:00:00,520.1658333333334
2022-10-29 15:00:00,338.41083333333336
2022-10-29 16:00:00,103.97541666666666
2022-10-29 17:00:00,28.609066666666667
2022-10-29 18:00:00,10.927016666666667
2022-10-29 19:00:00,11.487616666666668
2022-10-29 20:00:00,11.9314
2022-10-29 21:00:00,12.414950000000001
2022-10-29 22:00:00,11.554216666666667
2022-10-29 23:00:00,12.29905
2022-10-30 00:00:00,13.143566666666667
2022-10-30 01:00:00,14.1568
2022-10-30 02:00:00,15.68525
2022-10-30 03:00:00,16.378683333333335
2022-10-30 04:00:00,16.737383333333334
2022-10-30 05:00:00,17.287683333333334
2022-10-30 06:00:00,23.554333333333332
2022-10-30 07:00:00,85.66658333333334
2022-10-30 08:00:00,254.55683333333334
2022-10-30 09:00:00,447.95866666666666
2022-10-30 10:00:00,510.0665
2022-10-30 11:00:00,689.8905
2022-10-30 12:00:00,711.432
2022-10-30 13:00:00,554.2080000000001
2022-10-30 14:00:00,429.7398333333333
2022-10-30 15:00:00,240.59416666666667
2022-10-30 16:00:00,101.77343333333333
2022-10-30 17:00:00,33.08705
2022-10-30 18:00:00,15.397383333333332
2022-10-30 19:00:00,16.029316666666666
2022-10-30 20:00:00,17.050116666666664
2022-10-30 21:00:00,17.826316666666667
2022-10-30 22:00:00,18.29778333333333
2022-10-30 23:00:00,18.894983333333336
2022-10-31 00:00:00,19.352766666666664
2022-10-31 01:00:00,19.827166666666667
2022-10-31 02:00:00,20.334866666666667
2022-10-31 03:00:00,20.995166666666666
2022-10-31 04:00:00,21.881649999999997
2022-10-31 05:00:00,22.440833333333334
2022-10-31 06:00:00,28.41306666666667
2022-10-31 07:00:00,108.81868333333334
2022-10-31 08:00:00,203.16783333333333
2022-10-31 09:00:00,484.56649999999996
2022-10-31 10:00:00,429.3016666666666
2022-10-31 11:00:00,408.92883333333333
2022-10-31 12:00:00,486.10133333333334
2022-10-31 13:00:00,301.564
2022-10-31 14:00:00,196.84733333333332
2022-10-31 15:00:00,115.37983333333334
2022-10-31 16:00:00,115.84996666666666
2022-10-31 17:00:00,42.185233333333336
2022-10-31 18:00:00,26.164466666666666
2022-10-31 19:00:00,27.089616666666664
2022-10-31 20:00:00,27.207299999999996
2022-10-31 21:00:00,26.882316666666668
2022-10-31 22:00:00,26.5548
2022-10-31 23:00:00,26.354316666666666
2022-11-01 00:00:00,26.1056
2022-11-01 01:00:00,25.33628333333333
2022-11-01 02:00:00,24.840666666666667
2022-11-01 03:00:00,24.57995
2022-11-01 04:00:00,24.423516666666668
2022-11-01 05:00:00,24.10731666666667
2022-11-01 06:00:00,28.599116666666664
2022-11-01 07:00:00,57.183416666666666
2022-11-01 08:00:00,79.2996
2022-11-01 09:00:00,80.24293333333334
2022-11-01 10:00:00,149.91935
2022-11-01 11:00:00,206.46383333333333
2022-11-01 12:00:00,217.32983333333334
2022-11-01 13:00:00,98.04745
2022-11-01 14:00:00,62.25261666666667
2022-11-01 15:00:00,59.71736666666666
2022-11-01 16:00:00,45.701
2022-11-01 17:00:00,23.99638333333333
2022-11-01 18:00:00,17.564349999999997
2022-11-01 19:00:00,18.504316666666668
2022-11-01 20:00:00,19.412716666666665
2022-11-01 21:00:00,20.665433333333333
2022-11-01 22:00:00,21.646833333333333
2022-11-01 23:00:00,22.17366666666667
2022-11-02 00:00:00,24.8239
2022-11-02 01:00:00,21.223799999999997
2022-11-02 02:00:00,20.055766666666667
2022-11-02 03:00:00,18.5548
2022-11-02 04:00:00,18.641650000000002
2022-11-02 05:00:00,18.668083333333335
2022-11-02 06:00:00,21.75883333333333
2022-11-02 07:00:00,49.78665
2022-11-02 08:00:00,118.57338333333334
2022-11-02 09:00:00,220.16966666666667
2022-11-02 10:00:00,231.98583333333332
2022-11-02 11:00:00,231.80566666666667
2022-11-02 12:00:00,236.10283333333334
2022-11-02 13:00:00,228.61466666666666
2022-11-02 14:00:00,150.4015
2022-11-02 15:00:00,125.68088333333334
2022-11-02 16:00:00,72.5363
2022-11-02 17:00:00,34.503400000000006
2022-11-02 18:00:00,18.78495
2022-11-02 19:00:00,18.953083333333332
2022-11-02 20:00:00,18.460466666666665
2022-11-02 21:00:00,18.568733333333334
2022-11-02 22:00:00,18.91685
2022-11-02 23:00:00,18.3961
2022-11-03 00:00:00,18.25433333333333
2022-11-03 01:00:00,17.429416666666665
2022-11-03 02:00:00,16.445783333333335
2022-11-03 03:00:00,15.671216666666668
2022-11-03 04:00:00,15.191533333333332
2022-11-03 05:00:00,14.86035
2022-11-03 06:00:00,16.060966666666666
2022-11-03 07:00:00,25.45115
2022-11-03 08:00:00,30.35
2022-11-03 09:00:00,35.26455
2022-11-03 10:00:00,52.3987
2022-11-03 11:00:00,60.82566666666666
2022-11-03 12:00:00,41.594833333333334
2022-11-03 13:00:00,45.00658333333333
2022-11-03 14:00:00,74.02565
2022-11-03 15:00:00,44.75443333333333
2022-11-03 16:00:00,34.81115
2022-11-03 17:00:00,20.558316666666666
2022-11-03 18:00:00,20.276766666666667
2022-11-03 19:00:00,21.1894
2022-11-03 20:00:00,20.3306
2022-11-03 21:00:00,17.8732
2022-11-03 22:00:00,17.898733333333332
2022-11-03 23:00:00,18.012600000000003
2022-11-04 00:00:00,18.329016666666668
2022-11-04 01:00:00,18.584999999999997
2022-11-04 02:00:00,18.46895
2022-11-04 03:00:00,18.13243333333333
2022-11-04 04:00:00,18.187450000000002
2022-11-04 05:00:00,18.080533333333335
2022-11-04 06:00:00,18.3475
2022-11-04 07:00:00,34.708733333333335
2022-11-04 08:00:00,81.59286666666667
2022-11-04 09:00:00,103.04543333333332
2022-11-04 10:00:00,111.41181666666667
2022-11-04 11:00:00,142.7475
2022-11-04 12:00:00,95.34585
2022-11-04 13:00:00,68.6542
2022-11-04 14:00:00,59.456966666666666
2022-11-04 15:00:00,39.00136666666666
2022-11-04 16:00:00,29.4026
2022-11-04 17:00:00,20.818050000000003
2022-11-04 18:00:00,19.896316666666667
2022-11-04 19:00:00,20.216216666666664
2022-11-04 20:00:00,19.968016666666664
2022-11-04 21:00:00,20.332083333333333
2022-11-04 22:00:00,20.66711666666667
2022-11-04 23:00:00,20.5125
2022-11-05 00:00:00,20.852833333333333
2022-11-05 01:00:00,21.051566666666666
2022-11-05 02:00:00,21.871983333333333
2022-11-05 03:00:00,22.606350000000003
2022-11-05 04:00:00,23.032933333333332
2022-11-05 05:00:00,22.890016666666668
2022-11-05 06:00:00,22.428733333333334
2022-11-05 07:00:00,30.022516666666665
2022-11-05 08:00:00,52.761833333333335
2022-11-05 09:00:00,103.07683333333333
2022-11-05 10:00:00,119.61016666666666
2022-11-05 11:00:00,166.87605
2022-11-05 12:00:00,151.87333333333333
2022-11-05 13:00:00,84.71730000000001
2022-11-05 14:00:00,97.2077
2022-11-05 15:00:00,62.00736666666667
2022-11-05 16:00:00,52.08473333333333
2022-11-05 17:00:00,27.82176666666667
2022-11-05 18:00:00,24.4782
2022-11-05 19:00:00,25.28261666666667
2022-11-05 20:00:00,25.856299999999997
2022-11-05 21:00:00,25.55125
2022-11-05 22:00:00,25.314883333333334
2022-11-05 23:00:00,24.274800000000003
2022-11-06 00:00:00,22.485683333333334
2022-11-06 01:00:00,22.7697
2022-11-06 02:00:00,22.7663
2022-11-06 03:00:00,22.4313
2022-11-06 04:00:00,21.180166666666665
2022-11-06 05:00:00,23.468466666666664
2022-11-06 06:00:00,24.646
2022-11-06 07:00:00,72.43688333333333
2022-11-06 08:00:00,124.63266666666667
2022-11-06 09:00:00,141.05564999999999
2022-11-06 10:00:00,311.8692333333333
2022-11-06 11:00:00,389.2721666666667
2022-11-06 12:00:00,250.46083333333334
2022-11-06 13:00:00,198.36366666666666
2022-11-06 14:00:00,115.68453333333333
2022-11-06 15:00:00,158.18866666666665
2022-11-06 16:00:00,75.40814999999999
2022-11-06 17:00:00,23.84225
2022-11-06 18:00:00,19.426416666666668
2022-11-06 19:00:00,18.826016666666664
2022-11-06 20:00:00,18.890283333333333
2022-11-06 21:00:00,19.05773333333333
2022-11-06 22:00:00,19.948150000000002
2022-11-06 23:00:00,20.61745
2022-11-07 00:00:00,18.838516666666667
2022-11-07 01:00:00,19.117916666666666
2022-11-07 02:00:00,18.38735
2022-11-07 03:00:00,18.32476666666667
2022-11-07 04:00:00,18.490783333333336
2022-11-07 05:00:00,18.54945
2022-11-07 06:00:00,22.889316666666666
2022-11-07 07:00:00,58.62331666666667
2022-11-07 08:00:00,92.41343333333333
2022-11-07 09:00:00,135.91836666666666
2022-11-07 10:00:00,329.5705
2022-11-07 11:00:00,367.314
2022-11-07 12:00:00,358.8573333333333
2022-11-07 13:00:00,353.325
2022-11-07 14:00:00,298.20933333333335
2022-11-07 15:00:00,151.85313333333335
2022-11-07 16:00:00,76.98910000000001
2022-11-07 17:00:00,30.664949999999997
2022-11-07 18:00:00,19.753566666666664
2022-11-07 19:00:00,19.63951666666667
2022-11-07 20:00:00,19.321216666666665
2022-11-07 21:00:00,19.510816666666667
2022-11-07 22:00:00,19.916783333333335
2022-11-07 23:00:00,19.919249999999998
2022-11-08 00:00:00,20.176350000000003
2022-11-08 01:00:00,21.198449999999998
2022-11-08 02:00:00,20.700316666666666
2022-11-08 03:00:00,18.108866666666664
2022-11-08 04:00:00,17.852283333333332
2022-11-08 05:00:00,18.495933333333333
2022-11-08 06:00:00,28.61375
2022-11-08 07:00:00,87.33336666666668
2022-11-08 08:00:00,107.87588333333333
2022-11-08 09:00:00,177.8273333333333
2022-11-08 10:00:00,246.1616666666667
2022-11-08 11:00:00,467.07099999999997
2022-11-08 12:00:00,388.01
2022-11-08 13:00:00,259.0183333333333
2022-11-08 14:00:00,192.03766666666667
2022-11-08 15:00:00,126.38736666666667
2022-11-08 16:00:00,75.89926666666666
2022-11-08 17:00:00,29.228216666666665
2022-11-08 18:00:00,19.378933333333336
2022-11-08 19:00:00,19.025716666666668
2022-11-08 20:00:00,19.4766
2022-11-08 21:00:00,19.474600000000002
2022-11-08 22:00:00,18.91013333333333
2022-11-08 23:00:00,18.961166666666667
2022-11-09 00:00:00,19.33125
2022-11-09 01:00:00,18.463016666666665
2022-11-09 02:00:00,18.226633333333332
2022-11-09 03:00:00,18.945483333333335
2022-11-09 04:00:00,20.08021666666667
2022-11-09 05:00:00,19.957083333333333
2022-11-09 06:00:00,27.98143333333333
2022-11-09 07:00:00,190.781
2022-11-09 08:00:00,200.4163333333333
2022-11-09 09:00:00,428.138
2022-11-09 10:00:00,613.5536666666667
2022-11-09 11:00:00,665.0491666666666
2022-11-09 12:00:00,654.5176666666666
2022-11-09 13:00:00,589.5683333333333
2022-11-09 14:00:00,486.7728333333333
2022-11-09 15:00:00,322.42663333333337
2022-11-09 16:00:00,43.46465
2022-11-09 17:00:00,20.443016666666665
2022-11-09 18:00:00,10.5525
2022-11-09 19:00:00,11.009716666666666
2022-11-09 20:00:00,11.638616666666667
2022-11-09 21:00:00,12.709083333333332
2022-11-09 22:00:00,13.639166666666666
2022-11-09 23:00:00,14.298666666666666
2022-11-10 00:00:00,14.755149999999999
2022-11-10 01:00:00,15.231716666666667
2022-11-10 02:00:00,15.449283333333334
2022-11-10 03:00:00,15.881850000000002
2022-11-10 04:00:00,16.305266666666668
2022-11-10 05:00:00,16.592166666666667
2022-11-10 06:00:00,25.327233333333332
2022-11-10 07:00:00,162.23055000000002
2022-11-10 08:00:00,332.3933333333333
2022-11-10 09:00:00,477.42816666666664
2022-11-10 10:00:00,584.315
2022-11-10 11:00:00,610.8520000000001
2022-11-10 12:00:00,584.2686666666667
2022-11-10 13:00:00,591.131
2022-11-10 14:00:00,484.09683333333334
2022-11-10 15:00:00,319.64463333333333
2022-11-10 16:00:00,44.25456666666666
2022-11-10 17:00:00,20.856483333333333
2022-11-10 18:00:00,10.394923333333333
2022-11-10 19:00:00,10.815666666666667
2022-11-10 20:00:00,10.974566666666668
2022-11-10 21:00:00,11.583683333333333
2022-11-10 22:00:00,13.126183333333334
2022-11-10 23:00:00,13.992983333333333
2022-11-11 00:00:00,14.40865
2022-11-11 01:00:00,14.760283333333332
2022-11-11 02:00:00,14.990366666666667
2022-11-11 03:00:00,15.487933333333332
2022-11-11 04:00:00,15.703716666666667
2022-11-11 05:00:00,16.20948333333333
2022-11-11 06:00:00,17.778233333333333
2022-11-11 07:00:00,32.73555
2022-11-11 08:00:00,78.13081666666668
2022-11-11 09:00:00,107.92545
2022-11-11 10:00:00,341.92466666666667
2022-11-11 11:00:00,676.1248333333333
2022-11-11 12:00:00,641.6875
2022-11-11 13:00:00,569.1096666666667
2022-11-11 14:00:00,513.092
2022-11-11 15:00:00,335.36248333333333
2022-11-11 16:00:00,39.036433333333335
2022-11-11 17:00:00,21.679883333333333
2022-11-11 18:00:00,12.259016666666666
2022-11-11 19:00:00,12.195883333333335
2022-11-11 20:00:00,12.561966666666667
2022-11-11 21:00:00,13.430316666666666
2022-11-11 22:00:00,14.0795
2022-11-11 23:00:00,14.6499
2022-11-12 00:00:00,15.68305
2022-11-12 01:00:00,17.044216666666667
2022-11-12 02:00:00,17.435366666666667
2022-11-12 03:00:00,17.503
2022-11-12 04:00:00,17.847550000000002
2022-11-12 05:00:00,18.186183333333336
2022-11-12 06:00:00,18.90598333333333
2022-11-12 07:00:00,29.84531666666667
2022-11-12 08:00:00,77.68681666666666
2022-11-12 09:00:00,231.1455
2022-11-12 10:00:00,274.5461666666667
2022-11-12 11:00:00,264.9468333333333
2022-11-12 12:00:00,306.1948333333333
2022-11-12 13:00:00,384.3023333333333
2022-11-12 14:00:00,302.16299999999995
2022-11-12 15:00:00,201.2405
2022-11-12 16:00:00,79.05981666666666
2022-11-12 17:00:00,30.63068333333333
2022-11-12 18:00:00,19.2888
2022-11-12 19:00:00,19.344283333333337
2022-11-12 20:00:00,19.7798
2022-11-12 21:00:00,20.096216666666667
2022-11-12 22:00:00,19.702916666666667
2022-11-12 23:00:00,19.42615
2022-11-13 00:00:00,19.896816666666666
2022-11-13 01:00:00,19.7257
2022-11-13 02:00:00,19.705566666666666
2022-11-13 03:00:00,20.329483333333332
2022-11-13 04:00:00,21.02991666666667
2022-11-13 05:00:00,21.25766666666667
2022-11-13 06:00:00,25.11105
2022-11-13 07:00:00,105.2807
2022-11-13 08:00:00,317.2083333333333
2022-11-13 09:00:00,473.3626666666667
2022-11-13 10:00:00,567.0868333333333
2022-11-13 11:00:00,617.5211666666667
2022-11-13 12:00:00,634.8641666666666
2022-11-13 13:00:00,577.0228333333333
2022-11-13 14:00:00,455.28
2022-11-13 15:00:00,279.4526666666667
2022-11-13 16:00:00,57.251200000000004
2022-11-13 17:00:00,21.608066666666666
2022-11-13 18:00:00,11.480316666666665
2022-11-13 19:00:00,12.424033333333334
2022-11-13 20:00:00,12.391150000000001
2022-11-13 21:00:00,12.881683333333333
2022-11-13 22:00:00,13.6967
2022-11-13 23:00:00,14.430650000000002
2022-11-14 00:00:00,14.522516666666666
2022-11-14 01:00:00,14.504516666666667
2022-11-14 02:00:00,15.028933333333333
2022-11-14 03:00:00,15.464633333333333
2022-11-14 04:00:00,16.3001
2022-11-14 05:00:00,16.927333333333333
2022-11-14 06:00:00,19.047966666666664
2022-11-14 07:00:00,32.10163333333333
2022-11-14 08:00:00,65.19963333333334
2022-11-14 09:00:00,110.15461666666667
2022-11-14 10:00:00,258.6895
2022-11-14 11:00:00,351.64099999999996
2022-11-14 12:00:00,377.5645
2022-11-14 13:00:00,333.4961666666667
2022-11-14 14:00:00,276.92150000000004
2022-11-14 15:00:00,200.6285
2022-11-14 16:00:00,114.73683333333334
2022-11-14 17:00:00,32.70095
2022-11-14 18:00:00,21.559250000000002
2022-11-14 19:00:00,21.01785
2022-11-14 20:00:00,20.966666666666665
2022-11-14 21:00:00,22.079316666666667
2022-11-14 22:00:00,22.92268333333333
2022-11-14 23:00:00,22.602333333333334
2022-11-15 00:00:00,22.49138333333333
2022-11-15 01:00:00,22.634900000000002
2022-11-15 02:00:00,23.563966666666666
2022-11-15 03:00:00,23.7115
2022-11-15 04:00:00,24.38086666666667
2022-11-15 05:00:00,24.081033333333334
2022-11-15 06:00:00,30.377833333333335
2022-11-15 07:00:00,77.90768333333334
2022-11-15 08:00:00,149.5209
2022-11-15 09:00:00,259.41516666666666
2022-11-15 10:00:00,343.6646666666667
2022-11-15 11:00:00,168.93533333333335
2022-11-15 12:00:00,170.06233333333333
2022-11-15 13:00:00,212.04666666666665
2022-11-15 14:00:00,325.99533333333335
2022-11-15 15:00:00,322.9405
2022-11-15 16:00:00,79.20116666666667
2022-11-15 17:00:00,34.8529
2022-11-15 18:00:00,23.098416666666665
2022-11-15 19:00:00,24.287716666666665
2022-11-15 20:00:00,24.867016666666665
2022-11-15 21:00:00,22.18118333333333
2022-11-15 22:00:00,20.78895
2022-11-15 23:00:00,20.807166666666667
2022-11-16 00:00:00,20.889366666666664
2022-11-16 01:00:00,21.916033333333335
2022-11-16 02:00:00,21.916633333333333
2022-11-16 03:00:00,21.63998333333333
2022-11-16 04:00:00,22.008366666666667
2022-11-16 05:00:00,22.208750000000002
2022-11-16 06:00:00,23.56276666666667
2022-11-16 07:00:00,38.2328
2022-11-16 08:00:00,230.78656666666666
2022-11-16 09:00:00,304.8683333333333
2022-11-16 10:00:00,262.76366666666667
2022-11-16 11:00:00,280.8101666666667
2022-11-16 12:00:00,462.0885
2022-11-16 13:00:00,481.7525
2022-11-16 14:00:00,475.4036666666667
2022-11-16 15:00:00,264.065
2022-11-16 16:00:00,96.95736666666667
2022-11-16 17:00:00,29.5758
2022-11-16 18:00:00,19.251050000000003
2022-11-16 19:00:00,19.594816666666667
2022-11-16 20:00:00,19.83086666666667
2022-11-16 21:00:00,19.940966666666668
2022-11-16 22:00:00,20.163116666666667
2022-11-16 23:00:00,20.210050000000003
2022-11-17 00:00:00,20.157216666666667
2022-11-17 01:00:00,20.21848333333333
2022-11-17 02:00:00,20.615666666666666
2022-11-17 03:00:00,20.737633333333335
2022-11-17 04:00:00,20.7799
2022-11-17 05:00:00,20.94546666666667
2022-11-17 06:00:00,22.617783333333332
2022-11-17 07:00:00,62.06225
2022-11-17 08:00:00,123.2462
2022-11-17 09:00:00,106.36081666666668
2022-11-17 10:00:00,100.88023333333334
2022-11-17 11:00:00,107.6803
2022-11-17 12:00:00,182.09513333333334
2022-11-17 13:00:00,448.3308333333333
2022-11-17 14:00:00,512.69
2022-11-17 15:00:00,314.96071666666666
2022-11-17 16:00:00,50.45988333333333
2022-11-17 17:00:00,34.8066
2022-11-17 18:00:00,20.72236666666667
2022-11-17 19:00:00,19.76288333333333
2022-11-17 20:00:00,20.270333333333333
2022-11-17 21:00:00,20.612616666666668
2022-11-17 22:00:00,20.43996666666667
2022-11-17 23:00:00,21.070833333333333
2022-11-18 00:00:00,21.162950000000002
2022-11-18 01:00:00,22.091549999999998
2022-11-18 02:00:00,23.223200000000002
2022-11-18 03:00:00,25.77606666666667
2022-11-18 04:00:00,27.541633333333333
2022-11-18 05:00:00,27.453833333333332
2022-11-18 06:00:00,31.213433333333334
2022-11-18 07:00:00,68.00231666666667
2022-11-18 08:00:00,271.99401666666665
2022-11-18 09:00:00,452.8618333333333
2022-11-18 10:00:00,535.866
2022-11-18 11:00:00,258.0045
2022-11-18 12:00:00,277.38733333333334
2022-11-18 13:00:00,567.8786666666667
2022-11-18 14:00:00,429.387
2022-11-18 15:00:00,124.84136666666667
2022-11-18 16:00:00,49.20138333333333
2022-11-18 17:00:00,23.60995
2022-11-18 18:00:00,17.603116666666665
2022-11-18 19:00:00,18.08171666666667
2022-11-18 20:00:00,18.272716666666668
2022-11-18 21:00:00,18.786099999999998
2022-11-18 22:00:00,19.473933333333335
2022-11-18 23:00:00,20.19496666666667
2022-11-19 00:00:00,20.060616666666665
2022-11-19 01:00:00,20.441333333333333
2022-11-19 02:00:00,20.451716666666666
2022-11-19 03:00:00,20.770966666666666
2022-11-19 04:00:00,21.157366666666668
2022-11-19 05:00:00,21.475316666666668
2022-11-19 06:00:00,26.663
2022-11-19 07:00:00,148.01535
2022-11-19 08:00:00,235.47911666666667
2022-11-19 09:00:00,472.6105
2022-11-19 10:00:00,580.4211666666666
2022-11-19 11:00:00,465.1678333333333
2022-11-19 12:00:00,630.6805
2022-11-19 13:00:00,580.6268333333334
2022-11-19 14:00:00,471.75333333333333
2022-11-19 15:00:00,283.4893
2022-11-19 16:00:00,42.983383333333336
2022-11-19 17:00:00,19.72713333333333
2022-11-19 18:00:00,13.412216666666666
2022-11-19 19:00:00,15.095316666666667
2022-11-19 20:00:00,15.70275
2022-11-19 21:00:00,15.748766666666667
2022-11-19 22:00:00,16.743916666666667
2022-11-19 23:00:00,18.43075
2022-11-20 00:00:00,19.517816666666665
2022-11-20 01:00:00,20.7029
2022-11-20 02:00:00,21.288349999999998
2022-11-20 03:00:00,21.727566666666668
2022-11-20 04:00:00,22.170566666666666
2022-11-20 05:00:00,23.182683333333333
2022-11-20 06:00:00,25.649333333333335
2022-11-20 07:00:00,53.922016666666664
2022-11-20 08:00:00,237.038
2022-11-20 09:00:00,373.24216666666666
2022-11-20 10:00:00,558.9965
2022-11-20 11:00:00,594.0541666666667
2022-11-20 12:00:00,608.9233333333334
2022-11-20 13:00:00,525.5035
2022-11-20 14:00:00,448.2171666666666
2022-11-20 15:00:00,233.90050000000002
2022-11-20 16:00:00,96.9902
2022-11-20 17:00:00,29.148483333333335
2022-11-20 18:00:00,14.862583333333333
2022-11-20 19:00:00,14.4452
2022-11-20 20:00:00,14.684949999999999
2022-11-20 21:00:00,15.391216666666667
2022-11-20 22:00:00,16.456883333333334
2022-11-20 23:00:00,16.639
2022-11-21 00:00:00,17.52595
2022-11-21 01:00:00,18.42515
2022-11-21 02:00:00,19.139133333333334
2022-11-21 03:00:00,19.753633333333333
2022-11-21 04:00:00,20.203716666666665
2022-11-21 05:00:00,21.29318333333333
2022-11-21 06:00:00,21.938783333333333
2022-11-21 07:00:00,30.9013
2022-11-21 08:00:00,49.59811666666667
2022-11-21 09:00:00,72.27296666666666
2022-11-21 10:00:00,109.89966666666668
2022-11-21 11:00:00,86.81548333333333
2022-11-21 12:00:00,122.61758333333334
2022-11-21 13:00:00,102.57061666666667
2022-11-21 14:00:00,118.13715
2022-11-21 15:00:00,97.88355
2022-11-21 16:00:00,46.586
2022-11-21 17:00:00,24.551516666666664
2022-11-21 18:00:00,23.7037
2022-11-21 19:00:00,23.7197
2022-11-21 20:00:00,23.900183333333334
2022-11-21 21:00:00,24.566583333333334
2022-11-21 22:00:00,24.917883333333336
2022-11-21 23:00:00,24.39515
2022-11-22 00:00:00,23.98688333333333
2022-11-22 01:00:00,24.3141
2022-11-22 02:00:00,27.95468333333333
2022-11-22 03:00:00,28.462016666666667
2022-11-22 04:00:00,26.591366666666666
2022-11-22 05:00:00,26.185116666666666
2022-11-22 06:00:00,23.975316666666668
2022-11-22 07:00:00,25.846533333333333
2022-11-22 08:00:00,34.615066666666664
2022-11-22 09:00:00,49.98728333333334
2022-11-22 10:00:00,60.56001666666667
2022-11-22 11:00:00,66.57371666666667
2022-11-22 12:00:00,75.91551666666666
2022-11-22 13:00:00,89.05598333333334
2022-11-22 14:00:00,70.24119999999999
2022-11-22 15:00:00,62.401916666666665
2022-11-22 16:00:00,46.3605
2022-11-22 17:00:00,26.24253333333333
2022-11-22 18:00:00,25.043733333333332
2022-11-22 19:00:00,26.637766666666668
2022-11-22 20:00:00,26.554466666666666
2022-11-22 21:00:00,22.7043
2022-11-22 22:00:00,23.31703333333333
2022-11-22 23:00:00,22.10118333333333
2022-11-23 00:00:00,20.822766666666666
2022-11-23 01:00:00,19.928616666666667
2022-11-23 02:00:00,20.081166666666668
2022-11-23 03:00:00,20.12568333333333
2022-11-23 04:00:00,19.443033333333332
2022-11-23 05:00:00,20.282
2022-11-23 06:00:00,21.416733333333333
2022-11-23 07:00:00,28.168066666666668
2022-11-23 08:00:00,36.720866666666666
2022-11-23 09:00:00,40.5257
2022-11-23 10:00:00,48.63748333333333
2022-11-23 11:00:00,56.05051666666667
2022-11-23 12:00:00,83.765
2022-11-23 13:00:00,50.634750000000004
2022-11-23 14:00:00,41.43788333333334
2022-11-23 15:00:00,39.312850000000005
2022-11-23 16:00:00,26.756899999999998
2022-11-23 17:00:00,22.697349999999997
2022-11-23 18:00:00,22.724666666666668
2022-11-23 19:00:00,23.847166666666666
2022-11-23 20:00:00,23.356016666666665
2022-11-23 21:00:00,24.55935
2022-11-23 22:00:00,25.922283333333333
2022-11-23 23:00:00,23.918966666666666
2022-11-24 00:00:00,24.872016666666664
2022-11-24 01:00:00,25.594783333333332
2022-11-24 02:00:00,24.81705
2022-11-24 03:00:00,25.793616666666665
2022-11-24 04:00:00,22.322233333333333
2022-11-24 05:00:00,22.506233333333334
2022-11-24 06:00:00,22.88515
2022-11-24 07:00:00,28.389850000000003
2022-11-24 08:00:00,37.08156666666667
2022-11-24 09:00:00,55.89613333333333
2022-11-24 10:00:00,56.888149999999996
2022-11-24 11:00:00,48.26506666666667
2022-11-24 12:00:00,50.486916666666666
2022-11-24 13:00:00,57.8215
2022-11-24 14:00:00,44.28018333333333
2022-11-24 15:00:00,35.29188333333333
2022-11-24 16:00:00,32.26355
2022-11-24 17:00:00,21.2404
2022-11-24 18:00:00,19.91395
2022-11-24 19:00:00,19.21516666666667
2022-11-24 20:00:00,19.058516666666666
2022-11-24 21:00:00,19.319883333333333
2022-11-24 22:00:00,19.01305
2022-11-24 23:00:00,18.52941666666667
2022-11-25 00:00:00,21.16145
2022-11-25 01:00:00,22.066933333333335
2022-11-25 02:00:00,22.97618333333333
2022-11-25 03:00:00,22.71805
2022-11-25 04:00:00,23.786783333333336
2022-11-25 05:00:00,21.8365
2022-11-25 06:00:00,22.95735
2022-11-25 07:00:00,29.4051
2022-11-25 08:00:00,39.2903
2022-11-25 09:00:00,51.405033333333336
2022-11-25 10:00:00,89.04883333333333
2022-11-25 11:00:00,91.44615
2022-11-25 12:00:00,94.87476666666666
2022-11-25 13:00:00,112.06121666666667
2022-11-25 14:00:00,88.69861666666667
2022-11-25 15:00:00,68.43293333333332
2022-11-25 16:00:00,57.944583333333334
2022-11-25 17:00:00,29.032983333333334
2022-11-25 18:00:00,24.17445
2022-11-25 19:00:00,25.4021
2022-11-25 20:00:00,21.719316666666668
2022-11-25 21:00:00,22.449450000000002
2022-11-25 22:00:00,21.9697
2022-11-25 23:00:00,23.628666666666668
2022-11-26 00:00:00,22.466133333333335
2022-11-26 01:00:00,22.525066666666667
2022-11-26 02:00:00,22.088866666666668
2022-11-26 03:00:00,22.927799999999998
2022-11-26 04:00:00,23.016333333333332
2022-11-26 05:00:00,23.310683333333333
2022-11-26 06:00:00,24.936916666666665
2022-11-26 07:00:00,50.552283333333335
2022-11-26 08:00:00,99.19868333333334
2022-11-26 09:00:00,89.30376666666666
2022-11-26 10:00:00,151.40985
2022-11-26 11:00:00,121.99043333333334
2022-11-26 12:00:00,171.03516666666667
2022-11-26 13:00:00,200.63706666666667
2022-11-26 14:00:00,105.32391666666668
2022-11-26 15:00:00,95.31345
2022-11-26 16:00:00,89.85901666666668
2022-11-26 17:00:00,34.89451666666666
2022-11-26 18:00:00,23.330266666666667
2022-11-26 19:00:00,23.381333333333334
2022-11-26 20:00:00,23.267133333333334
2022-11-26 21:00:00,23.377866666666666
2022-11-26 22:00:00,23.780583333333333
2022-11-26 23:00:00,25.68818333333333
2022-11-27 00:00:00,24.860033333333334
2022-11-27 01:00:00,24.663133333333334
2022-11-27 02:00:00,24.676066666666667
2022-11-27 03:00:00,24.07495
2022-11-27 04:00:00,23.972266666666666
2022-11-27 05:00:00,23.273433333333333
2022-11-27 06:00:00,25.39805
2022-11-27 07:00:00,27.3888
2022-11-27 08:00:00,30.32645
2022-11-27 09:00:00,39.51213333333333
2022-11-27 10:00:00,39.26351666666667
2022-11-27 11:00:00,53.10125
2022-11-27 12:00:00,40.76118333333333
2022-11-27 13:00:00,48.947516666666665
2022-11-27 14:00:00,55.73551666666666
2022-11-27 15:00:00,45.7554
2022-11-27 16:00:00,33.23076666666667
2022-11-27 17:00:00,22.709883333333334
2022-11-27 18:00:00,21.858366666666665
2022-11-27 19:00:00,21.0543
2022-11-27 20:00:00,21.54165
2022-11-27 21:00:00,22.05625
2022-11-27 22:00:00,21.673516666666668
2022-11-27 23:00:00,23.46098333333333
2022-11-28 00:00:00,23.6101
2022-11-28 01:00:00,23.288283333333332
2022-11-28 02:00:00,23.161366666666666
2022-11-28 03:00:00,23.934433333333335
2022-11-28 04:00:00,24.297833333333333
2022-11-28 05:00:00,23.662366666666667
2022-11-28 06:00:00,24.13266666666667
2022-11-28 07:00:00,56.927533333333336
2022-11-28 08:00:00,102.77561666666666
2022-11-28 09:00:00,241.304
2022-11-28 10:00:00,182.60798333333332
2022-11-28 11:00:00,256.8308333333333
2022-11-28 12:00:00,326.60716666666667
2022-11-28 13:00:00,335.7665
2022-11-28 14:00:00,183.94570000000002
2022-11-28 15:00:00,137.38855
2022-11-28 16:00:00,77.85203333333334
2022-11-28 17:00:00,32.23883333333333
2022-11-28 18:00:00,22.475199999999997
2022-11-28 19:00:00,21.54096666666667
2022-11-28 20:00:00,21.16405
2022-11-28 21:00:00,21.013933333333334
2022-11-28 22:00:00,20.9782
2022-11-28 23:00:00,20.916666666666668
2022-11-29 00:00:00,20.724033333333335
2022-11-29 01:00:00,21.400433333333336
2022-11-29 02:00:00,21.801750000000002
2022-11-29 03:00:00,21.156433333333332
2022-11-29 04:00:00,20.70155
2022-11-29 05:00:00,20.440350000000002
2022-11-29 06:00:00,21.146400000000003
2022-11-29 07:00:00,36.17355
2022-11-29 08:00:00,80.7654
2022-11-29 09:00:00,343.03516666666667
2022-11-29 10:00:00,476.4115
2022-11-29 11:00:00,614.5888333333334
2022-11-29 12:00:00,620.131
2022-11-29 13:00:00,574.7406666666667
2022-11-29 14:00:00,473.46383333333335
2022-11-29 15:00:00,257.3951333333333
2022-11-29 16:00:00,36.80045
2022-11-29 17:00:00,23.577683333333333
2022-11-29 18:00:00,16.3188
2022-11-29 19:00:00,16.555366666666668
2022-11-29 20:00:00,17.159266666666667
2022-11-29 21:00:00,17.937816666666667
2022-11-29 22:00:00,18.38928333333333
2022-11-29 23:00:00,18.557033333333333
2022-11-30 00:00:00,19.1501
2022-11-30 01:00:00,19.341
2022-11-30 02:00:00,19.094683333333332
2022-11-30 03:00:00,19.569366666666667
2022-11-30 04:00:00,19.451666666666664
2022-11-30 05:00:00,18.892483333333335
2022-11-30 06:00:00,21.635616666666667
2022-11-30 07:00:00,117.70375
2022-11-30 08:00:00,233.47483333333332
2022-11-30 09:00:00,383.88533333333334
2022-11-30 10:00:00,295.02683333333334
2022-11-30 11:00:00,89.31426666666667
2022-11-30 12:00:00,92.37356666666666
2022-11-30 13:00:00,93.53648333333334
2022-11-30 14:00:00,88.11851666666666
2022-11-30 15:00:00,57.84515
2022-11-30 16:00:00,38.047716666666666
2022-11-30 17:00:00,18.007333333333335
2022-11-30 18:00:00,16.106716666666667
2022-11-30 19:00:00,16.50855
2022-11-30 20:00:00,16.76455
2022-11-30 21:00:00,17.141833333333334
2022-11-30 22:00:00,16.98965
2022-11-30 23:00:00,16.496983333333336
2022-12-01 00:00:00,16.839266666666667
2022-12-01 01:00:00,16.856916666666667
2022-12-01 02:00:00,16.596766666666664
2022-12-01 03:00:00,16.815883333333332
2022-12-01 04:00:00,16.86035
2022-12-01 05:00:00,16.938983333333333
2022-12-01 06:00:00,17.238999999999997
2022-12-01 07:00:00,34.14776666666667
2022-12-01 08:00:00,62.8066
2022-12-01 09:00:00,158.8048
2022-12-01 10:00:00,410.6926666666667
2022-12-01 11:00:00,439.58816666666667
2022-12-01 12:00:00,359.2323333333333
2022-12-01 13:00:00,302.4615
2022-12-01 14:00:00,211.45066666666665
2022-12-01 15:00:00,157.6281
2022-12-01 16:00:00,44.27455
2022-12-01 17:00:00,22.342033333333333
2022-12-01 18:00:00,18.931083333333333
2022-12-01 19:00:00,18.879466666666666
2022-12-01 20:00:00,18.724633333333333
2022-12-01 21:00:00,18.662516666666665
2022-12-01 22:00:00,18.8916
2022-12-01 23:00:00,19.211650000000002
2022-12-02 00:00:00,19.233116666666668
2022-12-02 01:00:00,19.215233333333334
2022-12-02 02:00:00,18.78353333333333
2022-12-02 03:00:00,17.932
2022-12-02 04:00:00,17.891849999999998
2022-12-02 05:00:00,18.50861666666667
2022-12-02 06:00:00,20.061983333333334
2022-12-02 07:00:00,88.10901666666668
2022-12-02 08:00:00,272.73968333333335
2022-12-02 09:00:00,438.11283333333336
2022-12-02 10:00:00,518.7371428571429
2022-12-04 07:00:00,49.93867796610169
2022-12-04 08:00:00,95.20523333333334
2022-12-04 09:00:00,124.36358333333332
2022-12-04 10:00:00,250.46349999999998
2022-12-04 11:00:00,576.7463333333333
2022-12-04 12:00:00,522.9851666666667
2022-12-04 13:00:00,485.10266666666666
2022-12-04 14:00:00,467.1535
2022-12-04 15:00:00,239.58733333333333
2022-12-04 16:00:00,74.9915
2022-12-04 17:00:00,26.205933333333334
2022-12-04 18:00:00,18.23456666666667
2022-12-04 19:00:00,18.38205
2022-12-04 20:00:00,18.235566666666667
2022-12-04 21:00:00,18.27695
2022-12-04 22:00:00,19.311016666666667
2022-12-04 23:00:00,19.611783333333335
2022-12-05 00:00:00,19.87395
2022-12-05 01:00:00,20.102666666666668
2022-12-05 02:00:00,19.712333333333333
2022-12-05 03:00:00,19.15171666666667
2022-12-05 04:00:00,19.508983333333333
2022-12-05 05:00:00,19.263633333333335
2022-12-05 06:00:00,19.53291666666667
2022-12-05 07:00:00,37.3934
2022-12-05 08:00:00,68.5814
2022-12-05 09:00:00,126.59538333333333
2022-12-05 10:00:00,189.7541
2022-12-05 11:00:00,263.27299999999997
2022-12-05 12:00:00,295.66700000000003
2022-12-05 13:00:00,191.0665
2022-12-05 14:00:00,145.32250000000002
2022-12-05 15:00:00,143.45416666666668
2022-12-05 16:00:00,97.84246666666667
2022-12-05 17:00:00,35.486250000000005
2022-12-05 18:00:00,21.93955
2022-12-05 19:00:00,21.049166666666668
2022-12-05 20:00:00,21.149333333333335
2022-12-05 21:00:00,20.905583333333333
2022-12-05 22:00:00,20.5283
2022-12-05 23:00:00,20.17685
2022-12-06 00:00:00,21.172416666666667
2022-12-06 01:00:00,22.01155
2022-12-06 02:00:00,22.375999999999998
2022-12-06 03:00:00,22.110266666666668
2022-12-06 04:00:00,21.712966666666667
2022-12-06 05:00:00,21.632716666666667
2022-12-06 06:00:00,21.813016666666666
2022-12-06 07:00:00,35.51278333333333
2022-12-06 08:00:00,101.68193333333333
2022-12-06 09:00:00,324.3288333333333
2022-12-06 10:00:00,439.19283333333334
2022-12-06 11:00:00,459.54
2022-12-06 12:00:00,507.70349999999996
2022-12-06 13:00:00,449.6375
2022-12-06 14:00:00,390.07983333333334
2022-12-06 15:00:00,254.17025
2022-12-06 16:00:00,51.96208333333333
2022-12-06 17:00:00,27.985133333333334
2022-12-06 18:00:00,18.417366666666666
2022-12-06 19:00:00,18.429866666666666
2022-12-06 20:00:00,18.677533333333333
2022-12-06 21:00:00,18.02061666666667
2022-12-06 22:00:00,18.89036666666667
2022-12-06 23:00:00,19.119033333333334
2022-12-07 00:00:00,19.414683333333336
2022-12-07 01:00:00,19.427533333333333
2022-12-07 02:00:00,19.733516666666667
2022-12-07 03:00:00,19.928416666666667
2022-12-07 04:00:00,20.50998333333333
2022-12-07 05:00:00,22.287249999999997
2022-12-07 06:00:00,22.861516666666667
2022-12-07 07:00:00,82.01963333333333
2022-12-07 08:00:00,194.96548333333334
2022-12-07 09:00:00,378.1741666666667
2022-12-07 10:00:00,522.5790000000001
2022-12-07 11:00:00,577.7943333333334
2022-12-07 12:00:00,498.3525
2022-12-07 13:00:00,426.7566666666667
2022-12-07 14:00:00,295.1716666666667
2022-12-07 15:00:00,129.44443333333334
2022-12-07 16:00:00,83.15531666666668
2022-12-07 17:00:00,26.402283333333333
2022-12-07 18:00:00,16.687416666666667
2022-12-07 19:00:00,16.3512
2022-12-07 20:00:00,15.979083333333334
2022-12-07 21:00:00,16.215066666666665
2022-12-07 22:00:00,17.011983333333333
2022-12-07 23:00:00,17.33405
2022-12-08 00:00:00,18.404116666666667
2022-12-08 01:00:00,17.711483333333334
2022-12-08 02:00:00,17.660866666666667
2022-12-08 03:00:00,17.45553333333333
2022-12-08 04:00:00,17.267666666666667
2022-12-08 05:00:00,17.970633333333335
2022-12-08 06:00:00,20.410833333333336
2022-12-08 07:00:00,90.4357
2022-12-08 08:00:00,271.1943333333333
2022-12-08 09:00:00,426.6693333333333
2022-12-08 10:00:00,537.5146666666667
2022-12-08 11:00:00,602.9076666666666
2022-12-08 12:00:00,604.1806666666666
2022-12-08 13:00:00,539.3425
2022-12-08 14:00:00,433.6528333333333
2022-12-08 15:00:00,233.74163333333334
2022-12-08 16:00:00,49.372566666666664
2022-12-08 17:00:00,21.078878333333332
2022-12-08 18:00:00,9.906321666666665
2022-12-08 19:00:00,10.065235000000001
2022-12-08 20:00:00,10.54196
2022-12-08 21:00:00,10.781183333333333
2022-12-08 22:00:00,11.050083333333333
2022-12-08 23:00:00,11.4973
2022-12-09 00:00:00,11.781016666666666
2022-12-09 01:00:00,11.862150000000002
2022-12-09 02:00:00,11.93105
2022-12-09 03:00:00,11.920416666666666
2022-12-09 04:00:00,12.004383333333333
2022-12-09 05:00:00,12.385050000000001
2022-12-09 06:00:00,13.982233333333333
2022-12-09 07:00:00,89.03971666666666
2022-12-09 08:00:00,216.63385000000002
2022-12-09 09:00:00,416.7316666666667
2022-12-09 10:00:00,529.2415
2022-12-09 11:00:00,596.7963333333333
2022-12-09 12:00:00,613.9085
2022-12-09 13:00:00,558.8255
2022-12-09 14:00:00,452.9843333333334
2022-12-09 15:00:00,235.55415
2022-12-09 16:00:00,47.37305
2022-12-09 17:00:00,17.814211666666665
2022-12-09 18:00:00,7.8928899999999995
2022-12-09 19:00:00,8.250835
2022-12-09 20:00:00,8.398515
2022-12-09 21:00:00,8.58306
2022-12-09 22:00:00,8.664473333333332
2022-12-09 23:00:00,8.627675
2022-12-10 00:00:00,8.708544999999999
2022-12-10 01:00:00,8.954984999999999
2022-12-10 02:00:00,8.887490000000001
2022-12-10 03:00:00,8.766594999999999
2022-12-10 04:00:00,9.179105
2022-12-10 05:00:00,9.488415
2022-12-10 06:00:00,10.467818333333334
2022-12-10 07:00:00,76.91941666666666
2022-12-10 08:00:00,133.00706666666667
2022-12-10 09:00:00,349.75966666666665
2022-12-10 10:00:00,525.0491666666667
2022-12-10 11:00:00,591.5116666666667
2022-12-10 12:00:00,605.6963333333333
2022-12-10 13:00:00,558.2448333333334
2022-12-10 14:00:00,455.58816666666667
2022-12-10 15:00:00,247.31618333333333
2022-12-10 16:00:00,46.56365
2022-12-10 17:00:00,18.129830000000002
2022-12-10 18:00:00,7.371101666666666
2022-12-10 19:00:00,7.298053333333333
2022-12-10 20:00:00,7.328171666666666
2022-12-10 21:00:00,7.560453333333333
2022-12-10 22:00:00,7.847049999999999
2022-12-10 23:00:00,7.861928333333334
2022-12-11 00:00:00,7.961968333333333
2022-12-11 01:00:00,8.291665
2022-12-11 02:00:00,8.58436
2022-12-11 03:00:00,8.604921666666666
2022-12-11 04:00:00,8.625226666666666
2022-12-11 05:00:00,8.934446666666666
2022-12-11 06:00:00,10.127311666666666
2022-12-11 07:00:00,48.59968333333334
2022-12-11 08:00:00,98.95613333333334
2022-12-11 09:00:00,382.6451666666666
2022-12-11 10:00:00,444.151
2022-12-11 11:00:00,484.55533333333335
2022-12-11 12:00:00,511.93850000000003
2022-12-11 13:00:00,243.89496666666668
2022-12-11 14:00:00,125.77663333333334
2022-12-11 15:00:00,149.72296666666668
2022-12-11 16:00:00,63.44446666666667
2022-12-11 17:00:00,19.768533333333334
2022-12-11 18:00:00,12.659933333333333
2022-12-11 19:00:00,13.109
2022-12-11 20:00:00,13.340916666666667
2022-12-11 21:00:00,13.852083333333333
2022-12-11 22:00:00,14.524216666666666
2022-12-11 23:00:00,14.579233333333333
2022-12-12 00:00:00,14.590166666666667
2022-12-12 01:00:00,14.608816666666666
2022-12-12 02:00:00,15.205566666666668
2022-12-12 03:00:00,15.417666666666666
2022-12-12 04:00:00,15.46945
2022-12-12 05:00:00,15.75285
2022-12-12 06:00:00,16.157983333333334
2022-12-12 07:00:00,36.38125
2022-12-12 08:00:00,126.17476666666667
2022-12-12 09:00:00,264.4431666666667
2022-12-12 10:00:00,299.86633333333333
2022-12-12 11:00:00,468.58200000000005
2022-12-12 12:00:00,361.1118333333333
2022-12-12 13:00:00,490.7416666666667
2022-12-12 14:00:00,367.8875
2022-12-12 15:00:00,198.00833333333333
2022-12-12 16:00:00,73.50956666666666
2022-12-12 17:00:00,24.250633333333333
2022-12-12 18:00:00,16.206083333333332
2022-12-12 19:00:00,16.555783333333334
2022-12-12 20:00:00,16.4937
2022-12-12 21:00:00,16.43198333333333
2022-12-12 22:00:00,16.653066666666668
2022-12-12 23:00:00,16.973650000000003
2022-12-13 00:00:00,17.1377
2022-12-13 01:00:00,17.185616666666668
2022-12-13 02:00:00,17.169
2022-12-13 03:00:00,17.19861666666667
2022-12-13 04:00:00,17.533933333333334
2022-12-13 05:00:00,17.763783333333333
2022-12-13 06:00:00,18.119149999999998
2022-12-13 07:00:00,34.23905
2022-12-13 08:00:00,69.02108333333334
2022-12-13 09:00:00,135.66621666666666
2022-12-13 10:00:00,198.947
2022-12-13 11:00:00,246.50383333333332
2022-12-13 12:00:00,306.49399999999997
2022-12-13 13:00:00,271.745
2022-12-13 14:00:00,91.11963333333333
2022-12-13 15:00:00,89.69266666666667
2022-12-13 16:00:00,46.82306666666667
2022-12-13 17:00:00,20.276200000000003
2022-12-13 18:00:00,16.366933333333336
2022-12-13 19:00:00,15.479783333333334
2022-12-13 20:00:00,14.831733333333334
2022-12-13 21:00:00,14.539533333333333
2022-12-13 22:00:00,14.3719
2022-12-13 23:00:00,14.458316666666667
2022-12-14 00:00:00,14.82145
2022-12-14 01:00:00,14.1805
2022-12-14 02:00:00,13.86755
2022-12-14 03:00:00,13.820083333333333
2022-12-14 04:00:00,13.5516
2022-12-14 05:00:00,13.576783333333333
2022-12-14 06:00:00,13.586783333333333
2022-12-14 07:00:00,23.62298333333333
2022-12-14 08:00:00,50.05626666666667
2022-12-14 09:00:00,75.18438333333333
2022-12-14 10:00:00,92.10376666666666
2022-12-14 11:00:00,125.48434999999999
2022-12-14 12:00:00,111.22781666666667
2022-12-14 13:00:00,87.9149
2022-12-14 14:00:00,63.523183333333336
2022-12-14 15:00:00,53.26403333333334
2022-12-14 16:00:00,41.68788333333334
2022-12-14 17:00:00,19.054566666666666
2022-12-14 18:00:00,14.6086
2022-12-14 19:00:00,14.641833333333333
2022-12-14 20:00:00,15.085199999999999
2022-12-14 21:00:00,15.300816666666666
2022-12-14 22:00:00,15.451566666666666
2022-12-14 23:00:00,15.600249999999999
2022-12-15 00:00:00,15.41625
2022-12-15 01:00:00,15.105583333333334
2022-12-15 02:00:00,14.720583333333334
2022-12-15 03:00:00,14.41505
2022-12-15 04:00:00,14.753766666666667
2022-12-15 05:00:00,15.140383333333334
2022-12-15 06:00:00,14.536083333333332
2022-12-15 07:00:00,23.753383333333332
2022-12-15 08:00:00,43.7614
2022-12-15 09:00:00,62.014
2022-12-15 10:00:00,108.3391
2022-12-15 11:00:00,165.808
2022-12-15 12:00:00,165.03638333333336
2022-12-15 13:00:00,127.60979999999999
2022-12-15 14:00:00,115.90575
2022-12-15 15:00:00,89.17014999999999
2022-12-15 16:00:00,45.470416666666665
2022-12-15 17:00:00,21.961483333333334
2022-12-15 18:00:00,17.603866666666665
2022-12-15 19:00:00,17.599133333333334
2022-12-15 20:00:00,17.245866666666664
2022-12-15 21:00:00,17.798066666666667
2022-12-15 22:00:00,17.352483333333335
2022-12-15 23:00:00,17.083683333333333
2022-12-16 00:00:00,16.5481
2022-12-16 01:00:00,17.604816666666668
2022-12-16 02:00:00,18.0095
2022-12-16 03:00:00,16.903066666666668
2022-12-16 04:00:00,17.147616666666668
2022-12-16 05:00:00,17.459966666666666
2022-12-16 06:00:00,18.283333333333335
2022-12-16 07:00:00,27.034083333333335
2022-12-16 08:00:00,37.50256666666667
2022-12-16 09:00:00,56.76293333333333
2022-12-16 10:00:00,78.14508333333333
2022-12-16 11:00:00,82.29286666666667
2022-12-16 12:00:00,106.54576666666667
2022-12-16 13:00:00,129.59626666666665
2022-12-16 14:00:00,103.36723333333333
2022-12-16 15:00:00,79.84781666666666
2022-12-16 16:00:00,40.743383333333334
2022-12-16 17:00:00,22.745116666666664
2022-12-16 18:00:00,19.063066666666668
2022-12-16 19:00:00,18.308183333333332
2022-12-16 20:00:00,18.292816666666667
2022-12-16 21:00:00,18.254733333333334
2022-12-16 22:00:00,17.77491666666667
2022-12-16 23:00:00,17.292916666666667
2022-12-17 00:00:00,17.4902
2022-12-17 01:00:00,16.78183333333333
2022-12-17 02:00:00,16.921100000000003
2022-12-17 03:00:00,17.428983333333335
2022-12-17 04:00:00,16.135933333333334
2022-12-17 05:00:00,16.140783333333335
2022-12-17 06:00:00,16.463383333333333
2022-12-17 07:00:00,29.227116666666667
2022-12-17 08:00:00,67.93866666666666
2022-12-17 09:00:00,105.95108333333333
2022-12-17 10:00:00,160.70716666666667
2022-12-17 11:00:00,179.10583333333335
2022-12-17 12:00:00,174.92983333333333
2022-12-17 13:00:00,164.87533333333334
2022-12-17 14:00:00,185.22183333333334
2022-12-17 15:00:00,132.28799999999998
2022-12-17 16:00:00,93.07008333333333
2022-12-17 17:00:00,32.751783333333336
2022-12-17 18:00:00,24.226533333333332
2022-12-17 19:00:00,24.13495
2022-12-17 20:00:00,23.932466666666663
2022-12-17 21:00:00,23.437683333333332
2022-12-17 22:00:00,23.071933333333334
2022-12-17 23:00:00,23.00075
2022-12-18 00:00:00,22.439383333333335
2022-12-18 01:00:00,21.527866666666668
2022-12-18 02:00:00,21.625983333333334
2022-12-18 03:00:00,21.497416666666666
2022-12-18 04:00:00,20.54028333333333
2022-12-18 05:00:00,19.88791666666667
2022-12-18 06:00:00,19.714383333333334
2022-12-18 07:00:00,35.78518333333333
2022-12-18 08:00:00,194.55679999999998
2022-12-18 09:00:00,474.88483333333335
2022-12-18 10:00:00,520.0288333333333
2022-12-18 11:00:00,604.993
2022-12-18 12:00:00,622.4323333333334
2022-12-18 13:00:00,575.547
2022-12-18 14:00:00,485.10383333333334
2022-12-18 15:00:00,268.67325
2022-12-18 16:00:00,36.43376666666666
2022-12-18 17:00:00,20.41155
2022-12-18 18:00:00,10.603716666666665
2022-12-18 19:00:00,10.604883333333333
2022-12-18 20:00:00,10.57005
2022-12-18 21:00:00,10.38025
2022-12-18 22:00:00,10.168631666666666
2022-12-18 23:00:00,10.153996666666668
2022-12-19 00:00:00,10.056491666666666
2022-12-19 01:00:00,9.966385
2022-12-19 02:00:00,10.433983333333334
2022-12-19 03:00:00,10.354798333333333
2022-12-19 04:00:00,10.307055
2022-12-19 05:00:00,10.5923
2022-12-19 06:00:00,11.045266666666667
2022-12-19 07:00:00,36.1517
2022-12-19 08:00:00,179.07335
2022-12-19 09:00:00,367.50766666666664
2022-12-19 10:00:00,524.0051666666667
2022-12-19 11:00:00,596.2890000000001
2022-12-19 12:00:00,613.5526666666667
2022-12-19 13:00:00,556.0336666666666
2022-12-19 14:00:00,461.1565
2022-12-19 15:00:00,257.40155
2022-12-19 16:00:00,36.33220000000001
2022-12-19 17:00:00,17.079385
2022-12-19 18:00:00,7.062588333333333
2022-12-19 19:00:00,7.066381666666667
2022-12-19 20:00:00,7.486288333333333
2022-12-19 21:00:00,8.224436666666668
2022-12-19 22:00:00,8.636591666666668
2022-12-19 23:00:00,9.746033333333333
2022-12-20 00:00:00,9.953055
2022-12-20 01:00:00,10.028811666666666
2022-12-20 02:00:00,9.954105
2022-12-20 03:00:00,9.862235
2022-12-20 04:00:00,9.496186666666667
2022-12-20 05:00:00,9.481743333333332
2022-12-20 06:00:00,10.853056666666667
2022-12-20 07:00:00,47.704116666666664
2022-12-20 08:00:00,152.79926666666668
2022-12-20 09:00:00,229.35433333333333
2022-12-20 10:00:00,417.3965
2022-12-20 11:00:00,476.4578333333333
2022-12-20 12:00:00,579.1958333333333
2022-12-20 13:00:00,532.6496666666667
2022-12-20 14:00:00,419.3375
2022-12-20 15:00:00,242.51003333333335
2022-12-20 16:00:00,62.15405
2022-12-20 17:00:00,21.501250000000002
2022-12-20 18:00:00,10.774116666666666
2022-12-20 19:00:00,10.719583333333333
2022-12-20 20:00:00,11.754
2022-12-20 21:00:00,11.884683333333333
2022-12-20 22:00:00,12.204649999999999
2022-12-20 23:00:00,13.01425
2022-12-21 00:00:00,13.884433333333334
2022-12-21 01:00:00,14.404783333333334
2022-12-21 02:00:00,14.00625
2022-12-21 03:00:00,14.571533333333333
2022-12-21 04:00:00,14.976633333333332
2022-12-21 05:00:00,15.381383333333334
2022-12-21 06:00:00,15.49385
2022-12-21 07:00:00,57.08343333333333
2022-12-21 08:00:00,188.44806666666668
2022-12-21 09:00:00,398.4728333333333
2022-12-21 10:00:00,507.5833333333333
2022-12-21 11:00:00,575.1830000000001
2022-12-21 12:00:00,596.2913333333333
2022-12-21 13:00:00,551.1118333333333
2022-12-21 14:00:00,459.5588333333333
2022-12-21 15:00:00,261.85378333333335
2022-12-21 16:00:00,42.21158333333334
2022-12-21 17:00:00,21.182158333333334
2022-12-21 18:00:00,9.29451
2022-12-21 19:00:00,9.263631666666667
2022-12-21 20:00:00,8.884905
2022-12-21 21:00:00,8.820643333333333
2022-12-21 22:00:00,8.640455000000001
2022-12-21 23:00:00,8.698336666666668
2022-12-22 00:00:00,8.814706666666666
2022-12-22 01:00:00,8.908815
2022-12-22 02:00:00,9.028676666666666
2022-12-22 03:00:00,9.273863333333333
2022-12-22 04:00:00,9.27591
2022-12-22 05:00:00,9.275843333333333
2022-12-22 06:00:00,9.909446666666668
2022-12-22 07:00:00,74.92893333333333
2022-12-22 08:00:00,265.5681666666667
2022-12-22 09:00:00,424.9388333333334
2022-12-22 10:00:00,536.9708333333333
2022-12-22 11:00:00,610.5556666666666
2022-12-22 12:00:00,631.9328333333334
2022-12-22 13:00:00,577.5541666666667
2022-12-22 14:00:00,481.59883333333335
2022-12-22 15:00:00,271.74281666666667
2022-12-22 16:00:00,34.64593333333333
2022-12-22 17:00:00,15.342113333333334
2022-12-22 18:00:00,4.328053333333333
2022-12-22 19:00:00,4.3853816666666665
2022-12-22 20:00:00,4.801378333333333
2022-12-22 21:00:00,5.292855
2022-12-22 22:00:00,5.476813333333333
2022-12-22 23:00:00,5.7197016666666665
2022-12-23 00:00:00,5.972061666666666
2022-12-23 01:00:00,5.985321666666667
2022-12-23 02:00:00,5.9636016666666665
2022-12-23 03:00:00,5.9821550000000006
2022-12-23 04:00:00,6.044861666666667
2022-12-23 05:00:00,6.36346
2022-12-23 06:00:00,7.103953333333333
2022-12-23 07:00:00,75.62736666666666
2022-12-23 08:00:00,194.049
2022-12-23 09:00:00,411.2943333333333
2022-12-23 10:00:00,530.3525000000001
2022-12-23 11:00:00,604.804
2022-12-23 12:00:00,611.1186666666667
2022-12-23 13:00:00,556.9405
2022-12-23 14:00:00,456.8191666666667
2022-12-23 15:00:00,272.11851666666666
2022-12-23 16:00:00,35.959399999999995
2022-12-23 17:00:00,16.079505
2022-12-23 18:00:00,4.5807416666666665
2022-12-23 19:00:00,4.656718333333333
2022-12-23 20:00:00,5.166736666666666
2022-12-23 21:00:00,5.289938333333334
2022-12-23 22:00:00,5.739025
2022-12-23 23:00:00,5.961799999999999
2022-12-24 00:00:00,6.121931666666667
2022-12-24 01:00:00,6.830603333333333
2022-12-24 02:00:00,7.134428333333333
2022-12-24 03:00:00,6.908228333333333
2022-12-24 04:00:00,6.698393333333333
2022-12-24 05:00:00,6.6252716666666664
2022-12-24 06:00:00,7.065416666666667
2022-12-24 07:00:00,61.53666666666666
2022-12-24 08:00:00,234.75416666666666
2022-12-24 09:00:00,400.7425
2022-12-24 10:00:00,519.2040000000001
2022-12-24 11:00:00,592.2216666666667
2022-12-24 12:00:00,617.0345
2022-12-24 13:00:00,553.5455000000001
2022-12-24 14:00:00,463.4626666666666
2022-12-24 15:00:00,271.7809833333333
2022-12-24 16:00:00,36.19955
2022-12-24 17:00:00,15.845521666666667
2022-12-24 18:00:00,4.64347
2022-12-24 19:00:00,4.645638333333333
2022-12-24 20:00:00,4.70274
2022-12-24 21:00:00,5.321205
2022-12-24 22:00:00,5.926843333333333
2022-12-24 23:00:00,5.965508333333333
2022-12-25 00:00:00,6.274875
2022-12-25 01:00:00,7.009285
2022-12-25 02:00:00,7.1824
2022-12-25 03:00:00,6.985765
2022-12-25 04:00:00,6.625533333333333
2022-12-25 05:00:00,6.428673333333333
2022-12-25 06:00:00,6.922298333333333
2022-12-25 07:00:00,58.20583333333333
2022-12-25 08:00:00,232.74200000000002
2022-12-25 09:00:00,394.47566666666665
2022-12-25 10:00:00,495.72249999999997
2022-12-25 11:00:00,561.1091666666667
2022-12-25 12:00:00,581.9118333333333
2022-12-25 13:00:00,544.8688333333333
2022-12-25 14:00:00,456.73516666666666
2022-12-25 15:00:00,275.0532666666667
2022-12-25 16:00:00,37.04338333333333
2022-12-25 17:00:00,18.701185000000002
2022-12-25 18:00:00,7.2610383333333335
2022-12-25 19:00:00,7.28911
2022-12-25 20:00:00,7.289148333333333
2022-12-25 21:00:00,7.313098333333333
2022-12-25 22:00:00,8.227738333333333
2022-12-25 23:00:00,8.605013333333334
2022-12-26 00:00:00,8.630815
2022-12-26 01:00:00,8.7543
2022-12-26 02:00:00,8.815248333333333
2022-12-26 03:00:00,8.789715
2022-12-26 04:00:00,8.722336666666667
2022-12-26 05:00:00,8.878973333333333
2022-12-26 06:00:00,9.694663333333333
2022-12-26 07:00:00,57.60198333333334
2022-12-26 08:00:00,241.66199999999998
2022-12-26 09:00:00,388.7418333333333
2022-12-26 10:00:00,482.8738333333333
2022-12-26 11:00:00,560.1768333333333
2022-12-26 12:00:00,576.2835
2022-12-26 13:00:00,537.0316666666666
2022-12-26 14:00:00,450.9513333333333
2022-12-26 15:00:00,272.69641666666666
2022-12-26 16:00:00,43.33093333333333
2022-12-26 17:00:00,20.202883333333332
2022-12-26 18:00:00,7.479705
2022-12-26 19:00:00,7.320291666666667
2022-12-26 20:00:00,7.861558333333334
2022-12-26 21:00:00,8.59413
2022-12-26 22:00:00,8.614210000000002
2022-12-26 23:00:00,8.704408333333333
2022-12-27 00:00:00,9.078045
2022-12-27 01:00:00,9.103958333333333
2022-12-27 02:00:00,9.109738333333333
2022-12-27 03:00:00,9.406218333333333
2022-12-27 04:00:00,9.533154999999999
2022-12-27 05:00:00,9.520383333333333
2022-12-27 06:00:00,10.194484999999998
2022-12-27 07:00:00,55.67048333333333
2022-12-27 08:00:00,221.33599999999998
2022-12-27 09:00:00,377.79583333333335
2022-12-27 10:00:00,490.30550000000005
2022-12-27 11:00:00,547.9123333333333
2022-12-27 12:00:00,569.2848333333333
2022-12-27 13:00:00,526.9791666666666
2022-12-27 14:00:00,439.49916666666667
2022-12-27 15:00:00,272.3822333333333
2022-12-27 16:00:00,49.177283333333335
2022-12-27 17:00:00,23.048038333333334
2022-12-27 18:00:00,8.901795
2022-12-27 19:00:00,9.271755
2022-12-27 20:00:00,9.402641666666666
2022-12-27 21:00:00,10.205083333333334
2022-12-27 22:00:00,10.597150000000001
2022-12-27 23:00:00,10.574950000000001
2022-12-28 00:00:00,10.5473
2022-12-28 01:00:00,10.562416666666667
2022-12-28 02:00:00,10.38285
2022-12-28 03:00:00,10.4329
2022-12-28 04:00:00,10.411166666666668
2022-12-28 05:00:00,10.516233333333334
2022-12-28 06:00:00,11.17155
2022-12-28 07:00:00,53.52441666666667
2022-12-28 08:00:00,215.07933333333332
2022-12-28 09:00:00,374.3478333333333
2022-12-28 10:00:00,491.2316666666667
2022-12-28 11:00:00,561.1791666666667
2022-12-28 12:00:00,587.6646666666667
2022-12-28 13:00:00,540.8795
2022-12-28 14:00:00,450.1261666666667
2022-12-28 15:00:00,271.56315
2022-12-28 16:00:00,48.2714
2022-12-28 17:00:00,20.386343333333333
2022-12-28 18:00:00,6.33693
2022-12-28 19:00:00,6.6228066666666665
2022-12-28 20:00:00,6.65285
2022-12-28 21:00:00,7.477413333333333
2022-12-28 22:00:00,8.132171666666666
2022-12-28 23:00:00,8.687465
2022-12-29 00:00:00,8.984031666666665
2022-12-29 01:00:00,8.91818
2022-12-29 02:00:00,8.371963333333333
2022-12-29 03:00:00,8.75164
2022-12-29 04:00:00,8.558815000000001
2022-12-29 05:00:00,8.344041666666666
2022-12-29 06:00:00,9.079028333333333
2022-12-29 07:00:00,23.30206666666667
2022-12-29 08:00:00,84.09033333333333
2022-12-29 09:00:00,194.22916666666666
2022-12-29 10:00:00,305.15616666666665
2022-12-29 11:00:00,408.8345
2022-12-29 12:00:00,426.64383333333336
2022-12-29 13:00:00,506.106
2022-12-29 14:00:00,452.1345
2022-12-29 15:00:00,272.19145
2022-12-29 16:00:00,58.372600000000006
2022-12-29 17:00:00,26.0914
2022-12-29 18:00:00,11.501616666666667
2022-12-29 19:00:00,11.222516666666667
2022-12-29 20:00:00,11.175116666666666
2022-12-29 21:00:00,11.22365
2022-12-29 22:00:00,10.933283333333332
2022-12-29 23:00:00,10.77905
2022-12-30 00:00:00,11.147333333333334
2022-12-30 01:00:00,10.6638
2022-12-30 02:00:00,10.705216666666667
2022-12-30 03:00:00,10.819633333333334
2022-12-30 04:00:00,10.311623333333333
2022-12-30 05:00:00,10.109305
2022-12-30 06:00:00,10.226123333333334
2022-12-30 07:00:00,47.690900000000006
2022-12-30 08:00:00,189.77733333333333
2022-12-30 09:00:00,341.9285
2022-12-30 10:00:00,451.0783333333333
2022-12-30 11:00:00,529.4113333333333
2022-12-30 12:00:00,563.8359999999999
2022-12-30 13:00:00,519.6021666666667
2022-12-30 14:00:00,438.53133333333335
2022-12-30 15:00:00,276.70646666666664
2022-12-30 16:00:00,54.80798333333333
2022-12-30 17:00:00,23.997295
2022-12-30 18:00:00,8.727706666666668
2022-12-30 19:00:00,8.623671666666667
2022-12-30 20:00:00,8.861228333333333
2022-12-30 21:00:00,9.043526666666667
2022-12-30 22:00:00,9.117385
2022-12-30 23:00:00,9.143941666666667
2022-12-31 00:00:00,8.682398333333333
2022-12-31 01:00:00,8.662318333333333
2022-12-31 02:00:00,9.047268333333333
2022-12-31 03:00:00,8.988423333333333
2022-12-31 04:00:00,9.079053333333333
2022-12-31 05:00:00,8.821533333333333
2022-12-31 06:00:00,9.059356666666668
2022-12-31 07:00:00,50.935966666666666
2022-12-31 08:00:00,210.35
2022-12-31 09:00:00,366.9831666666667
2022-12-31 10:00:00,485.0903333333333
2022-12-31 11:00:00,562.303
2022-12-31 12:00:00,593.7215
2022-12-31 13:00:00,555.0215000000001
2022-12-31 14:00:00,456.05316666666664
2022-12-31 15:00:00,287.7586
2022-12-31 16:00:00,49.42855
2022-12-31 17:00:00,23.13229833333333
2022-12-31 18:00:00,7.74909
2022-12-31 19:00:00,7.781233333333334
2022-12-31 20:00:00,7.676218333333334
2022-12-31 21:00:00,7.81137
2022-12-31 22:00:00,7.958643333333333
2022-12-31 23:00:00,8.727865000000001
2023-01-01 00:00:00,9.11727
2023-01-01 01:00:00,8.834354999999999
2023-01-01 02:00:00,8.649203333333334
2023-01-01 03:00:00,9.02507
2023-01-01 04:00:00,9.545934999999998
2023-01-01 05:00:00,9.698833333333333
2023-01-01 06:00:00,9.967646666666667
2023-01-01 07:00:00,31.211650000000002
2023-01-01 08:00:00,99.81148333333334
2023-01-01 09:00:00,201.625
2023-01-01 10:00:00,290.6788833333333
2023-01-01 11:00:00,305.8193333333333
2023-01-01 12:00:00,270.74666666666667
2023-01-01 13:00:00,356.24966666666666
2023-01-01 14:00:00,288.70616666666666
2023-01-01 15:00:00,184.75349999999997
2023-01-01 16:00:00,111.03423333333333
2023-01-01 17:00:00,33.056666666666665
2023-01-01 18:00:00,16.215083333333332
2023-01-01 19:00:00,16.6705
2023-01-01 20:00:00,17.5356
2023-01-01 21:00:00,18.17751666666667
2023-01-01 22:00:00,18.218033333333334
2023-01-01 23:00:00,18.499366666666667
2023-01-02 00:00:00,17.876116666666668
2023-01-02 01:00:00,18.35186666666667
2023-01-02 02:00:00,18.914083333333334
2023-01-02 03:00:00,19.16981666666667
2023-01-02 04:00:00,19.263699999999996
2023-01-02 05:00:00,19.5165
2023-01-02 06:00:00,19.783250000000002
2023-01-02 07:00:00,52.68763333333333
2023-01-02 08:00:00,169.333
2023-01-02 09:00:00,262.3771666666667
2023-01-02 10:00:00,543.7916666666666
2023-01-02 11:00:00,414.6361666666667
2023-01-02 12:00:00,364.8775
2023-01-02 13:00:00,337.233
2023-01-02 14:00:00,257.97211666666664
2023-01-02 15:00:00,189.94786666666667
2023-01-02 16:00:00,65.3185
2023-01-02 17:00:00,33.998216666666664
2023-01-02 18:00:00,16.49181666666667
2023-01-02 19:00:00,15.904333333333334
2023-01-02 20:00:00,15.886349999999998
2023-01-02 21:00:00,15.633433333333333
2023-01-02 22:00:00,15.478000000000002
2023-01-02 23:00:00,16.381416666666667
2023-01-03 00:00:00,16.3498
2023-01-03 01:00:00,16.573150000000002
2023-01-03 02:00:00,16.596716666666666
2023-01-03 03:00:00,16.55135
2023-01-03 04:00:00,16.669066666666666
2023-01-03 05:00:00,16.76815
2023-01-03 06:00:00,17.029266666666665
2023-01-03 07:00:00,45.253299999999996
2023-01-03 08:00:00,103.3273
2023-01-03 09:00:00,169.35399999999998
2023-01-03 10:00:00,209.0755
2023-01-03 11:00:00,292.91866666666664
2023-01-03 12:00:00,338.8011666666667
2023-01-03 13:00:00,250.87085
2023-01-03 14:00:00,159.43783333333334
2023-01-03 15:00:00,137.5405
2023-01-03 16:00:00,108.81508333333333
2023-01-03 17:00:00,31.8453
2023-01-03 18:00:00,17.128783333333335
2023-01-03 19:00:00,17.14606666666667
2023-01-03 20:00:00,16.652183333333333
2023-01-03 21:00:00,17.59763333333333
2023-01-03 22:00:00,18.50335
2023-01-03 23:00:00,18.847466666666666
2023-01-04 00:00:00,18.712033333333334
2023-01-04 01:00:00,18.592399999999998
2023-01-04 02:00:00,18.312316666666668
2023-01-04 03:00:00,18.135533333333335
2023-01-04 04:00:00,17.725466666666666
2023-01-04 05:00:00,18.3703
2023-01-04 06:00:00,18.971933333333332
2023-01-04 07:00:00,24.075466666666667
2023-01-04 08:00:00,46.876083333333334
2023-01-04 09:00:00,104.49616666666667
2023-01-04 10:00:00,306.67466666666667
2023-01-04 11:00:00,467.08116666666666
2023-01-04 12:00:00,555.5683333333333
2023-01-04 13:00:00,436.6666666666667
2023-01-04 14:00:00,394.91533333333336
2023-01-04 15:00:00,210.51975
2023-01-04 16:00:00,99.67566666666667
2023-01-04 17:00:00,38.32936666666667
2023-01-04 18:00:00,13.378350000000001
2023-01-04 19:00:00,13.273366666666668
2023-01-04 20:00:00,13.91485
2023-01-04 21:00:00,14.039216666666666
2023-01-04 22:00:00,13.737300000000001
2023-01-04 23:00:00,13.855483333333332
2023-01-05 00:00:00,14.004533333333335
2023-01-05 01:00:00,14.105633333333333
2023-01-05 02:00:00,14.198216666666667
2023-01-05 03:00:00,14.5223
2023-01-05 04:00:00,14.84225
2023-01-05 05:00:00,15.280016666666667
2023-01-05 06:00:00,15.570916666666667
2023-01-05 07:00:00,31.35011666666667
2023-01-05 08:00:00,119.09373333333333
2023-01-05 09:00:00,262.59583333333336
2023-01-05 10:00:00,431.6831666666667
2023-01-05 11:00:00,569.5511666666666
2023-01-05 12:00:00,582.8580000000001
2023-01-05 13:00:00,554.5623333333333
2023-01-05 14:00:00,458.8426666666667
2023-01-05 15:00:00,306.50008333333335
2023-01-05 16:00:00,59.3804
2023-01-05 17:00:00,27.04745
2023-01-05 18:00:00,10.665716666666667
2023-01-05 19:00:00,10.595511666666665
2023-01-05 20:00:00,10.350999999999999
2023-01-05 21:00:00,10.505400000000002
2023-01-05 22:00:00,10.8738
2023-01-05 23:00:00,11.177133333333334
2023-01-06 00:00:00,11.372766666666667
2023-01-06 01:00:00,11.514266666666666
2023-01-06 02:00:00,13.384066666666666
2023-01-06 03:00:00,14.394083333333333
2023-01-06 04:00:00,14.171683333333334
2023-01-06 05:00:00,12.756300000000001
2023-01-06 06:00:00,13.054499999999999
2023-01-06 07:00:00,53.23551666666666
2023-01-06 08:00:00,207.69279999999998
2023-01-06 09:00:00,389.48283333333336
2023-01-06 10:00:00,507.5195
2023-01-06 11:00:00,586.3856666666667
2023-01-06 12:00:00,499.74916666666667
2023-01-06 13:00:00,578.9553333333333
2023-01-06 14:00:00,494.0158333333333
2023-01-06 15:00:00,334.89876666666663
2023-01-06 16:00:00,43.336416666666665
2023-01-06 17:00:00,24.08458166666667
2023-01-06 18:00:00,8.29808
2023-01-06 19:00:00,8.451338333333332
2023-01-06 20:00:00,8.591281666666667
2023-01-06 21:00:00,8.620986666666669
2023-01-06 22:00:00,9.178741666666667
2023-01-06 23:00:00,9.78959
2023-01-07 00:00:00,9.743711666666666
2023-01-07 01:00:00,10.498416666666666
2023-01-07 02:00:00,10.61225
2023-01-07 03:00:00,11.054116666666665
2023-01-07 04:00:00,11.44825
2023-01-07 05:00:00,12.351833333333333
2023-01-07 06:00:00,12.62575
2023-01-07 07:00:00,27.116866666666667
2023-01-07 08:00:00,85.76788333333334
2023-01-07 09:00:00,172.25349999999997
2023-01-07 10:00:00,383.4066666666667
2023-01-07 11:00:00,393.20799999999997
2023-01-07 12:00:00,406.76216666666664
2023-01-07 13:00:00,343.03683333333333
2023-01-07 14:00:00,274.84599999999995
2023-01-07 15:00:00,245.00683333333333
2023-01-07 16:00:00,103.26918333333333
2023-01-07 17:00:00,33.9632
2023-01-07 18:00:00,14.268366666666667
2023-01-07 19:00:00,14.4361
2023-01-07 20:00:00,15.403966666666665
2023-01-07 21:00:00,15.889866666666666
2023-01-07 22:00:00,15.897250000000001
2023-01-07 23:00:00,16.136383333333335
2023-01-08 00:00:00,16.388533333333335
2023-01-08 01:00:00,16.712633333333333
2023-01-08 02:00:00,17.686016666666667
2023-01-08 03:00:00,18.050416666666667
2023-01-08 04:00:00,19.2152
2023-01-08 05:00:00,20.015483333333336
2023-01-08 06:00:00,20.619083333333332
2023-01-08 07:00:00,27.431166666666666
2023-01-08 08:00:00,52.14476666666667
2023-01-08 09:00:00,74.2008
2023-01-08 10:00:00,111.10433333333334
2023-01-08 11:00:00,113.56336666666667
2023-01-08 12:00:00,124.72306666666667
2023-01-08 13:00:00,162.96971666666667
2023-01-08 14:00:00,150.3105
2023-01-08 15:00:00,104.30308333333333
2023-01-08 16:00:00,58.79705
2023-01-08 17:00:00,26.522966666666665
2023-01-08 18:00:00,21.801766666666666
2023-01-08 19:00:00,18.3872
2023-01-08 20:00:00,15.85185
2023-01-08 21:00:00,17.61335
2023-01-08 22:00:00,20.304266666666663
2023-01-08 23:00:00,22.853533333333335
2023-01-09 00:00:00,23.885949999999998
2023-01-09 01:00:00,25.1035
2023-01-09 02:00:00,25.88746666666667
2023-01-09 03:00:00,23.4029
2023-01-09 04:00:00,21.340483333333335
2023-01-09 05:00:00,22.8314
2023-01-09 06:00:00,23.92781666666667
2023-01-09 07:00:00,32.27268333333333
2023-01-09 08:00:00,72.40188333333334
2023-01-09 09:00:00,134.59813333333332
2023-01-09 10:00:00,160.76466666666664
2023-01-09 11:00:00,193.34216666666669
2023-01-09 12:00:00,219.75966666666667
2023-01-09 13:00:00,209.49583333333334
2023-01-09 14:00:00,107.75863333333334
2023-01-09 15:00:00,75.0904
2023-01-09 16:00:00,44.829316666666664
2023-01-09 17:00:00,28.37746666666667
2023-01-09 18:00:00,21.47256666666667
2023-01-09 19:00:00,18.825566666666667
2023-01-09 20:00:00,18.7375
2023-01-09 21:00:00,19.683933333333336
2023-01-09 22:00:00,19.372700000000002
2023-01-09 23:00:00,18.686799999999998
2023-01-10 00:00:00,18.11628333333333
2023-01-10 01:00:00,17.75595
2023-01-10 02:00:00,18.983266666666665
2023-01-10 03:00:00,19.0514
2023-01-10 04:00:00,18.512249999999998
2023-01-10 05:00:00,18.34101666666667
2023-01-10 06:00:00,19.53151666666667
2023-01-10 07:00:00,23.246883333333336
2023-01-10 08:00:00,48.76365
2023-01-10 09:00:00,75.81583333333333
2023-01-10 10:00:00,100.10873333333333
2023-01-10 11:00:00,70.10598333333334
2023-01-10 12:00:00,98.43836666666667
2023-01-10 13:00:00,83.61483333333334
2023-01-10 14:00:00,74.49345
2023-01-10 15:00:00,50.41905
2023-01-10 16:00:00,52.80901666666667
2023-01-10 17:00:00,26.00026666666667
2023-01-10 18:00:00,18.597916666666666
2023-01-10 19:00:00,18.9497
2023-01-10 20:00:00,19.123283333333333
2023-01-10 21:00:00,18.793366666666667
2023-01-10 22:00:00,18.840899999999998
2023-01-10 23:00:00,17.672083333333333
2023-01-11 00:00:00,17.55231666666667
2023-01-11 01:00:00,16.836666666666666
2023-01-11 02:00:00,18.362516666666668
2023-01-11 03:00:00,17.55
2023-01-11 04:00:00,15.792716666666667
2023-01-11 05:00:00,14.5573
2023-01-11 06:00:00,14.37495
2023-01-11 07:00:00,17.527633333333334
2023-01-11 08:00:00,44.92385
2023-01-11 09:00:00,57.56243333333334
2023-01-11 10:00:00,74.24681666666667
2023-01-11 11:00:00,167.18025
2023-01-11 12:00:00,160.96633333333332
2023-01-11 13:00:00,235.3695
2023-01-11 14:00:00,214.46483333333333
2023-01-11 15:00:00,155.5825
2023-01-11 16:00:00,62.4945
2023-01-11 17:00:00,28.701816666666666
2023-01-11 18:00:00,20.02625
2023-01-11 19:00:00,18.90961666666667
2023-01-11 20:00:00,19.485683333333334
2023-01-11 21:00:00,19.64383333333333
2023-01-11 22:00:00,20.32615
2023-01-11 23:00:00,19.796499999999998
2023-01-12 00:00:00,19.529749999999996
2023-01-12 01:00:00,18.22345
2023-01-12 02:00:00,19.11596666666667
2023-01-12 03:00:00,20.479666666666667
2023-01-12 04:00:00,19.708899999999996
2023-01-12 05:00:00,18.842283333333334
2023-01-12 06:00:00,18.41155
2023-01-12 07:00:00,21.78275
2023-01-12 08:00:00,32.49476666666666
2023-01-12 09:00:00,43.04043333333333
2023-01-12 10:00:00,66.76401666666666
2023-01-12 11:00:00,70.49385000000001
2023-01-12 12:00:00,64.57345000000001
2023-01-12 13:00:00,51.745533333333334
2023-01-12 14:00:00,57.948366666666665
2023-01-12 15:00:00,52.599399999999996
2023-01-12 16:00:00,48.44396666666667
2023-01-12 17:00:00,24.464083333333335
2023-01-12 18:00:00,19.757133333333336
2023-01-12 19:00:00,19.661416666666664
2023-01-12 20:00:00,19.20311666666667
2023-01-12 21:00:00,16.52585
2023-01-12 22:00:00,15.616666666666667
2023-01-12 23:00:00,15.602283333333332
2023-01-13 00:00:00,16.012449999999998
2023-01-13 01:00:00,16.873833333333334
2023-01-13 02:00:00,17.12745
2023-01-13 03:00:00,17.054016666666666
2023-01-13 04:00:00,16.943666666666665
2023-01-13 05:00:00,16.501566666666665
2023-01-13 06:00:00,16.4685
2023-01-13 07:00:00,23.977533333333334
2023-01-13 08:00:00,39.03136666666667
2023-01-13 09:00:00,58.877433333333336
2023-01-13 10:00:00,130.08791666666667
2023-01-13 11:00:00,182.30266666666665
2023-01-13 12:00:00,92.20103333333333
2023-01-13 13:00:00,69.9773
2023-01-13 14:00:00,55.04566666666666
2023-01-13 15:00:00,46.005433333333336
2023-01-13 16:00:00,34.654333333333334
2023-01-13 17:00:00,25.163933333333333
2023-01-13 18:00:00,18.228216666666665
2023-01-13 19:00:00,18.325766666666667
2023-01-13 20:00:00,18.23368333333333
2023-01-13 21:00:00,18.481983333333336
2023-01-13 22:00:00,19.80823333333333
2023-01-13 23:00:00,20.807299999999998
2023-01-14 00:00:00,21.455016666666666
2023-01-14 01:00:00,22.733633333333334
2023-01-14 02:00:00,22.400633333333335
2023-01-14 03:00:00,20.480016666666664
2023-01-14 04:00:00,21.215566666666668
2023-01-14 05:00:00,21.83403333333333
2023-01-14 06:00:00,22.812683333333332
2023-01-14 07:00:00,45.290616666666665
2023-01-14 08:00:00,101.16935
2023-01-14 09:00:00,189.59366666666668
2023-01-14 10:00:00,293.4259333333333
2023-01-14 11:00:00,256.52886666666666
2023-01-14 12:00:00,427.1831666666667
2023-01-14 13:00:00,375.6155
2023-01-14 14:00:00,409.2006666666667
2023-01-14 15:00:00,381.40400000000005
2023-01-14 16:00:00,82.72336666666666
2023-01-14 17:00:00,42.16495
2023-01-14 18:00:00,23.28315
2023-01-14 19:00:00,22.225683333333333
2023-01-14 20:00:00,21.729166666666668
2023-01-14 21:00:00,20.929399999999998
2023-01-14 22:00:00,19.199716666666667
2023-01-14 23:00:00,18.84355
2023-01-15 00:00:00,19.036716666666667
2023-01-15 01:00:00,18.356266666666667
2023-01-15 02:00:00,18.36165
2023-01-15 03:00:00,18.460766666666665
2023-01-15 04:00:00,17.813499999999998
2023-01-15 05:00:00,17.81566666666667
2023-01-15 06:00:00,18.110466666666664
2023-01-15 07:00:00,26.756116666666667
2023-01-15 08:00:00,65.63526666666667
2023-01-15 09:00:00,121.72035000000001
2023-01-15 10:00:00,326.4088333333333
2023-01-15 11:00:00,430.15850000000006
2023-01-15 12:00:00,136.45286666666667
2023-01-15 13:00:00,135.44126666666665
2023-01-15 14:00:00,153.8015
2023-01-15 15:00:00,94.03473333333334
2023-01-15 16:00:00,72.1627
2023-01-15 17:00:00,26.599516666666666
2023-01-15 18:00:00,17.196383333333337
2023-01-15 19:00:00,16.912516666666665
2023-01-15 20:00:00,16.310783333333333
2023-01-15 21:00:00,16.104733333333332
2023-01-15 22:00:00,15.904866666666667
2023-01-15 23:00:00,15.889416666666667
2023-01-16 00:00:00,15.814683333333333
2023-01-16 01:00:00,15.949516666666666
2023-01-16 02:00:00,15.815383333333333
2023-01-16 03:00:00,15.786
2023-01-16 04:00:00,15.7253
2023-01-16 05:00:00,15.792133333333334
2023-01-16 06:00:00,15.908333333333333
2023-01-16 07:00:00,21.78475
2023-01-16 08:00:00,53.5263
2023-01-16 09:00:00,71.44073333333334
2023-01-16 10:00:00,110.57676666666666
2023-01-16 11:00:00,168.40283333333335
2023-01-16 12:00:00,180.92216666666667
2023-01-16 13:00:00,178.24283333333332
2023-01-16 14:00:00,129.84816666666669
2023-01-16 15:00:00,106.33500000000001
2023-01-16 16:00:00,75.83686666666668
2023-01-16 17:00:00,31.794583333333332
2023-01-16 18:00:00,19.164716666666667
2023-01-16 19:00:00,18.610883333333334
2023-01-16 20:00:00,18.561733333333333
2023-01-16 21:00:00,18.935733333333335
2023-01-16 22:00:00,19.209933333333332
2023-01-16 23:00:00,19.305583333333335
2023-01-17 00:00:00,19.2043
2023-01-17 01:00:00,18.020466666666668
2023-01-17 02:00:00,17.4611
2023-01-17 03:00:00,16.759900000000002
2023-01-17 04:00:00,15.936
2023-01-17 05:00:00,15.803683333333334
2023-01-17 06:00:00,16.21025
2023-01-17 07:00:00,26.79733333333333
2023-01-17 08:00:00,111.99634999999999
2023-01-17 09:00:00,351.4905
2023-01-17 10:00:00,589.9253333333332
2023-01-17 11:00:00,287.47549999999995
2023-01-17 12:00:00,307.73633333333333
2023-01-17 13:00:00,281.935
2023-01-17 14:00:00,236.89233333333334
2023-01-17 15:00:00,188.23383333333334
2023-01-17 16:00:00,116.69265
2023-01-17 17:00:00,37.37858333333334
2023-01-17 18:00:00,19.10035
2023-01-17 19:00:00,18.5529
2023-01-17 20:00:00,18.54805
2023-01-17 21:00:00,18.551566666666666
2023-01-17 22:00:00,18.39881666666667
2023-01-17 23:00:00,18.609033333333333
2023-01-18 00:00:00,18.844749999999998
2023-01-18 01:00:00,19.070633333333333
2023-01-18 02:00:00,18.789333333333335
2023-01-18 03:00:00,18.368116666666666
2023-01-18 04:00:00,17.76063333333333
2023-01-18 05:00:00,17.207366666666665
2023-01-18 06:00:00,17.14656666666667
2023-01-18 07:00:00,69.0555
2023-01-18 08:00:00,226.54966666666667
2023-01-18 09:00:00,296.38550000000004
2023-01-18 10:00:00,488.6948333333333
2023-01-18 11:00:00,615.0653333333333
2023-01-18 12:00:00,648.9813333333333
2023-01-18 13:00:00,619.2379999999999
2023-01-18 14:00:00,531.8981666666666
2023-01-18 15:00:00,387.5075
2023-01-18 16:00:00,81.16783333333333
2023-01-18 17:00:00,27.5956
2023-01-18 18:00:00,9.46779
2023-01-18 19:00:00,8.953208333333333
2023-01-18 20:00:00,8.673848333333332
2023-01-18 21:00:00,8.613101666666667
2023-01-18 22:00:00,8.615118333333333
2023-01-18 23:00:00,8.629751666666667
2023-01-19 00:00:00,8.751335000000001
2023-01-19 01:00:00,9.158118333333334
2023-01-19 02:00:00,9.259435
2023-01-19 03:00:00,9.36615
2023-01-19 04:00:00,9.401268333333332
2023-01-19 05:00:00,9.85801
2023-01-19 06:00:00,10.393648333333335
2023-01-19 07:00:00,47.10041666666667
2023-01-19 08:00:00,201.1508333333333
2023-01-19 09:00:00,370.97116666666665
2023-01-19 10:00:00,504.54983333333337
2023-01-19 11:00:00,593.9593333333333
2023-01-19 12:00:00,615.2983333333334
2023-01-19 13:00:00,572.2343333333333
2023-01-19 14:00:00,491.8346666666667
2023-01-19 15:00:00,352.49283333333335
2023-01-19 16:00:00,85.14268333333332
2023-01-19 17:00:00,26.843866666666667
2023-01-19 18:00:00,8.35656
2023-01-19 19:00:00,7.811215000000001
2023-01-19 20:00:00,8.598663333333333
2023-01-19 21:00:00,8.975150000000001
2023-01-19 22:00:00,9.575041666666666
2023-01-19 23:00:00,9.742510000000001
2023-01-20 00:00:00,10.333266666666667
2023-01-20 01:00:00,11.472299999999999
2023-01-20 02:00:00,12.051966666666667
2023-01-20 03:00:00,12.173200000000001
2023-01-20 04:00:00,12.414733333333334
2023-01-20 05:00:00,12.54115
2023-01-20 06:00:00,12.569333333333333
2023-01-20 07:00:00,22.713250000000002
2023-01-20 08:00:00,45.2855
2023-01-20 09:00:00,109.01965
2023-01-20 10:00:00,243.19566666666665
2023-01-20 11:00:00,285.1763333333334
2023-01-20 12:00:00,470.5038333333333
2023-01-20 13:00:00,515.7925
2023-01-20 14:00:00,543.5978333333334
2023-01-20 15:00:00,323.87025
2023-01-20 16:00:00,89.74815
2023-01-20 17:00:00,29.8854
2023-01-20 18:00:00,12.371383333333334
2023-01-20 19:00:00,11.666966666666667
2023-01-20 20:00:00,11.391633333333335
2023-01-20 21:00:00,12.074983333333334
2023-01-20 22:00:00,12.580333333333332
2023-01-20 23:00:00,12.828216666666666
2023-01-21 00:00:00,12.885700000000002
2023-01-21 01:00:00,12.996316666666667
2023-01-21 02:00:00,13.230566666666666
2023-01-21 03:00:00,13.249516666666667
2023-01-21 04:00:00,13.251833333333334
2023-01-21 05:00:00,13.41555
2023-01-21 06:00:00,13.757816666666667
2023-01-21 07:00:00,21.913583333333335
2023-01-21 08:00:00,46.72936666666667
2023-01-21 09:00:00,63.488150000000005
2023-01-21 10:00:00,165.30185
2023-01-21 11:00:00,255.70833333333334
2023-01-21 12:00:00,304.6948333333333
2023-01-21 13:00:00,324.7538333333333
2023-01-21 14:00:00,214.84
2023-01-21 15:00:00,126.4501
2023-01-21 16:00:00,83.27428333333334
2023-01-21 17:00:00,32.0551
2023-01-21 18:00:00,16.224433333333334
2023-01-21 19:00:00,15.677150000000001
2023-01-21 20:00:00,15.968183333333334
2023-01-21 21:00:00,15.857466666666665
2023-01-21 22:00:00,15.939566666666668
2023-01-21 23:00:00,16.060716666666668
2023-01-22 00:00:00,16.229699999999998
2023-01-22 01:00:00,16.485466666666664
2023-01-22 02:00:00,16.459816666666665
2023-01-22 03:00:00,17.147983333333332
2023-01-22 04:00:00,17.440516666666667
2023-01-22 05:00:00,18.5101
2023-01-22 06:00:00,18.336216666666665
2023-01-22 07:00:00,22.542783333333333
2023-01-22 08:00:00,65.32523333333333
2023-01-22 09:00:00,219.72650000000002
2023-01-22 10:00:00,260.3568333333333
2023-01-22 11:00:00,495.97433333333333
2023-01-22 12:00:00,604.8178333333333
2023-01-22 13:00:00,569.0041666666667
2023-01-22 14:00:00,507.39183333333335
2023-01-22 15:00:00,369.15316666666666
2023-01-22 16:00:00,119.8151
2023-01-22 17:00:00,37.864000000000004
2023-01-22 18:00:00,14.544966666666665
2023-01-22 19:00:00,13.98075
2023-01-22 20:00:00,14.66545
2023-01-22 21:00:00,14.400583333333334
2023-01-22 22:00:00,14.442499999999999
2023-01-22 23:00:00,14.326683333333333
2023-01-23 00:00:00,13.732216666666666
2023-01-23 01:00:00,14.8347
2023-01-23 02:00:00,15.187999999999999
2023-01-23 03:00:00,14.93225
2023-01-23 04:00:00,14.844333333333333
2023-01-23 05:00:00,14.346783333333333
2023-01-23 06:00:00,14.518316666666667
2023-01-23 07:00:00,63.702933333333334
2023-01-23 08:00:00,238.32716666666664
2023-01-23 09:00:00,404.8288333333333
2023-01-23 10:00:00,506.9
2023-01-23 11:00:00,474.66383333333334
2023-01-23 12:00:00,299.4798333333334
2023-01-23 13:00:00,118.0361
2023-01-23 14:00:00,90.20211666666667
2023-01-23 15:00:00,108.24116666666667
2023-01-23 16:00:00,67.46175
2023-01-23 17:00:00,27.93453333333333
2023-01-23 18:00:00,12.909516666666667
2023-01-23 19:00:00,12.897133333333333
2023-01-23 20:00:00,13.193083333333334
2023-01-23 21:00:00,13.231966666666667
2023-01-23 22:00:00,13.360899999999999
2023-01-23 23:00:00,13.493016666666668
2023-01-24 00:00:00,13.900266666666665
2023-01-24 01:00:00,15.2583
2023-01-24 02:00:00,15.156749999999999
2023-01-24 03:00:00,14.609983333333334
2023-01-24 04:00:00,14.851616666666667
2023-01-24 05:00:00,14.754016666666667
2023-01-24 06:00:00,14.859383333333334
2023-01-24 07:00:00,26.222533333333335
2023-01-24 08:00:00,77.11721666666668
2023-01-24 09:00:00,180.837
2023-01-24 10:00:00,429.5638333333334
2023-01-24 11:00:00,603.0471666666667
2023-01-24 12:00:00,637.0055
2023-01-24 13:00:00,611.893
2023-01-24 14:00:00,524.4828333333334
2023-01-24 15:00:00,393.35499999999996
2023-01-24 16:00:00,120.70578333333333
2023-01-24 17:00:00,35.5533
2023-01-24 18:00:00,11.827333333333334
2023-01-24 19:00:00,10.5515
2023-01-24 20:00:00,10.342203333333334
2023-01-24 21:00:00,9.993188333333334
2023-01-24 22:00:00,9.94189
2023-01-24 23:00:00,9.943961666666667
2023-01-25 00:00:00,10.216628333333334
2023-01-25 01:00:00,10.240441666666667
2023-01-25 02:00:00,9.986593333333333
2023-01-25 03:00:00,9.974169999999999
2023-01-25 04:00:00,10.068725
2023-01-25 05:00:00,10.186961666666667
2023-01-25 06:00:00,10.363814999999999
2023-01-25 07:00:00,30.80476666666667
2023-01-25 08:00:00,97.62906666666666
2023-01-25 09:00:00,209.6436666666667
2023-01-25 10:00:00,285.8295
2023-01-25 11:00:00,332.9205
2023-01-25 12:00:00,318.6091666666667
2023-01-25 13:00:00,212.59783333333334
2023-01-25 14:00:00,260.11783333333335
2023-01-25 15:00:00,226.13383333333334
2023-01-25 16:00:00,125.42813333333334
2023-01-25 17:00:00,38.2524
2023-01-25 18:00:00,13.688966666666666
2023-01-25 19:00:00,14.160916666666667
2023-01-25 20:00:00,14.982783333333334
2023-01-25 21:00:00,15.045383333333332
2023-01-25 22:00:00,14.948266666666665
2023-01-25 23:00:00,15.152883333333333
2023-01-26 00:00:00,15.316433333333332
2023-01-26 01:00:00,15.341983333333333
2023-01-26 02:00:00,15.343866666666665
2023-01-26 03:00:00,15.038283333333334
2023-01-26 04:00:00,14.8949
2023-01-26 05:00:00,14.846766666666667
2023-01-26 06:00:00,15.549833333333334
2023-01-26 07:00:00,35.49328333333334
2023-01-26 08:00:00,87.91423333333334
2023-01-26 09:00:00,155.71805
2023-01-26 10:00:00,224.50750000000002
2023-01-26 11:00:00,391.86949999999996
2023-01-26 12:00:00,459.00183333333337
2023-01-26 13:00:00,499.55649999999997
2023-01-26 14:00:00,430.84616666666665
2023-01-26 15:00:00,244.8015
2023-01-26 16:00:00,121.64516666666667
2023-01-26 17:00:00,43.71705
2023-01-26 18:00:00,18.155366666666666
2023-01-26 19:00:00,17.99301666666667
2023-01-26 20:00:00,18.4587
2023-01-26 21:00:00,19.066100000000002
2023-01-26 22:00:00,19.0298
2023-01-26 23:00:00,19.347933333333334
2023-01-27 00:00:00,20.702083333333334
2023-01-27 01:00:00,21.586683333333333
2023-01-27 02:00:00,22.292366666666666
2023-01-27 03:00:00,22.423116666666665
2023-01-27 04:00:00,22.155966666666664
2023-01-27 05:00:00,21.005
2023-01-27 06:00:00,20.945833333333333
2023-01-27 07:00:00,38.558166666666665
2023-01-27 08:00:00,105.46965
2023-01-27 09:00:00,173.88816666666668
2023-01-27 10:00:00,190.07983333333334
2023-01-27 11:00:00,217.76716666666667
2023-01-27 12:00:00,201.63383333333334
2023-01-27 13:00:00,339.54183333333333
2023-01-27 14:00:00,515.1129999999999
2023-01-27 15:00:00,433.6623333333334
2023-01-27 16:00:00,187.19618333333335
2023-01-27 17:00:00,52.478566666666666
2023-01-27 18:00:00,19.89115
2023-01-27 19:00:00,17.491716666666665
2023-01-27 20:00:00,16.378733333333333
2023-01-27 21:00:00,16.556033333333332
2023-01-27 22:00:00,16.558133333333334
2023-01-27 23:00:00,16.54051666666667
2023-01-28 00:00:00,16.553716666666666
2023-01-28 01:00:00,16.564733333333333
2023-01-28 02:00:00,16.555266666666668
2023-01-28 03:00:00,16.5352
2023-01-28 04:00:00,15.69745
2023-01-28 05:00:00,14.774216666666666
2023-01-28 06:00:00,14.932316666666667
2023-01-28 07:00:00,54.48068333333333
2023-01-28 08:00:00,213.23633333333333
2023-01-28 09:00:00,383.2543333333333
2023-01-28 10:00:00,518.9168333333333
2023-01-28 11:00:00,609.9293333333334
2023-01-28 12:00:00,640.7678333333333
2023-01-28 13:00:00,602.083
2023-01-28 14:00:00,518.0400000000001
2023-01-28 15:00:00,394.27816666666666
2023-01-28 16:00:00,138.58468333333334
2023-01-28 17:00:00,32.877233333333336
2023-01-28 18:00:00,8.584
2023-01-28 19:00:00,7.179771666666666
2023-01-28 20:00:00,6.896733333333333
2023-01-28 21:00:00,6.801284999999999
2023-01-28 22:00:00,6.8821666666666665
2023-01-28 23:00:00,6.808525
2023-01-29 00:00:00,6.633865
2023-01-29 01:00:00,6.641383333333334
2023-01-29 02:00:00,6.62922
2023-01-29 03:00:00,6.563126666666666
2023-01-29 04:00:00,6.2703983333333335
2023-01-29 05:00:00,6.003418333333332
2023-01-29 06:00:00,6.33331
2023-01-29 07:00:00,52.092236666666665
2023-01-29 08:00:00,202.71611666666666
2023-01-29 09:00:00,389.7525
2023-01-29 10:00:00,528.4548333333333
2023-01-29 11:00:00,616.8145000000001
2023-01-29 12:00:00,651.2808333333334
2023-01-29 13:00:00,618.3231666666667
2023-01-29 14:00:00,527.3796666666666
2023-01-29 15:00:00,397.53933333333333
2023-01-29 16:00:00,141.53321666666668
2023-01-29 17:00:00,31.07561666666667
2023-01-29 18:00:00,5.986186666666667
2023-01-29 19:00:00,4.436815
2023-01-29 20:00:00,4.637615
2023-01-29 21:00:00,4.641450000000001
2023-01-29 22:00:00,4.659928333333334
2023-01-29 23:00:00,5.206583333333333
2023-01-30 00:00:00,5.712861666666667
2023-01-30 01:00:00,5.852876666666666
2023-01-30 02:00:00,5.9651483333333335
2023-01-30 03:00:00,5.967216666666667
2023-01-30 04:00:00,5.96932
2023-01-30 05:00:00,5.96575
2023-01-30 06:00:00,6.437163333333333
2023-01-30 07:00:00,57.41806833333333
2023-01-30 08:00:00,227.631
2023-01-30 09:00:00,407.043
2023-01-30 10:00:00,544.2691666666666
2023-01-30 11:00:00,621.8003333333334
2023-01-30 12:00:00,648.6176666666667
2023-01-30 13:00:00,619.4151666666668
2023-01-30 14:00:00,537.1531666666666
2023-01-30 15:00:00,410.188
2023-01-30 16:00:00,142.5795
2023-01-30 17:00:00,25.84763333333333
2023-01-30 18:00:00,6.077483333333333
2023-01-30 19:00:00,4.655126666666666
2023-01-30 20:00:00,4.933198333333333
2023-01-30 21:00:00,5.595836666666667
2023-01-30 22:00:00,5.9621216666666665
2023-01-30 23:00:00,6.024826666666667
2023-01-31 00:00:00,6.4429083333333335
2023-01-31 01:00:00,6.676808333333333
2023-01-31 02:00:00,6.631198333333333
2023-01-31 03:00:00,6.629440000000001
2023-01-31 04:00:00,6.728841666666667
2023-01-31 05:00:00,6.900281666666667
2023-01-31 06:00:00,7.089835
2023-01-31 07:00:00,31.193875
2023-01-31 08:00:00,149.2374333333333
2023-01-31 09:00:00,328.23319999999995
2023-01-31 10:00:00,436.6551666666667
2023-01-31 11:00:00,522.5333333333333
2023-01-31 12:00:00,554.9003333333334
2023-01-31 13:00:00,568.053
2023-01-31 14:00:00,264.3475
2023-01-31 15:00:00,117.86165
2023-01-31 16:00:00,71.7817
2023-01-31 17:00:00,26.29435
2023-01-31 18:00:00,11.923183333333332
2023-01-31 19:00:00,12.3187
2023-01-31 20:00:00,12.721383333333334
2023-01-31 21:00:00,13.427933333333334
2023-01-31 22:00:00,13.596916666666667
2023-01-31 23:00:00,13.877016666666666
2023-02-01 00:00:00,14.70165
2023-02-01 01:00:00,15.560566666666666
2023-02-01 02:00:00,16.241216666666666
2023-02-01 03:00:00,16.63155
2023-02-01 04:00:00,17.09508333333333
2023-02-01 05:00:00,17.518516666666667
2023-02-01 06:00:00,17.606583333333333
2023-02-01 07:00:00,37.217650000000006
2023-02-01 08:00:00,96.41813333333333
2023-02-01 09:00:00,182.14491666666666
2023-02-01 10:00:00,228.83133333333333
2023-02-01 11:00:00,297.6661666666667
2023-02-01 12:00:00,459.3965
2023-02-01 13:00:00,513.2473333333334
2023-02-01 14:00:00,518.194
2023-02-01 15:00:00,415.7
2023-02-01 16:00:00,159.01023333333333
2023-02-01 17:00:00,36.85075
2023-02-01 18:00:00,14.3941
2023-02-01 19:00:00,13.081883333333334
2023-02-01 20:00:00,13.10225
2023-02-01 21:00:00,13.105016666666668
2023-02-01 22:00:00,13.772616666666666
2023-02-01 23:00:00,14.732383333333333
2023-02-02 00:00:00,14.68285
2023-02-02 01:00:00,15.102033333333333
2023-02-02 02:00:00,14.669733333333333
2023-02-02 03:00:00,14.759033333333333
2023-02-02 04:00:00,15.628683333333333
2023-02-02 05:00:00,16.193616666666667
2023-02-02 06:00:00,16.51885
2023-02-02 07:00:00,30.9487
2023-02-02 08:00:00,104.7156
2023-02-02 09:00:00,120.36791666666666
2023-02-02 10:00:00,84.11081666666668
2023-02-02 11:00:00,150.06765
2023-02-02 12:00:00,200.1688333333333
2023-02-02 13:00:00,291.9630833333333
2023-02-02 14:00:00,351.8133833333333
2023-02-02 15:00:00,494.30933333333337
2023-02-02 16:00:00,178.97065
2023-02-02 17:00:00,73.7662
2023-02-02 18:00:00,17.092666666666666
2023-02-02 19:00:00,15.938883333333333
2023-02-02 20:00:00,15.658016666666667
2023-02-02 21:00:00,15.67095
2023-02-02 22:00:00,15.63795
2023-02-02 23:00:00,15.468783333333334
2023-02-03 00:00:00,15.249833333333333
2023-02-03 01:00:00,15.150733333333333
2023-02-03 02:00:00,15.169366666666667
2023-02-03 03:00:00,15.226666666666667
2023-02-03 04:00:00,15.473166666666666
2023-02-03 05:00:00,15.677683333333333
2023-02-03 06:00:00,15.8616
2023-02-03 07:00:00,28.528583333333334
2023-02-03 08:00:00,59.5911
2023-02-03 09:00:00,166.90436666666668
2023-02-03 10:00:00,328.88416666666666
2023-02-03 11:00:00,522.2853333333334
2023-02-03 12:00:00,295.17133333333334
2023-02-03 13:00:00,278.98216666666667
2023-02-03 14:00:00,230.73883333333333
2023-02-03 15:00:00,162.2299
2023-02-03 16:00:00,103.16818333333335
2023-02-03 17:00:00,50.58358333333333
2023-02-03 18:00:00,20.49958333333333
2023-02-03 19:00:00,19.60775
2023-02-03 20:00:00,19.5433
2023-02-03 21:00:00,19.18278333333333
2023-02-03 22:00:00,18.531066666666668
2023-02-03 23:00:00,17.35123333333333
2023-02-04 00:00:00,17.174866666666667
2023-02-04 01:00:00,17.12735
2023-02-04 02:00:00,16.84755
2023-02-04 03:00:00,16.75045
2023-02-04 04:00:00,17.06515
2023-02-04 05:00:00,17.245816666666666
2023-02-04 06:00:00,17.84555
2023-02-04 07:00:00,19.826266666666665
2023-02-04 08:00:00,52.146
2023-02-04 09:00:00,79.7873
2023-02-04 10:00:00,116.83123333333333
2023-02-04 11:00:00,105.14143333333332
2023-02-04 12:00:00,89.68838333333333
2023-02-04 13:00:00,128.13926666666666
2023-02-04 14:00:00,223.579
2023-02-04 15:00:00,183.77513333333334
2023-02-04 16:00:00,132.61645000000001
2023-02-04 17:00:00,51.60361666666667
2023-02-04 18:00:00,17.654783333333334
2023-02-04 19:00:00,20.149549999999998
2023-02-04 20:00:00,20.648149999999998
2023-02-04 21:00:00,20.58373333333333
2023-02-04 22:00:00,20.480566666666668
2023-02-04 23:00:00,20.4695
2023-02-05 00:00:00,20.309516666666664
2023-02-05 01:00:00,19.64698333333333
2023-02-05 02:00:00,19.549533333333333
2023-02-05 03:00:00,19.31788333333333
2023-02-05 04:00:00,19.281333333333336
2023-02-05 05:00:00,19.294666666666668
2023-02-05 06:00:00,19.58725
2023-02-05 07:00:00,20.428333333333335
2023-02-05 08:00:00,35.298199999999994
2023-02-05 09:00:00,64.39321666666666
2023-02-05 10:00:00,101.07685
2023-02-05 11:00:00,161.35935
2023-02-05 12:00:00,152.45383333333334
2023-02-05 13:00:00,82.77318333333334
2023-02-05 14:00:00,107.71358333333333
2023-02-05 15:00:00,86.16376666666666
2023-02-05 16:00:00,71.12611666666666
2023-02-05 17:00:00,54.387299999999996
2023-02-05 18:00:00,21.63075
2023-02-05 19:00:00,23.28115
2023-02-05 20:00:00,25.963116666666668
2023-02-05 21:00:00,26.7848
2023-02-05 22:00:00,24.238083333333336
2023-02-05 23:00:00,23.20925
2023-02-06 00:00:00,23.29168333333333
2023-02-06 01:00:00,25.268433333333334
2023-02-06 02:00:00,25.72395
2023-02-06 03:00:00,26.566883333333333
2023-02-06 04:00:00,27.569733333333332
2023-02-06 05:00:00,27.8347
2023-02-06 06:00:00,28.482433333333333
2023-02-06 07:00:00,33.72721666666667
2023-02-06 08:00:00,55.094699999999996
2023-02-06 09:00:00,82.12333333333332
2023-02-06 10:00:00,122.09951666666666
2023-02-06 11:00:00,146.50883333333334
2023-02-06 12:00:00,142.72846666666666
2023-02-06 13:00:00,126.61635
2023-02-06 14:00:00,163.57863333333336
2023-02-06 15:00:00,108.8824
2023-02-06 16:00:00,81.60613333333335
2023-02-06 17:00:00,41.761700000000005
2023-02-06 18:00:00,23.817866666666667
2023-02-06 19:00:00,23.809866666666668
2023-02-06 20:00:00,23.143216666666667
2023-02-06 21:00:00,23.113566666666667
2023-02-06 22:00:00,21.88266666666667
2023-02-06 23:00:00,20.49685
2023-02-07 00:00:00,19.52691666666667
2023-02-07 01:00:00,19.6044
2023-02-07 02:00:00,20.360133333333334
2023-02-07 03:00:00,20.452516666666668
2023-02-07 04:00:00,19.73425
2023-02-07 05:00:00,20.967766666666666
2023-02-07 06:00:00,22.951666666666668
2023-02-07 07:00:00,25.282883333333334
2023-02-07 08:00:00,75.83298333333333
2023-02-07 09:00:00,121.59115
2023-02-07 10:00:00,184.67336666666668
2023-02-07 11:00:00,226.31998333333334
2023-02-07 12:00:00,487.937
2023-02-07 13:00:00,442.9161666666667
2023-02-07 14:00:00,450.8111666666666
2023-02-07 15:00:00,455.16066666666666
2023-02-07 16:00:00,209.55138333333335
2023-02-07 17:00:00,57.715783333333334
2023-02-07 18:00:00,19.35568333333333
2023-02-07 19:00:00,18.2546
2023-02-07 20:00:00,18.10471666666667
2023-02-07 21:00:00,18.855083333333333
2023-02-07 22:00:00,18.902566666666665
2023-02-07 23:00:00,18.06031666666667
2023-02-08 00:00:00,16.442866666666667
2023-02-08 01:00:00,15.476516666666667
2023-02-08 02:00:00,15.442616666666668
2023-02-08 03:00:00,15.732283333333333
2023-02-08 04:00:00,15.563466666666667
2023-02-08 05:00:00,15.13295
2023-02-08 06:00:00,19.419566666666665
2023-02-08 07:00:00,18.8508
2023-02-08 08:00:00,26.19225
2023-02-08 09:00:00,38.13048333333334
2023-02-08 10:00:00,67.64775
2023-02-08 11:00:00,105.36785
2023-02-08 12:00:00,75.95745000000001
2023-02-08 13:00:00,87.40996666666666
2023-02-08 14:00:00,61.169666666666664
2023-02-08 15:00:00,72.58891666666666
2023-02-08 16:00:00,44.65203333333333
2023-02-08 17:00:00,36.16331666666667
2023-02-08 18:00:00,21.538016666666667
2023-02-08 19:00:00,20.465449999999997
2023-02-08 20:00:00,19.96531666666667
2023-02-08 21:00:00,19.3922
2023-02-08 22:00:00,19.31875
2023-02-08 23:00:00,19.21806666666667
2023-02-09 00:00:00,19.326966666666667
2023-02-09 01:00:00,20.180799999999998
2023-02-09 02:00:00,18.395716666666665
2023-02-09 03:00:00,19.161566666666666
2023-02-09 04:00:00,19.603650000000002
2023-02-09 05:00:00,20.317516666666666
2023-02-09 06:00:00,19.548366666666666
2023-02-09 07:00:00,19.482216666666666
2023-02-09 08:00:00,40.74376666666667
2023-02-09 09:00:00,55.30793333333334
2023-02-09 10:00:00,76.70724999999999
2023-02-09 11:00:00,127.29583333333333
2023-02-09 12:00:00,278.8103333333333
2023-02-09 13:00:00,402.454
2023-02-09 14:00:00,340.97900000000004
2023-02-09 15:00:00,245.73483333333334
2023-02-09 16:00:00,187.57908333333336
2023-02-09 17:00:00,60.861149999999995
2023-02-09 18:00:00,25.254833333333334
2023-02-09 19:00:00,23.922583333333332
2023-02-09 20:00:00,23.742166666666666
2023-02-09 21:00:00,23.877799999999997
2023-02-09 22:00:00,23.698383333333332
2023-02-09 23:00:00,22.642583333333334
2023-02-10 00:00:00,22.141000000000002
2023-02-10 01:00:00,22.744283333333332
2023-02-10 02:00:00,22.740216666666665
2023-02-10 03:00:00,22.456866666666667
2023-02-10 04:00:00,22.24683333333333
2023-02-10 05:00:00,22.035033333333335
2023-02-10 06:00:00,20.684883333333335
2023-02-10 07:00:00,20.86498333333333
2023-02-10 08:00:00,25.73098333333333
2023-02-10 09:00:00,68.9294
2023-02-10 10:00:00,82.63658333333333
2023-02-10 11:00:00,118.87941666666667
2023-02-10 12:00:00,216.75625
2023-02-10 13:00:00,206.43435
2023-02-10 14:00:00,336.9977
2023-02-10 15:00:00,238.5622833333333
2023-02-10 16:00:00,143.13121666666666
2023-02-10 17:00:00,49.940450000000006
2023-02-10 18:00:00,22.033933333333334
2023-02-10 19:00:00,20.796
2023-02-10 20:00:00,19.940966666666668
2023-02-10 21:00:00,19.622666666666667
2023-02-10 22:00:00,18.969299999999997
2023-02-10 23:00:00,17.293566666666667
2023-02-11 00:00:00,16.244183333333336
2023-02-11 01:00:00,15.230583333333334
2023-02-11 02:00:00,14.522366666666667
2023-02-11 03:00:00,14.374916666666667
2023-02-11 04:00:00,14.184050000000001
2023-02-11 05:00:00,14.24905
2023-02-11 06:00:00,14.405183333333333
2023-02-11 07:00:00,14.638683333333335
2023-02-11 08:00:00,20.6646
2023-02-11 09:00:00,43.07166666666667
2023-02-11 10:00:00,55.18148333333333
2023-02-11 11:00:00,70.48191666666666
2023-02-11 12:00:00,100.43573333333333
2023-02-11 13:00:00,75.96533333333333
2023-02-11 14:00:00,60.8087
2023-02-11 15:00:00,60.17958333333333
2023-02-11 16:00:00,41.16331666666667
2023-02-11 17:00:00,25.23765
2023-02-11 18:00:00,16.13393333333333
2023-02-11 19:00:00,15.513666666666667
2023-02-11 20:00:00,15.259783333333333
2023-02-11 21:00:00,15.160566666666666
2023-02-11 22:00:00,15.036833333333334
2023-02-11 23:00:00,14.99245
2023-02-12 00:00:00,14.761
2023-02-12 01:00:00,14.827566666666666
2023-02-12 02:00:00,15.044666666666666
2023-02-12 03:00:00,15.12905
2023-02-12 04:00:00,15.13835
2023-02-12 05:00:00,15.32615
2023-02-12 06:00:00,15.5264
2023-02-12 07:00:00,16.091216666666664
2023-02-12 08:00:00,17.874983333333333
2023-02-12 09:00:00,39.22226666666666
2023-02-12 10:00:00,53.9831
2023-02-12 11:00:00,56.96588333333333
2023-02-12 12:00:00,69.2227
2023-02-12 13:00:00,69.64828333333334
2023-02-12 14:00:00,67.4436
2023-02-12 15:00:00,48.5474
2023-02-12 16:00:00,34.127966666666666
2023-02-12 17:00:00,17.33395
2023-02-12 18:00:00,16.50495
2023-02-12 19:00:00,16.06586666666667
2023-02-12 20:00:00,16.360716666666665
2023-02-12 21:00:00,16.391133333333336
2023-02-12 22:00:00,16.45105
2023-02-12 23:00:00,16.3548
2023-02-13 00:00:00,16.331016666666667
2023-02-13 01:00:00,15.9665
2023-02-13 02:00:00,15.986716666666666
2023-02-13 03:00:00,16.281083333333335
2023-02-13 04:00:00,16.275716666666668
2023-02-13 05:00:00,15.952216666666667
2023-02-13 06:00:00,15.777333333333333
2023-02-13 07:00:00,16.816866666666666
2023-02-13 08:00:00,17.784466666666667
2023-02-13 09:00:00,18.024983333333335
2023-02-13 10:00:00,37.61135
2023-02-13 11:00:00,72.67766666666667
2023-02-13 12:00:00,224.52939999999998
2023-02-13 13:00:00,342.1269166666667
2023-02-13 14:00:00,196.45741666666666
2023-02-13 15:00:00,178.40745
2023-02-13 16:00:00,89.07843333333334
2023-02-13 17:00:00,22.138683333333333
2023-02-13 18:00:00,20.773466666666664
2023-02-13 19:00:00,20.234783333333333
2023-02-13 20:00:00,20.520983333333334
2023-02-13 21:00:00,20.51921666666667
2023-02-13 22:00:00,19.9436
2023-02-13 23:00:00,20.683066666666665
2023-02-14 00:00:00,21.7412
2023-02-14 01:00:00,19.630883333333333
2023-02-14 02:00:00,18.10086666666667
2023-02-14 03:00:00,18.600516666666667
2023-02-14 04:00:00,19.07078333333333
2023-02-14 05:00:00,19.47285
2023-02-14 06:00:00,20.500400000000003
2023-02-14 07:00:00,21.09405
2023-02-14 08:00:00,21.4702
2023-02-14 09:00:00,22.867
2023-02-14 10:00:00,24.702233333333332
2023-02-14 11:00:00,31.622833333333332
2023-02-14 12:00:00,752.2204333333334
2023-02-14 13:00:00,537.815
2023-02-14 14:00:00,672.2246666666667
2023-02-14 15:00:00,417.0251666666666
2023-02-14 16:00:00,201.363
2023-02-14 17:00:00,65.39605
2023-02-14 18:00:00,24.438133333333333
2023-02-14 19:00:00,22.315066666666667
2023-02-14 20:00:00,22.5256
2023-02-14 21:00:00,22.520566666666664
2023-02-14 22:00:00,22.517249999999997
2023-02-14 23:00:00,22.473633333333332
2023-02-15 00:00:00,22.041616666666666
2023-02-15 01:00:00,21.822766666666666
2023-02-15 02:00:00,21.744283333333332
2023-02-15 03:00:00,21.79505
2023-02-15 04:00:00,21.41821666666667
2023-02-15 05:00:00,19.96673333333333
2023-02-15 06:00:00,20.02488333333333
2023-02-15 07:00:00,93.39716666666666
2023-02-15 08:00:00,324.69016666666664
2023-02-15 09:00:00,615.4543333333334
2023-02-15 10:00:00,816.2318333333334
2023-02-15 11:00:00,1058.7251666666666
2023-02-15 12:00:00,1139.5116666666665
2023-02-15 13:00:00,1110.585
2023-02-15 14:00:00,977.7919999999999
2023-02-15 15:00:00,739.6696666666667
2023-02-15 16:00:00,387.96583333333336
2023-02-15 17:00:00,73.05683333333333
2023-02-15 18:00:00,15.390776666666666
2023-02-15 19:00:00,8.935101666666666
2023-02-15 20:00:00,9.154666666666666
2023-02-15 21:00:00,9.393731666666666
2023-02-15 22:00:00,10.592033333333331
2023-02-15 23:00:00,11.046566666666667
2023-02-16 00:00:00,11.931483333333334
2023-02-16 01:00:00,12.625850000000002
2023-02-16 02:00:00,13.2244
2023-02-16 03:00:00,12.824866666666667
2023-02-16 04:00:00,12.845
2023-02-16 05:00:00,13.239383333333333
2023-02-16 06:00:00,13.78335
2023-02-16 07:00:00,48.74726666666666
2023-02-16 08:00:00,192.39541666666668
2023-02-16 09:00:00,598.63
2023-02-16 10:00:00,943.9433333333333
2023-02-16 11:00:00,1003.007
2023-02-16 12:00:00,1092.7495000000001
2023-02-16 13:00:00,699.2531666666667
2023-02-16 14:00:00,863.3078333333334
2023-02-16 15:00:00,523.7335
2023-02-16 16:00:00,201.24083333333334
2023-02-16 17:00:00,76.51501666666667
2023-02-16 18:00:00,16.773633333333333
2023-02-16 19:00:00,14.07805
2023-02-16 20:00:00,15.092333333333332
2023-02-16 21:00:00,15.791583333333334
2023-02-16 22:00:00,16.761283333333335
2023-02-16 23:00:00,17.738933333333332
2023-02-17 00:00:00,17.89715
2023-02-17 01:00:00,18.30228333333333
2023-02-17 02:00:00,19.141466666666666
2023-02-17 03:00:00,18.966900000000003
2023-02-17 04:00:00,18.6916
2023-02-17 05:00:00,18.2255
2023-02-17 06:00:00,19.39131666666667
2023-02-17 07:00:00,117.6858
2023-02-17 08:00:00,389.4571666666667
2023-02-17 09:00:00,700.1641666666667
2023-02-17 10:00:00,933.7795
2023-02-17 11:00:00,1087.9566666666667
2023-02-17 12:00:00,1161.915
2023-02-17 13:00:00,1141.6666666666667
2023-02-17 14:00:00,953.5666666666667
2023-02-17 15:00:00,729.3095
2023-02-17 16:00:00,395.36740000000003
2023-02-17 17:00:00,66.9278
2023-02-17 18:00:00,13.167129999999998
2023-02-17 19:00:00,6.916378333333333
2023-02-17 20:00:00,7.90323
2023-02-17 21:00:00,7.428438333333333
2023-02-17 22:00:00,8.206985
2023-02-17 23:00:00,9.281704999999999
2023-02-18 00:00:00,10.115146666666668
2023-02-18 01:00:00,11.134516666666666
2023-02-18 02:00:00,11.603616666666666
2023-02-18 03:00:00,11.287233333333335
2023-02-18 04:00:00,11.549216666666666
2023-02-18 05:00:00,11.490450000000001
2023-02-18 06:00:00,13.319683333333334
2023-02-18 07:00:00,61.49131666666666
2023-02-18 08:00:00,262.4735
2023-02-18 09:00:00,385.08933333333334
2023-02-18 10:00:00,507.35049999999995
2023-02-18 11:00:00,659.7096666666667
2023-02-18 12:00:00,986.33
2023-02-18 13:00:00,627.4391666666667
2023-02-18 14:00:00,580.7413333333334
2023-02-18 15:00:00,578.1881666666667
2023-02-18 16:00:00,223.7266
2023-02-18 17:00:00,111.06086666666667
2023-02-18 18:00:00,21.589133333333333
2023-02-18 19:00:00,14.663933333333334
2023-02-18 20:00:00,15.037949999999999
2023-02-18 21:00:00,15.513366666666666
2023-02-18 22:00:00,15.635
2023-02-18 23:00:00,16.563983333333333
2023-02-19 00:00:00,17.28691666666667
2023-02-19 01:00:00,18.173616666666664
2023-02-19 02:00:00,19.8386
2023-02-19 03:00:00,21.33406666666667
2023-02-19 04:00:00,22.5701
2023-02-19 05:00:00,22.9726
2023-02-19 06:00:00,23.841516666666667
2023-02-19 07:00:00,59.676566666666666
2023-02-19 08:00:00,118.27523333333333
2023-02-19 09:00:00,230.9515
2023-02-19 10:00:00,609.1573333333333
2023-02-19 11:00:00,1122.79
2023-02-19 12:00:00,1190.5333333333333
2023-02-19 13:00:00,1140.5433333333335
2023-02-19 14:00:00,994.6998333333333
2023-02-19 15:00:00,644.6148333333333
2023-02-19 16:00:00,250.36599999999999
2023-02-19 17:00:00,75.94265
2023-02-19 18:00:00,6.651253333333333
2023-02-19 19:00:00,5.333001666666666
2023-02-19 20:00:00,6.133921666666667
2023-02-19 21:00:00,5.755776666666667
2023-02-19 22:00:00,6.659941666666667
2023-02-19 23:00:00,7.75846
2023-02-20 00:00:00,8.434255
2023-02-20 01:00:00,9.210984999999999
2023-02-20 02:00:00,9.277308333333334
2023-02-20 03:00:00,9.420906666666667
2023-02-20 04:00:00,9.019793333333332
2023-02-20 05:00:00,7.455675
2023-02-20 06:00:00,9.38092
2023-02-20 07:00:00,74.34948333333334
2023-02-20 08:00:00,220.17583333333332
2023-02-20 09:00:00,600.3946666666667
2023-02-20 10:00:00,481.9551666666667
2023-02-20 11:00:00,978.9845
2023-02-20 12:00:00,1018.9599999999999
2023-02-20 13:00:00,978.2746666666667
2023-02-20 14:00:00,725.965
2023-02-20 15:00:00,621.2885
2023-02-20 16:00:00,339.5978333333333
2023-02-20 17:00:00,94.03603333333334
2023-02-20 18:00:00,15.038091666666666
2023-02-20 19:00:00,6.469121666666667
2023-02-20 20:00:00,6.680866666666668
2023-02-20 21:00:00,7.599166666666666
2023-02-20 22:00:00,7.9247966666666665
2023-02-20 23:00:00,7.950733333333333
2023-02-21 00:00:00,7.809146666666666
2023-02-21 01:00:00,6.90755
2023-02-21 02:00:00,7.018448333333334
2023-02-21 03:00:00,7.096066666666667
2023-02-21 04:00:00,7.289535
2023-02-21 05:00:00,7.688951666666667
2023-02-21 06:00:00,8.288648333333333
2023-02-21 07:00:00,47.63295
2023-02-21 08:00:00,120.29625
2023-02-21 09:00:00,503.0485
2023-02-21 10:00:00,803.4751666666667
2023-02-21 11:00:00,993.7763333333334
2023-02-21 12:00:00,1107.0016666666668
2023-02-21 13:00:00,1072.965
2023-02-21 14:00:00,926.1303333333333
2023-02-21 15:00:00,690.5543333333334
2023-02-21 16:00:00,374.19599999999997
2023-02-21 17:00:00,92.65433333333334
2023-02-21 18:00:00,11.412614999999999
2023-02-21 19:00:00,4.590616666666667
2023-02-21 20:00:00,4.649780000000001
2023-02-21 21:00:00,4.86717
2023-02-21 22:00:00,5.25001
2023-02-21 23:00:00,5.21319
2023-02-22 00:00:00,4.8892299999999995
2023-02-22 01:00:00,4.66091
2023-02-22 02:00:00,4.638773333333333
2023-02-22 03:00:00,4.375788333333333
2023-02-22 04:00:00,3.9893433333333332
2023-02-22 05:00:00,3.961835
2023-02-22 06:00:00,6.33322
2023-02-22 07:00:00,119.41303333333333
2023-02-22 08:00:00,397.813
2023-02-22 09:00:00,687.5854999999999
2023-02-22 10:00:00,923.7078333333334
2023-02-22 11:00:00,1081.0133333333333
2023-02-22 12:00:00,1136.2916666666667
2023-02-22 13:00:00,1097.1516666666669
2023-02-22 14:00:00,956.8240000000001
2023-02-22 15:00:00,731.0588333333333
2023-02-22 16:00:00,420.94955
2023-02-22 17:00:00,68.66335000000001
2023-02-22 18:00:00,10.277195
2023-02-22 19:00:00,2.0782433333333334
2023-02-22 20:00:00,2.389418333333333
2023-02-22 21:00:00,3.0483433333333334
2023-02-22 22:00:00,3.3135483333333338
2023-02-22 23:00:00,3.331911666666667
2023-02-23 00:00:00,3.5067166666666667
2023-02-23 01:00:00,3.3613133333333334
2023-02-23 02:00:00,3.8472566666666665
2023-02-23 03:00:00,3.654063333333333
2023-02-23 04:00:00,3.35212
2023-02-23 05:00:00,3.5305616666666664
2023-02-23 06:00:00,6.165018333333333
2023-02-23 07:00:00,99.99688333333333
2023-02-23 08:00:00,378.33275
2023-02-23 09:00:00,666.1151666666667
2023-02-23 10:00:00,902.2906666666667
2023-02-23 11:00:00,1055.1031666666668
2023-02-23 12:00:00,1114.49
2023-02-23 13:00:00,1073.625
2023-02-23 14:00:00,944.3563333333333
2023-02-23 15:00:00,722.8371666666667
2023-02-23 16:00:00,420.0577666666667
2023-02-23 17:00:00,58.751041666666666
2023-02-23 18:00:00,10.053283333333333
2023-02-23 19:00:00,2.304288333333333
2023-02-23 20:00:00,2.247425
2023-02-23 21:00:00,2.541886666666667
2023-02-23 22:00:00,2.6524433333333333
2023-02-23 23:00:00,2.7260649999999997
2023-02-24 00:00:00,2.8694849999999996
2023-02-24 01:00:00,3.0424133333333336
2023-02-24 02:00:00,3.3607766666666667
2023-02-24 03:00:00,3.498876666666667
2023-02-24 04:00:00,3.4289316666666667
2023-02-24 05:00:00,3.3058300000000003
2023-02-24 06:00:00,5.754193333333333
2023-02-24 07:00:00,110.57251666666666
2023-02-24 08:00:00,345.557
2023-02-24 09:00:00,627.5913333333334
2023-02-24 10:00:00,854.61
2023-02-24 11:00:00,1007.3185
2023-02-24 12:00:00,1064.2516666666666
2023-02-24 13:00:00,1016.7046666666666
2023-02-24 14:00:00,863.832
2023-02-24 15:00:00,643.8273333333333
2023-02-24 16:00:00,353.491
2023-02-24 17:00:00,85.65885
2023-02-24 18:00:00,9.07511
2023-02-24 19:00:00,0.8905685
2023-02-24 20:00:00,0.6864088333333334
2023-02-24 21:00:00,0.6643481666666666
2023-02-24 22:00:00,0.7968656666666667
2023-02-24 23:00:00,1.2330773333333334
2023-02-25 00:00:00,1.1190096666666667
2023-02-25 01:00:00,0.690212
2023-02-25 02:00:00,0.670042
2023-02-25 03:00:00,1.016103
2023-02-25 04:00:00,1.2867015
2023-02-25 05:00:00,1.3254266666666665
2023-02-25 06:00:00,3.6543666666666668
2023-02-25 07:00:00,97.14101666666667
2023-02-25 08:00:00,351.97116666666665
2023-02-25 09:00:00,628.4635
2023-02-25 10:00:00,868.5758333333334
2023-02-25 11:00:00,1028.4726666666668
2023-02-25 12:00:00,1093.18
2023-02-25 13:00:00,1021.934
2023-02-25 14:00:00,914.0616666666666
2023-02-25 15:00:00,681.7199999999999
2023-02-25 16:00:00,400.002
2023-02-25 17:00:00,89.57831666666667
2023-02-25 18:00:00,9.527478166666667
2023-02-25 19:00:00,0.3202881666666667
2023-02-25 20:00:00,0.296365
2023-02-25 21:00:00,0.6277081666666666
2023-02-25 22:00:00,0.6479590000000001
2023-02-25 23:00:00,0.6571635
2023-02-26 00:00:00,0.6921425
2023-02-26 01:00:00,0.6682454999999999
2023-02-26 02:00:00,0.778719
2023-02-26 03:00:00,0.7603023333333333
2023-02-26 04:00:00,0.7584793333333334
2023-02-26 05:00:00,0.7345563333333334
2023-02-26 06:00:00,2.910542833333333
2023-02-26 07:00:00,123.18305000000001
2023-02-26 08:00:00,395.11116666666663
2023-02-26 09:00:00,670.6858333333333
2023-02-26 10:00:00,898.8078333333334
2023-02-26 11:00:00,1056.5618333333334
2023-02-26 12:00:00,1067.6771166666667
2023-02-26 13:00:00,1067.8300000000002
2023-02-26 14:00:00,932.353
2023-02-26 15:00:00,706.1553333333334
2023-02-26 16:00:00,368.12741666666665
2023-02-26 17:00:00,91.47706666666666
2023-02-26 18:00:00,9.667646333333332
2023-02-26 19:00:00,0.644258
2023-02-26 20:00:00,0.6424409999999999
2023-02-26 21:00:00,0.6626753333333333
2023-02-26 22:00:00,0.6626518333333333
2023-02-26 23:00:00,0.662667
2023-02-27 00:00:00,0.6019275000000001
2023-02-27 01:00:00,0.18959983333333333
2023-02-27 02:00:00,0.17673016666666666
2023-02-27 03:00:00,0.254058
2023-02-27 04:00:00,0.39950033333333335
2023-02-27 05:00:00,0.517337
2023-02-27 06:00:00,3.869934
2023-02-27 07:00:00,112.57743333333333
2023-02-27 08:00:00,385.8833333333333
2023-02-27 09:00:00,682.2620000000001
2023-02-27 10:00:00,929.4928333333334
2023-02-27 11:00:00,1089.8233333333333
2023-02-27 12:00:00,1152.3816666666667
2023-02-27 13:00:00,1110.0833333333333
2023-02-27 14:00:00,968.5216666666668
2023-02-27 15:00:00,742.6775
2023-02-27 16:00:00,446.85716666666667
2023-02-27 17:00:00,82.79106666666667
2023-02-27 18:00:00,10.111527333333333
2023-02-27 19:00:00,0.31660616666666663
2023-02-27 20:00:00,0.25033916666666667
2023-02-27 21:00:00,0.5872003333333333
2023-02-27 22:00:00,0.6608435
2023-02-27 23:00:00,0.6626693333333333
2023-02-28 00:00:00,0.6589751666666667
2023-02-28 01:00:00,0.6626826666666666
2023-02-28 02:00:00,0.6626943333333333
2023-02-28 03:00:00,0.6553151666666667
2023-02-28 04:00:00,0.5927198333333333
2023-02-28 05:00:00,0.6277010000000001
2023-02-28 06:00:00,1.7045316666666668
2023-02-28 07:00:00,26.646695
2023-02-28 08:00:00,234.26305
2023-02-28 09:00:00,696.3215
2023-02-28 10:00:00,930.8958333333334
2023-02-28 11:00:00,1086.8083333333334
2023-02-28 12:00:00,1144.655
2023-02-28 13:00:00,1104.8966666666668
2023-02-28 14:00:00,972.3513333333334
2023-02-28 15:00:00,748.9776666666668
2023-02-28 16:00:00,460.07849999999996
2023-02-28 17:00:00,83.98901666666667
2023-02-28 18:00:00,10.356916666666667
2023-02-28 19:00:00,0.5190211666666666
2023-02-28 20:00:00,0.6570651666666667
2023-02-28 21:00:00,0.660758
2023-02-28 22:00:00,0.6626068333333334
2023-02-28 23:00:00,0.662619
2023-03-01 00:00:00,0.6625968333333333
2023-03-01 01:00:00,0.6626178333333334
2023-03-01 02:00:00,0.6626348333333334
2023-03-01 03:00:00,0.6626398333333333
2023-03-01 04:00:00,0.6626635000000001
2023-03-01 05:00:00,0.6368823333333334
2023-03-01 06:00:00,4.960724166666666
2023-03-01 07:00:00,140.71786666666668
2023-03-01 08:00:00,426.8631666666667
2023-03-01 09:00:00,710.1928333333333
2023-03-01 10:00:00,941.6083333333333
2023-03-01 11:00:00,1094.1983333333333
2023-03-01 12:00:00,1138.6466666666668
2023-03-01 13:00:00,1091.6883333333333
2023-03-01 14:00:00,946.1478333333333
2023-03-01 15:00:00,708.1034999999999
2023-03-01 16:00:00,414.809
2023-03-01 17:00:00,87.91971666666667
2023-03-01 18:00:00,10.743238
2023-03-01 19:00:00,0.3220051666666667
2023-03-01 20:00:00,0.6348635
2023-03-01 21:00:00,0.5281383333333334
2023-03-01 22:00:00,0.4637176666666667
2023-03-01 23:00:00,0.32387099999999996
2023-03-02 00:00:00,0.08464999999999999
2023-03-02 01:00:00,0.011042
2023-03-02 02:00:00,0.014723000000000002
2023-03-02 03:00:00,0.029445333333333334
2023-03-02 04:00:00,0.347834
2023-03-02 05:00:00,0.6165106666666667
2023-03-02 06:00:00,3.0311761666666666
2023-03-02 07:00:00,88.34828333333333
2023-03-02 08:00:00,357.386
2023-03-02 09:00:00,597.0121666666668
2023-03-02 10:00:00,850.6134999999999
2023-03-02 11:00:00,1012.027
2023-03-02 12:00:00,1068.5449999999998
2023-03-02 13:00:00,1017.1403333333333
2023-03-02 14:00:00,882.3991666666666
2023-03-02 15:00:00,637.6581666666666
2023-03-02 16:00:00,363.17266666666666
2023-03-02 17:00:00,111.72596666666666
2023-03-02 18:00:00,10.302956166666666
2023-03-02 19:00:00,0.0
2023-03-02 20:00:00,0.03680883333333333
2023-03-02 21:00:00,0.11226816666666667
2023-03-02 22:00:00,0.21717783333333335
2023-03-02 23:00:00,0.5263786666666667
2023-03-03 00:00:00,0.6257563333333334
2023-03-03 01:00:00,0.5815990000000001
2023-03-03 02:00:00,0.35339466666666663
2023-03-03 03:00:00,0.11043616666666667
2023-03-03 04:00:00,0.011044
2023-03-03 05:00:00,0.011044
2023-03-03 06:00:00,4.4820345
2023-03-03 07:00:00,105.0887
2023-03-03 08:00:00,367.6913333333333
2023-03-03 09:00:00,406.43386166666664
2023-03-03 10:00:00,788.5483499999999
2023-03-03 11:00:00,1035.5648333333334
2023-03-03 12:00:00,1082.13
2023-03-03 13:00:00,1033.2328333333332
2023-03-03 14:00:00,885.9281666666667
2023-03-03 15:00:00,654.5216666666668
2023-03-03 16:00:00,382.2606666666667
2023-03-03 17:00:00,111.46143333333333
2023-03-03 18:00:00,10.379962833333334
2023-03-03 19:00:00,0.0276065
2023-03-03 20:00:00,0.154596
2023-03-03 21:00:00,0.2668701666666667
2023-03-03 22:00:00,0.39570833333333333
2023-03-03 23:00:00,0.414105
2023-03-04 00:00:00,0.5098121666666666
2023-03-04 01:00:00,0.5944576666666667
2023-03-04 02:00:00,0.531893
2023-03-04 03:00:00,0.3147218333333333
2023-03-04 04:00:00,0.31103833333333336
2023-03-04 05:00:00,0.2981525
2023-03-04 06:00:00,1.2588691666666667
2023-03-04 07:00:00,24.564141666666668
2023-03-04 08:00:00,100.17501666666666
2023-03-04 09:00:00,411.1376166666667
2023-03-04 10:00:00,736.342
2023-03-04 11:00:00,836.9828333333334
2023-03-04 12:00:00,1017.3413333333334
2023-03-04 13:00:00,1008.8788333333334
2023-03-04 14:00:00,884.9776666666666
2023-03-04 15:00:00,680.3495
2023-03-04 16:00:00,409.21650000000005
2023-03-04 17:00:00,114.09018333333333
2023-03-04 18:00:00,11.512331
2023-03-04 19:00:00,0.007361500000000001
2023-03-04 20:00:00,0.20796683333333335
2023-03-04 21:00:00,0.24110066666666666
2023-03-04 22:00:00,0.16195816666666665
2023-03-04 23:00:00,0.19140283333333336
2023-03-05 00:00:00,0.36256683333333334
2023-03-05 01:00:00,0.5079408333333333
2023-03-05 02:00:00,0.257662
2023-03-05 03:00:00,0.11595083333333332
2023-03-05 04:00:00,0.0055214999999999995
2023-03-05 05:00:00,0.003681
2023-03-05 06:00:00,5.832864833333334
2023-03-05 07:00:00,137.15373333333335
2023-03-05 08:00:00,416.49449999999996
2023-03-05 09:00:00,718.1514999999999
2023-03-05 10:00:00,974.3075
2023-03-05 11:00:00,1135.2516666666668
2023-03-05 12:00:00,1197.3600000000001
2023-03-05 13:00:00,1154.3899999999999
2023-03-05 14:00:00,1008.6786666666667
2023-03-05 15:00:00,776.3824999999999
2023-03-05 16:00:00,457.52916666666664
2023-03-05 17:00:00,132.44446666666667
2023-03-05 18:00:00,12.630548833333334
2023-03-05 19:00:00,0.0
2023-03-05 20:00:00,0.0
2023-03-05 21:00:00,0.005521
2023-03-05 22:00:00,0.0036806666666666667
2023-03-05 23:00:00,0.011042
2023-03-06 00:00:00,0.10858133333333334
2023-03-06 01:00:00,0.21716116666666668
2023-03-06 02:00:00,0.09569716666666667
2023-03-06 03:00:00,0.018404
2023-03-06 04:00:00,0.0036806666666666667
2023-03-06 05:00:00,0.003681
2023-03-06 06:00:00,5.541976333333333
2023-03-06 07:00:00,160.3211916666667
2023-03-06 08:00:00,464.80199999999996
2023-03-06 09:00:00,760.1146666666666
2023-03-06 10:00:00,999.0073333333333
2023-03-06 11:00:00,1147.93
2023-03-06 12:00:00,1203.6216666666667
2023-03-06 13:00:00,1148.2766666666669
2023-03-06 14:00:00,1002.4578333333334
2023-03-06 15:00:00,766.802
2023-03-06 16:00:00,467.6176666666667
2023-03-06 17:00:00,121.18185
2023-03-06 18:00:00,12.144395
2023-03-06 19:00:00,0.0
2023-03-06 20:00:00,0.0
2023-03-06 21:00:00,0.0
2023-03-06 22:00:00,0.025764000000000002
2023-03-06 23:00:00,0.058889833333333336
2023-03-07 00:00:00,0.10305800000000001
2023-03-07 01:00:00,0.09569633333333334
2023-03-07 02:00:00,0.08649466666666666
2023-03-07 03:00:00,0.05888966666666667
2023-03-07 04:00:00,0.05521
2023-03-07 05:00:00,0.027604833333333335
2023-03-07 06:00:00,5.966459333333334
2023-03-07 07:00:00,136.93171666666666
2023-03-07 08:00:00,410.1578333333334
2023-03-07 09:00:00,668.3811666666667
2023-03-07 10:00:00,905.2956666666666
2023-03-07 11:00:00,1082.1466666666668
2023-03-07 12:00:00,1138.0666666666666
2023-03-07 13:00:00,1090.635
2023-03-07 14:00:00,944.2501666666667
2023-03-07 15:00:00,703.9996666666667
2023-03-07 16:00:00,424.75550000000004
2023-03-07 17:00:00,129.47143333333332
2023-03-07 18:00:00,11.956234333333333
2023-03-07 19:00:00,0.0
2023-03-07 20:00:00,0.0202435
2023-03-07 21:00:00,0.036805500000000005
2023-03-07 22:00:00,0.011041833333333334
2023-03-07 23:00:00,0.012882333333333334
2023-03-08 00:00:00,0.0
2023-03-08 01:00:00,0.0
2023-03-08 02:00:00,0.0
2023-03-08 03:00:00,0.0
2023-03-08 04:00:00,0.0
2023-03-08 05:00:00,0.003680333333333333
2023-03-08 06:00:00,6.276993
2023-03-08 07:00:00,134.41230000000002
2023-03-08 08:00:00,398.4295
2023-03-08 09:00:00,615.4861666666667
2023-03-08 10:00:00,874.5885
2023-03-08 11:00:00,1031.5283333333332
2023-03-08 12:00:00,1078.1583333333333
2023-03-08 13:00:00,470.37083333333334
2023-03-08 14:00:00,356.92316666666665
2023-03-08 15:00:00,242.27849999999998
2023-03-08 16:00:00,244.24571666666668
2023-03-08 17:00:00,99.14213333333333
2023-03-08 18:00:00,9.523354833333334
2023-03-08 19:00:00,0.1343015
2023-03-08 20:00:00,0.029437166666666667
2023-03-08 21:00:00,0.0
2023-03-08 22:00:00,0.0
2023-03-08 23:00:00,0.0
2023-03-09 00:00:00,0.0
2023-03-09 01:00:00,0.0
2023-03-09 02:00:00,0.0
2023-03-09 03:00:00,0.0
2023-03-09 04:00:00,0.0
2023-03-09 05:00:00,0.0
2023-03-09 06:00:00,6.304277833333333
2023-03-09 07:00:00,122.63288333333334
2023-03-09 08:00:00,373.5588333333333
2023-03-09 09:00:00,654.0836666666668
2023-03-09 10:00:00,896.2158333333333
2023-03-09 11:00:00,1052.499
2023-03-09 12:00:00,1101.93
2023-03-09 13:00:00,1053.865
2023-03-09 14:00:00,839.3081666666666
2023-03-09 15:00:00,640.0183333333333
2023-03-09 16:00:00,317.3075
2023-03-09 17:00:00,94.55033333333333
2023-03-09 18:00:00,10.251580833333332
2023-03-09 19:00:00,0.0
2023-03-09 20:00:00,0.08094583333333333
2023-03-09 21:00:00,0.10854283333333334
2023-03-09 22:00:00,0.014718000000000002
2023-03-09 23:00:00,0.0
2023-03-10 00:00:00,0.0
2023-03-10 01:00:00,0.0
2023-03-10 02:00:00,0.0
2023-03-10 03:00:00,0.0
2023-03-10 04:00:00,0.003679833333333333
2023-03-10 05:00:00,0.014718333333333333
2023-03-10 06:00:00,7.410943333333334
2023-03-10 07:00:00,140.3993166666667
2023-03-10 08:00:00,432.7606666666667
2023-03-10 09:00:00,722.0918333333334
2023-03-10 10:00:00,956.2755
2023-03-10 11:00:00,1103.5066666666667
2023-03-10 12:00:00,1160.73
2023-03-10 13:00:00,1119.2350000000001
2023-03-10 14:00:00,983.1963333333333
2023-03-10 15:00:00,759.7666666666667
2023-03-10 16:00:00,473.2223333333333
2023-03-10 17:00:00,160.0846
2023-03-10 18:00:00,14.130229833333335
2023-03-10 19:00:00,0.011037
2023-03-10 20:00:00,0.0
2023-03-10 21:00:00,0.0
2023-03-10 22:00:00,0.0
2023-03-10 23:00:00,0.0
2023-03-11 00:00:00,0.0
2023-03-11 01:00:00,0.0
2023-03-11 02:00:00,0.0
2023-03-11 03:00:00,0.0
2023-03-11 04:00:00,0.0
2023-03-11 05:00:00,0.042319166666666665
2023-03-11 06:00:00,7.214836333333333
2023-03-11 07:00:00,70.34845
2023-03-11 08:00:00,377.401
2023-03-11 09:00:00,593.6741666666666
2023-03-11 10:00:00,657.811
2023-03-11 11:00:00,912.6281666666667
2023-03-11 12:00:00,1064.78
2023-03-11 13:00:00,993.6294999999999
2023-03-11 14:00:00,910.4091666666667
2023-03-11 15:00:00,647.672
2023-03-11 16:00:00,384.52333333333337
2023-03-11 17:00:00,126.29615
2023-03-11 18:00:00,13.673438833333334
2023-03-11 19:00:00,0.012877333333333333
2023-03-11 20:00:00,0.0
2023-03-11 21:00:00,0.0
2023-03-11 22:00:00,0.0
2023-03-11 23:00:00,0.0
2023-03-12 00:00:00,0.0
2023-03-12 01:00:00,0.0
2023-03-12 02:00:00,0.0
2023-03-12 03:00:00,0.0
2023-03-12 04:00:00,0.0
2023-03-12 05:00:00,0.0018398333333333333
2023-03-12 06:00:00,7.4551161666666665
2023-03-12 07:00:00,132.98938333333334
2023-03-12 08:00:00,372.6193333333333
2023-03-12 09:00:00,630.4595
2023-03-12 10:00:00,866.3246666666668
2023-03-12 11:00:00,965.1511666666667
2023-03-12 12:00:00,920.6664999999999
2023-03-12 13:00:00,745.1718333333333
2023-03-12 14:00:00,580.2218333333333
2023-03-12 15:00:00,439.7248333333334
2023-03-12 16:00:00,257.68916666666667
2023-03-12 17:00:00,134.88196666666667
2023-03-12 18:00:00,11.137390333333334
2023-03-12 19:00:00,0.0
2023-03-12 20:00:00,0.01839333333333333
2023-03-12 21:00:00,0.08093416666666667
2023-03-12 22:00:00,0.033112333333333334
2023-03-12 23:00:00,0.0
2023-03-13 00:00:00,0.0
2023-03-13 01:00:00,0.0
2023-03-13 02:00:00,0.0
2023-03-13 03:00:00,0.0
2023-03-13 04:00:00,0.0
2023-03-13 05:00:00,0.0
2023-03-13 06:00:00,1.6134995
2023-03-13 07:00:00,12.094871666666666
2023-03-13 08:00:00,43.927933333333335
2023-03-13 09:00:00,44.50841666666667
2023-03-13 10:00:00,43.6528
2023-03-13 11:00:00,49.832633333333334
2023-03-13 12:00:00,151.89671666666666
2023-03-13 13:00:00,326.615
2023-03-13 14:00:00,599.7733333333333
2023-03-13 15:00:00,456.5853333333333
2023-03-13 16:00:00,159.52603333333334
2023-03-13 17:00:00,72.61223333333334
2023-03-13 18:00:00,4.906076166666667
2023-03-13 19:00:00,0.0036796666666666666
2023-03-13 20:00:00,0.064394
2023-03-13 21:00:00,0.21342650000000002
2023-03-13 22:00:00,0.22263716666666664
2023-03-13 23:00:00,0.066242
2023-03-14 00:00:00,0.05519966666666667
2023-03-14 01:00:00,0.26311966666666664
2023-03-14 02:00:00,0.21342733333333333
2023-03-14 03:00:00,0.20238466666666666
2023-03-14 04:00:00,0.23366599999999998
2023-03-14 05:00:00,0.28334516666666665
2023-03-14 06:00:00,1.7295535000000002
2023-03-14 07:00:00,17.989175
2023-03-14 08:00:00,50.26758333333333
2023-03-14 09:00:00,63.600566666666666
2023-03-14 10:00:00,86.80881666666667
2023-03-14 11:00:00,232.01833333333335
2023-03-14 12:00:00,313.5545
2023-03-14 13:00:00,624.2731666666666
2023-03-14 14:00:00,825.5345
2023-03-14 15:00:00,366.42516666666666
2023-03-14 16:00:00,219.60061666666667
2023-03-14 17:00:00,116.459965
2023-03-14 18:00:00,12.247699500000001
2023-03-14 19:00:00,0.13062833333333332
2023-03-14 20:00:00,0.0864765
2023-03-14 21:00:00,0.06807933333333334
2023-03-14 22:00:00,0.05703883333333333
2023-03-14 23:00:00,0.09383699999999999
2023-03-15 00:00:00,0.1895158333333333
2023-03-15 01:00:00,0.22263650000000001
2023-03-15 02:00:00,0.15639499999999998
2023-03-15 03:00:00,0.08647883333333332
2023-03-15 04:00:00,0.09015949999999999
2023-03-15 05:00:00,0.2281485
2023-03-15 06:00:00,12.036512333333333
2023-03-15 07:00:00,130.44353333333333
2023-03-15 08:00:00,217.45566666666667
2023-03-15 09:00:00,307.901
2023-03-15 10:00:00,492.32983333333334
2023-03-15 11:00:00,461.6318333333333
2023-03-15 12:00:00,749.1786666666667
2023-03-15 13:00:00,814.9526666666667
2023-03-15 14:00:00,873.5175
2023-03-15 15:00:00,606.1743333333333
2023-03-15 16:00:00,340.8183166666667
2023-03-15 17:00:00,111.21435
2023-03-15 18:00:00,13.478076833333335
2023-03-15 19:00:00,0.0
2023-03-15 20:00:00,0.0
2023-03-15 21:00:00,0.011038833333333333
2023-03-15 22:00:00,0.029437166666666667
2023-03-15 23:00:00,0.034956499999999995
2023-03-16 00:00:00,0.093831
2023-03-16 01:00:00,0.134309
2023-03-16 02:00:00,0.099351
2023-03-16 03:00:00,0.099351
2023-03-16 04:00:00,0.13430483333333332
2023-03-16 05:00:00,0.19133616666666667
2023-03-16 06:00:00,11.4045795
2023-03-16 07:00:00,138.60585
2023-03-16 08:00:00,379.20233333333334
2023-03-16 09:00:00,639.4328333333334
2023-03-16 10:00:00,823.8473333333334
2023-03-16 11:00:00,973.3656666666667
2023-03-16 12:00:00,1026.8438333333334
2023-03-16 13:00:00,983.6096666666667
2023-03-16 14:00:00,911.3376666666667
2023-03-16 15:00:00,686.3968333333333
2023-03-16 16:00:00,419.57616666666667
2023-03-16 17:00:00,160.80941666666666
2023-03-16 18:00:00,15.863013333333333
2023-03-16 19:00:00,0.0055175
2023-03-16 20:00:00,0.0
2023-03-16 21:00:00,0.0
2023-03-16 22:00:00,0.0
2023-03-16 23:00:00,0.0
2023-03-17 00:00:00,0.0
2023-03-17 01:00:00,0.0
2023-03-17 02:00:00,0.0
2023-03-17 03:00:00,0.0
2023-03-17 04:00:00,0.0
2023-03-17 05:00:00,0.0
2023-03-17 06:00:00,0.83337
2023-03-17 07:00:00,8.918365
2023-03-17 08:00:00,25.630966666666666
2023-03-17 09:00:00,110.84623333333334
2023-03-17 10:00:00,182.82583333333332
2023-03-17 11:00:00,269.41661666666664
2023-03-17 12:00:00,503.2941666666667
2023-03-17 13:00:00,1070.0296666666666
2023-03-17 14:00:00,898.6106666666667
2023-03-17 15:00:00,693.3611666666667
2023-03-17 16:00:00,454.428
2023-03-17 17:00:00,167.67733333333334
2023-03-17 18:00:00,12.760704333333333
2023-03-17 19:00:00,0.0
2023-03-17 20:00:00,0.0
2023-03-17 21:00:00,0.0
2023-03-17 22:00:00,0.0
2023-03-17 23:00:00,0.0018393333333333332
2023-03-18 00:00:00,0.0
2023-03-18 01:00:00,0.0
2023-03-18 02:00:00,0.0
2023-03-18 03:00:00,0.0
2023-03-18 04:00:00,0.0
2023-03-18 05:00:00,0.0
2023-03-18 06:00:00,11.631980833333333
2023-03-18 07:00:00,148.74318333333335
2023-03-18 08:00:00,401.43033333333335
2023-03-18 09:00:00,680.7721666666667
2023-03-18 10:00:00,905.1606666666667
2023-03-18 11:00:00,1031.4091666666668
2023-03-18 12:00:00,1074.2246666666665
2023-03-18 13:00:00,1019.1513333333334
2023-03-18 14:00:00,837.6675
2023-03-18 15:00:00,380.2071666666667
2023-03-18 16:00:00,241.75483333333332
2023-03-18 17:00:00,77.03053333333334
2023-03-18 18:00:00,8.685617833333334
2023-03-18 19:00:00,0.10482933333333334
2023-03-18 20:00:00,0.057017500000000006
2023-03-18 21:00:00,0.03494716666666667
2023-03-18 22:00:00,0.012876
2023-03-18 23:00:00,0.005518166666666667
2023-03-19 00:00:00,0.0
2023-03-19 01:00:00,0.0
2023-03-19 02:00:00,0.0073575
2023-03-19 03:00:00,0.03127083333333333
2023-03-19 04:00:00,0.053345166666666666
2023-03-19 05:00:00,0.038629000000000004
2023-03-19 06:00:00,0.9583480000000001
2023-03-19 07:00:00,9.197221666666668
2023-03-19 08:00:00,26.9751
2023-03-19 09:00:00,49.5849
2023-03-19 10:00:00,99.37673333333333
2023-03-19 11:00:00,153.70216666666664
2023-03-19 12:00:00,147.92153333333331
2023-03-19 13:00:00,117.68745666666668
2023-03-19 14:00:00,107.48298333333334
2023-03-19 15:00:00,97.06328333333333
2023-03-19 16:00:00,52.352333333333334
2023-03-19 17:00:00,22.809921666666664
2023-03-19 18:00:00,2.4960506666666666
2023-03-19 19:00:00,0.3715696666666667
2023-03-19 20:00:00,0.25199883333333334
2023-03-19 21:00:00,0.22256566666666666
2023-03-19 22:00:00,0.31085066666666666
2023-03-19 23:00:00,0.4083371666666667
2023-03-20 00:00:00,0.5462733333333334
2023-03-20 01:00:00,0.6511151666666667
2023-03-20 02:00:00,0.7339008333333333
2023-03-20 03:00:00,0.9969311666666666
2023-03-20 04:00:00,1.294885
2023-03-20 05:00:00,1.35193
2023-03-20 06:00:00,3.9398683333333335
2023-03-20 07:00:00,20.147873333333333
2023-03-20 08:00:00,37.63381666666667
2023-03-20 09:00:00,54.16839166666667
2023-03-20 10:00:00,65.4391
2023-03-20 11:00:00,170.31199999999998
2023-03-20 12:00:00,249.14883333333333
2023-03-20 13:00:00,299.5801166666667
2023-03-20 14:00:00,306.9323333333333
2023-03-20 15:00:00,216.02983333333333
2023-03-20 16:00:00,139.77355
2023-03-20 17:00:00,53.96076666666667
2023-03-20 18:00:00,11.475866666666667
2023-03-20 19:00:00,6.7554
2023-03-20 20:00:00,7.507828333333333
2023-03-20 21:00:00,7.908675000000001
2023-03-20 22:00:00,7.954665
2023-03-20 23:00:00,8.162276666666667
2023-03-21 00:00:00,8.702821666666667
2023-03-21 01:00:00,9.18469
2023-03-21 02:00:00,9.265593333333333
2023-03-21 03:00:00,9.26916
2023-03-21 04:00:00,9.296648333333334
2023-03-21 05:00:00,9.293163333333332
2023-03-21 06:00:00,17.608161666666668
2023-03-21 07:00:00,76.42705
2023-03-21 08:00:00,145.43591666666669
2023-03-21 09:00:00,261.92633333333333
2023-03-21 10:00:00,164.72805000000002
2023-03-21 11:00:00,281.9065
2023-03-21 12:00:00,401.3421666666666
2023-03-21 13:00:00,489.37466666666666
2023-03-21 14:00:00,194.56965
2023-03-21 15:00:00,168.79368333333332
2023-03-21 16:00:00,177.39825000000002
2023-03-21 17:00:00,81.10038333333334
2023-03-21 18:00:00,24.835233333333335
2023-03-21 19:00:00,11.619516666666668
2023-03-21 20:00:00,12.355433333333334
2023-03-21 21:00:00,12.575133333333333
2023-03-21 22:00:00,12.578
2023-03-21 23:00:00,12.640433333333334
2023-03-22 00:00:00,13.140416666666665
2023-03-22 01:00:00,13.673499999999999
2023-03-22 02:00:00,13.893833333333333
2023-03-22 03:00:00,13.899249999999999
2023-03-22 04:00:00,13.901033333333334
2023-03-22 05:00:00,13.897533333333334
2023-03-22 06:00:00,18.441483333333334
2023-03-22 07:00:00,77.23403333333334
2023-03-22 08:00:00,190.6991
2023-03-22 09:00:00,372.5435
2023-03-22 10:00:00,262.8541666666667
2023-03-22 11:00:00,431.829
2023-03-22 12:00:00,254.82049999999998
2023-03-22 13:00:00,238.3671666666667
2023-03-22 14:00:00,209.87133333333335
2023-03-22 15:00:00,172.03583333333333
2023-03-22 16:00:00,86.18848333333334
2023-03-22 17:00:00,51.68923333333333
2023-03-22 18:00:00,18.245383333333333
2023-03-22 19:00:00,14.47845
2023-03-22 20:00:00,14.588750000000001
2023-03-22 21:00:00,14.849766666666666
2023-03-22 22:00:00,15.226866666666666
2023-03-22 23:00:00,15.5927
2023-03-23 00:00:00,15.84275
2023-03-23 01:00:00,15.851666666666667
2023-03-23 02:00:00,15.497033333333333
2023-03-23 03:00:00,15.34005
2023-03-23 04:00:00,15.833316666666667
2023-03-23 05:00:00,15.557500000000001
2023-03-23 06:00:00,33.789833333333334
2023-03-23 07:00:00,118.86056666666667
2023-03-23 08:00:00,266.43733333333336
2023-03-23 09:00:00,506.68666666666667
2023-03-23 10:00:00,477.7125
2023-03-23 11:00:00,574.5326666666666
2023-03-23 12:00:00,682.8591666666667
2023-03-23 13:00:00,704.7363333333334
2023-03-23 14:00:00,670.9354999999999
2023-03-23 15:00:00,434.6478333333333
2023-03-23 16:00:00,277.76255000000003
2023-03-23 17:00:00,154.50183333333334
2023-03-23 18:00:00,25.50595
2023-03-23 19:00:00,12.89525
2023-03-23 20:00:00,13.426433333333334
2023-03-23 21:00:00,13.955866666666667
2023-03-23 22:00:00,14.069983333333333
2023-03-23 23:00:00,14.941233333333335
2023-03-24 00:00:00,15.219183333333332
2023-03-24 01:00:00,15.221016666666666
2023-03-24 02:00:00,15.250633333333333
2023-03-24 03:00:00,15.212066666666667
2023-03-24 04:00:00,15.2734
2023-03-24 05:00:00,15.787583333333334
2023-03-24 06:00:00,33.994949999999996
2023-03-24 07:00:00,124.1438
2023-03-24 08:00:00,238.89066666666668
2023-03-24 09:00:00,272.03686666666664
2023-03-24 10:00:00,638.8218333333333
2023-03-24 11:00:00,747.2248333333333
2023-03-24 12:00:00,580.1321666666666
2023-03-24 13:00:00,393.71650000000005
2023-03-24 14:00:00,327.22549999999995
2023-03-24 15:00:00,223.14943333333335
2023-03-24 16:00:00,99.64095
2023-03-24 17:00:00,59.497733333333336
2023-03-24 18:00:00,20.743466666666666
2023-03-24 19:00:00,15.1851
2023-03-24 20:00:00,15.21945
2023-03-24 21:00:00,15.366816666666667
2023-03-24 22:00:00,15.890716666666666
2023-03-24 23:00:00,15.938016666666666
2023-03-25 00:00:00,16.1328
2023-03-25 01:00:00,16.14565
2023-03-25 02:00:00,15.954066666666666
2023-03-25 03:00:00,15.87525
2023-03-25 04:00:00,15.882616666666667
2023-03-25 05:00:00,15.846350000000001
2023-03-25 06:00:00,22.41035
2023-03-25 07:00:00,38.8906
2023-03-25 08:00:00,63.80863333333333
2023-03-25 09:00:00,110.69821666666667
2023-03-25 10:00:00,37.25001666666667
2023-03-25 11:00:00,63.890166666666666
2023-03-25 12:00:00,91.7653
2023-03-25 13:00:00,32.01433333333333
2023-03-25 14:00:00,258.0204166666667
2023-03-25 15:00:00,116.49533333333333
2023-03-25 16:00:00,40.98993333333333
2023-03-25 17:00:00,18.991466666666668
2023-03-25 18:00:00,16.102166666666665
2023-03-25 19:00:00,15.906033333333333
2023-03-25 20:00:00,16.222150000000003
2023-03-25 21:00:00,16.014699999999998
2023-03-25 22:00:00,16.144883333333333
2023-03-25 23:00:00,16.383783333333334
2023-03-26 00:00:00,16.532283333333332
2023-03-26 01:00:00,16.560583333333334
2023-03-26 02:00:00,16.84978333333333
2023-03-26 03:00:00,17.841083333333337
2023-03-26 04:00:00,17.212433333333333
2023-03-26 05:00:00,16.646683333333335
2023-03-26 06:00:00,17.430049999999998
2023-03-26 07:00:00,44.796616666666665
2023-03-26 08:00:00,60.4587
2023-03-26 09:00:00,115.64033333333333
2023-03-26 10:00:00,160.1171666666667
2023-03-26 11:00:00,200.22413333333333
2023-03-26 12:00:00,175.20200000000003
2023-03-26 13:00:00,121.53511666666667
2023-03-26 14:00:00,107.96861666666668
2023-03-26 15:00:00,86.836
2023-03-26 16:00:00,30.2074
2023-03-26 17:00:00,24.9104
2023-03-26 18:00:00,18.91445
2023-03-26 19:00:00,17.6509
2023-03-26 20:00:00,17.152616666666667
2023-03-26 21:00:00,16.8824
2023-03-26 22:00:00,16.81683333333333
2023-03-26 23:00:00,16.94346666666667
2023-03-27 00:00:00,16.59225
2023-03-27 01:00:00,16.53915
2023-03-27 02:00:00,16.51025
2023-03-27 03:00:00,16.4482
2023-03-27 04:00:00,16.176683333333333
2023-03-27 05:00:00,16.523133333333334
2023-03-27 06:00:00,18.20635
2023-03-27 07:00:00,27.380433333333333
2023-03-27 08:00:00,42.7498
2023-03-27 09:00:00,67.9698
2023-03-27 10:00:00,70.10560000000001
2023-03-27 11:00:00,71.79108333333333
2023-03-27 12:00:00,103.5924
2023-03-27 13:00:00,80.92003333333334
2023-03-27 14:00:00,82.35998333333333
2023-03-27 15:00:00,107.62036666666667
2023-03-27 16:00:00,79.02601666666666
2023-03-27 17:00:00,61.6096
2023-03-27 18:00:00,19.711916666666664
2023-03-27 19:00:00,15.932033333333333
2023-03-27 20:00:00,15.983466666666667
2023-03-27 21:00:00,15.639100000000001
2023-03-27 22:00:00,15.4827
2023-03-27 23:00:00,15.640316666666667
2023-03-28 00:00:00,15.877933333333333
2023-03-28 01:00:00,15.899733333333334
2023-03-28 02:00:00,15.259583333333332
2023-03-28 03:00:00,15.274383333333333
2023-03-28 04:00:00,15.246733333333333
2023-03-28 05:00:00,15.411166666666666
2023-03-28 06:00:00,17.101816666666664
2023-03-28 07:00:00,29.710616666666667
2023-03-28 08:00:00,49.27108333333333
2023-03-28 09:00:00,61.507266666666666
2023-03-28 10:00:00,100.19286666666667
2023-03-28 11:00:00,122.98881666666666
2023-03-28 12:00:00,154.0087333333333
2023-03-28 13:00:00,127.71451666666667
2023-03-28 14:00:00,149.05733333333333
2023-03-28 15:00:00,102.03431666666667
2023-03-28 16:00:00,94.35778333333333
2023-03-28 17:00:00,53.53308333333334
2023-03-28 18:00:00,24.079533333333334
2023-03-28 19:00:00,19.198016666666668
2023-03-28 20:00:00,19.52375
2023-03-28 21:00:00,20.467133333333333
2023-03-28 22:00:00,20.603233333333332
2023-03-28 23:00:00,20.307116666666666
2023-03-29 00:00:00,19.442400000000003
2023-03-29 01:00:00,18.009933333333333
2023-03-29 02:00:00,17.229033333333334
2023-03-29 03:00:00,16.8637
2023-03-29 04:00:00,16.774083333333333
2023-03-29 05:00:00,16.689966666666667
2023-03-29 06:00:00,18.74045
2023-03-29 07:00:00,29.8642
2023-03-29 08:00:00,47.170449999999995
2023-03-29 09:00:00,70.62493333333333
2023-03-29 10:00:00,119.70646666666667
2023-03-29 11:00:00,171.65916666666666
2023-03-29 12:00:00,249.18366666666668
2023-03-29 13:00:00,350.5971666666667
2023-03-29 14:00:00,358.15683333333334
2023-03-29 15:00:00,252.94116666666665
2023-03-29 16:00:00,194.27468333333334
2023-03-29 17:00:00,112.96826666666668
2023-03-29 18:00:00,30.172533333333334
2023-03-29 19:00:00,19.831616666666665
2023-03-29 20:00:00,19.889233333333333
2023-03-29 21:00:00,19.745533333333334
2023-03-29 22:00:00,19.492916666666666
2023-03-29 23:00:00,19.23125
2023-03-30 00:00:00,19.357466666666667
2023-03-30 01:00:00,19.198733333333333
2023-03-30 02:00:00,19.129233333333335
2023-03-30 03:00:00,19.142466666666667
2023-03-30 04:00:00,18.158433333333335
2023-03-30 05:00:00,17.840566666666668
2023-03-30 06:00:00,21.165883333333333
2023-03-30 07:00:00,33.26806666666667
2023-03-30 08:00:00,57.8257
2023-03-30 09:00:00,85.98783333333333
2023-03-30 10:00:00,106.10171666666666
2023-03-30 11:00:00,130.57555
2023-03-30 12:00:00,162.832
2023-03-30 13:00:00,115.95313333333334
2023-03-30 14:00:00,149.23966666666666
2023-03-30 15:00:00,127.50028333333333
2023-03-30 16:00:00,95.46966666666667
2023-03-30 17:00:00,47.62701666666667
2023-03-30 18:00:00,23.553749999999997
2023-03-30 19:00:00,20.4939
2023-03-30 20:00:00,20.457133333333335
2023-03-30 21:00:00,20.41238333333333
2023-03-30 22:00:00,19.802366666666668
2023-03-30 23:00:00,19.360883333333334
2023-03-31 00:00:00,18.85953333333333
2023-03-31 01:00:00,18.83761666666667
2023-03-31 02:00:00,18.486783333333335
2023-03-31 03:00:00,18.6123
2023-03-31 04:00:00,18.987433333333335
2023-03-31 05:00:00,18.453866666666666
2023-03-31 06:00:00,19.5869
2023-03-31 07:00:00,28.735083333333332
2023-03-31 08:00:00,39.74616666666667
2023-03-31 09:00:00,68.57333333333332
2023-03-31 10:00:00,86.08998333333334
2023-03-31 11:00:00,100.11901666666667
2023-03-31 12:00:00,105.07968333333334
2023-03-31 13:00:00,102.92758333333333
2023-03-31 14:00:00,91.20203333333333
2023-03-31 15:00:00,52.31616666666667
2023-03-31 16:00:00,34.32383333333333
2023-03-31 17:00:00,24.712033333333334
2023-03-31 18:00:00,20.528016666666666
2023-03-31 19:00:00,19.194483333333334
2023-03-31 20:00:00,18.94425
2023-03-31 21:00:00,19.361583333333332
2023-03-31 22:00:00,22.523483333333335
2023-03-31 23:00:00,24.219366666666666
2023-04-01 00:00:00,26.3013
2023-04-01 01:00:00,26.284733333333335
2023-04-01 02:00:00,22.654166666666665
2023-04-01 03:00:00,20.835016666666665
2023-04-01 04:00:00,20.443050000000003
2023-04-01 05:00:00,19.54191666666667
2023-04-01 06:00:00,22.098433333333332
2023-04-01 07:00:00,28.035733333333333
2023-04-01 08:00:00,45.06713333333333
2023-04-01 09:00:00,60.4596
2023-04-01 10:00:00,101.14243333333334
2023-04-01 11:00:00,150.40266666666668
2023-04-01 12:00:00,229.38504999999998
2023-04-01 13:00:00,457.20591666666667
2023-04-01 14:00:00,298.53866666666664
2023-04-01 15:00:00,169.9901
2023-04-01 16:00:00,103.43223333333334
2023-04-01 17:00:00,48.37825
2023-04-01 18:00:00,27.208133333333333
2023-04-01 19:00:00,23.574166666666667
2023-04-01 20:00:00,23.274316666666667
2023-04-01 21:00:00,22.562450000000002
2023-04-01 22:00:00,21.10938333333333
2023-04-01 23:00:00,20.169933333333333
2023-04-02 00:00:00,19.861016666666668
2023-04-02 01:00:00,19.558016666666667
2023-04-02 02:00:00,19.43211666666667
2023-04-02 03:00:00,19.58353333333333
2023-04-02 04:00:00,19.309533333333334
2023-04-02 05:00:00,19.326
2023-04-02 06:00:00,21.132133333333336
2023-04-02 07:00:00,24.200716666666665
2023-04-02 08:00:00,46.66416666666667
2023-04-02 09:00:00,114.874
2023-04-02 10:00:00,104.96430000000001
2023-04-02 11:00:00,127.8495
2023-04-02 12:00:00,120.68333333333334
2023-04-02 13:00:00,117.5085
2023-04-02 14:00:00,105.74473333333334
2023-04-02 15:00:00,71.33603333333333
2023-04-02 16:00:00,51.282516666666666
2023-04-02 17:00:00,40.3919
2023-04-02 18:00:00,25.135516666666668
2023-04-02 19:00:00,23.212316666666666
2023-04-02 20:00:00,22.519066666666667
2023-04-02 21:00:00,22.83655
2023-04-02 22:00:00,22.222783333333332
2023-04-02 23:00:00,21.448183333333336
2023-04-03 00:00:00,21.1139
2023-04-03 01:00:00,20.550966666666667
2023-04-03 02:00:00,19.92823333333333
2023-04-03 03:00:00,21.719116666666665
2023-04-03 04:00:00,28.07695
2023-04-03 05:00:00,27.63543333333333
2023-04-03 06:00:00,28.985916666666665
2023-04-03 07:00:00,34.825050000000005
2023-04-03 08:00:00,43.61305
2023-04-03 09:00:00,60.617216666666664
2023-04-03 10:00:00,90.56448333333333
2023-04-03 11:00:00,124.12136666666667
2023-04-03 12:00:00,98.89165
2023-04-03 13:00:00,77.28711666666666
2023-04-03 14:00:00,88.44943333333335
2023-04-03 15:00:00,67.69668333333333
2023-04-03 16:00:00,52.57396666666667
2023-04-03 17:00:00,33.626799999999996
2023-04-03 18:00:00,20.8687
2023-04-03 19:00:00,20.18906666666667
2023-04-03 20:00:00,20.266366666666666
2023-04-03 21:00:00,19.813499999999998
2023-04-03 22:00:00,19.506466666666665
2023-04-03 23:00:00,19.29283333333333
2023-04-04 00:00:00,19.1734
2023-04-04 01:00:00,19.138250000000003
2023-04-04 02:00:00,19.132983333333335
2023-04-04 03:00:00,19.20775
2023-04-04 04:00:00,19.5858
2023-04-04 05:00:00,19.98345
2023-04-04 06:00:00,21.934466666666665
2023-04-04 07:00:00,35.037299999999995
2023-04-04 08:00:00,55.53241666666667
2023-04-04 09:00:00,145.59994999999998
2023-04-04 10:00:00,615.1800000000001
2023-04-04 11:00:00,840.1525
2023-04-04 12:00:00,438.41416666666663
2023-04-04 13:00:00,197.25423333333336
2023-04-04 14:00:00,135.72243333333333
2023-04-04 15:00:00,104.37655
2023-04-04 16:00:00,92.0917
2023-04-04 17:00:00,65.66215
2023-04-04 18:00:00,36.023516666666666
2023-04-04 19:00:00,29.149083333333333
2023-04-04 20:00:00,28.2226
2023-04-04 21:00:00,27.44285
2023-04-04 22:00:00,27.66755
2023-04-04 23:00:00,27.038816666666666
2023-04-05 00:00:00,26.57926666666667
2023-04-05 01:00:00,26.410466666666665
2023-04-05 02:00:00,26.1364
2023-04-05 03:00:00,25.905683333333332
2023-04-05 04:00:00,24.984166666666667
2023-04-05 05:00:00,24.414566666666666
2023-04-05 06:00:00,31.162566666666667
2023-04-05 07:00:00,38.968333333333334
2023-04-05 08:00:00,50.37616666666667
2023-04-05 09:00:00,59.02706666666666
2023-04-05 10:00:00,92.32136666666666
2023-04-05 11:00:00,95.571
2023-04-05 12:00:00,194.3756666666667
2023-04-05 13:00:00,238.10266666666666
2023-04-05 14:00:00,274.60900000000004
2023-04-05 15:00:00,193.35316666666668
2023-04-05 16:00:00,142.89648333333335
2023-04-05 17:00:00,79.03866666666666
2023-04-05 18:00:00,38.07496666666667
2023-04-05 19:00:00,31.32205
2023-04-05 20:00:00,31.079600000000003
2023-04-05 21:00:00,30.998333333333335
2023-04-05 22:00:00,29.343566666666668
2023-04-05 23:00:00,28.393016666666664
2023-04-06 00:00:00,27.759216666666664
2023-04-06 01:00:00,26.615433333333332
2023-04-06 02:00:00,25.723683333333334
2023-04-06 03:00:00,25.24475
2023-04-06 04:00:00,25.692016666666667
2023-04-06 05:00:00,25.6074
2023-04-06 06:00:00,37.34973333333333
2023-04-06 07:00:00,80.52403333333334
2023-04-06 08:00:00,167.3445
2023-04-06 09:00:00,324.13349999999997
2023-04-06 10:00:00,360.6236666666666
2023-04-06 11:00:00,526.5911666666667
2023-04-06 12:00:00,647.1223333333334
2023-04-06 13:00:00,428.40361666666666
2023-04-06 14:00:00,455.5106666666667
2023-04-06 15:00:00,476.93033333333335
2023-04-06 16:00:00,213.50016666666667
2023-04-06 17:00:00,76.3805
2023-04-06 18:00:00,42.10016666666666
2023-04-06 19:00:00,34.41378333333333
2023-04-06 20:00:00,34.389066666666665
2023-04-06 21:00:00,33.020966666666666
2023-04-06 22:00:00,28.234849999999998
2023-04-06 23:00:00,25.787916666666668
2023-04-07 00:00:00,23.62523333333333
2023-04-07 01:00:00,21.68593333333333
2023-04-07 02:00:00,22.34465
2023-04-07 03:00:00,23.221933333333332
2023-04-07 04:00:00,26.14271666666667
2023-04-07 05:00:00,28.879916666666666
2023-04-07 06:00:00,38.565783333333336
2023-04-07 07:00:00,126.21801666666667
2023-04-07 08:00:00,246.89433333333332
2023-04-07 09:00:00,460.26783333333333
2023-04-07 10:00:00,466.29266666666666
2023-04-07 11:00:00,834.1483333333333
2023-04-07 12:00:00,969.346
2023-04-07 13:00:00,1079.9528333333333
2023-04-07 14:00:00,690.4841666666667
2023-04-07 15:00:00,483.7318333333333
2023-04-07 16:00:00,248.62261666666666
2023-04-07 17:00:00,96.18913333333333
2023-04-07 18:00:00,28.757083333333334
2023-04-07 19:00:00,21.2491
2023-04-07 20:00:00,21.877766666666666
2023-04-07 21:00:00,22.11296666666667
2023-04-07 22:00:00,22.026583333333335
2023-04-07 23:00:00,21.96033333333333
2023-04-08 00:00:00,21.89241666666667
2023-04-08 01:00:00,22.20338333333333
2023-04-08 02:00:00,22.66105
2023-04-08 03:00:00,24.653883333333333
2023-04-08 04:00:00,26.612016666666666
2023-04-08 05:00:00,26.9689
2023-04-08 06:00:00,33.944916666666664
2023-04-08 07:00:00,120.2192
2023-04-08 08:00:00,203.73216666666667
2023-04-08 09:00:00,132.47775
2023-04-08 10:00:00,155.26983333333334
2023-04-08 11:00:00,244.17471666666668
2023-04-08 12:00:00,246.52266666666668
2023-04-08 13:00:00,267.41683333333333
2023-04-08 14:00:00,98.49081666666666
2023-04-08 15:00:00,160.08836666666667
2023-04-08 16:00:00,184.45916666666665
2023-04-08 17:00:00,133.3015
2023-04-08 18:00:00,43.45036666666667
2023-04-08 19:00:00,29.661266666666666
2023-04-08 20:00:00,31.17245
2023-04-08 21:00:00,30.980233333333334
2023-04-08 22:00:00,32.05605
2023-04-08 23:00:00,32.546816666666665
2023-04-09 00:00:00,32.0341
2023-04-09 01:00:00,32.3006
2023-04-09 02:00:00,32.10608333333333
2023-04-09 03:00:00,31.74915
2023-04-09 04:00:00,32.521816666666666
2023-04-09 05:00:00,32.6342
2023-04-09 06:00:00,37.25826666666667
2023-04-09 07:00:00,98.02365
2023-04-09 08:00:00,103.72139999999999
2023-04-09 09:00:00,108.54923333333333
2023-04-09 10:00:00,153.38301666666666
2023-04-09 11:00:00,260.76366666666667
2023-04-09 12:00:00,709.5678333333333
2023-04-09 13:00:00,498.07033333333334
2023-04-09 14:00:00,603.8198333333333
2023-04-09 15:00:00,499.2298333333334
2023-04-09 16:00:00,276.1988333333333
2023-04-09 17:00:00,170.2775
2023-04-09 18:00:00,54.03803333333334
2023-04-09 19:00:00,30.630483333333334
2023-04-09 20:00:00,31.596866666666664
2023-04-09 21:00:00,33.86821666666667
2023-04-09 22:00:00,33.03338333333333
2023-04-09 23:00:00,31.964083333333335
2023-04-10 00:00:00,31.685783333333333
2023-04-10 01:00:00,31.454166666666666
2023-04-10 02:00:00,30.589299999999998
2023-04-10 03:00:00,29.959733333333336
2023-04-10 04:00:00,29.455016666666666
2023-04-10 05:00:00,29.80495
2023-04-10 06:00:00,35.958783333333336
2023-04-10 07:00:00,89.9407
2023-04-10 08:00:00,203.22578333333334
2023-04-10 09:00:00,464.27233333333334
2023-04-10 10:00:00,484.93433333333337
2023-04-10 11:00:00,700.8895
2023-04-10 12:00:00,771.9578333333334
2023-04-10 13:00:00,338.1718333333334
2023-04-10 14:00:00,419.6925
2023-04-10 15:00:00,321.2198333333333
2023-04-10 16:00:00,120.93978333333332
2023-04-10 17:00:00,73.07381666666667
2023-04-10 18:00:00,33.05408333333333
2023-04-10 19:00:00,26.753133333333334
2023-04-10 20:00:00,27.11753333333333
2023-04-10 21:00:00,26.282183333333332
2023-04-10 22:00:00,25.850266666666666
2023-04-10 23:00:00,25.710216666666668
2023-04-11 00:00:00,25.74455
2023-04-11 01:00:00,25.545633333333335
2023-04-11 02:00:00,25.11615
2023-04-11 03:00:00,24.471983333333334
2023-04-11 04:00:00,23.781466666666667
2023-04-11 05:00:00,23.158583333333336
2023-04-11 06:00:00,32.39305
2023-04-11 07:00:00,54.42643333333333
2023-04-11 08:00:00,137.60443333333333
2023-04-11 09:00:00,304.70625
2023-04-11 10:00:00,388.51231666666666
2023-04-11 11:00:00,919.1553333333334
2023-04-11 12:00:00,1107.308
2023-04-11 13:00:00,1132.9681666666665
2023-04-11 14:00:00,663.1886666666667
2023-04-11 15:00:00,518.955
2023-04-11 16:00:00,319.61233333333337
2023-04-11 17:00:00,171.51545
2023-04-11 18:00:00,43.431733333333334
2023-04-11 19:00:00,22.925666666666665
2023-04-11 20:00:00,22.53558333333333
2023-04-11 21:00:00,22.369116666666667
2023-04-11 22:00:00,22.98865
2023-04-11 23:00:00,23.24341666666667
2023-04-12 00:00:00,22.85033333333333
2023-04-12 01:00:00,21.911350000000002
2023-04-12 02:00:00,21.401166666666665
2023-04-12 03:00:00,22.100466666666666
2023-04-12 04:00:00,23.143116666666668
2023-04-12 05:00:00,23.733400000000003
2023-04-12 06:00:00,63.261383333333335
2023-04-12 07:00:00,264.757
2023-04-12 08:00:00,543.5766666666666
2023-04-12 09:00:00,832.2485
2023-04-12 10:00:00,1038.5925
2023-04-12 11:00:00,1101.2266666666667
2023-04-12 12:00:00,815.9556666666666
2023-04-12 13:00:00,1042.1143333333334
2023-04-12 14:00:00,948.2083333333334
2023-04-12 15:00:00,721.9715
2023-04-12 16:00:00,437.2511666666667
2023-04-12 17:00:00,157.51938333333334
2023-04-12 18:00:00,37.18896666666667
2023-04-12 19:00:00,15.468333333333334
2023-04-12 20:00:00,15.873633333333334
2023-04-12 21:00:00,16.162
2023-04-12 22:00:00,17.300633333333334
2023-04-12 23:00:00,17.431183333333333
2023-04-13 00:00:00,16.999
2023-04-13 01:00:00,17.1779
2023-04-13 02:00:00,17.225316666666668
2023-04-13 03:00:00,17.38815
2023-04-13 04:00:00,17.932633333333335
2023-04-13 05:00:00,18.355866666666667
2023-04-13 06:00:00,22.824683333333333
2023-04-13 07:00:00,53.165016666666666
2023-04-13 08:00:00,144.13601666666668
2023-04-13 09:00:00,238.5323833333333
2023-04-13 10:00:00,292.59066666666666
2023-04-13 11:00:00,629.7724999999999
2023-04-13 12:00:00,995.3513333333334
2023-04-13 13:00:00,810.5665
2023-04-13 14:00:00,765.9014999999999
2023-04-13 15:00:00,682.0905
2023-04-13 16:00:00,413.15166666666664
2023-04-13 17:00:00,155.14376666666666
2023-04-13 18:00:00,38.27166666666667
2023-04-13 19:00:00,20.7135
2023-04-13 20:00:00,20.806883333333335
2023-04-13 21:00:00,21.1598
2023-04-13 22:00:00,21.31433333333333
2023-04-13 23:00:00,21.426416666666668
2023-04-14 00:00:00,21.82755
2023-04-14 01:00:00,21.83285
2023-04-14 02:00:00,21.85165
2023-04-14 03:00:00,22.05571666666667
2023-04-14 04:00:00,22.714983333333336
2023-04-14 05:00:00,23.028950000000002
2023-04-14 06:00:00,48.022616666666664
2023-04-14 07:00:00,158.13035
2023-04-14 08:00:00,248.47033333333331
2023-04-14 09:00:00,317.642
2023-04-14 10:00:00,518.694
2023-04-14 11:00:00,893.0628333333333
2023-04-14 12:00:00,839.1195
2023-04-14 13:00:00,595.4135
2023-04-14 14:00:00,706.9236666666667
2023-04-14 15:00:00,643.509
2023-04-14 16:00:00,354.6323333333333
2023-04-14 17:00:00,147.15501666666665
2023-04-14 18:00:00,30.8526
2023-04-14 19:00:00,21.61093333333333
2023-04-14 20:00:00,22.25725
2023-04-14 21:00:00,22.447766666666666
2023-04-14 22:00:00,23.06205
2023-04-14 23:00:00,23.325133333333333
2023-04-15 00:00:00,25.64395
2023-04-15 01:00:00,26.21601666666667
2023-04-15 02:00:00,25.897
2023-04-15 03:00:00,27.762999999999998
2023-04-15 04:00:00,27.762966666666667
2023-04-15 05:00:00,28.55183333333333
2023-04-15 06:00:00,64.49893333333334
2023-04-15 07:00:00,225.234
2023-04-15 08:00:00,528.3856666666667
2023-04-15 09:00:00,852.0793333333334
2023-04-15 10:00:00,971.7503333333333
2023-04-15 11:00:00,1248.3146666666667
2023-04-15 12:00:00,1194.8386666666668
2023-04-15 13:00:00,797.7058333333333
2023-04-15 14:00:00,620.6315
2023-04-15 15:00:00,559.2428333333334
2023-04-15 16:00:00,284.9956666666667
2023-04-15 17:00:00,146.27868333333333
2023-04-15 18:00:00,40.88336666666667
2023-04-15 19:00:00,27.347466666666666
2023-04-15 20:00:00,27.966983333333335
2023-04-15 21:00:00,28.709516666666666
2023-04-15 22:00:00,30.12796666666667
2023-04-15 23:00:00,31.78845
2023-04-16 00:00:00,32.896100000000004
2023-04-16 01:00:00,32.42815
2023-04-16 02:00:00,34.070366666666665
2023-04-16 03:00:00,32.20263333333333
2023-04-16 04:00:00,31.5996
2023-04-16 05:00:00,31.638183333333334
2023-04-16 06:00:00,89.99175
2023-04-16 07:00:00,380.6368333333333
2023-04-16 08:00:00,712.3923333333333
2023-04-16 09:00:00,996.3138333333334
2023-04-16 10:00:00,1163.2616666666665
2023-04-16 11:00:00,1272.8066666666666
2023-04-16 12:00:00,1297.9850000000001
2023-04-16 13:00:00,1229.1583333333333
2023-04-16 14:00:00,1042.5288333333333
2023-04-16 15:00:00,832.9161666666666
2023-04-16 16:00:00,530.1183333333333
2023-04-16 17:00:00,112.83748333333332
2023-04-16 18:00:00,34.625083333333336
2023-04-16 19:00:00,10.804183333333333
2023-04-16 20:00:00,10.91825
2023-04-16 21:00:00,12.88925
2023-04-16 22:00:00,14.414533333333333
2023-04-16 23:00:00,15.726483333333332
2023-04-17 00:00:00,16.367749999999997
2023-04-17 01:00:00,16.658716666666667
2023-04-17 02:00:00,17.4808
2023-04-17 03:00:00,18.044066666666666
2023-04-17 04:00:00,19.14095
2023-04-17 05:00:00,19.497500000000002
2023-04-17 06:00:00,50.00346666666667
2023-04-17 07:00:00,101.30743333333334
2023-04-17 08:00:00,424.91516666666666
2023-04-17 09:00:00,801.0736666666667
2023-04-17 10:00:00,496.634
2023-04-17 11:00:00,568.9163333333333
2023-04-17 12:00:00,756.3743333333333
2023-04-17 13:00:00,954.0743333333334
2023-04-17 14:00:00,478.7511666666667
2023-04-17 15:00:00,211.3665
2023-04-17 16:00:00,138.63878333333332
2023-04-17 17:00:00,52.19631666666667
2023-04-17 18:00:00,26.812900000000003
2023-04-17 19:00:00,21.302883333333334
2023-04-17 20:00:00,21.838116666666668
2023-04-17 21:00:00,22.484750000000002
2023-04-17 22:00:00,22.867483333333332
2023-04-17 23:00:00,23.038633333333333
2023-04-18 00:00:00,23.129733333333334
2023-04-18 01:00:00,23.33765
2023-04-18 02:00:00,24.250283333333336
2023-04-18 03:00:00,23.99405
2023-04-18 04:00:00,23.696016666666665
2023-04-18 05:00:00,23.837266666666668
2023-04-18 06:00:00,58.47573333333333
2023-04-18 07:00:00,115.94043333333335
2023-04-18 08:00:00,277.93733333333336
2023-04-18 09:00:00,434.29083333333335
2023-04-18 10:00:00,869.6751666666667
2023-04-18 11:00:00,1078.0713333333333
2023-04-18 12:00:00,713.7118333333333
2023-04-18 13:00:00,645.0501666666667
2023-04-18 14:00:00,292.90250000000003
2023-04-18 15:00:00,176.4315
2023-04-18 16:00:00,80.03866666666666
2023-04-18 17:00:00,39.8941
2023-04-18 18:00:00,28.028399999999998
2023-04-18 19:00:00,25.2899
2023-04-18 20:00:00,24.882316666666668
2023-04-18 21:00:00,25.144866666666665
2023-04-18 22:00:00,25.070083333333333
2023-04-18 23:00:00,25.234166666666667
2023-04-19 00:00:00,25.3755
2023-04-19 01:00:00,26.219416666666667
2023-04-19 02:00:00,28.144833333333334
2023-04-19 03:00:00,30.161133333333336
2023-04-19 04:00:00,30.346349999999997
2023-04-19 05:00:00,30.417016666666665
2023-04-19 06:00:00,48.231649999999995
2023-04-19 07:00:00,126.13026666666666
2023-04-19 08:00:00,305.97566666666665
2023-04-19 09:00:00,263.8671166666667
2023-04-19 10:00:00,63.58011666666666
2023-04-19 11:00:00,36.71901666666667
2023-04-19 12:00:00,261.6009
2023-04-19 13:00:00,439.63483333333335
2023-04-19 14:00:00,964.8341666666668
2023-04-19 15:00:00,523.7031666666667
2023-04-19 16:00:00,271.2998333333333
2023-04-19 17:00:00,100.18443333333333
2023-04-19 18:00:00,54.44391666666666
2023-04-19 19:00:00,24.479683333333334
2023-04-19 20:00:00,24.2529
2023-04-19 21:00:00,24.226133333333333
2023-04-19 22:00:00,25.01043333333333
2023-04-19 23:00:00,24.452949999999998
2023-04-20 00:00:00,23.4494
2023-04-20 01:00:00,23.28415
2023-04-20 02:00:00,23.920633333333335
2023-04-20 03:00:00,24.335516666666667
2023-04-20 04:00:00,23.547666666666665
2023-04-20 05:00:00,22.922083333333333
2023-04-20 06:00:00,26.589616666666664
2023-04-20 07:00:00,47.35216666666667
2023-04-20 08:00:00,112.00943333333333
2023-04-20 09:00:00,136.18993333333333
2023-04-20 10:00:00,170.03283333333331
2023-04-20 11:00:00,168.958
2023-04-20 12:00:00,151.36223333333334
2023-04-20 13:00:00,124.82303333333333
2023-04-20 14:00:00,185.837
2023-04-20 15:00:00,103.32018333333333
2023-04-20 16:00:00,56.774649999999994
2023-04-20 17:00:00,36.87885000000001
2023-04-20 18:00:00,24.978333333333335
2023-04-20 19:00:00,22.69335
2023-04-20 20:00:00,23.158283333333333
2023-04-20 21:00:00,23.209566666666667
2023-04-20 22:00:00,23.768116666666668
2023-04-20 23:00:00,23.790416666666665
2023-04-21 00:00:00,25.919766666666664
2023-04-21 01:00:00,25.31795
2023-04-21 02:00:00,24.3429
2023-04-21 03:00:00,24.225133333333336
2023-04-21 04:00:00,24.182650000000002
2023-04-21 05:00:00,31.391183333333334
2023-04-21 06:00:00,35.59741666666666
2023-04-21 07:00:00,48.608533333333334
2023-04-21 08:00:00,93.16036666666668
2023-04-21 09:00:00,108.69585000000001
2023-04-21 10:00:00,265.02113333333335
2023-04-21 11:00:00,273.50550000000004
2023-04-21 12:00:00,194.7255
2023-04-21 13:00:00,227.65066666666664
2023-04-21 14:00:00,210.66338333333334
2023-04-21 15:00:00,76.93671666666667
2023-04-21 16:00:00,56.547466666666665
2023-04-21 17:00:00,33.5674
2023-04-21 18:00:00,28.39005
2023-04-21 19:00:00,27.17043333333333
2023-04-21 20:00:00,27.326266666666665
2023-04-21 21:00:00,27.51268333333333
2023-04-21 22:00:00,26.06215
2023-04-21 23:00:00,24.948283333333332
2023-04-22 00:00:00,24.99958333333333
2023-04-22 01:00:00,25.25358333333333
2023-04-22 02:00:00,23.940549999999998
2023-04-22 03:00:00,24.056733333333334
2023-04-22 04:00:00,24.937716666666667
2023-04-22 05:00:00,26.548866666666665
2023-04-22 06:00:00,31.091083333333334
2023-04-22 07:00:00,43.9186
2023-04-22 08:00:00,57.2574
2023-04-22 09:00:00,109.85606666666666
2023-04-22 10:00:00,130.62233333333333
2023-04-22 11:00:00,109.96758333333334
2023-04-22 12:00:00,128.70383333333334
2023-04-22 13:00:00,112.95433333333334
2023-04-22 14:00:00,91.51344999999999
2023-04-22 15:00:00,72.47556666666667
2023-04-22 16:00:00,43.854283333333335
2023-04-22 17:00:00,33.946999999999996
2023-04-22 18:00:00,26.909499999999998
2023-04-22 19:00:00,24.60301666666667
2023-04-22 20:00:00,23.87865
2023-04-22 21:00:00,23.88426666666667
2023-04-22 22:00:00,23.988999999999997
2023-04-22 23:00:00,23.963283333333333
2023-04-23 00:00:00,23.989116666666668
2023-04-23 01:00:00,24.257633333333334
2023-04-23 02:00:00,24.542783333333333
2023-04-23 03:00:00,24.70811666666667
2023-04-23 04:00:00,25.077533333333335
2023-04-23 05:00:00,24.102483333333332
2023-04-23 06:00:00,25.77265
2023-04-23 07:00:00,37.27658333333333
2023-04-23 08:00:00,49.7327
2023-04-23 09:00:00,58.880900000000004
2023-04-23 10:00:00,93.17568333333334
2023-04-23 11:00:00,139.325
2023-04-23 12:00:00,180.2745
2023-04-23 13:00:00,205.8145
2023-04-23 14:00:00,171.165
2023-04-23 15:00:00,102.19588333333333
2023-04-23 16:00:00,74.35463333333334
2023-04-23 17:00:00,48.02843333333333
2023-04-23 18:00:00,27.34515
2023-04-23 19:00:00,22.993816666666667
2023-04-23 20:00:00,23.7408
2023-04-23 21:00:00,24.752233333333333
2023-04-23 22:00:00,25.644099999999998
2023-04-23 23:00:00,27.08735
2023-04-24 00:00:00,27.403883333333333
2023-04-24 01:00:00,26.51353333333333
2023-04-24 02:00:00,25.73205
2023-04-24 03:00:00,25.77445
2023-04-24 04:00:00,27.087483333333335
2023-04-24 05:00:00,28.18548333333333
2023-04-24 06:00:00,43.50151666666667
2023-04-24 07:00:00,71.30411666666667
2023-04-24 08:00:00,88.49793333333334
2023-04-24 09:00:00,122.85623333333334
2023-04-24 10:00:00,166.1545
2023-04-24 11:00:00,100.21008333333334
2023-04-24 12:00:00,144.0215
2023-04-24 13:00:00,123.01366666666667
2023-04-24 14:00:00,135.7105
2023-04-24 15:00:00,104.28015
2023-04-24 16:00:00,105.96471666666666
2023-04-24 17:00:00,43.186083333333336
2023-04-24 18:00:00,34.45933333333333
2023-04-24 19:00:00,25.713916666666666
2023-04-24 20:00:00,24.377333333333336
2023-04-24 21:00:00,24.752916666666668
2023-04-24 22:00:00,26.8508
2023-04-24 23:00:00,28.01125
2023-04-25 00:00:00,27.237233333333332
2023-04-25 01:00:00,26.51996666666667
2023-04-25 02:00:00,26.220133333333333
2023-04-25 03:00:00,25.878716666666666
2023-04-25 04:00:00,24.90811666666667
2023-04-25 05:00:00,25.036616666666664
2023-04-25 06:00:00,30.962933333333336
2023-04-25 07:00:00,51.350116666666665
2023-04-25 08:00:00,78.13886666666667
2023-04-25 09:00:00,90.61306666666665
2023-04-25 10:00:00,117.24688333333333
2023-04-25 11:00:00,163.936
2023-04-25 12:00:00,116.17926666666668
2023-04-25 13:00:00,124.59718333333333
2023-04-25 14:00:00,176.02766666666668
2023-04-25 15:00:00,113.38758333333334
2023-04-25 16:00:00,90.0877
2023-04-25 17:00:00,54.18221666666667
2023-04-25 18:00:00,34.09838333333333
2023-04-25 19:00:00,31.250566666666664
2023-04-25 20:00:00,31.40266666666667
2023-04-25 21:00:00,31.394766666666666
2023-04-25 22:00:00,31.278933333333335
2023-04-25 23:00:00,31.7941
2023-04-26 00:00:00,34.522333333333336
2023-04-26 01:00:00,36.1479
2023-04-26 02:00:00,36.66863333333333
2023-04-26 03:00:00,40.03415
2023-04-26 04:00:00,43.38223333333334
2023-04-26 05:00:00,44.91663333333334
2023-04-26 06:00:00,91.88613333333333
2023-04-26 07:00:00,263.35833333333335
2023-04-26 08:00:00,525.3811666666667
2023-04-26 09:00:00,938.4716666666667
2023-04-26 10:00:00,881.3305
2023-04-26 11:00:00,1193.8368333333335
2023-04-26 12:00:00,938.3688333333333
2023-04-26 13:00:00,599.4546666666666
2023-04-26 14:00:00,464.3208333333333
2023-04-26 15:00:00,282.1221666666667
2023-04-26 16:00:00,176.48633333333333
2023-04-26 17:00:00,88.30541666666666
2023-04-26 18:00:00,35.126549999999995
2023-04-26 19:00:00,25.964066666666668
2023-04-26 20:00:00,26.196833333333334
2023-04-26 21:00:00,27.574316666666668
2023-04-26 22:00:00,28.327833333333334
2023-04-26 23:00:00,28.827583333333333
2023-04-27 00:00:00,28.734883333333336
2023-04-27 01:00:00,30.019883333333333
2023-04-27 02:00:00,30.45545
2023-04-27 03:00:00,29.8617
2023-04-27 04:00:00,29.294916666666666
2023-04-27 05:00:00,30.7442
2023-04-27 06:00:00,40.07423333333334
2023-04-27 07:00:00,55.91781666666667
2023-04-27 08:00:00,90.82808333333334
2023-04-27 09:00:00,143.7198833333333
2023-04-27 10:00:00,266.80833333333334
2023-04-27 11:00:00,407.62816666666663
2023-04-27 12:00:00,306.951
2023-04-27 13:00:00,250.936
2023-04-27 14:00:00,251.714
2023-04-27 15:00:00,189.29033333333334
2023-04-27 16:00:00,123.40463333333334
2023-04-27 17:00:00,67.0035
2023-04-27 18:00:00,38.013299999999994
2023-04-27 19:00:00,32.89258333333333
2023-04-27 20:00:00,32.26045
2023-04-27 21:00:00,30.21196666666667
2023-04-27 22:00:00,28.753800000000002
2023-04-27 23:00:00,28.487166666666667
2023-04-28 00:00:00,26.595166666666668
2023-04-28 01:00:00,25.167816666666667
2023-04-28 02:00:00,25.011616666666665
2023-04-28 03:00:00,25.37365
2023-04-28 04:00:00,26.582183333333333
2023-04-28 05:00:00,27.908066666666667
2023-04-28 06:00:00,37.94028333333333
2023-04-28 07:00:00,64.37345
2023-04-28 08:00:00,105.58868333333334
2023-04-28 09:00:00,352.78349999999995
2023-04-28 10:00:00,695.8718333333333
2023-04-28 11:00:00,951.5848333333334
2023-04-28 12:00:00,1238.5541666666666
2023-04-28 13:00:00,1227.3216666666667
2023-04-28 14:00:00,1059.5951666666667
2023-04-28 15:00:00,813.5196666666667
2023-04-28 16:00:00,485.27483333333333
2023-04-28 17:00:00,181.727
2023-04-28 18:00:00,57.07368333333333
2023-04-28 19:00:00,23.182583333333334
2023-04-28 20:00:00,22.269566666666666
2023-04-28 21:00:00,23.328883333333334
2023-04-28 22:00:00,24.511566666666667
2023-04-28 23:00:00,24.965700000000002
2023-04-29 00:00:00,25.069650000000003
2023-04-29 01:00:00,25.17096666666667
2023-04-29 02:00:00,24.090416666666666
2023-04-29 03:00:00,24.42685
2023-04-29 04:00:00,24.612633333333335
2023-04-29 05:00:00,25.75955
2023-04-29 06:00:00,50.735416666666666
2023-04-29 07:00:00,130.24736666666666
2023-04-29 08:00:00,208.70733333333334
2023-04-29 09:00:00,714.4435
2023-04-29 10:00:00,916.6906666666667
2023-04-29 11:00:00,362.2523333333333
2023-04-29 12:00:00,826.6865
2023-04-29 13:00:00,258.5305
2023-04-29 14:00:00,182.64416666666665
2023-04-29 15:00:00,360.389
2023-04-29 16:00:00,174.30195
2023-04-29 17:00:00,45.9579
2023-04-29 18:00:00,29.21425
2023-04-29 19:00:00,29.753133333333334
2023-04-29 20:00:00,31.09423333333333
2023-04-29 21:00:00,30.979866666666666
2023-04-29 22:00:00,30.106316666666665
2023-04-29 23:00:00,32.012233333333334
2023-04-30 00:00:00,31.845266666666664
2023-04-30 01:00:00,33.07866666666667
2023-04-30 02:00:00,32.533049999999996
2023-04-30 03:00:00,32.29395
2023-04-30 04:00:00,31.810633333333335
2023-04-30 05:00:00,33.7583
2023-04-30 06:00:00,105.59148333333333
2023-04-30 07:00:00,242.8295
2023-04-30 08:00:00,545.997
2023-04-30 09:00:00,886.6270000000001
2023-04-30 10:00:00,875.3948333333334
2023-04-30 11:00:00,871.1658333333332
2023-04-30 12:00:00,762.372
2023-04-30 13:00:00,668.4501666666667
2023-04-30 14:00:00,312.6261666666667
2023-04-30 15:00:00,330.57750000000004
2023-04-30 16:00:00,446.25916666666666
2023-04-30 17:00:00,155.03778333333332
2023-04-30 18:00:00,49.25375
2023-04-30 19:00:00,21.907083333333333
2023-04-30 20:00:00,22.439433333333334
2023-04-30 21:00:00,22.883933333333335
2023-04-30 22:00:00,23.099516666666666
2023-04-30 23:00:00,23.299733333333332
2023-05-01 00:00:00,23.79093333333333
2023-05-01 01:00:00,24.122616666666666
2023-05-01 02:00:00,22.8101
2023-05-01 03:00:00,23.06768333333333
2023-05-01 04:00:00,23.7112
2023-05-01 05:00:00,24.60873333333333
2023-05-01 06:00:00,30.390916666666666
2023-05-01 07:00:00,50.28445
2023-05-01 08:00:00,262.58598333333333
2023-05-01 09:00:00,562.9455
2023-05-01 10:00:00,807.5381666666667
2023-05-01 11:00:00,899.037
2023-05-01 12:00:00,784.4101666666667
2023-05-01 13:00:00,619.4254999999999
2023-05-01 14:00:00,482.5655
2023-05-01 15:00:00,428.2658333333333
2023-05-01 16:00:00,306.3491666666667
2023-05-01 17:00:00,154.72435
2023-05-01 18:00:00,50.63388333333333
2023-05-01 19:00:00,29.757783333333336
2023-05-01 20:00:00,29.815633333333334
2023-05-01 21:00:00,30.475916666666667
2023-05-01 22:00:00,30.59385
2023-05-01 23:00:00,31.111150000000002
2023-05-02 00:00:00,30.908216666666664
2023-05-02 01:00:00,31.340416666666666
2023-05-02 02:00:00,31.378466666666668
2023-05-02 03:00:00,31.784983333333333
2023-05-02 04:00:00,32.67693333333333
2023-05-02 05:00:00,34.54446666666667
2023-05-02 06:00:00,63.78078333333334
2023-05-02 07:00:00,103.76756666666667
2023-05-02 08:00:00,131.57165
2023-05-02 09:00:00,179.71833333333333
2023-05-02 10:00:00,298.5971666666667
2023-05-02 11:00:00,483.05833333333334
2023-05-02 12:00:00,585.9127833333333
2023-05-02 13:00:00,562.8443333333333
2023-05-02 14:00:00,510.7521666666667
2023-05-02 15:00:00,380.1445
2023-05-02 16:00:00,245.78483333333332
2023-05-02 17:00:00,122.32355
2023-05-02 18:00:00,50.30598333333333
2023-05-02 19:00:00,40.037016666666666
2023-05-02 20:00:00,39.387683333333335
2023-05-02 21:00:00,41.166216666666664
2023-05-02 22:00:00,39.62883333333333
2023-05-02 23:00:00,37.06523333333333
2023-05-03 00:00:00,34.3568
2023-05-03 01:00:00,32.569266666666664
2023-05-03 02:00:00,31.54123333333333
2023-05-03 03:00:00,29.2913
2023-05-03 04:00:00,26.755200000000002
2023-05-03 05:00:00,26.654866666666667
2023-05-03 06:00:00,45.1377
2023-05-03 07:00:00,90.74796666666666
2023-05-03 08:00:00,101.0624
2023-05-03 09:00:00,155.66096666666667
2023-05-03 10:00:00,336.30933333333337
2023-05-03 11:00:00,371.4875
2023-05-03 12:00:00,735.7438333333333
2023-05-03 13:00:00,990.7901666666668
2023-05-03 14:00:00,1079.2393333333334
2023-05-03 15:00:00,768.5688333333333
2023-05-03 16:00:00,306.8015
2023-05-03 17:00:00,128.3322
2023-05-03 18:00:00,51.653
2023-05-03 19:00:00,25.81875
2023-05-03 20:00:00,25.306916666666666
2023-05-03 21:00:00,25.12545
2023-05-03 22:00:00,25.332299999999996
2023-05-03 23:00:00,25.70225
2023-05-04 00:00:00,25.636366666666667
2023-05-04 01:00:00,25.6285
2023-05-04 02:00:00,25.74523333333333
2023-05-04 03:00:00,25.485583333333334
2023-05-04 04:00:00,25.14493333333333
2023-05-04 05:00:00,25.479966666666666
2023-05-04 06:00:00,42.80655
2023-05-04 07:00:00,89.94738333333333
2023-05-04 08:00:00,191.32126666666667
2023-05-04 09:00:00,197.45066666666668
2023-05-04 10:00:00,418.76501666666667
2023-05-04 11:00:00,1061.3328333333334
2023-05-04 12:00:00,796.2099999999999
2023-05-04 13:00:00,700.1055
2023-05-04 14:00:00,563.3866666666667
2023-05-04 15:00:00,285.2785
2023-05-04 16:00:00,180.44215
2023-05-04 17:00:00,96.93541666666667
2023-05-04 18:00:00,44.42255
2023-05-04 19:00:00,25.192983333333334
2023-05-04 20:00:00,24.36436666666667
2023-05-04 21:00:00,25.199933333333334
2023-05-04 22:00:00,24.6374
2023-05-04 23:00:00,25.1193
2023-05-05 00:00:00,27.3593
2023-05-05 01:00:00,27.52488333333333
2023-05-05 02:00:00,26.30773333333333
2023-05-05 03:00:00,25.949033333333333
2023-05-05 04:00:00,27.166249999999998
2023-05-05 05:00:00,28.0102
2023-05-05 06:00:00,89.3271
2023-05-05 07:00:00,215.05045
2023-05-05 08:00:00,499.52633333333335
2023-05-05 09:00:00,699.7083333333334
2023-05-05 10:00:00,902.7396666666666
2023-05-05 11:00:00,1184.1495
2023-05-05 12:00:00,1088.2693333333332
2023-05-05 13:00:00,768.3611666666667
2023-05-05 14:00:00,836.1586666666666
2023-05-05 15:00:00,817.0044999999999
2023-05-05 16:00:00,468.5776666666667
2023-05-05 17:00:00,180.99676666666667
2023-05-05 18:00:00,48.83583333333333
2023-05-05 19:00:00,22.06155
2023-05-05 20:00:00,22.747366666666668
2023-05-05 21:00:00,23.784366666666664
2023-05-05 22:00:00,24.803183333333333
2023-05-05 23:00:00,25.753983333333334
2023-05-06 00:00:00,26.151116666666667
2023-05-06 01:00:00,26.443216666666668
2023-05-06 02:00:00,27.208333333333332
2023-05-06 03:00:00,28.1021
2023-05-06 04:00:00,28.236299999999996
2023-05-06 05:00:00,29.473983333333333
2023-05-06 06:00:00,78.0932
2023-05-06 07:00:00,198.17293333333333
2023-05-06 08:00:00,187.41483333333332
2023-05-06 09:00:00,342.9351666666667
2023-05-06 10:00:00,494.24216666666666
2023-05-06 11:00:00,924.7168333333334
2023-05-06 12:00:00,846.1525
2023-05-06 13:00:00,682.9598333333334
2023-05-06 14:00:00,593.3068333333334
2023-05-06 15:00:00,380.5846666666667
2023-05-06 16:00:00,283.43205
2023-05-06 17:00:00,110.34108333333333
2023-05-06 18:00:00,56.491233333333334
2023-05-06 19:00:00,36.38016666666667
2023-05-06 20:00:00,35.97545
2023-05-06 21:00:00,34.96735
2023-05-06 22:00:00,34.40771666666667
2023-05-06 23:00:00,34.26076666666667
2023-05-07 00:00:00,33.41256666666666
2023-05-07 01:00:00,33.74666666666666
2023-05-07 02:00:00,34.019616666666664
2023-05-07 03:00:00,34.826350000000005
2023-05-07 04:00:00,35.693266666666666
2023-05-07 05:00:00,36.91981666666666
2023-05-07 06:00:00,102.79838333333333
2023-05-07 07:00:00,211.54466666666667
2023-05-07 08:00:00,404.75866666666667
2023-05-07 09:00:00,452.742
2023-05-07 10:00:00,729.5665
2023-05-07 11:00:00,525.3211666666667
2023-05-07 12:00:00,416.91965
2023-05-07 13:00:00,39.42745
2023-05-07 14:00:00,30.37435
2023-05-07 15:00:00,30.476
2023-05-07 16:00:00,30.013983333333332
2023-05-07 17:00:00,45.469166666666666
2023-05-07 18:00:00,34.7898
2023-05-07 19:00:00,22.905433333333335
2023-05-07 20:00:00,23.805216666666663
2023-05-07 21:00:00,24.78695
2023-05-07 22:00:00,25.29025
2023-05-07 23:00:00,25.505083333333335
2023-05-08 00:00:00,25.531066666666668
2023-05-08 01:00:00,26.966533333333334
2023-05-08 02:00:00,27.441300000000002
2023-05-08 03:00:00,28.28175
2023-05-08 04:00:00,28.476683333333334
2023-05-08 05:00:00,29.074433333333335
2023-05-08 06:00:00,56.714000000000006
2023-05-08 07:00:00,59.18258333333333
2023-05-08 08:00:00,67.82508333333334
2023-05-08 09:00:00,166.27113333333332
2023-05-08 10:00:00,104.40248333333334
2023-05-08 11:00:00,111.14663333333333
2023-05-08 12:00:00,182.89383333333333
2023-05-08 13:00:00,267.8906666666667
2023-05-08 14:00:00,146.61933333333334
2023-05-08 15:00:00,189.16469999999998
2023-05-08 16:00:00,206.405
2023-05-08 17:00:00,68.84081666666665
2023-05-08 18:00:00,29.973799999999997
2023-05-08 19:00:00,27.17485
2023-05-08 20:00:00,26.49226666666667
2023-05-08 21:00:00,26.018016666666664
2023-05-08 22:00:00,24.3342
2023-05-08 23:00:00,24.06586666666667
2023-05-09 00:00:00,23.773466666666664
2023-05-09 01:00:00,24.8213
2023-05-09 02:00:00,23.839116666666666
2023-05-09 03:00:00,24.227166666666665
2023-05-09 04:00:00,24.056766666666665
2023-05-09 05:00:00,26.30575
2023-05-09 06:00:00,32.949333333333335
2023-05-09 07:00:00,65.95541666666666
2023-05-09 08:00:00,119.4383
2023-05-09 09:00:00,316.70466666666664
2023-05-09 10:00:00,262.27233333333334
2023-05-09 11:00:00,363.52566666666667
2023-05-09 12:00:00,377.2286666666667
2023-05-09 13:00:00,512.712
2023-05-09 14:00:00,914.9495000000001
2023-05-09 15:00:00,609.1555000000001
2023-05-09 16:00:00,322.54266666666666
2023-05-09 17:00:00,161.17631666666665
2023-05-09 18:00:00,54.34185
2023-05-09 19:00:00,29.919933333333333
2023-05-09 20:00:00,29.798949999999998
2023-05-09 21:00:00,30.43675
2023-05-09 22:00:00,30.40713333333333
2023-05-09 23:00:00,30.58315
2023-05-10 00:00:00,31.341383333333333
2023-05-10 01:00:00,31.779016666666667
2023-05-10 02:00:00,31.94635
2023-05-10 03:00:00,32.20388333333333
2023-05-10 04:00:00,33.53151666666667
2023-05-10 05:00:00,34.7493
2023-05-10 06:00:00,71.01441666666666
2023-05-10 07:00:00,160.28933333333333
2023-05-10 08:00:00,276.88716666666664
2023-05-10 09:00:00,494.88433333333336
2023-05-10 10:00:00,599.2793333333334
2023-05-10 11:00:00,494.3346666666667
2023-05-10 12:00:00,506.0258333333333
2023-05-10 13:00:00,405.6323333333333
2023-05-10 14:00:00,505.27181666666667
2023-05-10 15:00:00,373.12583333333333
2023-05-10 16:00:00,185.46516666666668
2023-05-10 17:00:00,93.1691
2023-05-10 18:00:00,47.11428333333333
2023-05-10 19:00:00,32.79181666666667
2023-05-10 20:00:00,31.900533333333332
2023-05-10 21:00:00,31.897516666666668
2023-05-10 22:00:00,32.35146666666667
2023-05-10 23:00:00,33.73453333333334
2023-05-11 00:00:00,35.64825
2023-05-11 01:00:00,35.53446666666666
2023-05-11 02:00:00,35.99151666666667
2023-05-11 03:00:00,36.33785
2023-05-11 04:00:00,37.2339
2023-05-11 05:00:00,33.227650000000004
2023-05-11 06:00:00,44.610350000000004
2023-05-11 07:00:00,77.90599999999999
2023-05-11 08:00:00,98.28931666666668
2023-05-11 09:00:00,240.62333333333333
2023-05-11 10:00:00,256.06983333333335
2023-05-11 11:00:00,215.15833333333333
2023-05-11 12:00:00,326.4261666666667
2023-05-11 13:00:00,462.2795
2023-05-11 14:00:00,483.347
2023-05-11 15:00:00,265.4925
2023-05-11 16:00:00,166.65766666666664
2023-05-11 17:00:00,97.09843333333333
2023-05-11 18:00:00,43.31148333333333
2023-05-11 19:00:00,33.365716666666664
2023-05-11 20:00:00,33.113816666666665
2023-05-11 21:00:00,33.339733333333335
2023-05-11 22:00:00,33.13975
2023-05-11 23:00:00,32.25915
2023-05-12 00:00:00,32.551433333333335
2023-05-12 01:00:00,33.0058
2023-05-12 02:00:00,32.67523333333334
2023-05-12 03:00:00,33.50586666666667
2023-05-12 04:00:00,34.24378333333333
2023-05-12 05:00:00,35.30661666666666
2023-05-12 06:00:00,63.1079
2023-05-12 07:00:00,156.64916666666667
2023-05-12 08:00:00,229.597
2023-05-12 09:00:00,269.1895
2023-05-12 10:00:00,525.4795
2023-05-12 11:00:00,498.6896666666667
2023-05-12 12:00:00,709.9976666666666
2023-05-12 13:00:00,371.67583333333334
2023-05-12 14:00:00,198.4605
2023-05-12 15:00:00,194.21983333333336
2023-05-12 16:00:00,136.32926666666668
2023-05-12 17:00:00,117.34706666666666
2023-05-12 18:00:00,51.319316666666666
2023-05-12 19:00:00,28.967916666666667
2023-05-12 20:00:00,28.6271
2023-05-12 21:00:00,28.54801666666667
2023-05-12 22:00:00,28.925666666666665
2023-05-12 23:00:00,29.790533333333332
2023-05-13 00:00:00,30.138583333333333
2023-05-13 01:00:00,31.23163333333333
2023-05-13 02:00:00,31.531083333333335
2023-05-13 03:00:00,31.451583333333335
2023-05-13 04:00:00,30.8204
2023-05-13 05:00:00,31.440099999999997
2023-05-13 06:00:00,46.679766666666666
2023-05-13 07:00:00,112.87158333333333
2023-05-13 08:00:00,184.52883333333332
2023-05-13 09:00:00,246.66916666666665
2023-05-13 10:00:00,440.464
2023-05-13 11:00:00,430.8763333333334
2023-05-13 12:00:00,513.867
2023-05-13 13:00:00,336.7151666666667
2023-05-13 14:00:00,191.3932333333333
2023-05-13 15:00:00,230.57066666666665
2023-05-13 16:00:00,138.30775
2023-05-13 17:00:00,68.08874999999999
2023-05-13 18:00:00,40.972366666666666
2023-05-13 19:00:00,24.287783333333334
2023-05-13 20:00:00,24.313883333333333
2023-05-13 21:00:00,24.696716666666667
2023-05-13 22:00:00,25.668266666666668
2023-05-13 23:00:00,25.271883333333335
2023-05-14 00:00:00,24.939283333333332
2023-05-14 01:00:00,25.759633333333333
2023-05-14 02:00:00,25.887516666666667
2023-05-14 03:00:00,23.927566666666667
2023-05-14 04:00:00,23.837766666666667
2023-05-14 05:00:00,24.840433333333333
2023-05-14 06:00:00,49.7446
2023-05-14 07:00:00,109.93618333333333
2023-05-14 08:00:00,170.00833333333333
2023-05-14 09:00:00,205.28566666666666
2023-05-14 10:00:00,272.25266666666664
2023-05-14 11:00:00,199.04083333333335
2023-05-14 12:00:00,215.86883333333336
2023-05-14 13:00:00,182.83383333333333
2023-05-14 14:00:00,103.11153333333333
2023-05-14 15:00:00,157.5460833333333
2023-05-14 16:00:00,126.57096666666666
2023-05-14 17:00:00,79.01098333333333
2023-05-14 18:00:00,40.49276666666666
2023-05-14 19:00:00,25.811933333333332
2023-05-14 20:00:00,24.589816666666664
2023-05-14 21:00:00,25.817633333333333
2023-05-14 22:00:00,27.947666666666667
2023-05-14 23:00:00,27.22778333333333
2023-05-15 00:00:00,27.02845
2023-05-15 01:00:00,27.053166666666666
2023-05-15 02:00:00,28.258283333333335
2023-05-15 03:00:00,27.01993333333333
2023-05-15 04:00:00,25.2026
2023-05-15 05:00:00,25.9622
2023-05-15 06:00:00,85.87258333333332
2023-05-15 07:00:00,281.86771666666664
2023-05-15 08:00:00,366.43649999999997
2023-05-15 09:00:00,304.19300000000004
2023-05-15 10:00:00,374.21666666666664
2023-05-15 11:00:00,1116.1623333333334
2023-05-15 12:00:00,1329.805
2023-05-15 13:00:00,1140.486
2023-05-15 14:00:00,822.4721666666667
2023-05-15 15:00:00,702.7155
2023-05-15 16:00:00,442.811
2023-05-15 17:00:00,171.55016666666668
2023-05-15 18:00:00,61.459783333333334
2023-05-15 19:00:00,29.13545
2023-05-15 20:00:00,26.975233333333332
2023-05-15 21:00:00,25.022066666666667
2023-05-15 22:00:00,24.268233333333335
2023-05-15 23:00:00,23.869616666666666
2023-05-16 00:00:00,23.584783333333334
2023-05-16 01:00:00,22.895733333333336
2023-05-16 02:00:00,22.28735
2023-05-16 03:00:00,22.80755
2023-05-16 04:00:00,23.396333333333335
2023-05-16 05:00:00,30.11338333333333
2023-05-16 06:00:00,167.32066666666665
2023-05-16 07:00:00,457.82166666666666
2023-05-16 08:00:00,447.0346666666667
2023-05-16 09:00:00,487.00533333333334
2023-05-16 10:00:00,717.3553333333333
2023-05-16 11:00:00,289.0276666666667
2023-05-16 12:00:00,289.9375
2023-05-16 13:00:00,285.70550000000003
2023-05-16 14:00:00,127.64578333333334
2023-05-16 15:00:00,134.968
2023-05-16 16:00:00,95.50181666666667
2023-05-16 17:00:00,70.9523
2023-05-16 18:00:00,27.991066666666665
2023-05-16 19:00:00,23.420933333333334
2023-05-16 20:00:00,24.395466666666668
2023-05-16 21:00:00,24.623783333333332
2023-05-16 22:00:00,24.422933333333333
2023-05-16 23:00:00,24.414066666666667
2023-05-17 00:00:00,24.4909
2023-05-17 01:00:00,24.823733333333333
2023-05-17 02:00:00,28.04205
2023-05-17 03:00:00,27.168333333333333
2023-05-17 04:00:00,25.92115
2023-05-17 05:00:00,34.7708
2023-05-17 06:00:00,113.61913333333334
2023-05-17 07:00:00,192.27873333333335
2023-05-17 08:00:00,246.10305000000002
2023-05-17 09:00:00,156.18003333333334
2023-05-17 10:00:00,132.71551666666667
2023-05-17 11:00:00,152.41118333333333
2023-05-17 12:00:00,138.87203333333335
2023-05-17 13:00:00,375.45250000000004
2023-05-17 14:00:00,254.1701833333333
2023-05-17 15:00:00,345.0675
2023-05-17 16:00:00,323.3155
2023-05-17 17:00:00,188.63033333333334
2023-05-17 18:00:00,67.94055
2023-05-17 19:00:00,40.55821666666667
2023-05-17 20:00:00,42.10498333333333
2023-05-17 21:00:00,42.30571666666666
2023-05-17 22:00:00,42.65175
2023-05-17 23:00:00,42.90481666666667
2023-05-18 00:00:00,42.56288333333334
2023-05-18 01:00:00,42.19798333333333
2023-05-18 02:00:00,41.23108333333333
2023-05-18 03:00:00,39.24608333333333
2023-05-18 04:00:00,39.12618333333333
2023-05-18 05:00:00,39.356633333333335
2023-05-18 06:00:00,133.46455
2023-05-18 07:00:00,355.97
2023-05-18 08:00:00,598.5625
2023-05-18 09:00:00,848.6533333333333
2023-05-18 10:00:00,1017.4598333333332
2023-05-18 11:00:00,1244.2328333333332
2023-05-18 12:00:00,999.6298333333333
2023-05-18 13:00:00,1123.309
2023-05-18 14:00:00,1077.3448333333333
2023-05-18 15:00:00,857.3323333333334
2023-05-18 16:00:00,485.99283333333335
2023-05-18 17:00:00,138.27816666666666
2023-05-18 18:00:00,55.09243333333333
2023-05-18 19:00:00,22.57453333333333
2023-05-18 20:00:00,23.688966666666666
2023-05-18 21:00:00,25.3333
2023-05-18 22:00:00,26.66695
2023-05-18 23:00:00,27.16981666666667
2023-05-19 00:00:00,28.63535
2023-05-19 01:00:00,30.040133333333333
2023-05-19 02:00:00,30.912966666666666
2023-05-19 03:00:00,30.663833333333333
2023-05-19 04:00:00,30.330083333333334
2023-05-19 05:00:00,32.64321666666667
2023-05-19 06:00:00,107.45058333333333
2023-05-19 07:00:00,208.51716666666667
2023-05-19 08:00:00,376.85
2023-05-19 09:00:00,642.4721666666667
2023-05-19 10:00:00,883.4259999999999
2023-05-19 11:00:00,961.796
2023-05-19 12:00:00,878.6276666666666
2023-05-19 13:00:00,853.3253333333333
2023-05-19 14:00:00,514.071
2023-05-19 15:00:00,382.168
2023-05-19 16:00:00,217.63833333333332
2023-05-19 17:00:00,129.94281666666666
2023-05-19 18:00:00,63.59296666666667
2023-05-19 19:00:00,27.854366666666667
2023-05-19 20:00:00,26.821983333333332
2023-05-19 21:00:00,26.064833333333336
2023-05-19 22:00:00,26.168583333333334
2023-05-19 23:00:00,25.668183333333335
2023-05-20 00:00:00,25.5106
2023-05-20 01:00:00,25.760383333333333
2023-05-20 02:00:00,25.881616666666666
2023-05-20 03:00:00,26.2848
2023-05-20 04:00:00,27.15438333333333
2023-05-20 05:00:00,29.912733333333332
2023-05-20 06:00:00,91.91975000000001
2023-05-20 07:00:00,389.42716666666666
2023-05-20 08:00:00,302.50016666666664
2023-05-20 09:00:00,387.6198333333333
2023-05-20 10:00:00,357.4331666666667
2023-05-20 11:00:00,569.4486666666667
2023-05-20 12:00:00,393.7105
2023-05-20 13:00:00,435.7323333333333
2023-05-20 14:00:00,667.3226666666667
2023-05-20 15:00:00,672.0849999999999
2023-05-20 16:00:00,218.5855
2023-05-20 17:00:00,133.8925
2023-05-20 18:00:00,61.696266666666666
2023-05-20 19:00:00,33.04533333333333
2023-05-20 20:00:00,32.95538333333333
2023-05-20 21:00:00,32.96295
2023-05-20 22:00:00,32.40821666666667
2023-05-20 23:00:00,32.382933333333334
2023-05-21 00:00:00,32.4563
2023-05-21 01:00:00,30.3698
2023-05-21 02:00:00,32.50703333333333
2023-05-21 03:00:00,34.174883333333334
2023-05-21 04:00:00,35.610083333333336
2023-05-21 05:00:00,38.07196666666667
2023-05-21 06:00:00,127.57975
2023-05-21 07:00:00,415.3138333333333
2023-05-21 08:00:00,760.0666666666667
2023-05-21 09:00:00,873.0018333333334
2023-05-21 10:00:00,897.3651666666666
2023-05-21 11:00:00,1057.525
2023-05-21 12:00:00,986.9300000000001
2023-05-21 13:00:00,804.0105
2023-05-21 14:00:00,955.7998333333333
2023-05-21 15:00:00,613.7968333333333
2023-05-21 16:00:00,443.9741666666667
2023-05-21 17:00:00,162.834
2023-05-21 18:00:00,57.7952
2023-05-21 19:00:00,28.500566666666668
2023-05-21 20:00:00,30.057133333333336
2023-05-21 21:00:00,31.27488333333333
2023-05-21 22:00:00,31.749383333333334
2023-05-21 23:00:00,31.950266666666668
2023-05-22 00:00:00,32.51553333333333
2023-05-22 01:00:00,34.366683333333334
2023-05-22 02:00:00,36.66315
2023-05-22 03:00:00,37.40658333333333
2023-05-22 04:00:00,39.08293333333334
2023-05-22 05:00:00,41.34748333333334
2023-05-22 06:00:00,106.97923333333333
2023-05-22 07:00:00,402.6413333333333
2023-05-22 08:00:00,657.3193333333334
2023-05-22 09:00:00,920.245
2023-05-22 10:00:00,1078.4256666666668
2023-05-22 11:00:00,1271.7195
2023-05-22 12:00:00,1076.1066666666668
2023-05-22 13:00:00,845.3264999999999
2023-05-22 14:00:00,533.6446666666667
2023-05-22 15:00:00,378.004
2023-05-22 16:00:00,286.0133333333333
2023-05-22 17:00:00,186.51416666666668
2023-05-22 18:00:00,69.02411666666667
2023-05-22 19:00:00,28.484550000000002
2023-05-22 20:00:00,28.80325
2023-05-22 21:00:00,30.7131
2023-05-22 22:00:00,31.82255
2023-05-22 23:00:00,33.19443333333333
2023-05-23 00:00:00,34.21498333333333
2023-05-23 01:00:00,35.49071666666667
2023-05-23 02:00:00,35.74665
2023-05-23 03:00:00,36.90695
2023-05-23 04:00:00,37.57098333333333
2023-05-23 05:00:00,37.63783333333333
2023-05-23 06:00:00,41.99933333333333
2023-05-23 07:00:00,45.49711666666667
2023-05-23 08:00:00,60.64298333333333
2023-05-23 09:00:00,157.16355000000001
2023-05-23 10:00:00,461.5021666666667
2023-05-23 11:00:00,582.0455000000001
2023-05-23 12:00:00,227.97511666666665
2023-05-23 13:00:00,88.44836666666667
2023-05-23 14:00:00,87.0292
2023-05-23 15:00:00,48.52355
2023-05-23 16:00:00,48.917233333333336
2023-05-23 17:00:00,34.54208333333334
2023-05-23 18:00:00,26.400083333333335
2023-05-23 19:00:00,23.11958333333333
2023-05-23 20:00:00,22.549766666666667
2023-05-23 21:00:00,22.505616666666665
2023-05-23 22:00:00,22.564866666666667
2023-05-23 23:00:00,23.645216666666666
2023-05-24 00:00:00,23.748983333333335
2023-05-24 01:00:00,23.013533333333335
2023-05-24 02:00:00,22.940133333333332
2023-05-24 03:00:00,22.496766666666666
2023-05-24 04:00:00,22.7015
2023-05-24 05:00:00,22.753116666666664
2023-05-24 06:00:00,28.560183333333335
2023-05-24 07:00:00,46.523466666666664
2023-05-24 08:00:00,53.579766666666664
2023-05-24 09:00:00,117.69805
2023-05-24 10:00:00,267.695
2023-05-24 11:00:00,398.91516666666666
2023-05-24 12:00:00,448.53133333333335
2023-05-24 13:00:00,310.0101666666667
2023-05-24 14:00:00,223.78116666666668
2023-05-24 15:00:00,145.00711666666666
2023-05-24 16:00:00,114.63118333333334
2023-05-24 17:00:00,49.68175
2023-05-24 18:00:00,29.97615
2023-05-24 19:00:00,27.590266666666665
2023-05-24 20:00:00,28.05
2023-05-24 21:00:00,27.51155
2023-05-24 22:00:00,28.97015
2023-05-24 23:00:00,28.938616666666668
2023-05-25 00:00:00,28.411916666666666
2023-05-25 01:00:00,28.038433333333334
2023-05-25 02:00:00,26.8061
2023-05-25 03:00:00,26.90213333333333
2023-05-25 04:00:00,25.819133333333333
2023-05-25 05:00:00,26.639149999999997
2023-05-25 06:00:00,43.712149999999994
2023-05-25 07:00:00,67.92556666666667
2023-05-25 08:00:00,77.66411666666666
2023-05-25 09:00:00,99.22981666666666
2023-05-25 10:00:00,146.27333333333334
2023-05-25 11:00:00,168.69933333333333
2023-05-25 12:00:00,148.80450000000002
2023-05-25 13:00:00,127.47833333333332
2023-05-25 14:00:00,133.58705
2023-05-25 15:00:00,101.01118333333334
2023-05-25 16:00:00,83.73066666666666
2023-05-25 17:00:00,62.1246
2023-05-25 18:00:00,35.32031666666667
2023-05-25 19:00:00,27.474966666666667
2023-05-25 20:00:00,26.923566666666666
2023-05-25 21:00:00,27.26878333333333
2023-05-25 22:00:00,27.32811666666667
2023-05-25 23:00:00,27.498883333333332
2023-05-26 00:00:00,27.240000000000002
2023-05-26 01:00:00,27.287516666666665
2023-05-26 02:00:00,27.173033333333333
2023-05-26 03:00:00,28.394000000000002
2023-05-26 04:00:00,27.867316666666667
2023-05-26 05:00:00,28.15415
2023-05-26 06:00:00,40.49675
2023-05-26 07:00:00,53.31275
2023-05-26 08:00:00,69.5793
2023-05-26 09:00:00,136.61843333333334
2023-05-26 10:00:00,193.82583333333332
2023-05-26 11:00:00,256.13733333333334
2023-05-26 12:00:00,209.73866666666666
2023-05-26 13:00:00,207.69099999999997
2023-05-26 14:00:00,277.3441666666667
2023-05-26 15:00:00,206.75833333333333
2023-05-26 16:00:00,209.50133333333332
2023-05-26 17:00:00,129.78681666666665
2023-05-26 18:00:00,49.521899999999995
2023-05-26 19:00:00,35.00578333333333
2023-05-26 20:00:00,34.211816666666664
2023-05-26 21:00:00,33.40155
2023-05-26 22:00:00,32.811299999999996
2023-05-26 23:00:00,31.8125
2023-05-27 00:00:00,31.689883333333334
2023-05-27 01:00:00,31.408833333333334
2023-05-27 02:00:00,30.607866666666666
2023-05-27 03:00:00,30.41855
2023-05-27 04:00:00,29.84561666666667
2023-05-27 05:00:00,31.59146666666667
2023-05-27 06:00:00,96.58845
2023-05-27 07:00:00,278.20816666666667
2023-05-27 08:00:00,330.842
2023-05-27 09:00:00,461.9075
2023-05-27 10:00:00,651.3566666666667
2023-05-27 11:00:00,1001.241
2023-05-27 12:00:00,1204.6428333333336
2023-05-27 13:00:00,1024.2041666666667
2023-05-27 14:00:00,1028.094
2023-05-27 15:00:00,893.0550000000001
2023-05-27 16:00:00,521.4566666666667
2023-05-27 17:00:00,123.02921666666666
2023-05-27 18:00:00,49.6706
2023-05-27 19:00:00,24.1947
2023-05-27 20:00:00,23.450583333333334
2023-05-27 21:00:00,23.318166666666666
2023-05-27 22:00:00,24.307516666666668
2023-05-27 23:00:00,24.43255
2023-05-28 00:00:00,24.901566666666668
2023-05-28 01:00:00,25.081200000000003
2023-05-28 02:00:00,25.485083333333332
2023-05-28 03:00:00,25.74611666666667
2023-05-28 04:00:00,25.767466666666667
2023-05-28 05:00:00,29.3319
2023-05-28 06:00:00,208.2194
2023-05-28 07:00:00,441.93084999999996
2023-05-28 08:00:00,694.4531666666667
2023-05-28 09:00:00,709.4715
2023-05-28 10:00:00,772.8960000000001
2023-05-28 11:00:00,942.6518333333333
2023-05-28 12:00:00,1235.50115
2023-05-28 13:00:00,1268.665
2023-05-28 14:00:00,1106.3408333333332
2023-05-28 15:00:00,871.697
2023-05-28 16:00:00,509.30016666666666
2023-05-28 17:00:00,96.63793333333334
2023-05-28 18:00:00,52.88033333333333
2023-05-28 19:00:00,20.368783333333333
2023-05-28 20:00:00,20.115633333333335
2023-05-28 21:00:00,21.126483333333333
2023-05-28 22:00:00,22.51131666666667
2023-05-28 23:00:00,23.283966666666668
2023-05-29 00:00:00,23.990333333333336
2023-05-29 01:00:00,24.003283333333332
2023-05-29 02:00:00,24.445116666666664
2023-05-29 03:00:00,25.6219
2023-05-29 04:00:00,26.953783333333334
2023-05-29 05:00:00,31.51595
2023-05-29 06:00:00,114.39125
2023-05-29 07:00:00,394.65233333333333
2023-05-29 08:00:00,712.3686666666667
2023-05-29 09:00:00,692.2091666666668
2023-05-29 10:00:00,1118.914
2023-05-29 11:00:00,1301.9943333333333
2023-05-29 12:00:00,1330.7655
2023-05-29 13:00:00,1114.7483333333332
2023-05-29 14:00:00,987.6781666666667
2023-05-29 15:00:00,892.1101666666667
2023-05-29 16:00:00,518.919
2023-05-29 17:00:00,124.98551666666667
2023-05-29 18:00:00,61.821333333333335
2023-05-29 19:00:00,22.291666666666668
2023-05-29 20:00:00,22.244833333333336
2023-05-29 21:00:00,25.596866666666664
2023-05-29 22:00:00,29.40335
2023-05-29 23:00:00,32.87533333333333
2023-05-30 00:00:00,37.641200000000005
2023-05-30 01:00:00,40.961149999999996
2023-05-30 02:00:00,36.035650000000004
2023-05-30 03:00:00,28.597133333333332
2023-05-30 04:00:00,26.420816666666667
2023-05-30 05:00:00,31.005483333333334
2023-05-30 06:00:00,153.98555
2023-05-30 07:00:00,421.4531666666666
2023-05-30 08:00:00,692.6596666666667
2023-05-30 09:00:00,944.8418333333334
2023-05-30 10:00:00,1133.3100000000002
2023-05-30 11:00:00,1243.8416666666667
2023-05-30 12:00:00,1267.6733333333332
2023-05-30 13:00:00,1208.7050000000002
2023-05-30 14:00:00,1025.041
2023-05-30 15:00:00,670.1001666666667
2023-05-30 16:00:00,460.8528333333333
2023-05-30 17:00:00,174.2985
2023-05-30 18:00:00,73.71966666666667
2023-05-30 19:00:00,31.358416666666667
2023-05-30 20:00:00,31.708133333333333
2023-05-30 21:00:00,34.44125
2023-05-30 22:00:00,37.14273333333333
2023-05-30 23:00:00,40.19011666666667
2023-05-31 00:00:00,41.411433333333335
2023-05-31 01:00:00,42.720666666666666
2023-05-31 02:00:00,47.273199999999996
2023-05-31 03:00:00,49.552800000000005
2023-05-31 04:00:00,31.829333333333334
2023-05-31 05:00:00,29.417983333333332
2023-05-31 06:00:00,75.86493333333333
2023-05-31 07:00:00,251.40533333333332
2023-05-31 08:00:00,554.9446666666666
2023-05-31 09:00:00,876.6905
2023-05-31 10:00:00,942.1225
2023-05-31 11:00:00,937.5406666666667
2023-05-31 12:00:00,1265.09
2023-05-31 13:00:00,1187.7316666666666
2023-05-31 14:00:00,318.77549999999997
2023-05-31 15:00:00,111.92671666666666
2023-05-31 16:00:00,129.20458333333332
2023-05-31 17:00:00,141.40086666666667
2023-05-31 18:00:00,84.29105
2023-05-31 19:00:00,29.48545
2023-05-31 20:00:00,29.463199999999997
2023-05-31 21:00:00,29.744533333333333
2023-05-31 22:00:00,30.952733333333335
2023-05-31 23:00:00,31.057433333333332
2023-06-01 00:00:00,30.767699999999998
2023-06-01 01:00:00,30.302466666666664
2023-06-01 02:00:00,28.263166666666667
2023-06-01 03:00:00,28.342516666666665
2023-06-01 04:00:00,28.025533333333332
2023-06-01 05:00:00,27.5185
2023-06-01 06:00:00,26.371199999999998
2023-06-01 07:00:00,31.57991666666667
2023-06-01 08:00:00,55.87196666666667
2023-06-01 09:00:00,187.09769999999997
2023-06-01 10:00:00,592.7868333333333
2023-06-01 11:00:00,881.975
2023-06-01 12:00:00,1155.0600000000002
2023-06-01 13:00:00,978.3456666666666
2023-06-01 14:00:00,1058.2676666666666
2023-06-01 15:00:00,903.0835000000001
2023-06-01 16:00:00,487.46299999999997
2023-06-01 17:00:00,201.12366666666668
2023-06-01 18:00:00,78.30453333333334
2023-06-01 19:00:00,31.712249999999997
2023-06-01 20:00:00,33.170899999999996
2023-06-01 21:00:00,34.48926666666667
2023-06-01 22:00:00,32.19573333333333
2023-06-01 23:00:00,32.407450000000004
2023-06-02 00:00:00,33.58306666666667
2023-06-02 01:00:00,36.428733333333334
2023-06-02 02:00:00,36.41795
2023-06-02 03:00:00,36.822750000000006
2023-06-02 04:00:00,36.569316666666666
2023-06-02 05:00:00,44.0993
2023-06-02 06:00:00,148.00728333333333
2023-06-02 07:00:00,408.98850000000004
2023-06-02 08:00:00,727.3166666666667
2023-06-02 09:00:00,1013.3658333333333
2023-06-02 10:00:00,1163.7935
2023-06-02 11:00:00,1259.1166666666666
2023-06-02 12:00:00,1215.8258333333333
2023-06-02 13:00:00,1124.0866666666666
2023-06-02 14:00:00,909.8813333333333
2023-06-02 15:00:00,844.2258333333334
2023-06-02 16:00:00,456.31966666666665
2023-06-02 17:00:00,138.71878333333333
2023-06-02 18:00:00,59.85163333333333
2023-06-02 19:00:00,23.725416666666668
2023-06-02 20:00:00,24.975416666666668
2023-06-02 21:00:00,27.362566666666666
2023-06-02 22:00:00,29.803016666666668
2023-06-02 23:00:00,30.904833333333332
2023-06-03 00:00:00,31.758300000000002
2023-06-03 01:00:00,32.788583333333335
2023-06-03 02:00:00,33.4753
2023-06-03 03:00:00,32.636916666666664
2023-06-03 04:00:00,32.99556666666667
2023-06-03 05:00:00,38.443266666666666
2023-06-03 06:00:00,137.7014
2023-06-03 07:00:00,400.89300000000003
2023-06-03 08:00:00,703.0871666666667
2023-06-03 09:00:00,987.44
2023-06-03 10:00:00,1208.4516666666668
2023-06-03 11:00:00,1312.4083333333333
2023-06-03 12:00:00,1279.0683333333334
2023-06-03 13:00:00,1228.6666666666667
2023-06-03 14:00:00,825.0955
2023-06-03 15:00:00,544.2368333333333
2023-06-03 16:00:00,315.4193333333333
2023-06-03 17:00:00,133.19133333333332
2023-06-03 18:00:00,41.31625
2023-06-03 19:00:00,22.879466666666666
2023-06-03 20:00:00,23.30295
2023-06-03 21:00:00,25.01513333333333
2023-06-03 22:00:00,25.2566
2023-06-03 23:00:00,25.7205
2023-06-04 00:00:00,26.676916666666667
2023-06-04 01:00:00,28.1131
2023-06-04 02:00:00,30.108833333333333
2023-06-04 03:00:00,30.9139
2023-06-04 04:00:00,30.08475
2023-06-04 05:00:00,32.51826666666667
2023-06-04 06:00:00,155.21248333333332
2023-06-04 07:00:00,482.81949999999995
2023-06-04 08:00:00,736.5688333333333
2023-06-04 09:00:00,881.6095
2023-06-04 10:00:00,822.8233333333334
2023-06-04 11:00:00,1240.0596666666668
2023-06-04 12:00:00,1113.8565
2023-06-04 13:00:00,1311.8741666666667
2023-06-04 14:00:00,1155.8211666666668
2023-06-04 15:00:00,899.198
2023-06-04 16:00:00,511.2076666666666
2023-06-04 17:00:00,148.90163333333334
2023-06-04 18:00:00,60.09388333333333
2023-06-04 19:00:00,19.16828333333333
2023-06-04 20:00:00,20.401933333333332
2023-06-04 21:00:00,22.151166666666665
2023-06-04 22:00:00,24.140833333333333
2023-06-04 23:00:00,25.6013
2023-06-05 00:00:00,26.76335
2023-06-05 01:00:00,28.096833333333333
2023-06-05 02:00:00,28.496683333333333
2023-06-05 03:00:00,28.93593333333333
2023-06-05 04:00:00,30.1188
2023-06-05 05:00:00,41.826033333333335
2023-06-05 06:00:00,129.45183333333333
2023-06-05 07:00:00,288.8586666666667
2023-06-05 08:00:00,656.2233333333334
2023-06-05 09:00:00,670.0338333333333
2023-06-05 10:00:00,863.8741666666666
2023-06-05 11:00:00,895.9533333333333
2023-06-05 12:00:00,475.06921666666665
2023-06-05 13:00:00,835.4981666666666
2023-06-05 14:00:00,637.9506666666667
2023-06-05 15:00:00,623.7643333333333
2023-06-05 16:00:00,247.02179999999998
2023-06-05 17:00:00,84.98763333333333
2023-06-05 18:00:00,51.75425
2023-06-05 19:00:00,28.149116666666668
2023-06-05 20:00:00,27.064983333333334
2023-06-05 21:00:00,28.4097
2023-06-05 22:00:00,29.768083333333333
2023-06-05 23:00:00,30.763966666666665
2023-06-06 00:00:00,31.161133333333336
2023-06-06 01:00:00,31.600633333333334
2023-06-06 02:00:00,31.60213333333333
2023-06-06 03:00:00,31.8629
2023-06-06 04:00:00,32.14455
2023-06-06 05:00:00,39.24178333333334
2023-06-06 06:00:00,94.01216666666666
2023-06-06 07:00:00,293.1936666666667
2023-06-06 08:00:00,491.99083333333334
2023-06-06 09:00:00,428.26666666666665
2023-06-06 10:00:00,313.636
2023-06-06 11:00:00,485.50423333333333
2023-06-06 12:00:00,381.9198333333333
2023-06-06 13:00:00,81.28415
2023-06-06 14:00:00,194.59061666666668
2023-06-06 15:00:00,214.94934999999998
2023-06-06 16:00:00,52.51068333333333
2023-06-06 17:00:00,54.756233333333334
2023-06-06 18:00:00,43.6059
2023-06-06 19:00:00,27.08135
2023-06-06 20:00:00,27.006700000000002
2023-06-06 21:00:00,27.649766666666668
2023-06-06 22:00:00,29.102533333333334
2023-06-06 23:00:00,28.27511666666667
2023-06-07 00:00:00,28.273383333333335
2023-06-07 01:00:00,27.87465
2023-06-07 02:00:00,28.3865
2023-06-07 03:00:00,28.92503333333333
2023-06-07 04:00:00,29.735233333333333
2023-06-07 05:00:00,33.4383
2023-06-07 06:00:00,71.38548333333333
2023-06-07 07:00:00,159.536
2023-06-07 08:00:00,296.03566666666666
2023-06-07 09:00:00,444.91200000000003
2023-06-07 10:00:00,652.0881666666667
2023-06-07 11:00:00,910.9178333333333
2023-06-07 12:00:00,374.3906666666666
2023-06-07 13:00:00,430.46285
2023-06-07 14:00:00,242.81433333333334
2023-06-07 15:00:00,315.58799999999997
2023-06-07 16:00:00,248.69566666666665
2023-06-07 17:00:00,83.10011666666666
2023-06-07 18:00:00,51.68691666666667
2023-06-07 19:00:00,28.777333333333335
2023-06-07 20:00:00,28.304250000000003
2023-06-07 21:00:00,28.5949
2023-06-07 22:00:00,28.592499999999998
2023-06-07 23:00:00,28.546866666666666
2023-06-08 00:00:00,29.43163333333333
2023-06-08 01:00:00,30.021383333333333
2023-06-08 02:00:00,30.49845
2023-06-08 03:00:00,30.372116666666667
2023-06-08 04:00:00,31.010083333333334
2023-06-08 05:00:00,32.95758333333333
2023-06-08 06:00:00,111.80475
2023-06-08 07:00:00,223.02475
2023-06-08 08:00:00,289.67165
2023-06-08 09:00:00,1006.9146666666667
2023-06-08 10:00:00,760.6370000000001
2023-06-08 11:00:00,1097.2356666666667
2023-06-08 12:00:00,660.8841666666667
2023-06-08 13:00:00,450.3801666666667
2023-06-08 14:00:00,458.19449999999995
2023-06-08 15:00:00,374.66299999999995
2023-06-08 16:00:00,226.47583333333333
2023-06-08 17:00:00,137.24121666666667
2023-06-08 18:00:00,62.065016666666665
2023-06-08 19:00:00,26.797766666666668
2023-06-08 20:00:00,26.652033333333335
2023-06-08 21:00:00,26.35571666666667
2023-06-08 22:00:00,26.570283333333336
2023-06-08 23:00:00,27.081216666666666
2023-06-09 00:00:00,27.1019
2023-06-09 01:00:00,25.591183333333333
2023-06-09 02:00:00,25.767783333333334
2023-06-09 03:00:00,25.523116666666667
2023-06-09 04:00:00,26.444466666666663
2023-06-09 05:00:00,31.421533333333333
2023-06-09 06:00:00,88.5968
2023-06-09 07:00:00,252.28283333333331
2023-06-09 08:00:00,707.9261666666666
2023-06-09 09:00:00,475.589
2023-06-09 10:00:00,345.0611666666666
2023-06-09 11:00:00,385.3
2023-06-09 12:00:00,840.175
2023-06-09 13:00:00,819.4064999999999
2023-06-09 14:00:00,474.1768333333333
2023-06-09 15:00:00,496.58866666666665
2023-06-09 16:00:00,389.08733333333333
2023-06-09 17:00:00,110.00283333333333
2023-06-09 18:00:00,61.7798
2023-06-09 19:00:00,30.2303
2023-06-09 20:00:00,29.647299999999998
2023-06-09 21:00:00,29.835166666666666
2023-06-09 22:00:00,29.195283333333336
2023-06-09 23:00:00,27.2508
2023-06-10 00:00:00,27.525750000000002
2023-06-10 01:00:00,29.015416666666667
2023-06-10 02:00:00,30.63243333333333
2023-06-10 03:00:00,31.02351666666667
2023-06-10 04:00:00,31.22461666666667
2023-06-10 05:00:00,32.43063333333333
2023-06-10 06:00:00,54.45838333333334
2023-06-10 07:00:00,100.03481666666667
2023-06-10 08:00:00,130.06348333333332
2023-06-10 09:00:00,151.14061666666666
2023-06-10 10:00:00,402.91383333333334
2023-06-10 11:00:00,278.13483333333335
2023-06-10 12:00:00,858.6423333333333
2023-06-10 13:00:00,1329.4406666666666
2023-06-10 14:00:00,1163.858
2023-06-10 15:00:00,977.1236666666666
2023-06-10 16:00:00,331.6383333333333
2023-06-10 17:00:00,164.41181666666668
2023-06-10 18:00:00,82.22573333333334
2023-06-10 19:00:00,25.38383333333333
2023-06-10 20:00:00,19.272766666666666
2023-06-10 21:00:00,19.711166666666667
2023-06-10 22:00:00,20.72641666666667
2023-06-10 23:00:00,22.452116666666665
2023-06-11 00:00:00,23.32968333333333
2023-06-11 01:00:00,25.507883333333332
2023-06-11 02:00:00,26.979166666666668
2023-06-11 03:00:00,26.69588333333333
2023-06-11 04:00:00,27.68605
2023-06-11 05:00:00,31.789483333333333
2023-06-11 06:00:00,84.66576666666667
2023-06-11 07:00:00,244.76306666666667
2023-06-11 08:00:00,285.661
2023-06-11 09:00:00,696.7103333333333
2023-06-11 10:00:00,323.99283333333335
2023-06-11 11:00:00,291.31416666666667
2023-06-11 12:00:00,460.56283333333334
2023-06-11 13:00:00,1177.4826666666668
2023-06-11 14:00:00,999.3683333333333
2023-06-11 15:00:00,790.5483333333334
2023-06-11 16:00:00,594.0133333333334
2023-06-11 17:00:00,146.085
2023-06-11 18:00:00,59.76603333333333
2023-06-11 19:00:00,22.231749999999998
2023-06-11 20:00:00,21.165783333333334
2023-06-11 21:00:00,22.212766666666667
2023-06-11 22:00:00,23.995383333333333
2023-06-11 23:00:00,25.944116666666666
2023-06-12 00:00:00,25.506899999999998
2023-06-12 01:00:00,26.678166666666666
2023-06-12 02:00:00,27.957816666666666
2023-06-12 03:00:00,29.31021666666667
2023-06-12 04:00:00,29.517383333333335
2023-06-12 05:00:00,32.8252
2023-06-12 06:00:00,75.84653333333334
2023-06-12 07:00:00,280.0160833333333
2023-06-12 08:00:00,411.403
2023-06-12 09:00:00,911.7933333333333
2023-06-12 10:00:00,1059.9385
2023-06-12 11:00:00,1293.3033333333333
2023-06-12 12:00:00,1175.3578333333332
2023-06-12 13:00:00,1151.6575
2023-06-12 14:00:00,610.2615000000001
2023-06-12 15:00:00,835.7423333333334
2023-06-12 16:00:00,470.25033333333334
2023-06-12 17:00:00,181.411
2023-06-12 18:00:00,80.51925
2023-06-12 19:00:00,24.308933333333336
2023-06-12 20:00:00,22.522583333333333
2023-06-12 21:00:00,23.83951666666667
2023-06-12 22:00:00,25.21395
2023-06-12 23:00:00,27.018116666666668
2023-06-13 00:00:00,27.8913
2023-06-13 01:00:00,28.939683333333335
2023-06-13 02:00:00,29.336116666666666
2023-06-13 03:00:00,29.467483333333334
2023-06-13 04:00:00,30.10888333333333
2023-06-13 05:00:00,35.88881666666667
2023-06-13 06:00:00,166.00423333333336
2023-06-13 07:00:00,348.6085
2023-06-13 08:00:00,655.7478333333333
2023-06-13 09:00:00,932.5836666666667
2023-06-13 10:00:00,103.66916666666665
2023-06-13 11:00:00,838.6555000000001
2023-06-13 12:00:00,740.4861666666667
2023-06-13 13:00:00,405.3183333333333
2023-06-13 14:00:00,313.2248333333334
2023-06-13 15:00:00,230.36438333333334
2023-06-13 16:00:00,209.39901666666668
2023-06-13 17:00:00,169.44680000000002
2023-06-13 18:00:00,53.05705
2023-06-13 19:00:00,25.84505
2023-06-13 20:00:00,24.416083333333333
2023-06-13 21:00:00,24.098850000000002
2023-06-13 22:00:00,25.433433333333333
2023-06-13 23:00:00,24.3391
2023-06-14 00:00:00,22.719083333333334
2023-06-14 01:00:00,22.871766666666666
2023-06-14 02:00:00,23.897550000000003
2023-06-14 03:00:00,24.791066666666666
2023-06-14 04:00:00,27.938816666666664
2023-06-14 05:00:00,29.093799999999998
2023-06-14 06:00:00,46.91496666666667
2023-06-14 07:00:00,67.29305000000001
2023-06-14 08:00:00,94.28240000000001
2023-06-14 09:00:00,157.74721666666667
2023-06-14 10:00:00,602.8366666666666
2023-06-14 11:00:00,495.97946666666667
2023-06-14 12:00:00,349.73199999999997
2023-06-14 13:00:00,510.35266666666666
2023-06-14 14:00:00,238.58025
2023-06-14 15:00:00,477.5493333333333
2023-06-14 16:00:00,490.56433333333337
2023-06-14 17:00:00,139.389
2023-06-14 18:00:00,89.94718333333334
2023-06-14 19:00:00,31.20605
2023-06-14 20:00:00,29.278166666666667
2023-06-14 21:00:00,29.8277
2023-06-14 22:00:00,29.70446666666667
2023-06-14 23:00:00,30.39085
2023-06-15 00:00:00,30.999616666666668
2023-06-15 01:00:00,29.60621666666667
2023-06-15 02:00:00,28.778833333333335
2023-06-15 03:00:00,26.490483333333334
2023-06-15 04:00:00,25.139966666666666
2023-06-15 05:00:00,26.576999999999998
2023-06-15 06:00:00,44.67013333333333
2023-06-15 07:00:00,124.60535
2023-06-15 08:00:00,189.93400000000003
2023-06-15 09:00:00,315.0828333333333
2023-06-15 10:00:00,263.662
2023-06-15 11:00:00,233.8545333333333
2023-06-15 12:00:00,238.7165
2023-06-15 13:00:00,121.80236666666666
2023-06-15 14:00:00,147.63246666666666
2023-06-15 15:00:00,91.77608333333333
2023-06-15 16:00:00,119.62983333333334
2023-06-15 17:00:00,114.63183333333333
2023-06-15 18:00:00,57.00621666666667
2023-06-15 19:00:00,30.95133333333333
2023-06-15 20:00:00,28.6077
2023-06-15 21:00:00,29.084049999999998
2023-06-15 22:00:00,28.425416666666663
2023-06-15 23:00:00,29.155683333333332
2023-06-16 00:00:00,29.505516666666665
2023-06-16 01:00:00,32.228233333333336
2023-06-16 02:00:00,30.493983333333333
2023-06-16 03:00:00,29.541866666666667
2023-06-16 04:00:00,30.708666666666666
2023-06-16 05:00:00,32.38548333333333
2023-06-16 06:00:00,58.06361666666667
2023-06-16 07:00:00,104.54044999999999
2023-06-16 08:00:00,387.6463333333333
2023-06-16 09:00:00,407.04966666666667
2023-06-16 10:00:00,386.88100000000003
2023-06-16 11:00:00,113.44886666666666
2023-06-16 12:00:00,51.52675
2023-06-16 13:00:00,59.925266666666666
2023-06-16 14:00:00,87.16423333333334
2023-06-16 15:00:00,106.114
2023-06-16 16:00:00,82.38086666666666
2023-06-16 17:00:00,55.32215
2023-06-16 18:00:00,38.71961666666667
2023-06-16 19:00:00,30.0516
2023-06-16 20:00:00,29.823566666666668
2023-06-16 21:00:00,29.457216666666667
2023-06-16 22:00:00,29.151933333333332
2023-06-16 23:00:00,30.83735
2023-06-17 00:00:00,30.4806
2023-06-17 01:00:00,29.897283333333334
2023-06-17 02:00:00,31.7869
2023-06-17 03:00:00,35.35648333333334
2023-06-17 04:00:00,34.9242
2023-06-17 05:00:00,36.12753333333333
2023-06-17 06:00:00,63.37281666666667
2023-06-17 07:00:00,89.7617
2023-06-17 08:00:00,140.62866666666665
2023-06-17 09:00:00,207.87956666666665
2023-06-17 10:00:00,226.89811666666668
2023-06-17 11:00:00,136.4009333333333
2023-06-17 12:00:00,77.68634999999999
2023-06-17 13:00:00,50.81165
2023-06-17 14:00:00,40.74068333333333
2023-06-17 15:00:00,39.801500000000004
2023-06-17 16:00:00,41.615649999999995
2023-06-17 17:00:00,59.87070000000001
2023-06-17 18:00:00,54.290283333333335
2023-06-17 19:00:00,39.58976666666667
2023-06-17 20:00:00,38.67545
2023-06-17 21:00:00,38.6743
2023-06-17 22:00:00,38.47898333333333
2023-06-17 23:00:00,39.19495
2023-06-18 00:00:00,39.86533333333333
2023-06-18 01:00:00,40.683483333333335
2023-06-18 02:00:00,41.903850000000006
2023-06-18 03:00:00,41.69405
2023-06-18 04:00:00,42.27166666666667
2023-06-18 05:00:00,44.04323333333333
2023-06-18 06:00:00,90.60838333333332
2023-06-18 07:00:00,239.47033333333331
2023-06-18 08:00:00,169.59105
2023-06-18 09:00:00,60.964600000000004
2023-06-18 10:00:00,115.76389999999999
2023-06-18 11:00:00,411.2536666666667
2023-06-18 12:00:00,514.647
2023-06-18 13:00:00,458.62399999999997
2023-06-18 14:00:00,337.464
2023-06-18 15:00:00,313.8035
2023-06-18 16:00:00,257.5548333333333
2023-06-18 17:00:00,134.61836666666667
2023-06-18 18:00:00,85.57018333333333
2023-06-18 19:00:00,40.038466666666665
2023-06-18 20:00:00,37.5629
2023-06-18 21:00:00,37.00001666666667
2023-06-18 22:00:00,37.09465
2023-06-18 23:00:00,37.23796666666667
2023-06-19 00:00:00,38.59476666666667
2023-06-19 01:00:00,38.33128333333333
2023-06-19 02:00:00,39.121583333333334
2023-06-19 03:00:00,37.673366666666666
2023-06-19 04:00:00,39.05871666666667
2023-06-19 05:00:00,41.42755
2023-06-19 06:00:00,130.30761666666666
2023-06-19 07:00:00,429.27166666666665
2023-06-19 08:00:00,278.08433333333335
2023-06-19 09:00:00,693.1435
2023-06-19 10:00:00,935.3463333333333
2023-06-19 11:00:00,948.2326666666667
2023-06-19 12:00:00,659.029
2023-06-19 13:00:00,923.9903333333333
2023-06-19 14:00:00,760.7191666666666
2023-06-19 15:00:00,682.5768333333333
2023-06-19 16:00:00,463.61800000000005
2023-06-19 17:00:00,107.76391666666667
2023-06-19 18:00:00,51.65051666666667
2023-06-19 19:00:00,32.10908333333334
2023-06-19 20:00:00,31.055083333333336
2023-06-19 21:00:00,31.351816666666664
2023-06-19 22:00:00,31.976433333333333
2023-06-19 23:00:00,33.03393333333334
2023-06-20 00:00:00,33.43926666666667
2023-06-20 01:00:00,33.91203333333333
2023-06-20 02:00:00,34.175200000000004
2023-06-20 03:00:00,34.91345
2023-06-20 04:00:00,35.949783333333336
2023-06-20 05:00:00,40.5655
2023-06-20 06:00:00,72.7411
2023-06-20 07:00:00,181.293
2023-06-20 08:00:00,499.6301666666667
2023-06-20 09:00:00,826.0408333333332
2023-06-20 10:00:00,848.0728333333334
2023-06-20 11:00:00,1170.1246666666666
2023-06-20 12:00:00,1003.8079999999999
2023-06-20 13:00:00,844.6238333333333
2023-06-20 14:00:00,678.2888333333334
2023-06-20 15:00:00,606.1555000000001
2023-06-20 16:00:00,368.10516666666666
2023-06-20 17:00:00,107.34145
2023-06-20 18:00:00,64.0868
2023-06-20 19:00:00,28.310316666666665
2023-06-20 20:00:00,28.359916666666667
2023-06-20 21:00:00,29.205166666666667
2023-06-20 22:00:00,29.84985
2023-06-20 23:00:00,30.9405
2023-06-21 00:00:00,31.082066666666666
2023-06-21 01:00:00,31.172466666666665
2023-06-21 02:00:00,32.921216666666666
2023-06-21 03:00:00,34.86758333333333
2023-06-21 04:00:00,33.35881666666667
2023-06-21 05:00:00,35.66213333333334
2023-06-21 06:00:00,182.47026666666667
2023-06-21 07:00:00,401.5095
2023-06-21 08:00:00,630.2648333333333
2023-06-21 09:00:00,889.6686666666667
2023-06-21 10:00:00,1107.5185
2023-06-21 11:00:00,863.3406666666667
2023-06-21 12:00:00,1261.7768333333333
2023-06-21 13:00:00,842.9565
2023-06-21 14:00:00,549.4343333333333
2023-06-21 15:00:00,713.1253333333333
2023-06-21 16:00:00,420.6633333333333
2023-06-21 17:00:00,125.81296666666667
2023-06-21 18:00:00,79.75696666666666
2023-06-21 19:00:00,29.803116666666664
2023-06-21 20:00:00,29.062266666666666
2023-06-21 21:00:00,29.957683333333332
2023-06-21 22:00:00,30.910883333333334
2023-06-21 23:00:00,32.2971
2023-06-22 00:00:00,32.72996666666667
2023-06-22 01:00:00,34.7529
2023-06-22 02:00:00,35.7712
2023-06-22 03:00:00,36.100516666666664
2023-06-22 04:00:00,36.51676666666666
2023-06-22 05:00:00,42.905033333333336
2023-06-22 06:00:00,186.92195
2023-06-22 07:00:00,415.2486666666666
2023-06-22 08:00:00,584.3756666666667
2023-06-22 09:00:00,1003.6961666666666
2023-06-22 10:00:00,1053.0605
2023-06-22 11:00:00,699.8453333333333
2023-06-22 12:00:00,921.9353333333332
2023-06-22 13:00:00,1195.0825
2023-06-22 14:00:00,1047.8405
2023-06-22 15:00:00,892.8075
2023-06-22 16:00:00,585.5895
2023-06-22 17:00:00,166.17794999999998
2023-06-22 18:00:00,61.670233333333336
2023-06-22 19:00:00,26.3709
2023-06-22 20:00:00,26.194833333333335
2023-06-22 21:00:00,27.605733333333333
2023-06-22 22:00:00,29.24325
2023-06-22 23:00:00,31.262316666666667
2023-06-23 00:00:00,33.3896
2023-06-23 01:00:00,34.39625
2023-06-23 02:00:00,34.47363333333333
2023-06-23 03:00:00,35.44475
2023-06-23 04:00:00,36.60741666666667
2023-06-23 05:00:00,39.168483333333334
2023-06-23 06:00:00,89.12491666666666
2023-06-23 07:00:00,171.96938333333335
2023-06-23 08:00:00,407.96433333333334
2023-06-23 09:00:00,294.29200000000003
2023-06-23 10:00:00,679.1478333333333
2023-06-23 11:00:00,476.66116666666665
2023-06-23 12:00:00,575.5456666666666
2023-06-23 13:00:00,441.716
2023-06-23 14:00:00,411.57300000000004
2023-06-23 15:00:00,233.262
2023-06-23 16:00:00,139.89641666666665
2023-06-23 17:00:00,95.32956666666668
2023-06-23 18:00:00,68.34213333333334
2023-06-23 19:00:00,35.314550000000004
2023-06-23 20:00:00,34.231433333333335
2023-06-23 21:00:00,34.732033333333334
2023-06-23 22:00:00,35.12165
2023-06-23 23:00:00,32.59256666666667
2023-06-24 00:00:00,33.118900000000004
2023-06-24 01:00:00,34.47035
2023-06-24 02:00:00,35.134566666666665
2023-06-24 03:00:00,35.622616666666666
2023-06-24 04:00:00,33.16771666666667
2023-06-24 05:00:00,35.46588333333333
2023-06-24 06:00:00,93.38403333333333
2023-06-24 07:00:00,209.89066666666668
2023-06-24 08:00:00,300.22883333333334
2023-06-24 09:00:00,443.2703333333333
2023-06-24 10:00:00,417.64366666666666
2023-06-24 11:00:00,752.7155
2023-06-24 12:00:00,434.48449999999997
2023-06-24 13:00:00,276.969
2023-06-24 14:00:00,344.5175
2023-06-24 15:00:00,217.88466666666667
2023-06-24 16:00:00,200.67066666666668
2023-06-24 17:00:00,117.20863333333334
2023-06-24 18:00:00,69.1907
2023-06-24 19:00:00,34.77193333333333
2023-06-24 20:00:00,34.04173333333333
2023-06-24 21:00:00,33.465916666666665
2023-06-24 22:00:00,31.233366666666665
2023-06-24 23:00:00,31.314566666666668
2023-06-25 00:00:00,30.77425
2023-06-25 01:00:00,31.183416666666666
2023-06-25 02:00:00,32.254016666666665
2023-06-25 03:00:00,32.20928333333333
2023-06-25 04:00:00,33.130116666666666
2023-06-25 05:00:00,36.414116666666665
2023-06-25 06:00:00,128.2757
2023-06-25 07:00:00,221.95016666666666
2023-06-25 08:00:00,509.6346666666667
2023-06-25 09:00:00,790.9698333333333
2023-06-25 10:00:00,996.1173333333334
2023-06-25 11:00:00,994.9153333333333
2023-06-25 12:00:00,1041.2226666666668
2023-06-25 13:00:00,1027.3535
2023-06-25 14:00:00,706.0169999999999
2023-06-25 15:00:00,377.4411666666667
2023-06-25 16:00:00,303.27483333333333
2023-06-25 17:00:00,173.35666666666665
2023-06-25 18:00:00,70.67636666666667
2023-06-25 19:00:00,27.144516666666668
2023-06-25 20:00:00,26.953833333333332
2023-06-25 21:00:00,27.5433
2023-06-25 22:00:00,28.3462
2023-06-25 23:00:00,29.008566666666663
2023-06-26 00:00:00,29.349516666666666
2023-06-26 01:00:00,30.2324
2023-06-26 02:00:00,30.623633333333334
2023-06-26 03:00:00,31.09535
2023-06-26 04:00:00,30.464350000000003
2023-06-26 05:00:00,32.78588333333333
2023-06-26 06:00:00,237.54296666666667
2023-06-26 07:00:00,312.1761666666667
2023-06-26 08:00:00,203.28783333333334
2023-06-26 09:00:00,494.61233333333337
2023-06-26 10:00:00,1142.1633333333334
2023-06-26 11:00:00,1161.877
2023-06-26 12:00:00,1239.7781666666667
2023-06-26 13:00:00,1267.9523333333334
2023-06-26 14:00:00,1107.8501666666666
2023-06-26 15:00:00,724.8706666666666
2023-06-26 16:00:00,382.2635
2023-06-26 17:00:00,157.94716666666667
2023-06-26 18:00:00,63.45076666666667
2023-06-26 19:00:00,22.19325
2023-06-26 20:00:00,21.721400000000003
2023-06-26 21:00:00,22.40086666666667
2023-06-26 22:00:00,23.607116666666666
2023-06-26 23:00:00,24.38266666666667
2023-06-27 00:00:00,24.893466666666665
2023-06-27 01:00:00,26.2882
2023-06-27 02:00:00,26.90965
2023-06-27 03:00:00,27.024216666666668
2023-06-27 04:00:00,27.789416666666668
2023-06-27 05:00:00,31.001116666666668
2023-06-27 06:00:00,130.46945
2023-06-27 07:00:00,293.0712833333334
2023-06-27 08:00:00,491.67845
2023-06-27 09:00:00,557.2343333333333
2023-06-27 10:00:00,942.4586666666667
2023-06-27 11:00:00,1312.09
2023-06-27 12:00:00,1275.4233333333332
2023-06-27 13:00:00,1065.0013333333334
2023-06-27 14:00:00,869.5221666666667
2023-06-27 15:00:00,736.4248333333333
2023-06-27 16:00:00,239.01523333333336
2023-06-27 17:00:00,124.58404999999999
2023-06-27 18:00:00,63.17273333333333
2023-06-27 19:00:00,21.953233333333333
2023-06-27 20:00:00,20.55885
2023-06-27 21:00:00,21.329666666666665
2023-06-27 22:00:00,23.520633333333333
2023-06-27 23:00:00,25.124366666666667
2023-06-28 00:00:00,26.752233333333333
2023-06-28 01:00:00,25.848483333333334
2023-06-28 02:00:00,25.5677
2023-06-28 03:00:00,25.6435
2023-06-28 04:00:00,26.30186666666667
2023-06-28 05:00:00,26.627466666666667
2023-06-28 06:00:00,47.78438333333334
2023-06-28 07:00:00,74.45211666666667
2023-06-28 08:00:00,127.91346666666666
2023-06-28 09:00:00,280.70283333333333
2023-06-28 10:00:00,987.9053333333334
2023-06-28 11:00:00,1079.122
2023-06-28 12:00:00,414.3475833333333
2023-06-28 13:00:00,182.62818333333334
2023-06-28 14:00:00,289.3575
2023-06-28 15:00:00,438.9295
2023-06-28 16:00:00,355.2168333333333
2023-06-28 17:00:00,120.37983333333334
2023-06-28 18:00:00,69.2902
2023-06-28 19:00:00,29.177583333333335
2023-06-28 20:00:00,27.238766666666667
2023-06-28 21:00:00,26.336633333333335
2023-06-28 22:00:00,24.014149999999997
2023-06-28 23:00:00,25.493266666666667
2023-06-29 00:00:00,26.843233333333334
2023-06-29 01:00:00,27.7957
2023-06-29 02:00:00,28.397166666666667
2023-06-29 03:00:00,28.41211666666667
2023-06-29 04:00:00,28.635066666666667
2023-06-29 05:00:00,32.2886
2023-06-29 06:00:00,190.80453333333335
2023-06-29 07:00:00,363.59599999999995
2023-06-29 08:00:00,697.9159999999999
2023-06-29 09:00:00,946.3405
2023-06-29 10:00:00,455.61966666666666
2023-06-29 11:00:00,1056.0430000000001
2023-06-29 12:00:00,827.1123333333333
2023-06-29 13:00:00,896.1055
2023-06-29 14:00:00,786.1991666666667
2023-06-29 15:00:00,611.8156666666667
2023-06-29 16:00:00,381.72
2023-06-29 17:00:00,110.35225
2023-06-29 18:00:00,54.05675
2023-06-29 19:00:00,24.12431666666667
2023-06-29 20:00:00,23.409966666666666
2023-06-29 21:00:00,24.750983333333334
2023-06-29 22:00:00,26.21635
2023-06-29 23:00:00,28.174566666666667
2023-06-30 00:00:00,29.316033333333333
2023-06-30 01:00:00,29.447433333333333
2023-06-30 02:00:00,29.505083333333335
2023-06-30 03:00:00,29.512800000000002
2023-06-30 04:00:00,30.289516666666668
2023-06-30 05:00:00,33.8954
2023-06-30 06:00:00,150.87993333333333
2023-06-30 07:00:00,269.30333333333334
2023-06-30 08:00:00,293.8558333333333
2023-06-30 09:00:00,431.8508333333333
2023-06-30 10:00:00,701.4228333333334
2023-06-30 11:00:00,463.0846666666667
2023-06-30 12:00:00,498.95416666666665
2023-06-30 13:00:00,973.8766666666667
2023-06-30 14:00:00,564.6461666666667
2023-06-30 15:00:00,507.9661666666667
2023-06-30 16:00:00,360.9555
2023-06-30 17:00:00,180.73916666666668
2023-06-30 18:00:00,70.26126666666667
2023-06-30 19:00:00,29.201183333333333
2023-06-30 20:00:00,27.605116666666667
2023-06-30 21:00:00,28.218999999999998
2023-06-30 22:00:00,29.604033333333334
2023-06-30 23:00:00,29.846883333333334
2023-07-01 00:00:00,30.500083333333336
2023-07-01 01:00:00,31.510033333333336
2023-07-01 02:00:00,32.31786666666667
2023-07-01 03:00:00,33.77231666666667
2023-07-01 04:00:00,34.58383333333334
2023-07-01 05:00:00,37.150083333333335
2023-07-01 06:00:00,85.73018333333333
2023-07-01 07:00:00,147.22175000000001
2023-07-01 08:00:00,222.29483333333334
2023-07-01 09:00:00,341.34933333333333
2023-07-01 10:00:00,567.4896666666666
2023-07-01 11:00:00,365.9836666666667
2023-07-01 12:00:00,514.8726666666666
2023-07-01 13:00:00,395.3935
2023-07-01 14:00:00,441.43666666666667
2023-07-01 15:00:00,479.754
2023-07-01 16:00:00,306.64283333333333
2023-07-01 17:00:00,136.67516666666668
2023-07-01 18:00:00,69.60033333333332
2023-07-01 19:00:00,33.744299999999996
2023-07-01 20:00:00,32.10385
2023-07-01 21:00:00,32.365883333333336
2023-07-01 22:00:00,31.438233333333333
2023-07-01 23:00:00,30.452466666666666
2023-07-02 00:00:00,32.04841666666667
2023-07-02 01:00:00,32.23498333333333
2023-07-02 02:00:00,32.5787
2023-07-02 03:00:00,33.136916666666664
2023-07-02 04:00:00,31.75293333333333
2023-07-02 05:00:00,33.91721666666667
2023-07-02 06:00:00,71.17139999999999
2023-07-02 07:00:00,138.826
2023-07-02 08:00:00,543.76
2023-07-02 09:00:00,363.44214999999997
2023-07-02 10:00:00,311.04299999999995
2023-07-02 11:00:00,459.4135
2023-07-02 12:00:00,237.44266666666667
2023-07-02 13:00:00,401.3945
2023-07-02 14:00:00,279.3061666666666
2023-07-02 15:00:00,65.0284
2023-07-02 16:00:00,101.0634
2023-07-02 17:00:00,115.44505000000001
2023-07-02 18:00:00,51.32526666666667
2023-07-02 19:00:00,29.950433333333333
2023-07-02 20:00:00,29.35393333333333
2023-07-02 21:00:00,29.8282
2023-07-02 22:00:00,30.531233333333333
2023-07-02 23:00:00,31.027533333333334
2023-07-03 00:00:00,31.372816666666665
2023-07-03 01:00:00,31.75025
2023-07-03 02:00:00,32.14143333333333
2023-07-03 03:00:00,33.32328333333333
2023-07-03 04:00:00,33.70146666666667
2023-07-03 05:00:00,42.68468333333333
2023-07-03 06:00:00,198.28373333333332
2023-07-03 07:00:00,424.129
2023-07-03 08:00:00,653.4073333333333
2023-07-03 09:00:00,636.0781666666667
2023-07-03 10:00:00,861.0866666666666
2023-07-03 11:00:00,667.5623333333333
2023-07-03 12:00:00,849.7715000000001
2023-07-03 13:00:00,910.2411666666667
2023-07-03 14:00:00,297.29583333333335
2023-07-03 15:00:00,620.8961666666667
2023-07-03 16:00:00,177.41586666666666
2023-07-03 17:00:00,119.72071666666668
2023-07-03 18:00:00,43.81623333333334
2023-07-03 19:00:00,29.650133333333333
2023-07-03 20:00:00,29.5747
2023-07-03 21:00:00,30.294583333333332
2023-07-03 22:00:00,31.09355
2023-07-03 23:00:00,30.661833333333334
2023-07-04 00:00:00,29.95995
2023-07-04 01:00:00,32.023983333333334
2023-07-04 02:00:00,32.59191666666667
2023-07-04 03:00:00,32.353633333333335
2023-07-04 04:00:00,31.024683333333332
2023-07-04 05:00:00,31.975316666666668
2023-07-04 06:00:00,81.5099
2023-07-04 07:00:00,336.6680666666667
2023-07-04 08:00:00,399.58866666666665
2023-07-04 09:00:00,561.0488333333334
2023-07-04 10:00:00,847.1128333333332
2023-07-04 11:00:00,927.8048333333334
2023-07-04 12:00:00,977.3875
2023-07-04 13:00:00,586.7345
2023-07-04 14:00:00,307.86451666666665
2023-07-04 15:00:00,424.00783333333334
2023-07-04 16:00:00,365.41183333333333
2023-07-04 17:00:00,169.87763333333334
2023-07-04 18:00:00,76.58928333333333
2023-07-04 19:00:00,34.07403333333333
2023-07-04 20:00:00,31.6707
2023-07-04 21:00:00,30.507316666666668
2023-07-04 22:00:00,31.164116666666665
2023-07-04 23:00:00,31.997866666666667
2023-07-05 00:00:00,32.7432
2023-07-05 01:00:00,34.6061
2023-07-05 02:00:00,33.512233333333334
2023-07-05 03:00:00,32.98446666666667
2023-07-05 04:00:00,33.06115
2023-07-05 05:00:00,38.2168
2023-07-05 06:00:00,121.01955
2023-07-05 07:00:00,437.1271666666667
2023-07-05 08:00:00,622.3888333333333
2023-07-05 09:00:00,810.8439999999999
2023-07-05 10:00:00,1015.429
2023-07-05 11:00:00,677.3736666666666
2023-07-05 12:00:00,843.7651666666666
2023-07-05 13:00:00,1201.9768333333334
2023-07-05 14:00:00,1076.532
2023-07-05 15:00:00,509.3863333333333
2023-07-05 16:00:00,315.21483333333333
2023-07-05 17:00:00,119.3966
2023-07-05 18:00:00,56.138866666666665
2023-07-05 19:00:00,27.84991666666667
2023-07-05 20:00:00,27.278866666666666
2023-07-05 21:00:00,28.673583333333333
2023-07-05 22:00:00,29.446649999999998
2023-07-05 23:00:00,29.816666666666666
2023-07-06 00:00:00,31.84081666666667
2023-07-06 01:00:00,33.350100000000005
2023-07-06 02:00:00,34.955216666666665
2023-07-06 03:00:00,35.1658
2023-07-06 04:00:00,37.708283333333334
2023-07-06 05:00:00,42.223866666666666
2023-07-06 06:00:00,161.48576666666668
2023-07-06 07:00:00,445.52750000000003
2023-07-06 08:00:00,559.1416666666667
2023-07-06 09:00:00,666.8676666666667
2023-07-06 10:00:00,733.4983333333333
2023-07-06 11:00:00,932.6468333333333
2023-07-06 12:00:00,888.6906666666667
2023-07-06 13:00:00,1019.304
2023-07-06 14:00:00,1019.0506666666666
2023-07-06 15:00:00,1005.1816666666667
2023-07-06 16:00:00,612.6728333333334
2023-07-06 17:00:00,172.40033333333335
2023-07-06 18:00:00,77.03945
2023-07-06 19:00:00,28.823416666666667
2023-07-06 20:00:00,27.416283333333332
2023-07-06 21:00:00,29.214733333333335
2023-07-06 22:00:00,30.15205
2023-07-06 23:00:00,31.8272
2023-07-07 00:00:00,33.41785
2023-07-07 01:00:00,34.27726666666667
2023-07-07 02:00:00,34.71341666666667
2023-07-07 03:00:00,36.43311666666667
2023-07-07 04:00:00,36.92528333333333
2023-07-07 05:00:00,41.432966666666665
2023-07-07 06:00:00,121.26116666666667
2023-07-07 07:00:00,378.31433333333337
2023-07-07 08:00:00,587.0293333333334
2023-07-07 09:00:00,793.6623333333333
2023-07-07 10:00:00,1004.2921666666666
2023-07-07 11:00:00,764.2075
2023-07-07 12:00:00,986.9531666666667
2023-07-07 13:00:00,890.7791666666667
2023-07-07 14:00:00,881.5128333333333
2023-07-07 15:00:00,704.0598333333332
2023-07-07 16:00:00,399.2955
2023-07-07 17:00:00,112.46361666666667
2023-07-07 18:00:00,67.48706666666666
2023-07-07 19:00:00,30.37548333333333
2023-07-07 20:00:00,28.5884
2023-07-07 21:00:00,29.081733333333332
2023-07-07 22:00:00,29.760783333333332
2023-07-07 23:00:00,30.19386666666667
2023-07-08 00:00:00,30.4197
2023-07-08 01:00:00,31.502533333333336
2023-07-08 02:00:00,32.12361666666666
2023-07-08 03:00:00,33.610166666666665
2023-07-08 04:00:00,34.45688333333333
2023-07-08 05:00:00,39.25321666666667
2023-07-08 06:00:00,161.70536666666666
2023-07-08 07:00:00,438.20750000000004
2023-07-08 08:00:00,719.6546666666667
2023-07-08 09:00:00,867.6018333333334
2023-07-08 10:00:00,1056.3296666666668
2023-07-08 11:00:00,885.8403333333333
2023-07-08 12:00:00,862.8793333333334
2023-07-08 13:00:00,1176.1466666666668
2023-07-08 14:00:00,689.0928333333334
2023-07-08 15:00:00,676.2685
2023-07-08 16:00:00,303.92833333333334
2023-07-08 17:00:00,105.9277
2023-07-08 18:00:00,57.73836666666667
2023-07-08 19:00:00,29.567316666666667
2023-07-08 20:00:00,28.64313333333333
2023-07-08 21:00:00,29.27156666666667
2023-07-08 22:00:00,30.170849999999998
2023-07-08 23:00:00,31.510066666666667
2023-07-09 00:00:00,33.0944
2023-07-09 01:00:00,32.13081666666667
2023-07-09 02:00:00,33.84205
2023-07-09 03:00:00,34.703066666666665
2023-07-09 04:00:00,34.69048333333333
2023-07-09 05:00:00,40.05468333333333
2023-07-09 06:00:00,183.51456666666667
2023-07-09 07:00:00,361.1183333333334
2023-07-09 08:00:00,723.0120000000001
2023-07-09 09:00:00,729.3004999999999
2023-07-09 10:00:00,1083.224
2023-07-09 11:00:00,1285.6026666666667
2023-07-09 12:00:00,1362.5420000000001
2023-07-09 13:00:00,1150.8348333333333
2023-07-09 14:00:00,1016.1145
2023-07-09 15:00:00,905.188
2023-07-09 16:00:00,648.3115
2023-07-09 17:00:00,75.84165
2023-07-09 18:00:00,49.04833333333333
2023-07-09 19:00:00,26.517466666666667
2023-07-09 20:00:00,25.71826666666667
2023-07-09 21:00:00,27.188816666666664
2023-07-09 22:00:00,29.019416666666665
2023-07-09 23:00:00,31.255966666666666
2023-07-10 00:00:00,31.52325
2023-07-10 01:00:00,31.341133333333335
2023-07-10 02:00:00,32.77628333333333
2023-07-10 03:00:00,32.50485
2023-07-10 04:00:00,33.49355
2023-07-10 05:00:00,40.69155
2023-07-10 06:00:00,198.59814999999998
2023-07-10 07:00:00,416.0645
2023-07-10 08:00:00,555.763
2023-07-10 09:00:00,426.5715
2023-07-10 10:00:00,943.1075
2023-07-10 11:00:00,1096.4593333333332
2023-07-10 12:00:00,965.8268333333333
2023-07-10 13:00:00,1308.1068333333335
2023-07-10 14:00:00,1182.9066666666665
2023-07-10 15:00:00,982.0003333333333
2023-07-10 16:00:00,653.3459666666666
2023-07-10 17:00:00,69.34843333333333
2023-07-10 18:00:00,43.0779
2023-07-10 19:00:00,24.466533333333334
2023-07-10 20:00:00,23.246
2023-07-10 21:00:00,24.418916666666668
2023-07-10 22:00:00,26.058866666666667
2023-07-10 23:00:00,27.779100000000003
2023-07-11 00:00:00,30.184366666666666
2023-07-11 01:00:00,30.620616666666667
2023-07-11 02:00:00,30.537066666666664
2023-07-11 03:00:00,32.69096666666667
2023-07-11 04:00:00,32.48501666666667
2023-07-11 05:00:00,36.30003333333333
2023-07-11 06:00:00,183.48138333333333
2023-07-11 07:00:00,328.273
2023-07-11 08:00:00,684.4465
2023-07-11 09:00:00,864.1753333333334
2023-07-11 10:00:00,1039.8478333333335
2023-07-11 11:00:00,1138.1073333333334
2023-07-11 12:00:00,991.3639999999999
2023-07-11 13:00:00,922.3666666666667
2023-07-11 14:00:00,922.8264999999999
2023-07-11 15:00:00,829.6786666666667
2023-07-11 16:00:00,607.7746333333333
2023-07-11 17:00:00,72.68716666666666
2023-07-11 18:00:00,48.25318333333333
2023-07-11 19:00:00,23.706383333333335
2023-07-11 20:00:00,22.23695
2023-07-11 21:00:00,23.726633333333332
2023-07-11 22:00:00,24.603149999999996
2023-07-11 23:00:00,26.376133333333332
2023-07-12 00:00:00,28.342
2023-07-12 01:00:00,29.292883333333336
2023-07-12 02:00:00,30.390933333333336
2023-07-12 03:00:00,31.099933333333336
2023-07-12 04:00:00,31.013133333333332
2023-07-12 05:00:00,34.15026666666667
2023-07-12 06:00:00,180.62926666666667
2023-07-12 07:00:00,507.4803333333333
2023-07-12 08:00:00,503.7831666666667
2023-07-12 09:00:00,388.024
2023-07-12 10:00:00,385.91633333333334
2023-07-12 11:00:00,399.5883333333333
2023-07-12 12:00:00,409.309
2023-07-12 13:00:00,711.3639999999999
2023-07-12 14:00:00,1134.3618333333334
2023-07-12 15:00:00,871.654
2023-07-12 16:00:00,649.446
2023-07-12 17:00:00,89.2406
2023-07-12 18:00:00,58.14785
2023-07-12 19:00:00,32.4545
2023-07-12 20:00:00,29.226433333333333
2023-07-12 21:00:00,29.4862
2023-07-12 22:00:00,30.340116666666667
2023-07-12 23:00:00,31.2545
2023-07-13 00:00:00,31.349600000000002
2023-07-13 01:00:00,32.72535
2023-07-13 02:00:00,31.870749999999997
2023-07-13 03:00:00,33.83173333333333
2023-07-13 04:00:00,31.426483333333334
2023-07-13 05:00:00,33.80898333333333
2023-07-13 06:00:00,167.58601666666667
2023-07-13 07:00:00,451.32033333333334
2023-07-13 08:00:00,691.1536666666667
2023-07-13 09:00:00,980.1128333333334
2023-07-13 10:00:00,1181.3833333333334
2023-07-13 11:00:00,1316.7916666666667
2023-07-13 12:00:00,1328.445
2023-07-13 13:00:00,1277.1
2023-07-13 14:00:00,1144.905
2023-07-13 15:00:00,937.0013333333334
2023-07-13 16:00:00,598.4062666666667
2023-07-13 17:00:00,87.04826666666666
2023-07-13 18:00:00,47.80805
2023-07-13 19:00:00,18.676083333333334
2023-07-13 20:00:00,17.5204
2023-07-13 21:00:00,19.34995
2023-07-13 22:00:00,21.29481666666667
2023-07-13 23:00:00,23.114416666666667
2023-07-14 00:00:00,24.45895
2023-07-14 01:00:00,26.022616666666668
2023-07-14 02:00:00,28.1882
2023-07-14 03:00:00,28.910666666666668
2023-07-14 04:00:00,27.3067
2023-07-14 05:00:00,29.42805
2023-07-14 06:00:00,155.10576666666665
2023-07-14 07:00:00,404.31516666666664
2023-07-14 08:00:00,714.6661666666666
2023-07-14 09:00:00,884.8236666666667
2023-07-14 10:00:00,1211.2649999999999
2023-07-14 11:00:00,1291.49
2023-07-14 12:00:00,1328.9908333333333
2023-07-14 13:00:00,1185.6758333333335
2023-07-14 14:00:00,1142.933
2023-07-14 15:00:00,773.9158333333332
2023-07-14 16:00:00,594.1895000000001
2023-07-14 17:00:00,125.736
2023-07-14 18:00:00,80.28766666666667
2023-07-14 19:00:00,23.949166666666667
2023-07-14 20:00:00,22.203983333333333
2023-07-14 21:00:00,23.087233333333334
2023-07-14 22:00:00,25.436983333333334
2023-07-14 23:00:00,26.908666666666665
2023-07-15 00:00:00,27.977899999999998
2023-07-15 01:00:00,31.59955
2023-07-15 02:00:00,32.88158333333333
2023-07-15 03:00:00,35.13313333333333
2023-07-15 04:00:00,37.11253333333333
2023-07-15 05:00:00,40.144933333333334
2023-07-15 06:00:00,118.25478333333334
2023-07-15 07:00:00,390.2611666666666
2023-07-15 08:00:00,675.0536666666667
2023-07-15 09:00:00,855.664
2023-07-15 10:00:00,1169.6335
2023-07-15 11:00:00,1083.2013333333334
2023-07-15 12:00:00,1040.8718333333334
2023-07-15 13:00:00,1022.8533333333332
2023-07-15 14:00:00,928.2276666666668
2023-07-15 15:00:00,579.9164999999999
2023-07-15 16:00:00,547.5985000000001
2023-07-15 17:00:00,152.87711666666667
2023-07-15 18:00:00,26.782950000000003
2023-07-15 19:00:00,15.894883333333333
2023-07-15 20:00:00,16.20948333333333
2023-07-15 21:00:00,20.274933333333333
2023-07-15 22:00:00,24.569583333333334
2023-07-15 23:00:00,25.6811
2023-07-16 00:00:00,18.776283333333332
2023-07-16 01:00:00,19.503083333333333
2023-07-16 02:00:00,23.738733333333336
2023-07-16 03:00:00,28.08285
2023-07-16 04:00:00,28.4368
2023-07-16 05:00:00,32.90155
2023-07-16 06:00:00,178.83061666666666
2023-07-16 07:00:00,344.9245
2023-07-16 08:00:00,401.27066666666667
2023-07-16 09:00:00,620.004
2023-07-16 10:00:00,594.8446666666666
2023-07-16 11:00:00,672.1978333333334
2023-07-16 12:00:00,792.1726666666667
2023-07-16 13:00:00,802.6778333333333
2023-07-16 14:00:00,581.4843333333333
2023-07-16 15:00:00,459.8405
2023-07-16 16:00:00,285.37516666666664
2023-07-16 17:00:00,118.99408333333334
2023-07-16 18:00:00,54.12038333333333
2023-07-16 19:00:00,20.7427
2023-07-16 20:00:00,20.49031666666667
2023-07-16 21:00:00,20.97485
2023-07-16 22:00:00,22.005550000000003
2023-07-16 23:00:00,23.945116666666667
2023-07-17 00:00:00,24.99096666666667
2023-07-17 01:00:00,26.115116666666665
2023-07-17 02:00:00,27.2481
2023-07-17 03:00:00,28.368883333333333
2023-07-17 04:00:00,28.30225
2023-07-17 05:00:00,30.672883333333335
2023-07-17 06:00:00,52.67535
2023-07-17 07:00:00,71.2082
2023-07-17 08:00:00,117.43338333333332
2023-07-17 09:00:00,135.95013333333333
2023-07-17 10:00:00,196.27416666666667
2023-07-17 11:00:00,235.52866666666665
2023-07-17 12:00:00,154.66400000000002
2023-07-17 13:00:00,153.2932
2023-07-17 14:00:00,183.06633333333332
2023-07-17 15:00:00,227.18516666666667
2023-07-17 16:00:00,97.62916666666666
2023-07-17 17:00:00,55.53038333333333
2023-07-17 18:00:00,37.97291666666667
2023-07-17 19:00:00,29.956966666666666
2023-07-17 20:00:00,30.284433333333332
2023-07-17 21:00:00,31.0367
2023-07-17 22:00:00,30.744283333333332
2023-07-17 23:00:00,31.5091
2023-07-18 00:00:00,32.54281666666667
2023-07-18 01:00:00,30.648566666666667
2023-07-18 02:00:00,31.615033333333333
2023-07-18 03:00:00,31.619966666666667
2023-07-18 04:00:00,31.80775
2023-07-18 05:00:00,32.68628333333333
2023-07-18 06:00:00,46.27253333333333
2023-07-18 07:00:00,67.99551666666667
2023-07-18 08:00:00,112.14795000000001
2023-07-18 09:00:00,176.032
2023-07-18 10:00:00,239.811
2023-07-18 11:00:00,261.57283333333334
2023-07-18 12:00:00,353.60333333333335
2023-07-18 13:00:00,311.64616666666666
2023-07-18 14:00:00,260.9386666666667
2023-07-18 15:00:00,189.84
2023-07-18 16:00:00,145.31188333333333
2023-07-18 17:00:00,99.25019999999999
2023-07-18 18:00:00,60.066066666666664
2023-07-18 19:00:00,31.601233333333333
2023-07-18 20:00:00,30.24093333333333
2023-07-18 21:00:00,30.679666666666666
2023-07-18 22:00:00,31.242683333333332
2023-07-18 23:00:00,31.94715
2023-07-19 00:00:00,31.501766666666665
2023-07-19 01:00:00,30.433033333333334
2023-07-19 02:00:00,30.710916666666666
2023-07-19 03:00:00,31.04025
2023-07-19 04:00:00,31.040633333333336
2023-07-19 05:00:00,31.855483333333332
2023-07-19 06:00:00,53.73081666666667
2023-07-19 07:00:00,139.07928333333334
2023-07-19 08:00:00,268.5535
2023-07-19 09:00:00,287.07016666666664
2023-07-19 10:00:00,357.06034999999997
2023-07-19 11:00:00,360.5428333333333
2023-07-19 12:00:00,302.4355
2023-07-19 13:00:00,445.08
2023-07-19 14:00:00,499.48499999999996
2023-07-19 15:00:00,357.25766666666664
2023-07-19 16:00:00,280.63266666666664
2023-07-19 17:00:00,202.80866666666668
2023-07-19 18:00:00,82.51385
2023-07-19 19:00:00,32.03246666666667
2023-07-19 20:00:00,30.721316666666667
2023-07-19 21:00:00,30.76405
2023-07-19 22:00:00,31.28145
2023-07-19 23:00:00,31.310616666666665
2023-07-20 00:00:00,31.280133333333332
2023-07-20 01:00:00,30.99345
2023-07-20 02:00:00,31.253683333333335
2023-07-20 03:00:00,30.136016666666666
2023-07-20 04:00:00,31.52198333333333
2023-07-20 05:00:00,31.553416666666667
2023-07-20 06:00:00,80.41616666666667
2023-07-20 07:00:00,328.0838166666666
2023-07-20 08:00:00,569.2776666666667
2023-07-20 09:00:00,720.8126666666667
2023-07-20 10:00:00,1176.6188333333334
2023-07-20 11:00:00,982.489
2023-07-20 12:00:00,994.0768333333333
2023-07-20 13:00:00,832.24
2023-07-20 14:00:00,758.7243333333333
2023-07-20 15:00:00,678.9258333333333
2023-07-20 16:00:00,474.7864166666667
2023-07-20 17:00:00,168.40533333333332
2023-07-20 18:00:00,84.0593
2023-07-20 19:00:00,27.45565
2023-07-20 20:00:00,24.704166666666666
2023-07-20 21:00:00,25.456
2023-07-20 22:00:00,25.09955
2023-07-20 23:00:00,25.698050000000002
2023-07-21 00:00:00,26.513283333333334
2023-07-21 01:00:00,27.022816666666664
2023-07-21 02:00:00,27.325466666666667
2023-07-21 03:00:00,28.3221
2023-07-21 04:00:00,28.4246
2023-07-21 05:00:00,29.867483333333332
2023-07-21 06:00:00,101.92115
2023-07-21 07:00:00,420.7198333333333
2023-07-21 08:00:00,764.7786666666667
2023-07-21 09:00:00,1037.4286666666667
2023-07-21 10:00:00,1255.0216666666668
2023-07-21 11:00:00,1315.6383333333333
2023-07-21 12:00:00,1262.369
2023-07-21 13:00:00,1137.2071666666666
2023-07-21 14:00:00,839.26
2023-07-21 15:00:00,559.6898333333334
2023-07-21 16:00:00,399.2436666666666
2023-07-21 17:00:00,169.88816666666665
2023-07-21 18:00:00,52.58255
2023-07-21 19:00:00,20.544266666666665
2023-07-21 20:00:00,20.06795
2023-07-21 21:00:00,21.442116666666667
2023-07-21 22:00:00,22.796366666666664
2023-07-21 23:00:00,23.871933333333335
2023-07-22 00:00:00,25.205566666666666
2023-07-22 01:00:00,26.558083333333332
2023-07-22 02:00:00,26.990416666666665
2023-07-22 03:00:00,27.209883333333334
2023-07-22 04:00:00,27.4818
2023-07-22 05:00:00,29.075766666666667
2023-07-22 06:00:00,95.37185
2023-07-22 07:00:00,353.39599999999996
2023-07-22 08:00:00,702.6923333333333
2023-07-22 09:00:00,947.0506666666666
2023-07-22 10:00:00,1105.1358333333333
2023-07-22 11:00:00,1222.7225
2023-07-22 12:00:00,1217.7961666666667
2023-07-22 13:00:00,1251.2551666666666
2023-07-22 14:00:00,793.0066666666667
2023-07-22 15:00:00,860.1083333333333
2023-07-22 16:00:00,615.1305
2023-07-22 17:00:00,88.65093333333333
2023-07-22 18:00:00,40.70835
2023-07-22 19:00:00,18.59058333333333
2023-07-22 20:00:00,18.09123333333333
2023-07-22 21:00:00,19.964816666666664
2023-07-22 22:00:00,21.73421666666667
2023-07-22 23:00:00,23.358483333333332
2023-07-23 00:00:00,24.942433333333334
2023-07-23 01:00:00,26.06315
2023-07-23 02:00:00,27.166733333333333
2023-07-23 03:00:00,27.722133333333332
2023-07-23 04:00:00,27.965983333333334
2023-07-23 05:00:00,29.441183333333335
2023-07-23 06:00:00,68.42028333333333
2023-07-23 07:00:00,262.7015
2023-07-23 08:00:00,603.0195
2023-07-23 09:00:00,970.8548333333333
2023-07-23 10:00:00,1138.1100000000001
2023-07-23 11:00:00,1268.0931666666665
2023-07-23 12:00:00,1203.9285000000002
2023-07-23 13:00:00,1183.0501666666667
2023-07-23 14:00:00,1109.9866666666667
2023-07-23 15:00:00,778.1001666666667
2023-07-23 16:00:00,466.09666666666664
2023-07-23 17:00:00,210.73366666666666
2023-07-23 18:00:00,84.87485
2023-07-23 19:00:00,19.39721666666667
2023-07-23 20:00:00,17.888516666666664
2023-07-23 21:00:00,19.721733333333336
2023-07-23 22:00:00,21.482566666666667
2023-07-23 23:00:00,22.464850000000002
2023-07-24 00:00:00,23.9865
2023-07-24 01:00:00,25.557650000000002
2023-07-24 02:00:00,26.907416666666666
2023-07-24 03:00:00,28.7553
2023-07-24 04:00:00,29.010483333333333
2023-07-24 05:00:00,30.625466666666668
2023-07-24 06:00:00,156.85363333333333
2023-07-24 07:00:00,451.8163333333333
2023-07-24 08:00:00,756.608
2023-07-24 09:00:00,1048.8808333333334
2023-07-24 10:00:00,1175.07
2023-07-24 11:00:00,1302.3166666666666
2023-07-24 12:00:00,1325.9266666666667
2023-07-24 13:00:00,1290.9199999999998
2023-07-24 14:00:00,1135.8446666666669
2023-07-24 15:00:00,380.08638333333334
2023-07-24 16:00:00,165.8135
2023-07-24 17:00:00,85.78501666666666
2023-07-24 18:00:00,48.88256666666667
2023-07-24 19:00:00,20.83448333333333
2023-07-24 20:00:00,19.408450000000002
2023-07-24 21:00:00,20.877383333333334
2023-07-24 22:00:00,22.796416666666666
2023-07-24 23:00:00,23.74375
2023-07-25 00:00:00,26.010766666666665
2023-07-25 01:00:00,26.90675
2023-07-25 02:00:00,27.4056
2023-07-25 03:00:00,27.926783333333333
2023-07-25 04:00:00,29.038366666666665
2023-07-25 05:00:00,31.124716666666664
2023-07-25 06:00:00,143.70928333333333
2023-07-25 07:00:00,423.8045
2023-07-25 08:00:00,724.58
2023-07-25 09:00:00,1021.6808333333333
2023-07-25 10:00:00,1183.1461666666667
2023-07-25 11:00:00,1304.1100000000001
2023-07-25 12:00:00,1279.2463333333333
2023-07-25 13:00:00,962.908
2023-07-25 14:00:00,1094.7713333333334
2023-07-25 15:00:00,961.8951666666667
2023-07-25 16:00:00,633.7110833333334
2023-07-25 17:00:00,68.1623
2023-07-25 18:00:00,44.970616666666665
2023-07-25 19:00:00,20.122
2023-07-25 20:00:00,22.47155
2023-07-25 21:00:00,28.684083333333334
2023-07-25 22:00:00,31.64813333333333
2023-07-25 23:00:00,34.50625
2023-07-26 00:00:00,40.38563333333333
2023-07-26 01:00:00,31.782916666666665
2023-07-26 02:00:00,29.191399999999998
2023-07-26 03:00:00,28.700783333333334
2023-07-26 04:00:00,29.109266666666667
2023-07-26 05:00:00,30.2178
2023-07-26 06:00:00,117.52956666666667
2023-07-26 07:00:00,353.1881666666667
2023-07-26 08:00:00,635.2455000000001
2023-07-26 09:00:00,928.922
2023-07-26 10:00:00,976.4626666666667
2023-07-26 11:00:00,758.1885
2023-07-26 12:00:00,712.0305000000001
2023-07-26 13:00:00,998.4698333333333
2023-07-26 14:00:00,683.0238333333333
2023-07-26 15:00:00,839.118
2023-07-26 16:00:00,564.2911666666666
2023-07-26 17:00:00,145.05283333333333
2023-07-26 18:00:00,68.15235
2023-07-26 19:00:00,21.605183333333333
2023-07-26 20:00:00,20.482966666666666
2023-07-26 21:00:00,22.787683333333334
2023-07-26 22:00:00,30.858283333333336
2023-07-26 23:00:00,40.21295
2023-07-27 00:00:00,47.44598333333333
2023-07-27 01:00:00,50.66975
2023-07-27 02:00:00,53.7206
2023-07-27 03:00:00,56.67671666666667
2023-07-27 04:00:00,58.14575
2023-07-27 05:00:00,60.148516666666666
2023-07-27 06:00:00,174.20981666666665
2023-07-27 07:00:00,440.758
2023-07-27 08:00:00,727.1651666666666
2023-07-27 09:00:00,993.342
2023-07-27 10:00:00,1215.005
2023-07-27 11:00:00,1299.942
2023-07-27 12:00:00,1323.7516666666668
2023-07-27 13:00:00,983.3141666666667
2023-07-27 14:00:00,616.6838333333333
2023-07-27 15:00:00,297.144
2023-07-27 16:00:00,324.02483333333333
2023-07-27 17:00:00,116.78543333333333
2023-07-27 18:00:00,93.33343333333333
2023-07-27 19:00:00,22.0269
2023-07-27 20:00:00,15.564166666666667
2023-07-27 21:00:00,17.629483333333333
2023-07-27 22:00:00,20.162666666666667
2023-07-27 23:00:00,22.85715
2023-07-28 00:00:00,26.65015
2023-07-28 01:00:00,29.7327
2023-07-28 02:00:00,34.96243333333334
2023-07-28 03:00:00,40.19865
2023-07-28 04:00:00,46.78831666666667
2023-07-28 05:00:00,46.9711
2023-07-28 06:00:00,85.40826666666666
2023-07-28 07:00:00,270.97816666666665
2023-07-28 08:00:00,729.5368333333333
2023-07-28 09:00:00,826.8563333333333
2023-07-28 10:00:00,773.4491666666667
2023-07-28 11:00:00,588.76
2023-07-28 12:00:00,721.2270000000001
2023-07-28 13:00:00,768.5044999999999
2023-07-28 14:00:00,648.1854999999999
2023-07-28 15:00:00,434.3536666666667
2023-07-28 16:00:00,303.20283333333333
2023-07-28 17:00:00,193.40633333333332
2023-07-28 18:00:00,88.51451666666667
2023-07-28 19:00:00,31.693366666666666
2023-07-28 20:00:00,31.94745
2023-07-28 21:00:00,32.191633333333336
2023-07-28 22:00:00,34.64696666666667
2023-07-28 23:00:00,37.57005
2023-07-29 00:00:00,39.29083333333333
2023-07-29 01:00:00,40.37656666666667
2023-07-29 02:00:00,38.85905
2023-07-29 03:00:00,37.5416
2023-07-29 04:00:00,36.56695
2023-07-29 05:00:00,33.60855
2023-07-29 06:00:00,44.887233333333334
2023-07-29 07:00:00,89.26503333333334
2023-07-29 08:00:00,69.85031666666667
2023-07-29 09:00:00,48.700900000000004
2023-07-29 10:00:00,78.27018333333334
2023-07-29 11:00:00,178.215
2023-07-29 12:00:00,395.32866666666666
2023-07-29 13:00:00,752.679
2023-07-29 14:00:00,610.7058333333333
2023-07-29 15:00:00,425.98283333333336
2023-07-29 16:00:00,427.3508333333333
2023-07-29 17:00:00,186.91513333333333
2023-07-29 18:00:00,53.85375
2023-07-29 19:00:00,29.554
2023-07-29 20:00:00,28.90941666666667
2023-07-29 21:00:00,28.697499999999998
2023-07-29 22:00:00,29.187416666666664
2023-07-29 23:00:00,29.486816666666666
2023-07-30 00:00:00,29.518583333333332
2023-07-30 01:00:00,30.750049999999998
2023-07-30 02:00:00,31.689316666666667
2023-07-30 03:00:00,31.865716666666668
2023-07-30 04:00:00,32.7949
2023-07-30 05:00:00,34.37136666666667
2023-07-30 06:00:00,69.27318333333332
2023-07-30 07:00:00,199.9395166666667
2023-07-30 08:00:00,271.29266666666666
2023-07-30 09:00:00,545.9101851851852
2023-07-30 10:00:00,711.9651666666666
2023-07-30 11:00:00,448.9476666666667
2023-07-30 12:00:00,307.5678833333333
2023-07-30 13:00:00,379.9098333333333
2023-07-30 14:00:00,506.09599999999995
2023-07-30 15:00:00,168.50595
2023-07-30 16:00:00,139.20836666666668
2023-07-30 17:00:00,160.14916666666667
2023-07-30 18:00:00,70.57666666666667
2023-07-30 19:00:00,27.619916666666665
2023-07-30 20:00:00,27.805116666666667
2023-07-30 21:00:00,28.439866666666667
2023-07-30 22:00:00,28.540833333333335
2023-07-30 23:00:00,28.917716666666667
2023-07-31 00:00:00,27.860616666666665
2023-07-31 01:00:00,27.7176
2023-07-31 02:00:00,28.941016666666666
2023-07-31 03:00:00,28.976216666666666
2023-07-31 04:00:00,29.016816666666667
2023-07-31 05:00:00,29.88155
2023-07-31 06:00:00,66.74553333333333
2023-07-31 07:00:00,484.4823333333333
2023-07-31 08:00:00,654.1026666666668
2023-07-31 09:00:00,943.212
2023-07-31 10:00:00,1086.5596666666668
2023-07-31 11:00:00,1348.1503333333335
2023-07-31 12:00:00,1068.6941666666667
2023-07-31 13:00:00,1025.5686666666668
2023-07-31 14:00:00,536.0256666666667
2023-07-31 15:00:00,288.4433333333333
2023-07-31 16:00:00,144.84021666666666
2023-07-31 17:00:00,55.35453333333333
2023-07-31 18:00:00,35.69216666666667
2023-07-31 19:00:00,20.591066666666666
2023-07-31 20:00:00,21.378833333333333
2023-07-31 21:00:00,23.04211666666667
2023-07-31 22:00:00,25.04905
2023-07-31 23:00:00,26.664616666666667
2023-08-01 00:00:00,27.671016666666667
2023-08-01 01:00:00,28.17866666666667
2023-08-01 02:00:00,28.088616666666667
2023-08-01 03:00:00,28.484966666666665
2023-08-01 04:00:00,29.379066666666667
2023-08-01 05:00:00,30.55325
2023-08-01 06:00:00,126.1197
2023-08-01 07:00:00,392.585
2023-08-01 08:00:00,644.2648333333333
2023-08-01 09:00:00,917.3731666666666
2023-08-01 10:00:00,1079.0373333333332
2023-08-01 11:00:00,1341.6618333333333
2023-08-01 12:00:00,1122.6425000000002
2023-08-01 13:00:00,463.62333333333333
2023-08-01 14:00:00,521.1846666666667
2023-08-01 15:00:00,865.0068333333334
2023-08-01 16:00:00,615.5481666666667
2023-08-01 17:00:00,111.42139999999999
2023-08-01 18:00:00,47.4109
2023-08-01 19:00:00,18.39825
2023-08-01 20:00:00,18.66805
2023-08-01 21:00:00,19.85526666666667
2023-08-01 22:00:00,21.910833333333336
2023-08-01 23:00:00,23.243
2023-08-02 00:00:00,24.807016666666666
2023-08-02 01:00:00,26.374916666666664
2023-08-02 02:00:00,27.520966666666666
2023-08-02 03:00:00,29.00545
2023-08-02 04:00:00,29.756283333333332
2023-08-02 05:00:00,31.200116666666666
2023-08-02 06:00:00,107.99518333333334
2023-08-02 07:00:00,395.59583333333336
2023-08-02 08:00:00,694.9011666666667
2023-08-02 09:00:00,976.927
2023-08-02 10:00:00,1183.9366666666667
2023-08-02 11:00:00,1287.79
2023-08-02 12:00:00,1317.8300000000002
2023-08-02 13:00:00,1273.3833333333334
2023-08-02 14:00:00,1159.73
2023-08-02 15:00:00,888.0604999999999
2023-08-02 16:00:00,471.0883333333333
2023-08-02 17:00:00,79.61550000000001
2023-08-02 18:00:00,37.9126
2023-08-02 19:00:00,14.987433333333334
2023-08-02 20:00:00,15.113233333333334
2023-08-02 21:00:00,16.631883333333334
2023-08-02 22:00:00,18.43545
2023-08-02 23:00:00,20.367250000000002
2023-08-03 00:00:00,22.493916666666667
2023-08-03 01:00:00,23.391616666666668
2023-08-03 02:00:00,23.89108333333333
2023-08-03 03:00:00,25.752816666666668
2023-08-03 04:00:00,27.73835
2023-08-03 05:00:00,28.8714
2023-08-03 06:00:00,127.29293333333334
2023-08-03 07:00:00,392.94916666666666
2023-08-03 08:00:00,696.134
2023-08-03 09:00:00,970.5458333333333
2023-08-03 10:00:00,1178.7033333333334
2023-08-03 11:00:00,1281.3283333333334
2023-08-03 12:00:00,1330.5383333333334
2023-08-03 13:00:00,1269.1616666666666
2023-08-03 14:00:00,1135.6100000000001
2023-08-03 15:00:00,925.073
2023-08-03 16:00:00,644.689
2023-08-03 17:00:00,74.556
2023-08-03 18:00:00,37.6761
2023-08-03 19:00:00,16.065183333333334
2023-08-03 20:00:00,17.4108
2023-08-03 21:00:00,20.57473333333333
2023-08-03 22:00:00,23.26725
2023-08-03 23:00:00,26.267233333333333
2023-08-04 00:00:00,28.365833333333335
2023-08-04 01:00:00,31.341666666666665
2023-08-04 02:00:00,33.81981666666666
2023-08-04 03:00:00,30.96785
2023-08-04 04:00:00,26.79355
2023-08-04 05:00:00,29.406583333333334
2023-08-04 06:00:00,83.84201666666667
2023-08-04 07:00:00,164.94491666666667
2023-08-04 08:00:00,256.27433333333335
2023-08-04 09:00:00,701.205
2023-08-04 10:00:00,774.1361666666667
2023-08-04 11:00:00,913.6853333333333
2023-08-04 12:00:00,1115.0691666666667
2023-08-04 13:00:00,1179.5783333333334
2023-08-04 14:00:00,1087.8591666666666
2023-08-04 15:00:00,905.0725
2023-08-04 16:00:00,504.05533333333335
2023-08-04 17:00:00,205.79866666666666
2023-08-04 18:00:00,84.08655
2023-08-04 19:00:00,22.500583333333335
2023-08-04 20:00:00,23.343216666666667
2023-08-04 21:00:00,25.50068333333333
2023-08-04 22:00:00,28.264033333333334
2023-08-04 23:00:00,30.6056
2023-08-05 00:00:00,33.60705
2023-08-05 01:00:00,35.21828333333334
2023-08-05 02:00:00,37.34766666666667
2023-08-05 03:00:00,38.92321666666667
2023-08-05 04:00:00,40.05648333333333
2023-08-05 05:00:00,41.743066666666664
2023-08-05 06:00:00,132.7279
2023-08-05 07:00:00,234.422
2023-08-05 08:00:00,238.45905
2023-08-05 09:00:00,224.42433333333332
2023-08-05 10:00:00,627.0681666666666
2023-08-05 11:00:00,1394.9383333333333
2023-08-05 12:00:00,1374.4948333333334
2023-08-05 13:00:00,1156.1399999999999
2023-08-05 14:00:00,1113.6870000000001
2023-08-05 15:00:00,867.9068333333333
2023-08-05 16:00:00,657.4398333333334
2023-08-05 17:00:00,147.22965000000002
2023-08-05 18:00:00,61.646499999999996
2023-08-05 19:00:00,29.60526666666667
2023-08-05 20:00:00,30.022949999999998
2023-08-05 21:00:00,32.91673333333333
2023-08-05 22:00:00,35.86131666666667
2023-08-05 23:00:00,37.859249999999996
2023-08-06 00:00:00,39.54011666666667
2023-08-06 01:00:00,40.64295
2023-08-06 02:00:00,41.01728333333333
2023-08-06 03:00:00,41.7725
2023-08-06 04:00:00,42.13748333333333
2023-08-06 05:00:00,41.241200000000006
2023-08-06 06:00:00,137.7431
2023-08-06 07:00:00,320.108
2023-08-06 08:00:00,334.67516666666666
2023-08-06 09:00:00,214.0685
2023-08-06 10:00:00,849.1745
2023-08-06 11:00:00,890.3383333333334
2023-08-06 12:00:00,1236.0766666666668
2023-08-06 13:00:00,912.7745
2023-08-06 14:00:00,669.3688333333333
2023-08-06 15:00:00,722.3138333333334
2023-08-06 16:00:00,593.1800000000001
2023-08-06 17:00:00,119.73518333333332
2023-08-06 18:00:00,48.701283333333336
2023-08-06 19:00:00,30.831033333333334
2023-08-06 20:00:00,32.33341666666667
2023-08-06 21:00:00,34.67816666666667
2023-08-06 22:00:00,39.5334
2023-08-06 23:00:00,39.431466666666665
2023-08-07 00:00:00,40.56323333333333
2023-08-07 01:00:00,39.80676666666667
2023-08-07 02:00:00,38.96326666666666
2023-08-07 03:00:00,37.341766666666665
2023-08-07 04:00:00,37.43781666666667
2023-08-07 05:00:00,38.041716666666666
2023-08-07 06:00:00,65.71561666666666
2023-08-07 07:00:00,128.74856666666668
2023-08-07 08:00:00,144.60353333333333
2023-08-07 09:00:00,733.6593333333333
2023-08-07 10:00:00,455.3805
2023-08-07 11:00:00,593.0388333333334
2023-08-07 12:00:00,405.47266666666667
2023-08-07 13:00:00,470.64166666666665
2023-08-07 14:00:00,634.9123333333333
2023-08-07 15:00:00,937.3768333333334
2023-08-07 16:00:00,489.52883333333335
2023-08-07 17:00:00,111.78473333333334
2023-08-07 18:00:00,60.14201666666667
2023-08-07 19:00:00,30.545099999999998
2023-08-07 20:00:00,29.673783333333333
2023-08-07 21:00:00,32.3418
2023-08-07 22:00:00,36.133516666666665
2023-08-07 23:00:00,37.44773333333333
2023-08-08 00:00:00,36.102533333333334
2023-08-08 01:00:00,38.3849
2023-08-08 02:00:00,42.214166666666664
2023-08-08 03:00:00,44.08886666666667
2023-08-08 04:00:00,41.67391666666666
2023-08-08 05:00:00,40.67933333333333
2023-08-08 06:00:00,64.79848333333334
2023-08-08 07:00:00,146.92158333333333
2023-08-08 08:00:00,436.45250000000004
2023-08-08 09:00:00,692.6954999999999
2023-08-08 10:00:00,616.5183333333333
2023-08-08 11:00:00,355.0118333333333
2023-08-08 12:00:00,859.2098333333334
2023-08-08 13:00:00,1191.7641666666668
2023-08-08 14:00:00,1105.0459999999998
2023-08-08 15:00:00,561.0020000000001
2023-08-08 16:00:00,501.7223333333333
2023-08-08 17:00:00,114.10323333333334
2023-08-08 18:00:00,55.003883333333334
2023-08-08 19:00:00,30.40315
2023-08-08 20:00:00,29.397516666666668
2023-08-08 21:00:00,28.970483333333334
2023-08-08 22:00:00,30.638550000000002
2023-08-08 23:00:00,32.27761666666667
2023-08-09 00:00:00,32.11933333333334
2023-08-09 01:00:00,32.27856666666666
2023-08-09 02:00:00,32.437083333333334
2023-08-09 03:00:00,33.066316666666665
2023-08-09 04:00:00,32.51456666666667
2023-08-09 05:00:00,38.8264
2023-08-09 06:00:00,131.67598333333333
2023-08-09 07:00:00,264.8946666666667
2023-08-09 08:00:00,313.6625
2023-08-09 09:00:00,526.5968333333334
2023-08-09 10:00:00,350.74083333333334
2023-08-09 11:00:00,752.6991666666667
2023-08-09 12:00:00,957.1366666666667
2023-08-09 13:00:00,789.6458333333334
2023-08-09 14:00:00,1076.6191666666666
2023-08-09 15:00:00,881.171
2023-08-09 16:00:00,685.3138333333334
2023-08-09 17:00:00,135.69478333333333
2023-08-09 18:00:00,63.05153333333333
2023-08-09 19:00:00,30.555733333333333
2023-08-09 20:00:00,33.79115
2023-08-09 21:00:00,35.224333333333334
2023-08-09 22:00:00,35.48643333333334
2023-08-09 23:00:00,37.88078333333333
2023-08-10 00:00:00,39.80058333333333
2023-08-10 01:00:00,40.28393333333334
2023-08-10 02:00:00,40.27021666666667
2023-08-10 03:00:00,40.884350000000005
2023-08-10 04:00:00,40.01438333333333
2023-08-10 05:00:00,42.13845
2023-08-10 06:00:00,61.61918333333333
2023-08-10 07:00:00,120.5064
2023-08-10 08:00:00,222.23116666666667
2023-08-10 09:00:00,421.5305
2023-08-10 10:00:00,565.8461666666666
2023-08-10 11:00:00,282.0118333333333
2023-08-10 12:00:00,248.68693333333334
2023-08-10 13:00:00,65.66923333333334
2023-08-10 14:00:00,125.61283333333333
2023-08-10 15:00:00,170.79466666666667
2023-08-10 16:00:00,154.89883333333333
2023-08-10 17:00:00,193.53766666666667
2023-08-10 18:00:00,84.64166666666667
2023-08-10 19:00:00,37.261100000000006
2023-08-10 20:00:00,36.96818333333333
2023-08-10 21:00:00,43.616949999999996
2023-08-10 22:00:00,46.31598333333333
2023-08-10 23:00:00,44.80215
2023-08-11 00:00:00,42.61813333333334
2023-08-11 01:00:00,39.8275
2023-08-11 02:00:00,30.41048333333333
2023-08-11 03:00:00,31.28936666666667
2023-08-11 04:00:00,31.855866666666667
2023-08-11 05:00:00,31.87735
2023-08-11 06:00:00,64.79123333333334
2023-08-11 07:00:00,308.7656666666666
2023-08-11 08:00:00,342.22516666666667
2023-08-11 09:00:00,385.4985
2023-08-11 10:00:00,162.11566666666667
2023-08-11 11:00:00,179.37516666666667
2023-08-11 12:00:00,759.9461666666666
2023-08-11 13:00:00,1021.1995000000001
2023-08-11 14:00:00,793.6796666666667
2023-08-11 15:00:00,524.7433333333333
2023-08-11 16:00:00,402.125
2023-08-11 17:00:00,191.715
2023-08-11 18:00:00,64.07553333333334
2023-08-11 19:00:00,37.971000000000004
2023-08-11 20:00:00,38.4942
2023-08-11 21:00:00,37.76905
2023-08-11 22:00:00,38.21395
2023-08-11 23:00:00,35.1672
2023-08-12 00:00:00,33.29796666666667
2023-08-12 01:00:00,34.44558333333334
2023-08-12 02:00:00,31.0571
2023-08-12 03:00:00,30.757383333333333
2023-08-12 04:00:00,30.726383333333334
2023-08-12 05:00:00,31.55816666666667
2023-08-12 06:00:00,55.797983333333335
2023-08-12 07:00:00,154.00795000000002
2023-08-12 08:00:00,463.4993333333333
2023-08-12 09:00:00,876.7361666666667
2023-08-12 10:00:00,789.7613333333334
2023-08-12 11:00:00,891.7639999999999
2023-08-12 12:00:00,1124.8298333333332
2023-08-12 13:00:00,1088.8195
2023-08-12 14:00:00,773.1360000000001
2023-08-12 15:00:00,445.081
2023-08-12 16:00:00,589.5975
2023-08-12 17:00:00,164.77169999999998
2023-08-12 18:00:00,49.56831666666667
2023-08-12 19:00:00,24.30046666666667
2023-08-12 20:00:00,25.004833333333334
2023-08-12 21:00:00,26.342116666666666
2023-08-12 22:00:00,26.15315
2023-08-12 23:00:00,25.07925
2023-08-13 00:00:00,25.627966666666666
2023-08-13 01:00:00,27.904583333333335
2023-08-13 02:00:00,28.579283333333333
2023-08-13 03:00:00,29.348366666666667
2023-08-13 04:00:00,30.965066666666665
2023-08-13 05:00:00,32.02896666666667
2023-08-13 06:00:00,45.05856666666667
2023-08-13 07:00:00,195.3997
2023-08-13 08:00:00,410.99916666666667
2023-08-13 09:00:00,286.47695
2023-08-13 10:00:00,342.97561666666667
2023-08-13 11:00:00,957.1275
2023-08-13 12:00:00,715.6766666666666
2023-08-13 13:00:00,395.5133333333333
2023-08-13 14:00:00,291.569
2023-08-13 15:00:00,208.49366666666668
2023-08-13 16:00:00,146.04621666666665
2023-08-13 17:00:00,97.00245
2023-08-13 18:00:00,68.61408333333334
2023-08-13 19:00:00,29.720533333333332
2023-08-13 20:00:00,30.050416666666667
2023-08-13 21:00:00,30.937933333333334
2023-08-13 22:00:00,31.780166666666666
2023-08-13 23:00:00,31.290566666666667
2023-08-14 00:00:00,28.51406666666667
2023-08-14 01:00:00,29.177666666666667
2023-08-14 02:00:00,30.253833333333333
2023-08-14 03:00:00,29.395716666666665
2023-08-14 04:00:00,30.408433333333335
2023-08-14 05:00:00,31.17343333333333
2023-08-14 06:00:00,61.834266666666664
2023-08-14 07:00:00,128.43511666666666
2023-08-14 08:00:00,257.48383333333334
2023-08-14 09:00:00,402.8028333333333
2023-08-14 10:00:00,771.8568333333334
2023-08-14 11:00:00,416.6143333333333
2023-08-14 12:00:00,471.4476666666667
2023-08-14 13:00:00,648.2420000000001
2023-08-14 14:00:00,869.4915
2023-08-14 15:00:00,830.2893333333334
2023-08-14 16:00:00,544.551
2023-08-14 17:00:00,132.63338333333334
2023-08-14 18:00:00,60.83763333333333
2023-08-14 19:00:00,30.158450000000002
2023-08-14 20:00:00,28.583666666666666
2023-08-14 21:00:00,29.8899
2023-08-14 22:00:00,31.13791666666667
2023-08-14 23:00:00,27.5032
2023-08-15 00:00:00,28.37091666666667
2023-08-15 01:00:00,29.095766666666666
2023-08-15 02:00:00,30.777916666666666
2023-08-15 03:00:00,32.015766666666664
2023-08-15 04:00:00,33.20068333333333
2023-08-15 05:00:00,35.23185
2023-08-15 06:00:00,103.7552
2023-08-15 07:00:00,350.76
2023-08-15 08:00:00,657.0495
2023-08-15 09:00:00,970.5805
2023-08-15 10:00:00,1219.1143333333334
2023-08-15 11:00:00,989.3223333333333
2023-08-15 12:00:00,1010.7995
2023-08-15 13:00:00,1063.0221666666666
2023-08-15 14:00:00,600.598
2023-08-15 15:00:00,700.3136666666667
2023-08-15 16:00:00,527.5731666666667
2023-08-15 17:00:00,117.66521666666668
2023-08-15 18:00:00,37.762299999999996
2023-08-15 19:00:00,19.90263333333333
2023-08-15 20:00:00,20.152383333333333
2023-08-15 21:00:00,21.724316666666667
2023-08-15 22:00:00,24.08083333333333
2023-08-15 23:00:00,26.161866666666665
2023-08-16 00:00:00,28.582483333333336
2023-08-16 01:00:00,30.5505
2023-08-16 02:00:00,31.991433333333337
2023-08-16 03:00:00,32.19206666666666
2023-08-16 04:00:00,33.0114
2023-08-16 05:00:00,34.746766666666666
2023-08-16 06:00:00,93.99651666666666
2023-08-16 07:00:00,299.15866666666665
2023-08-16 08:00:00,568.9818333333334
2023-08-16 09:00:00,779.9014999999999
2023-08-16 10:00:00,973.4731666666667
2023-08-16 11:00:00,942.9826666666667
2023-08-16 12:00:00,981.5886666666667
2023-08-16 13:00:00,1032.8603333333333
2023-08-16 14:00:00,951.7014999999999
2023-08-16 15:00:00,915.5066666666667
2023-08-16 16:00:00,610.8373333333333
2023-08-16 17:00:00,197.50616666666667
2023-08-16 18:00:00,83.88271666666667
2023-08-16 19:00:00,21.1188
2023-08-16 20:00:00,22.328500000000002
2023-08-16 21:00:00,24.013283333333334
2023-08-16 22:00:00,25.801949999999998
2023-08-16 23:00:00,27.82375
2023-08-17 00:00:00,29.549316666666666
2023-08-17 01:00:00,32.759483333333336
2023-08-17 02:00:00,33.74366666666667
2023-08-17 03:00:00,34.58335
2023-08-17 04:00:00,36.57548333333333
2023-08-17 05:00:00,38.36613333333333
2023-08-17 06:00:00,112.10545
2023-08-17 07:00:00,374.2838333333333
2023-08-17 08:00:00,530.7596666666667
2023-08-17 09:00:00,707.8449999999999
2023-08-17 10:00:00,1031.6146666666666
2023-08-17 11:00:00,1099.3898333333334
2023-08-17 12:00:00,560.6278333333333
2023-08-17 13:00:00,89.35983333333334
2023-08-17 14:00:00,85.91096666666667
2023-08-17 15:00:00,182.418
2023-08-17 16:00:00,120.40256666666667
2023-08-17 17:00:00,71.29918333333333
2023-08-17 18:00:00,44.20173333333333
2023-08-17 19:00:00,31.696016666666665
2023-08-17 20:00:00,33.326633333333334
2023-08-17 21:00:00,32.831516666666666
2023-08-17 22:00:00,33.14828333333333
2023-08-17 23:00:00,34.3836
2023-08-18 00:00:00,36.55943333333333
2023-08-18 01:00:00,37.5594
2023-08-18 02:00:00,38.797783333333335
2023-08-18 03:00:00,38.773983333333334
2023-08-18 04:00:00,38.97703333333333
2023-08-18 05:00:00,39.301
2023-08-18 06:00:00,77.41993333333333
2023-08-18 07:00:00,304.7375
2023-08-18 08:00:00,560.2483333333333
2023-08-18 09:00:00,491.104
2023-08-18 10:00:00,206.1859333333333
2023-08-18 11:00:00,41.335166666666666
2023-08-18 12:00:00,95.31998333333333
2023-08-18 13:00:00,276.4995
2023-08-18 14:00:00,425.11266666666666
2023-08-18 15:00:00,445.65766666666667
2023-08-18 16:00:00,287.5715
2023-08-18 17:00:00,148.92961666666667
2023-08-18 18:00:00,81.10006666666666
2023-08-18 19:00:00,31.37206666666667
2023-08-18 20:00:00,29.795599999999997
2023-08-18 21:00:00,29.025199999999998
2023-08-18 22:00:00,30.1531
2023-08-18 23:00:00,30.113466666666667
2023-08-19 00:00:00,30.621683333333333
2023-08-19 01:00:00,30.57645
2023-08-19 02:00:00,31.373766666666665
2023-08-19 03:00:00,31.544983333333334
2023-08-19 04:00:00,33.13095
2023-08-19 05:00:00,32.78515
2023-08-19 06:00:00,60.61
2023-08-19 07:00:00,203.33975
2023-08-19 08:00:00,478.87
2023-08-19 09:00:00,643.7919999999999
2023-08-19 10:00:00,236.64166666666668
2023-08-19 11:00:00,392.3491666666667
2023-08-19 12:00:00,484.9683333333333
2023-08-19 13:00:00,191.196
2023-08-19 14:00:00,242.54966666666667
2023-08-19 15:00:00,411.85883333333334
2023-08-19 16:00:00,583.5423333333333
2023-08-19 17:00:00,190.30433333333335
2023-08-19 18:00:00,82.58383333333333
2023-08-19 19:00:00,38.78991666666666
2023-08-19 20:00:00,34.8705
2023-08-19 21:00:00,32.23031666666667
2023-08-19 22:00:00,31.761116666666666
2023-08-19 23:00:00,31.840633333333336
2023-08-20 00:00:00,31.363766666666667
2023-08-20 01:00:00,30.4729
2023-08-20 02:00:00,31.245166666666666
2023-08-20 03:00:00,31.966416666666667
2023-08-20 04:00:00,31.05845
2023-08-20 05:00:00,30.912666666666667
2023-08-20 06:00:00,43.319833333333335
2023-08-20 07:00:00,76.05138333333333
2023-08-20 08:00:00,643.3481666666667
2023-08-20 09:00:00,1029.0351666666668
2023-08-20 10:00:00,780.6201666666667
2023-08-20 11:00:00,453.1958333333333
2023-08-20 12:00:00,598.8366666666666
2023-08-20 13:00:00,550.2328333333334
2023-08-20 14:00:00,446.10566666666665
2023-08-20 15:00:00,380.3041666666667
2023-08-20 16:00:00,261.7715
2023-08-20 17:00:00,113.96683333333334
2023-08-20 18:00:00,43.84431666666667
2023-08-20 19:00:00,21.124683333333333
2023-08-20 20:00:00,21.853116666666665
2023-08-20 21:00:00,22.469866666666668
2023-08-20 22:00:00,23.170016666666665
2023-08-20 23:00:00,22.2788
2023-08-21 00:00:00,23.110166666666665
2023-08-21 01:00:00,24.939233333333334
2023-08-21 02:00:00,26.58373333333333
2023-08-21 03:00:00,27.431183333333333
2023-08-21 04:00:00,28.26155
2023-08-21 05:00:00,28.686883333333334
2023-08-21 06:00:00,66.06005
2023-08-21 07:00:00,287.9064833333333
2023-08-21 08:00:00,434.8743333333333
2023-08-21 09:00:00,516.8221666666667
2023-08-21 10:00:00,828.2038333333334
2023-08-21 11:00:00,312.37983333333335
2023-08-21 12:00:00,792.175
2023-08-21 13:00:00,446.88883333333337
2023-08-21 14:00:00,361.99016666666665
2023-08-21 15:00:00,652.325
2023-08-21 16:00:00,286.66200000000003
2023-08-21 17:00:00,76.29173333333333
2023-08-21 18:00:00,29.184383333333336
2023-08-21 19:00:00,18.789533333333335
2023-08-21 20:00:00,19.957083333333333
2023-08-21 21:00:00,20.47988333333333
2023-08-21 22:00:00,22.172250000000002
2023-08-21 23:00:00,23.164033333333332
2023-08-22 00:00:00,23.980866666666667
2023-08-22 01:00:00,24.68375
2023-08-22 02:00:00,25.6811
2023-08-22 03:00:00,26.349833333333333
2023-08-22 04:00:00,26.963116666666668
2023-08-22 05:00:00,28.032683333333335
2023-08-22 06:00:00,74.24695
2023-08-22 07:00:00,401.134
2023-08-22 08:00:00,521.7956666666666
2023-08-22 09:00:00,942.3985
2023-08-22 10:00:00,1248.3283333333334
2023-08-22 11:00:00,983.5823333333334
2023-08-22 12:00:00,747.5705
2023-08-22 13:00:00,658.4408333333333
2023-08-22 14:00:00,880.1281666666667
2023-08-22 15:00:00,706.5403333333333
2023-08-22 16:00:00,160.59650000000002
2023-08-22 17:00:00,91.73438333333334
2023-08-22 18:00:00,32.06985
2023-08-22 19:00:00,17.0861
2023-08-22 20:00:00,18.359933333333334
2023-08-22 21:00:00,19.723983333333333
2023-08-22 22:00:00,21.047266666666665
2023-08-22 23:00:00,22.429283333333334
2023-08-23 00:00:00,24.056483333333333
2023-08-23 01:00:00,25.290666666666667
2023-08-23 02:00:00,26.482950000000002
2023-08-23 03:00:00,27.474749999999997
2023-08-23 04:00:00,27.93255
2023-08-23 05:00:00,28.061966666666667
2023-08-23 06:00:00,56.98773333333334
2023-08-23 07:00:00,98.96151666666667
2023-08-23 08:00:00,375.28499999999997
2023-08-23 09:00:00,1080.0113333333334
2023-08-23 10:00:00,1076.0938333333334
2023-08-23 11:00:00,1282.8688333333334
2023-08-23 12:00:00,1291.9379999999999
2023-08-23 13:00:00,1183.9735
2023-08-23 14:00:00,651.8386666666667
2023-08-23 15:00:00,657.3981666666666
2023-08-23 16:00:00,359.3353333333333
2023-08-23 17:00:00,137.24533333333332
2023-08-23 18:00:00,37.649166666666666
2023-08-23 19:00:00,17.631533333333334
2023-08-23 20:00:00,18.983116666666668
2023-08-23 21:00:00,20.78825
2023-08-23 22:00:00,21.787033333333333
2023-08-23 23:00:00,22.8442
2023-08-24 00:00:00,24.511783333333334
2023-08-24 01:00:00,26.08196666666667
2023-08-24 02:00:00,27.8928
2023-08-24 03:00:00,27.94255
2023-08-24 04:00:00,27.538866666666664
2023-08-24 05:00:00,27.424416666666666
2023-08-24 06:00:00,32.05016666666667
2023-08-24 07:00:00,43.86286666666667
2023-08-24 08:00:00,83.49116666666667
2023-08-24 09:00:00,204.36643333333333
2023-08-24 10:00:00,293.7175
2023-08-24 11:00:00,900.7125
2023-08-24 12:00:00,950.5995
2023-08-24 13:00:00,934.6736666666667
2023-08-24 14:00:00,641.3696666666667
2023-08-24 15:00:00,332.996
2023-08-24 16:00:00,259.21116666666666
2023-08-24 17:00:00,154.37111666666667
2023-08-24 18:00:00,39.49421666666667
2023-08-24 19:00:00,23.87316666666667
2023-08-24 20:00:00,24.921633333333332
2023-08-24 21:00:00,26.744866666666667
2023-08-24 22:00:00,27.190350000000002
2023-08-24 23:00:00,27.521183333333333
2023-08-25 00:00:00,28.334
2023-08-25 01:00:00,29.133066666666664
2023-08-25 02:00:00,29.066566666666667
2023-08-25 03:00:00,29.35888333333333
2023-08-25 04:00:00,29.415466666666667
2023-08-25 05:00:00,29.903333333333332
2023-08-25 06:00:00,88.99260000000001
2023-08-25 07:00:00,325.85273333333333
2023-08-25 08:00:00,685.1331666666666
2023-08-25 09:00:00,978.5888333333334
2023-08-25 10:00:00,1163.0356666666667
2023-08-25 11:00:00,1068.1006666666667
2023-08-25 12:00:00,1068.4123333333332
2023-08-25 13:00:00,365.76483333333334
2023-08-25 14:00:00,99.18013333333333
2023-08-25 15:00:00,138.35333333333335
2023-08-25 16:00:00,133.54016666666666
2023-08-25 17:00:00,115.18771666666666
2023-08-25 18:00:00,37.125883333333334
2023-08-25 19:00:00,16.8069
2023-08-25 20:00:00,18.1038
2023-08-25 21:00:00,19.5761
2023-08-25 22:00:00,20.906583333333334
2023-08-25 23:00:00,22.356266666666667
2023-08-26 00:00:00,24.747883333333334
2023-08-26 01:00:00,26.740516666666668
2023-08-26 02:00:00,27.104766666666666
2023-08-26 03:00:00,27.138016666666665
2023-08-26 04:00:00,27.72641666666667
2023-08-26 05:00:00,28.37995
2023-08-26 06:00:00,69.3643
2023-08-26 07:00:00,397.8146666666667
2023-08-26 08:00:00,271.42066666666665
2023-08-26 09:00:00,457.94300000000004
2023-08-26 10:00:00,649.2688333333333
2023-08-26 11:00:00,456.50316666666663
2023-08-26 12:00:00,696.4146666666667
2023-08-26 13:00:00,668.4528333333333
2023-08-26 14:00:00,443.3463333333333
2023-08-26 15:00:00,179.09416666666667
2023-08-26 16:00:00,142.54443333333333
2023-08-26 17:00:00,68.38978333333333
2023-08-26 18:00:00,25.077816666666667
2023-08-26 19:00:00,22.631466666666665
2023-08-26 20:00:00,23.42141666666667
2023-08-26 21:00:00,25.122433333333333
2023-08-26 22:00:00,27.184849999999997
2023-08-26 23:00:00,27.623216666666668
2023-08-27 00:00:00,28.2207
2023-08-27 01:00:00,28.973966666666666
2023-08-27 02:00:00,29.691466666666667
2023-08-27 03:00:00,29.53983333333333
2023-08-27 04:00:00,30.186083333333332
2023-08-27 05:00:00,31.191216666666666
2023-08-27 06:00:00,41.377766666666666
2023-08-27 07:00:00,63.61848333333333
2023-08-27 08:00:00,164.176
2023-08-27 09:00:00,217.84949999999998
2023-08-27 10:00:00,293.81800000000004
2023-08-27 11:00:00,493.0516666666666
2023-08-27 12:00:00,517.3558333333333
2023-08-27 13:00:00,445.2838333333333
2023-08-27 14:00:00,594.2381666666666
2023-08-27 15:00:00,390.4306666666667
2023-08-27 16:00:00,269.09166666666664
2023-08-27 17:00:00,127.05836666666666
2023-08-27 18:00:00,35.577933333333334
2023-08-27 19:00:00,27.34286666666667
2023-08-27 20:00:00,27.249416666666665
2023-08-27 21:00:00,27.63745
2023-08-27 22:00:00,28.658783333333336
2023-08-27 23:00:00,29.268466666666665
2023-08-28 00:00:00,29.969883333333332
2023-08-28 01:00:00,30.172266666666665
2023-08-28 02:00:00,30.341616666666667
2023-08-28 03:00:00,30.986233333333335
2023-08-28 04:00:00,30.777866666666668
2023-08-28 05:00:00,32.11756666666667
2023-08-28 06:00:00,98.58316666666666
2023-08-28 07:00:00,256.49233333333336
2023-08-28 08:00:00,427.48400000000004
2023-08-28 09:00:00,704.7819999999999
2023-08-28 10:00:00,498.9855
2023-08-28 11:00:00,622.8938333333333
2023-08-28 12:00:00,598.1398333333333
2023-08-28 13:00:00,690.4051666666667
2023-08-28 14:00:00,806.2041666666667
2023-08-28 15:00:00,449.37233333333336
2023-08-28 16:00:00,182.81033333333335
2023-08-28 17:00:00,99.83401666666667
2023-08-28 18:00:00,33.3457
2023-08-28 19:00:00,19.844066666666667
2023-08-28 20:00:00,21.26516666666667
2023-08-28 21:00:00,22.30905
2023-08-28 22:00:00,23.615383333333334
2023-08-28 23:00:00,25.39535
2023-08-29 00:00:00,27.093316666666666
2023-08-29 01:00:00,28.383666666666667
2023-08-29 02:00:00,27.3274
2023-08-29 03:00:00,28.4374
2023-08-29 04:00:00,29.156566666666667
2023-08-29 05:00:00,30.64176666666667
2023-08-29 06:00:00,79.36321666666666
2023-08-29 07:00:00,336.64833333333337
2023-08-29 08:00:00,398.41083333333336
2023-08-29 09:00:00,543.4064999999999
2023-08-29 10:00:00,837.0966666666667
2023-08-29 11:00:00,1160.9408333333333
2023-08-29 12:00:00,1309.4550000000002
2023-08-29 13:00:00,1275.6833333333334
2023-08-29 14:00:00,544.2913333333333
2023-08-29 15:00:00,117.3023
2023-08-29 16:00:00,132.13328333333334
2023-08-29 17:00:00,108.21473333333333
2023-08-29 18:00:00,31.809116666666668
2023-08-29 19:00:00,18.94995
2023-08-29 20:00:00,20.57595
2023-08-29 21:00:00,21.947850000000003
2023-08-29 22:00:00,24.4502
2023-08-29 23:00:00,25.944733333333332
2023-08-30 00:00:00,26.457616666666663
2023-08-30 01:00:00,29.1754
2023-08-30 02:00:00,32.56085
2023-08-30 03:00:00,35.02916666666667
2023-08-30 04:00:00,36.636516666666665
2023-08-30 05:00:00,34.80671666666667
2023-08-30 06:00:00,117.85688333333333
2023-08-30 07:00:00,233.42000000000002
2023-08-30 08:00:00,491.9098333333333
2023-08-30 09:00:00,975.2903333333333
2023-08-30 10:00:00,1101.0043333333333
2023-08-30 11:00:00,1161.4913333333332
2023-08-30 12:00:00,1321.6966666666667
2023-08-30 13:00:00,1251.2083333333333
2023-08-30 14:00:00,1035.6895
2023-08-30 15:00:00,747.9178333333333
2023-08-30 16:00:00,380.8711666666667
2023-08-30 17:00:00,175.69796666666667
2023-08-30 18:00:00,35.09841666666667
2023-08-30 19:00:00,14.79835
2023-08-30 20:00:00,16.7613
2023-08-30 21:00:00,19.043999999999997
2023-08-30 22:00:00,22.088433333333334
2023-08-30 23:00:00,24.668616666666665
2023-08-31 00:00:00,27.5891
2023-08-31 01:00:00,30.071066666666663
2023-08-31 02:00:00,33.13388333333333
2023-08-31 03:00:00,36.94408333333333
2023-08-31 04:00:00,37.22173333333333
2023-08-31 05:00:00,41.02935
2023-08-31 06:00:00,77.64198333333334
2023-08-31 07:00:00,213.27100000000002
2023-08-31 08:00:00,278.75316666666663
2023-08-31 09:00:00,370.20533333333333
2023-08-31 10:00:00,423.585
2023-08-31 11:00:00,836.5755
2023-08-31 12:00:00,980.0363333333333
2023-08-31 13:00:00,1058.4818333333335
2023-08-31 14:00:00,790.5005
2023-08-31 15:00:00,516.0466666666666
2023-08-31 16:00:00,294.353
2023-08-31 17:00:00,94.63921666666667
2023-08-31 18:00:00,54.37886666666667
2023-08-31 19:00:00,34.110816666666665
2023-08-31 20:00:00,28.80548333333333
2023-08-31 21:00:00,30.88158333333333
2023-08-31 22:00:00,35.33251666666667
2023-08-31 23:00:00,36.72701666666667
2023-09-01 00:00:00,38.817750000000004
2023-09-01 01:00:00,42.06265
2023-09-01 02:00:00,42.3138
2023-09-01 03:00:00,43.076966666666664
2023-09-01 04:00:00,44.971199999999996
2023-09-01 05:00:00,47.00776666666666
2023-09-01 06:00:00,61.32686666666667
2023-09-01 07:00:00,111.09251666666667
2023-09-01 08:00:00,136.406
2023-09-01 09:00:00,171.56083333333333
2023-09-01 10:00:00,275.46500000000003
2023-09-01 11:00:00,209.855
2023-09-01 12:00:00,136.89170000000001
2023-09-01 13:00:00,84.5392
2023-09-01 14:00:00,87.92573333333333
2023-09-01 15:00:00,83.48078333333333
2023-09-01 16:00:00,55.778283333333334
2023-09-01 17:00:00,39.54205
2023-09-01 18:00:00,30.339133333333333
2023-09-01 19:00:00,28.237416666666668
2023-09-01 20:00:00,27.759033333333335
2023-09-01 21:00:00,28.139366666666668
2023-09-01 22:00:00,28.09173333333333
2023-09-01 23:00:00,28.60785
2023-09-02 00:00:00,28.6542
2023-09-02 01:00:00,28.842
2023-09-02 02:00:00,29.95293333333333
2023-09-02 03:00:00,29.033416666666664
2023-09-02 04:00:00,29.262983333333334
2023-09-02 05:00:00,29.45785
2023-09-02 06:00:00,33.05415
2023-09-02 07:00:00,47.61678333333334
2023-09-02 08:00:00,57.78523333333333
2023-09-02 09:00:00,69.72378333333333
2023-09-02 10:00:00,94.03355
2023-09-02 11:00:00,86.30796666666667
2023-09-02 12:00:00,98.20746666666668
2023-09-02 13:00:00,84.11323333333333
2023-09-02 14:00:00,74.50163333333333
2023-09-02 15:00:00,60.6888
2023-09-02 16:00:00,52.35958333333333
2023-09-02 17:00:00,38.04203333333333
2023-09-02 18:00:00,32.88068333333334
2023-09-02 19:00:00,32.92245
2023-09-02 20:00:00,32.0902
2023-09-02 21:00:00,33.4086
2023-09-02 22:00:00,35.049816666666665
2023-09-02 23:00:00,34.89135
2023-09-03 00:00:00,33.934266666666666
2023-09-03 01:00:00,33.404133333333334
2023-09-03 02:00:00,33.20928333333333
2023-09-03 03:00:00,33.36858333333333
2023-09-03 04:00:00,33.15875
2023-09-03 05:00:00,32.48951666666667
2023-09-03 06:00:00,36.65288333333333
2023-09-03 07:00:00,90.43125
2023-09-03 08:00:00,518.3206666666667
2023-09-03 09:00:00,903.2415
2023-09-03 10:00:00,1031.9568333333332
2023-09-03 11:00:00,1270.7016666666668
2023-09-03 12:00:00,1332.5600000000002
2023-09-03 13:00:00,1134.8725000000002
2023-09-03 14:00:00,1131.4951666666668
2023-09-03 15:00:00,886.3606666666667
2023-09-03 16:00:00,419.16966666666667
2023-09-03 17:00:00,144.7545
2023-09-03 18:00:00,29.654999999999998
2023-09-03 19:00:00,13.788983333333334
2023-09-03 20:00:00,16.461533333333332
2023-09-03 21:00:00,21.728833333333334
2023-09-03 22:00:00,25.516650000000002
2023-09-03 23:00:00,30.359166666666667
2023-09-04 00:00:00,33.306200000000004
2023-09-04 01:00:00,35.90781666666667
2023-09-04 02:00:00,38.488483333333335
2023-09-04 03:00:00,43.866949999999996
2023-09-04 04:00:00,47.91545
2023-09-04 05:00:00,48.10988333333333
2023-09-04 06:00:00,78.85633333333334
2023-09-04 07:00:00,298.76733333333334
2023-09-04 08:00:00,522.5903333333333
2023-09-04 09:00:00,700.0391666666667
2023-09-04 10:00:00,997.2996666666667
2023-09-04 11:00:00,1159.181
2023-09-04 12:00:00,904.4406666666667
2023-09-04 13:00:00,735.1451666666667
2023-09-04 14:00:00,677.6205000000001
2023-09-04 15:00:00,384.15916666666664
2023-09-04 16:00:00,433.79466666666667
2023-09-04 17:00:00,143.63216666666668
2023-09-04 18:00:00,51.08123333333333
2023-09-04 19:00:00,25.062183333333333
2023-09-04 20:00:00,27.31318333333333
2023-09-04 21:00:00,32.992266666666666
2023-09-04 22:00:00,37.33218333333333
2023-09-04 23:00:00,41.50376666666667
2023-09-05 00:00:00,45.46525
2023-09-05 01:00:00,49.443216666666665
2023-09-05 02:00:00,51.382083333333334
2023-09-05 03:00:00,52.46003333333333
2023-09-05 04:00:00,59.03138333333333
2023-09-05 05:00:00,63.649433333333334
2023-09-05 06:00:00,92.53386666666667
2023-09-05 07:00:00,158.73733333333334
2023-09-05 08:00:00,263.83616666666666
2023-09-05 09:00:00,324.72450000000003
2023-09-05 10:00:00,389.21416666666664
2023-09-05 11:00:00,398.0106666666667
2023-09-05 12:00:00,446.9765
2023-09-05 13:00:00,460.8215
2023-09-05 14:00:00,451.7425
2023-09-05 15:00:00,420.9008333333333
2023-09-05 16:00:00,200.83783333333335
2023-09-05 17:00:00,101.48219999999999
2023-09-05 18:00:00,73.99171666666666
2023-09-05 19:00:00,58.564816666666665
2023-09-05 20:00:00,61.543283333333335
2023-09-05 21:00:00,64.41331666666666
2023-09-05 22:00:00,65.42431666666667
2023-09-05 23:00:00,65.1995
2023-09-06 00:00:00,65.73696666666666
2023-09-06 01:00:00,61.22881666666667
2023-09-06 02:00:00,61.93373333333333
2023-09-06 03:00:00,62.3643
2023-09-06 04:00:00,64.08601666666667
2023-09-06 05:00:00,67.02755
2023-09-06 06:00:00,92.67734999999999
2023-09-06 07:00:00,225.92016666666666
2023-09-06 08:00:00,385.6471666666667
2023-09-06 09:00:00,629.9336666666666
2023-09-06 10:00:00,825.9435
2023-09-06 11:00:00,530.5408333333334
2023-09-06 12:00:00,283.40700000000004
2023-09-06 13:00:00,572.6963333333333
2023-09-06 14:00:00,504.5006666666667
2023-09-06 15:00:00,565.4738333333333
2023-09-06 16:00:00,329.0491666666667
2023-09-06 17:00:00,139.61613333333335
2023-09-06 18:00:00,52.67255
2023-09-06 19:00:00,24.402333333333335
2023-09-06 20:00:00,24.273383333333335
2023-09-06 21:00:00,24.34626666666667
2023-09-06 22:00:00,24.58245
2023-09-06 23:00:00,24.785466666666665
2023-09-07 00:00:00,24.496783333333333
2023-09-07 01:00:00,24.418799999999997
2023-09-07 02:00:00,27.8843
2023-09-07 03:00:00,27.474833333333333
2023-09-07 04:00:00,28.722433333333335
2023-09-07 05:00:00,27.9113
2023-09-07 06:00:00,35.329100000000004
2023-09-07 07:00:00,65.3121
2023-09-07 08:00:00,90.96333333333334
2023-09-07 09:00:00,169.50529999999998
2023-09-07 10:00:00,217.48816666666667
2023-09-07 11:00:00,299.0428333333333
2023-09-07 12:00:00,481.83866666666665
2023-09-07 13:00:00,567.6558333333334
2023-09-07 14:00:00,585.2981666666667
2023-09-07 15:00:00,185.16233333333332
2023-09-07 16:00:00,93.80153333333332
2023-09-07 17:00:00,41.37838333333333
2023-09-07 18:00:00,26.959366666666664
2023-09-07 19:00:00,25.260183333333334
2023-09-07 20:00:00,25.6213
2023-09-07 21:00:00,24.534316666666665
2023-09-07 22:00:00,24.8047
2023-09-07 23:00:00,24.749666666666666
2023-09-08 00:00:00,24.858483333333332
2023-09-08 01:00:00,24.798516666666668
2023-09-08 02:00:00,25.74595
2023-09-08 03:00:00,26.25773333333333
2023-09-08 04:00:00,26.386183333333335
2023-09-08 05:00:00,26.3476
2023-09-08 06:00:00,26.7896
2023-09-08 07:00:00,27.845483333333334
2023-09-08 08:00:00,30.368316666666665
2023-09-08 09:00:00,34.06998333333333
2023-09-08 10:00:00,38.543416666666666
2023-09-08 11:00:00,45.6203
2023-09-08 12:00:00,70.91756666666667
2023-09-08 13:00:00,99.61038333333333
2023-09-08 14:00:00,73.94453333333333
2023-09-08 15:00:00,101.50921666666666
2023-09-08 16:00:00,85.25278333333334
2023-09-08 17:00:00,57.38736666666667
2023-09-08 18:00:00,36.75756666666667
2023-09-08 19:00:00,34.68306666666667
2023-09-08 20:00:00,33.82836666666667
2023-09-08 21:00:00,33.19193333333333
2023-09-08 22:00:00,32.75761666666667
2023-09-08 23:00:00,33.14315
2023-09-09 00:00:00,32.95545
2023-09-09 01:00:00,32.598283333333335
2023-09-09 02:00:00,32.020833333333336
2023-09-09 03:00:00,31.875433333333334
2023-09-09 04:00:00,31.17256666666667
2023-09-09 05:00:00,33.97261666666667
2023-09-09 06:00:00,54.09836666666667
2023-09-09 07:00:00,130.40451666666667
2023-09-09 08:00:00,135.27286666666666
2023-09-09 09:00:00,94.92781666666666
2023-09-09 10:00:00,98.76313333333334
2023-09-09 11:00:00,224.9885
2023-09-09 12:00:00,155.91251666666668
2023-09-09 13:00:00,108.91003333333333
2023-09-09 14:00:00,70.80531666666667
2023-09-09 15:00:00,99.70835000000001
2023-09-09 16:00:00,92.5662
2023-09-09 17:00:00,51.52081666666666
2023-09-09 18:00:00,31.325233333333333
2023-09-09 19:00:00,29.170399999999997
2023-09-09 20:00:00,29.032300000000003
2023-09-09 21:00:00,29.13385
2023-09-09 22:00:00,29.173816666666667
2023-09-09 23:00:00,28.942233333333334
2023-09-10 00:00:00,29.10575
2023-09-10 01:00:00,28.90673333333333
2023-09-10 02:00:00,28.949883333333332
2023-09-10 03:00:00,30.351733333333335
2023-09-10 04:00:00,28.910816666666665
2023-09-10 05:00:00,29.560833333333335
2023-09-10 06:00:00,31.524448275862067
2023-09-14 09:00:00,53.042944444444444
2023-09-14 10:00:00,50.158116666666665
2023-09-14 11:00:00,52.87585
2023-09-14 12:00:00,85.86370000000001
2023-09-14 13:00:00,119.97506666666666
2023-09-14 14:00:00,206.06583333333336
2023-09-14 15:00:00,168.18458333333334
2023-09-14 16:00:00,179.35604999999998
2023-09-14 17:00:00,50.6683
2023-09-14 18:00:00,20.214133333333333
2023-09-14 19:00:00,18.356066666666667
2023-09-14 20:00:00,17.2702
2023-09-14 21:00:00,16.593116666666667
2023-09-14 22:00:00,17.46765
2023-09-14 23:00:00,18.633966666666666
2023-09-15 00:00:00,19.783966666666668
2023-09-15 01:00:00,19.749000000000002
2023-09-15 02:00:00,19.871766666666666
2023-09-15 03:00:00,21.660183333333332
2023-09-15 04:00:00,23.524083333333333
2023-09-15 05:00:00,23.768583333333332
2023-09-15 06:00:00,31.392433333333333
2023-09-15 07:00:00,104.05919999999999
2023-09-15 08:00:00,254.43416666666664
2023-09-15 09:00:00,658.0673333333333
2023-09-15 10:00:00,704.141
2023-09-15 11:00:00,446.2448333333333
2023-09-15 12:00:00,846.4483333333334
2023-09-15 13:00:00,566.9551666666666
2023-09-15 14:00:00,153.47978333333333
2023-09-15 15:00:00,77.39778333333334
2023-09-15 16:00:00,52.12928333333333
2023-09-15 17:00:00,35.90135
2023-09-15 18:00:00,15.894383333333334
2023-09-15 19:00:00,15.22475
2023-09-15 20:00:00,14.296133333333334
2023-09-15 21:00:00,15.216933333333333
2023-09-15 22:00:00,16.739916666666666
2023-09-15 23:00:00,17.799366666666668
2023-09-16 00:00:00,18.853566666666666
2023-09-16 01:00:00,19.615033333333333
2023-09-16 02:00:00,20.758950000000002
2023-09-16 03:00:00,21.399283333333337
2023-09-16 04:00:00,22.271283333333333
2023-09-16 05:00:00,23.18613333333333
2023-09-16 06:00:00,40.69951666666667
2023-09-16 07:00:00,110.46415
2023-09-16 08:00:00,243.78933333333333
2023-09-16 09:00:00,325.1528333333334
2023-09-16 10:00:00,533.6215
2023-09-16 11:00:00,509.67883333333333
2023-09-16 12:00:00,283.7088333333333
2023-09-16 13:00:00,433.757
2023-09-16 14:00:00,233.47016666666664
2023-09-16 15:00:00,131.99845
2023-09-16 16:00:00,89.37088333333332
2023-09-16 17:00:00,50.17263333333334
2023-09-16 18:00:00,22.56611666666667
2023-09-16 19:00:00,21.295166666666667
2023-09-16 20:00:00,21.727383333333332
2023-09-16 21:00:00,22.102866666666667
2023-09-16 22:00:00,22.589833333333335
2023-09-16 23:00:00,23.160233333333334
2023-09-17 00:00:00,23.832033333333335
2023-09-17 01:00:00,24.030633333333334
2023-09-17 02:00:00,23.927733333333332
2023-09-17 03:00:00,24.148683333333334
2023-09-17 04:00:00,24.3936
2023-09-17 05:00:00,24.56625
2023-09-17 06:00:00,57.76743333333333
2023-09-17 07:00:00,266.18711666666667
2023-09-17 08:00:00,474.05933333333337
2023-09-17 09:00:00,418.42216666666667
2023-09-17 10:00:00,709.9083333333333
2023-09-17 11:00:00,858.5255
2023-09-17 12:00:00,911.6633333333334
2023-09-17 13:00:00,957.8351666666666
2023-09-17 14:00:00,914.4706666666666
2023-09-17 15:00:00,234.36433333333335
2023-09-17 16:00:00,130.262
2023-09-17 17:00:00,77.88493333333332
2023-09-17 18:00:00,14.329051666666667
2023-09-17 19:00:00,10.873183333333333
2023-09-17 20:00:00,11.641183333333334
2023-09-17 21:00:00,13.0284
2023-09-17 22:00:00,14.378816666666667
2023-09-17 23:00:00,15.238383333333333
2023-09-18 00:00:00,16.05538333333333
2023-09-18 01:00:00,17.212816666666665
2023-09-18 02:00:00,17.7518
2023-09-18 03:00:00,18.224249999999998
2023-09-18 04:00:00,18.657066666666665
2023-09-18 05:00:00,19.733216666666667
2023-09-18 06:00:00,41.74744999999999
2023-09-18 07:00:00,153.08638333333334
2023-09-18 08:00:00,624.5173333333333
2023-09-18 09:00:00,904.4245
2023-09-18 10:00:00,1121.842
2023-09-18 11:00:00,1205.525
2023-09-18 12:00:00,1206.4834999999998
2023-09-18 13:00:00,1138.7266666666667
2023-09-18 14:00:00,964.0515
2023-09-18 15:00:00,682.8741666666666
2023-09-18 16:00:00,406.73116666666664
2023-09-18 17:00:00,160.43138333333334
2023-09-18 18:00:00,8.768493333333334
2023-09-18 19:00:00,4.570995
2023-09-18 20:00:00,5.695475
2023-09-18 21:00:00,6.891536666666667
2023-09-18 22:00:00,7.910825
2023-09-18 23:00:00,8.994364999999998
2023-09-19 00:00:00,9.770878333333334
2023-09-19 01:00:00,10.84179
2023-09-19 02:00:00,12.479283333333333
2023-09-19 03:00:00,13.772400000000001
2023-09-19 04:00:00,13.836966666666665
2023-09-19 05:00:00,14.365366666666667
2023-09-19 06:00:00,43.3317
2023-09-19 07:00:00,199.59658333333334
2023-09-19 08:00:00,766.1315
2023-09-19 09:00:00,909.625
2023-09-19 10:00:00,719.4781666666667
2023-09-19 11:00:00,911.0153333333333
2023-09-19 12:00:00,1179.4313333333334
2023-09-19 13:00:00,1050.139
2023-09-19 14:00:00,963.182
2023-09-19 15:00:00,719.0889999999999
2023-09-19 16:00:00,416.71253333333334
2023-09-19 17:00:00,132.92393333333334
2023-09-19 18:00:00,9.460626666666666
2023-09-19 19:00:00,4.2455766666666666
2023-09-19 20:00:00,5.200668333333334
2023-09-19 21:00:00,6.422368333333334
2023-09-19 22:00:00,7.393841666666666
2023-09-19 23:00:00,8.21268
2023-09-20 00:00:00,9.649615
2023-09-20 01:00:00,10.358030000000001
2023-09-20 02:00:00,11.432533333333334
2023-09-20 03:00:00,12.166416666666667
2023-09-20 04:00:00,12.477533333333334
2023-09-20 05:00:00,13.33315
2023-09-20 06:00:00,32.614983333333335
2023-09-20 07:00:00,232.50958333333335
2023-09-20 08:00:00,585.765
2023-09-20 09:00:00,832.9956666666666
2023-09-20 10:00:00,1144.0473333333332
2023-09-20 11:00:00,1122.1666666666667
2023-09-20 12:00:00,1148.2355
2023-09-20 13:00:00,1015.2445
2023-09-20 14:00:00,889.5438333333333
2023-09-20 15:00:00,677.4755
2023-09-20 16:00:00,400.008
2023-09-20 17:00:00,133.28101666666666
2023-09-20 18:00:00,9.401433333333333
2023-09-20 19:00:00,4.008078333333334
2023-09-20 20:00:00,5.062241666666666
2023-09-20 21:00:00,6.090813333333333
2023-09-20 22:00:00,7.11951
2023-09-20 23:00:00,8.135186666666666
2023-09-21 00:00:00,9.156433333333332
2023-09-21 01:00:00,9.842686666666667
2023-09-21 02:00:00,10.96495
2023-09-21 03:00:00,11.905166666666666
2023-09-21 04:00:00,12.983516666666667
2023-09-21 05:00:00,13.261050000000001
2023-09-21 06:00:00,48.72688333333333
2023-09-21 07:00:00,277.8734333333333
2023-09-21 08:00:00,569.8551666666666
2023-09-21 09:00:00,834.8991666666666
2023-09-21 10:00:00,1064.0638333333334
2023-09-21 11:00:00,1073.2601666666667
2023-09-21 12:00:00,1210.2883333333334
2023-09-21 13:00:00,1043.2413333333334
2023-09-21 14:00:00,729.1356666666667
2023-09-21 15:00:00,639.8528333333333
2023-09-21 16:00:00,263.034
2023-09-21 17:00:00,95.25418333333333
2023-09-21 18:00:00,8.555470000000001
2023-09-21 19:00:00,4.350011666666666
2023-09-21 20:00:00,5.474128333333334
2023-09-21 21:00:00,6.485803333333333
2023-09-21 22:00:00,7.162983333333333
2023-09-21 23:00:00,7.610543333333334
2023-09-22 00:00:00,8.620611666666667
2023-09-22 01:00:00,9.11361
2023-09-22 02:00:00,9.157895
2023-09-22 03:00:00,9.224391666666666
2023-09-22 04:00:00,9.612781666666667
2023-09-22 05:00:00,9.932938333333334
2023-09-22 06:00:00,44.31728333333333
2023-09-22 07:00:00,220.85013333333333
2023-09-22 08:00:00,546.5845
2023-09-22 09:00:00,819.7014999999999
2023-09-22 10:00:00,976.846
2023-09-22 11:00:00,973.3466666666667
2023-09-22 12:00:00,1105.7768333333333
2023-09-22 13:00:00,1059.23
2023-09-22 14:00:00,879.4575
2023-09-22 15:00:00,501.4211666666667
2023-09-22 16:00:00,86.90951666666666
2023-09-22 17:00:00,26.513216666666665
2023-09-22 18:00:00,6.1673816666666665
2023-09-22 19:00:00,4.574731666666667
2023-09-22 20:00:00,5.182146666666667
2023-09-22 21:00:00,6.074653333333333
2023-09-22 22:00:00,7.044169999999999
2023-09-22 23:00:00,7.26495
2023-09-23 00:00:00,7.281656666666667
2023-09-23 01:00:00,7.285475
2023-09-23 02:00:00,7.287364999999999
2023-09-23 03:00:00,7.296665
2023-09-23 04:00:00,7.524914999999999
2023-09-23 05:00:00,8.490681666666667
2023-09-23 06:00:00,38.68474166666667
2023-09-23 07:00:00,199.72026666666667
2023-09-23 08:00:00,316.0183333333333
2023-09-23 09:00:00,650.9245
2023-09-23 10:00:00,925.9843333333333
2023-09-23 11:00:00,1084.3426666666667
2023-09-23 12:00:00,1135.5416666666667
2023-09-23 13:00:00,1058.3338333333334
2023-09-23 14:00:00,790.4756666666667
2023-09-23 15:00:00,671.285
2023-09-23 16:00:00,384.5441666666667
2023-09-23 17:00:00,109.29276666666667
2023-09-23 18:00:00,6.770146666666666
2023-09-23 19:00:00,3.1251466666666667
2023-09-23 20:00:00,3.62028
2023-09-23 21:00:00,4.363641666666667
2023-09-23 22:00:00,4.694791666666666
2023-09-23 23:00:00,5.2762433333333325
2023-09-24 00:00:00,5.692091666666667
2023-09-24 01:00:00,5.988315
2023-09-24 02:00:00,6.159403333333334
2023-09-24 03:00:00,7.103040000000001
2023-09-24 04:00:00,6.806961666666666
2023-09-24 05:00:00,7.200601666666667
2023-09-24 06:00:00,15.784601666666667
2023-09-24 07:00:00,83.63111666666667
2023-09-24 08:00:00,125.97049999999999
2023-09-24 09:00:00,498.84933333333333
2023-09-24 10:00:00,188.57316666666665
2023-09-24 11:00:00,303.9355
2023-09-24 12:00:00,761.8816666666667
2023-09-24 13:00:00,907.1610000000001
2023-09-24 14:00:00,861.1988333333334
2023-09-24 15:00:00,610.6186666666667
2023-09-24 16:00:00,429.58799999999997
2023-09-24 17:00:00,151.01333333333332
2023-09-24 18:00:00,6.365466666666666
2023-09-24 19:00:00,3.3829083333333334
2023-09-24 20:00:00,4.015908333333333
2023-09-24 21:00:00,4.376486666666667
2023-09-24 22:00:00,4.621160000000001
2023-09-24 23:00:00,4.632255
2023-09-25 00:00:00,4.643294999999999
2023-09-25 01:00:00,4.6488483333333335
2023-09-25 02:00:00,4.641456666666667
2023-09-25 03:00:00,4.639661666666667
2023-09-25 04:00:00,4.63416
2023-09-25 05:00:00,4.665375
2023-09-25 06:00:00,42.532889999999995
2023-09-25 07:00:00,377.7853333333333
2023-09-25 08:00:00,629.9183333333333
2023-09-25 09:00:00,811.6691666666667
2023-09-25 10:00:00,1014.5591666666667
2023-09-25 11:00:00,1124.9370000000001
2023-09-25 12:00:00,1118.1895
2023-09-25 13:00:00,980.0868333333333
2023-09-25 14:00:00,842.3351666666666
2023-09-25 15:00:00,609.1186666666667
2023-09-25 16:00:00,150.37733333333333
2023-09-25 17:00:00,73.46941666666666
2023-09-25 18:00:00,6.875305
2023-09-25 19:00:00,2.560585
2023-09-25 20:00:00,2.8807816666666666
2023-09-25 21:00:00,3.1587116666666666
2023-09-25 22:00:00,3.2966866666666665
2023-09-25 23:00:00,3.307776666666667
2023-09-26 00:00:00,3.311451666666667
2023-09-26 01:00:00,3.3113683333333332
2023-09-26 02:00:00,3.3115033333333335
2023-09-26 03:00:00,3.3114333333333335
2023-09-26 04:00:00,3.3095733333333333
2023-09-26 05:00:00,3.3095716666666664
2023-09-26 06:00:00,40.611329999999995
2023-09-26 07:00:00,170.51809999999998
2023-09-26 08:00:00,282.31783333333334
2023-09-26 09:00:00,604.5433333333333
2023-09-26 10:00:00,1013.001
2023-09-26 11:00:00,912.1403333333333
2023-09-26 12:00:00,1019.3081666666666
2023-09-26 13:00:00,997.1456666666667
2023-09-26 14:00:00,896.2633333333334
2023-09-26 15:00:00,573.6693333333334
2023-09-26 16:00:00,337.0801666666667
2023-09-26 17:00:00,106.3074
2023-09-26 18:00:00,3.0823899999999997
2023-09-26 19:00:00,1.5487833333333334
2023-09-26 20:00:00,1.9701449999999998
2023-09-26 21:00:00,1.99406
2023-09-26 22:00:00,2.0879516666666667
2023-09-26 23:00:00,2.2093800000000003
2023-09-27 00:00:00,2.16159
2023-09-27 01:00:00,2.1432366666666667
2023-09-27 02:00:00,2.156085
2023-09-27 03:00:00,2.0236333333333336
2023-09-27 04:00:00,1.9905583333333334
2023-09-27 05:00:00,1.9997049999999998
2023-09-27 06:00:00,25.395286666666667
2023-09-27 07:00:00,264.21708333333333
2023-09-27 08:00:00,507.3441666666667
2023-09-27 09:00:00,721.495
2023-09-27 10:00:00,1003.3556666666666
2023-09-27 11:00:00,1019.5085
2023-09-27 12:00:00,1128.1866666666667
2023-09-27 13:00:00,1043.9498333333333
2023-09-27 14:00:00,879.279
2023-09-27 15:00:00,634.9580000000001
2023-09-27 16:00:00,367.9723333333333
2023-09-27 17:00:00,106.01873333333333
2023-09-27 18:00:00,3.7665085
2023-09-27 19:00:00,0.7099956666666666
2023-09-27 20:00:00,0.9050153333333333
2023-09-27 21:00:00,1.2233049999999999
2023-09-27 22:00:00,1.3061236666666667
2023-09-27 23:00:00,1.5084666666666666
2023-09-28 00:00:00,1.6869116666666666
2023-09-28 01:00:00,1.4753483333333333
2023-09-28 02:00:00,1.407315
2023-09-28 03:00:00,1.4551383333333334
2023-09-28 04:00:00,1.38526
2023-09-28 05:00:00,1.261982
2023-09-28 06:00:00,36.778441666666666
2023-09-28 07:00:00,276.56551666666667
2023-09-28 08:00:00,559.2123333333333
2023-09-28 09:00:00,754.0414999999999
2023-09-28 10:00:00,1048.62
2023-09-28 11:00:00,1098.1463333333334
2023-09-28 12:00:00,1016.3876666666667
2023-09-28 13:00:00,1000.6996666666668
2023-09-28 14:00:00,794.9326666666667
2023-09-28 15:00:00,500.224
2023-09-28 16:00:00,393.7386666666667
2023-09-28 17:00:00,85.8289
2023-09-28 18:00:00,2.221639666666667
2023-09-28 19:00:00,0.6621991666666667
2023-09-28 20:00:00,0.6622463333333334
2023-09-28 21:00:00,0.6622431666666666
2023-09-28 22:00:00,0.6622365
2023-09-28 23:00:00,0.6622433333333333
2023-09-29 00:00:00,0.6622486666666667
2023-09-29 01:00:00,0.6861473333333333
2023-09-29 02:00:00,0.8259608333333334
2023-09-29 03:00:00,0.8903654999999999
2023-09-29 04:00:00,0.9805063333333333
2023-09-29 05:00:00,1.0522475
2023-09-29 06:00:00,30.677801666666667
2023-09-29 07:00:00,254.55388333333335
2023-09-29 08:00:00,433.4933333333333
2023-09-29 09:00:00,692.2608333333334
2023-09-29 10:00:00,1029.413
2023-09-29 11:00:00,1067.5596666666668
2023-09-29 12:00:00,1102.3300000000002
2023-09-29 13:00:00,1026.0311666666666
2023-09-29 14:00:00,872.3938333333333
2023-09-29 15:00:00,654.5116666666667
2023-09-29 16:00:00,382.31233333333336
2023-09-29 17:00:00,115.5078
2023-09-29 18:00:00,4.169015
2023-09-29 19:00:00,1.8983016666666666
2023-09-29 20:00:00,1.9940816666666665
2023-09-29 21:00:00,2.2497266666666667
2023-09-29 22:00:00,2.853125
2023-09-29 23:00:00,3.244873333333333
2023-09-30 00:00:00,3.2246266666666665
2023-09-30 01:00:00,3.14742
2023-09-30 02:00:00,2.899086666666667
2023-09-30 03:00:00,2.6875983333333333
2023-09-30 04:00:00,2.6673716666666665
2023-09-30 05:00:00,2.6214233333333334
2023-09-30 06:00:00,38.01650333333334
2023-09-30 07:00:00,248.55983333333333
2023-09-30 08:00:00,523.771
2023-09-30 09:00:00,735.1681666666666
2023-09-30 10:00:00,984.6213333333333
2023-09-30 11:00:00,1058.535
2023-09-30 12:00:00,1079.4766666666667
2023-09-30 13:00:00,1018.3563333333333
2023-09-30 14:00:00,823.6803333333334
2023-09-30 15:00:00,476.584
2023-09-30 16:00:00,345.3685
2023-09-30 17:00:00,89.80426666666668
2023-09-30 18:00:00,2.8338053333333333
2023-09-30 19:00:00,0.6621330000000001
2023-09-30 20:00:00,0.6676905000000001
2023-09-30 21:00:00,0.7615230000000001
2023-09-30 22:00:00,1.0687201666666666
2023-09-30 23:00:00,1.2747716666666666
2023-10-01 00:00:00,1.2894593333333333
2023-10-01 01:00:00,1.3189250000000001
2023-10-01 02:00:00,1.3244383333333334
2023-10-01 03:00:00,1.3207633333333333
2023-10-01 04:00:00,1.3299833333333335
2023-10-01 05:00:00,1.3262733333333334
2023-10-01 06:00:00,13.069985
2023-10-01 07:00:00,92.30316666666666
2023-10-01 08:00:00,118.00201666666666
2023-10-01 09:00:00,276.14528333333334
2023-10-01 10:00:00,877.2643333333333
2023-10-01 11:00:00,1068.6413333333335
2023-10-01 12:00:00,1087.8833333333334
2023-10-01 13:00:00,995.6663333333333
2023-10-01 14:00:00,846.3218333333333
2023-10-01 15:00:00,613.171
2023-10-01 16:00:00,321.2441666666667
2023-10-01 17:00:00,57.494128333333336
2023-10-01 18:00:00,2.059796
2023-10-01 19:00:00,0.662129
2023-10-01 20:00:00,0.6621505
2023-10-01 21:00:00,0.6621853333333333
2023-10-01 22:00:00,0.662188
2023-10-01 23:00:00,0.6621823333333333
2023-10-02 00:00:00,0.6640171666666667
2023-10-02 01:00:00,0.6640191666666666
2023-10-02 02:00:00,0.6621783333333333
2023-10-02 03:00:00,0.6658656666666667
2023-10-02 04:00:00,0.6824358333333334
2023-10-02 05:00:00,1.1202476666666668
2023-10-02 06:00:00,25.900996666666668
2023-10-02 07:00:00,211.56016666666667
2023-10-02 08:00:00,400.7388333333334
2023-10-02 09:00:00,459.2566666666666
2023-10-02 10:00:00,368.59066666666666
2023-10-02 11:00:00,599.0458333333333
2023-10-02 12:00:00,590.8278333333333
2023-10-02 13:00:00,695.1949999999999
2023-10-02 14:00:00,692.3736666666666
2023-10-02 15:00:00,617.3385
2023-10-02 16:00:00,337.7105
2023-10-02 17:00:00,92.28081666666667
2023-10-02 18:00:00,3.3085683333333336
2023-10-02 19:00:00,1.7786983333333335
2023-10-02 20:00:00,1.97921
2023-10-02 21:00:00,2.082263333333333
2023-10-02 22:00:00,2.2349116666666666
2023-10-02 23:00:00,2.20731
2023-10-03 00:00:00,2.3489583333333335
2023-10-03 01:00:00,2.26986
2023-10-03 02:00:00,2.1741866666666665
2023-10-03 03:00:00,2.1024516666666666
2023-10-03 04:00:00,2.468433333333333
2023-10-03 05:00:00,2.645183333333333
2023-10-03 06:00:00,4.876611666666666
2023-10-03 07:00:00,57.946385
2023-10-03 08:00:00,405.10016666666667
2023-10-03 09:00:00,801.4558333333333
2023-10-03 10:00:00,957.4983333333333
2023-10-03 11:00:00,1048.1446666666666
2023-10-03 12:00:00,803.5300000000001
2023-10-03 13:00:00,831.6935
2023-10-03 14:00:00,592.2705000000001
2023-10-03 15:00:00,418.28883333333334
2023-10-03 16:00:00,165.06365
2023-10-03 17:00:00,62.45283333333334
2023-10-03 18:00:00,4.023716666666667
2023-10-03 19:00:00,2.620845
2023-10-03 20:00:00,2.8931433333333336
2023-10-03 21:00:00,3.2665183333333334
2023-10-03 22:00:00,3.308715
2023-10-03 23:00:00,3.3087250000000004
2023-10-04 00:00:00,3.310715
2023-10-04 01:00:00,3.3107533333333334
2023-10-04 02:00:00,3.3108316666666666
2023-10-04 03:00:00,3.3090233333333336
2023-10-04 04:00:00,3.3090233333333336
2023-10-04 05:00:00,3.3072299999999997
2023-10-04 06:00:00,39.40612833333333
2023-10-04 07:00:00,196.42295000000001
2023-10-04 08:00:00,444.959
2023-10-04 09:00:00,775.1616666666666
2023-10-04 10:00:00,870.5796666666666
2023-10-04 11:00:00,669.7691666666667
2023-10-04 12:00:00,982.0291666666667
2023-10-04 13:00:00,540.097
2023-10-04 14:00:00,421.57
2023-10-04 15:00:00,430.014
2023-10-04 16:00:00,287.2241833333334
2023-10-04 17:00:00,75.67919666666667
2023-10-04 18:00:00,1.3753016666666666
2023-10-04 19:00:00,0.27951116666666664
2023-10-04 20:00:00,0.5719145
2023-10-04 21:00:00,0.7318956666666666
2023-10-04 22:00:00,0.6602033333333334
2023-10-04 23:00:00,0.6584058333333334
2023-10-05 00:00:00,0.662075
2023-10-05 01:00:00,0.6620864999999999
2023-10-05 02:00:00,0.6620951666666667
2023-10-05 03:00:00,0.6621373333333334
2023-10-05 04:00:00,0.662131
2023-10-05 05:00:00,0.6621413333333332
2023-10-05 06:00:00,13.588883666666668
2023-10-05 07:00:00,150.66641666666666
2023-10-05 08:00:00,379.4263333333334
2023-10-05 09:00:00,712.2881666666667
2023-10-05 10:00:00,689.336
2023-10-05 11:00:00,903.8406666666667
2023-10-05 12:00:00,899.2808333333334
2023-10-05 13:00:00,902.4073333333333
2023-10-05 14:00:00,750.8651666666667
2023-10-05 15:00:00,682.2088333333334
2023-10-05 16:00:00,201.95338333333333
2023-10-05 17:00:00,48.69526666666666
2023-10-05 18:00:00,1.5444671666666667
2023-10-05 19:00:00,0.15999866666666665
2023-10-05 20:00:00,0.5498846666666667
2023-10-05 21:00:00,0.4837106666666667
2023-10-05 22:00:00,0.33843266666666666
2023-10-05 23:00:00,0.27774
2023-10-06 00:00:00,0.22991283333333332
2023-10-06 01:00:00,0.09932383333333333
2023-10-06 02:00:00,0.022071999999999998
2023-10-06 03:00:00,0.0018393333333333332
2023-10-06 04:00:00,0.0
2023-10-06 05:00:00,0.0
2023-10-06 06:00:00,15.013209333333332
2023-10-06 07:00:00,108.24221666666668
2023-10-06 08:00:00,519.6255
2023-10-06 09:00:00,483.31416666666667
2023-10-06 10:00:00,791.3303333333333
2023-10-06 11:00:00,748.7860000000001
2023-10-06 12:00:00,645.5208333333334
2023-10-06 13:00:00,867.2145
2023-10-06 14:00:00,440.88783333333333
2023-10-06 15:00:00,152.34316666666666
2023-10-06 16:00:00,126.08641666666668
2023-10-06 17:00:00,31.608929999999997
2023-10-06 18:00:00,1.4199588333333333
2023-10-06 19:00:00,0.0
2023-10-06 20:00:00,0.0
2023-10-06 21:00:00,0.0
2023-10-06 22:00:00,0.0
2023-10-06 23:00:00,0.0
2023-10-07 00:00:00,0.0
2023-10-07 01:00:00,0.0
2023-10-07 02:00:00,0.0
2023-10-07 03:00:00,0.0
2023-10-07 04:00:00,0.0
2023-10-07 05:00:00,0.1250895
2023-10-07 06:00:00,8.116822166666667
2023-10-07 07:00:00,62.10281666666666
2023-10-07 08:00:00,134.10533333333333
2023-10-07 09:00:00,208.762
2023-10-07 10:00:00,314.4241666666667
2023-10-07 11:00:00,342.6093333333334
2023-10-07 12:00:00,246.93316666666666
2023-10-07 13:00:00,206.79733333333334
2023-10-07 14:00:00,166.67366666666666
2023-10-07 15:00:00,116.5816
2023-10-07 16:00:00,93.30940000000001
2023-10-07 17:00:00,19.709026666666666
2023-10-07 18:00:00,0.6180753333333333
2023-10-07 19:00:00,0.45618966666666666
2023-10-07 20:00:00,0.5591918333333333
2023-10-07 21:00:00,0.5757549999999999
2023-10-07 22:00:00,0.5205649999999999
2023-10-07 23:00:00,0.595974
2023-10-08 00:00:00,0.6291095
2023-10-08 01:00:00,0.6364531666666667
2023-10-08 02:00:00,0.5757503333333334
2023-10-08 03:00:00,0.11957616666666666
2023-10-08 04:00:00,0.005519166666666667
2023-10-08 05:00:00,0.16741933333333334
2023-10-08 06:00:00,3.3354928333333334
2023-10-08 07:00:00,21.56925
2023-10-08 08:00:00,97.8097
2023-10-08 09:00:00,121.94418333333333
2023-10-08 10:00:00,110.77235
2023-10-08 11:00:00,134.26786666666666
2023-10-08 12:00:00,105.95865
2023-10-08 13:00:00,80.56226666666666
2023-10-08 14:00:00,50.28431666666667
2023-10-08 15:00:00,28.054066666666664
2023-10-08 16:00:00,17.314716666666666
2023-10-08 17:00:00,7.747748333333333
2023-10-08 18:00:00,4.219708333333333
2023-10-08 19:00:00,4.585719999999999
2023-10-08 20:00:00,5.0915300000000006
2023-10-08 21:00:00,5.29764
2023-10-08 22:00:00,5.336358333333333
2023-10-08 23:00:00,5.757568333333333
2023-10-09 00:00:00,6.375466666666667
2023-10-09 01:00:00,6.618611666666666
2023-10-09 02:00:00,6.633188333333334
2023-10-09 03:00:00,6.645955
2023-10-09 04:00:00,6.793233333333333
2023-10-09 05:00:00,7.4886833333333325
2023-10-09 06:00:00,8.903198333333334
2023-10-09 07:00:00,16.524250000000002
2023-10-09 08:00:00,25.533633333333334
2023-10-09 09:00:00,28.633683333333334
2023-10-09 10:00:00,22.273633333333333
2023-10-09 11:00:00,35.867066666666666
2023-10-09 12:00:00,61.88023333333333
2023-10-09 13:00:00,40.90785
2023-10-09 14:00:00,46.58756666666667
2023-10-09 15:00:00,34.772216666666665
2023-10-09 16:00:00,23.231833333333334
2023-10-09 17:00:00,12.839083333333333
2023-10-09 18:00:00,10.894716666666666
2023-10-09 19:00:00,11.253549999999999
2023-10-09 20:00:00,11.380333333333333
2023-10-09 21:00:00,12.011366666666667
2023-10-09 22:00:00,12.90895
2023-10-09 23:00:00,13.396466666666667
2023-10-10 00:00:00,12.79325
2023-10-10 01:00:00,12.13075
2023-10-10 02:00:00,12.025783333333333
2023-10-10 03:00:00,12.022516666666666
2023-10-10 04:00:00,12.730833333333333
2023-10-10 05:00:00,12.664449999999999
2023-10-10 06:00:00,19.83625
2023-10-10 07:00:00,44.16243333333333
2023-10-10 08:00:00,65.71248333333332
2023-10-10 09:00:00,143.04761666666667
2023-10-10 10:00:00,217.87383333333335
2023-10-10 11:00:00,383.20550000000003
2023-10-10 12:00:00,363.92766666666665
2023-10-10 13:00:00,285.4715
2023-10-10 14:00:00,206.881
2023-10-10 15:00:00,119.98783333333333
2023-10-10 16:00:00,82.64921666666667
2023-10-10 17:00:00,25.003983333333334
2023-10-10 18:00:00,12.70705
2023-10-10 19:00:00,12.587966666666667
2023-10-10 20:00:00,12.564366666666666
2023-10-10 21:00:00,12.551466666666666
2023-10-10 22:00:00,12.636533333333334
2023-10-10 23:00:00,13.113166666666666
2023-10-11 00:00:00,13.123966666666666
2023-10-11 01:00:00,12.77095
2023-10-11 02:00:00,11.96965
2023-10-11 03:00:00,11.92675
2023-10-11 04:00:00,11.908483333333333
2023-10-11 05:00:00,11.922916666666667
2023-10-11 06:00:00,31.928549999999998
2023-10-11 07:00:00,174.54851666666667
2023-10-11 08:00:00,278.1401666666667
2023-10-11 09:00:00,679.8011666666666
2023-10-11 10:00:00,948.8770000000001
2023-10-11 11:00:00,979.8356666666666
2023-10-11 12:00:00,948.2761666666667
2023-10-11 13:00:00,950.3173333333333
2023-10-11 14:00:00,486.65233333333333
2023-10-11 15:00:00,208.59215
2023-10-11 16:00:00,162.7405
2023-10-11 17:00:00,37.730628333333335
2023-10-11 18:00:00,3.751685
2023-10-11 19:00:00,2.92437
2023-10-11 20:00:00,3.5902499999999997
2023-10-11 21:00:00,3.825976666666667
2023-10-11 22:00:00,3.7561533333333332
2023-10-11 23:00:00,3.8737566666666665
2023-10-12 00:00:00,3.8737316666666666
2023-10-12 01:00:00,3.9142083333333333
2023-10-12 02:00:00,3.92711
2023-10-12 03:00:00,3.930806666666667
2023-10-12 04:00:00,4.23989
2023-10-12 05:00:00,4.569135
2023-10-12 06:00:00,17.30484166666667
2023-10-12 07:00:00,114.82558333333333
2023-10-12 08:00:00,318.40233333333333
2023-10-12 09:00:00,559.2993333333333
2023-10-12 10:00:00,459.931
2023-10-12 11:00:00,530.6785
2023-10-12 12:00:00,834.7520000000001
2023-10-12 13:00:00,928.5181666666666
2023-10-12 14:00:00,318.82116666666667
2023-10-12 15:00:00,218.33216666666667
2023-10-12 16:00:00,248.4561666666667
2023-10-12 17:00:00,61.430768333333326
2023-10-12 18:00:00,2.306128333333333
2023-10-12 19:00:00,1.9862716666666667
2023-10-12 20:00:00,1.9973466666666666
2023-10-12 21:00:00,2.0709683333333335
2023-10-12 22:00:00,2.1095966666666666
2023-10-12 23:00:00,2.1169583333333333
2023-10-13 00:00:00,2.216266666666667
2023-10-13 01:00:00,2.3541883333333335
2023-10-13 02:00:00,2.1592316666666664
2023-10-13 03:00:00,2.047031666666667
2023-10-13 04:00:00,1.9808683333333332
2023-10-13 05:00:00,1.9680366666666667
2023-10-13 06:00:00,15.639505000000002
2023-10-13 07:00:00,239.1356
2023-10-13 08:00:00,471.4528333333334
2023-10-13 09:00:00,517.7775
2023-10-13 10:00:00,926.6328333333333
2023-10-13 11:00:00,1039.1658333333332
2023-10-13 12:00:00,1058.2065
2023-10-13 13:00:00,956.3131666666667
2023-10-13 14:00:00,756.0003333333333
2023-10-13 15:00:00,562.4653333333333
2023-10-13 16:00:00,185.43546666666668
2023-10-13 17:00:00,42.444215
2023-10-13 18:00:00,1.0445081666666667
2023-10-13 19:00:00,0.7062003333333333
2023-10-13 20:00:00,0.8423008333333333
2023-10-13 21:00:00,0.7724449999999999
2023-10-13 22:00:00,0.8570581666666667
2023-10-13 23:00:00,1.1109106666666666
2023-10-14 00:00:00,1.2635333333333334
2023-10-14 01:00:00,1.1733631666666668
2023-10-14 02:00:00,1.1108386666666665
2023-10-14 03:00:00,1.1568506666666667
2023-10-14 04:00:00,0.9342883333333333
2023-10-14 05:00:00,0.7430636666666667
2023-10-14 06:00:00,19.100741666666668
2023-10-14 07:00:00,105.37233333333333
2023-10-14 08:00:00,311.77166666666665
2023-10-14 09:00:00,714.7573333333333
2023-10-14 10:00:00,846.2088333333334
2023-10-14 11:00:00,991.3240000000001
2023-10-14 12:00:00,1044.18
2023-10-14 13:00:00,747.1129999999999
2023-10-14 14:00:00,595.2044999999999
2023-10-14 15:00:00,419.2152
2023-10-14 16:00:00,215.33428333333333
2023-10-14 17:00:00,40.81638
2023-10-14 18:00:00,0.8054526666666667
2023-10-14 19:00:00,0.011035
2023-10-14 20:00:00,0.09931466666666666
2023-10-14 21:00:00,0.29425783333333333
2023-10-14 22:00:00,0.445062
2023-10-14 23:00:00,0.3972561666666667
2023-10-15 00:00:00,0.28690683333333333
2023-10-15 01:00:00,0.33471283333333335
2023-10-15 02:00:00,0.49472383333333336
2023-10-15 03:00:00,0.5682951666666667
2023-10-15 04:00:00,0.6179583333333334
2023-10-15 05:00:00,0.6345175
2023-10-15 06:00:00,16.92324
2023-10-15 07:00:00,93.62868333333333
2023-10-15 08:00:00,247.35083333333333
2023-10-15 09:00:00,745.7673333333333
2023-10-15 10:00:00,953.9064999999999
2023-10-15 11:00:00,850.971
2023-10-15 12:00:00,866.0556666666666
2023-10-15 13:00:00,648.745
2023-10-15 14:00:00,518.045
2023-10-15 15:00:00,446.1198333333333
2023-10-15 16:00:00,171.9195
2023-10-15 17:00:00,60.15786666666666
2023-10-15 18:00:00,0.6546565
2023-10-15 19:00:00,0.034943166666666664
2023-10-15 20:00:00,0.0183915
2023-10-15 21:00:00,0.040461500000000004
2023-10-15 22:00:00,0.07172683333333334
2023-10-15 23:00:00,0.029426666666666667
2023-10-16 00:00:00,0.0055175
2023-10-16 01:00:00,0.011035
2023-10-16 02:00:00,0.009195333333333333
2023-10-16 03:00:00,0.029426
2023-10-16 04:00:00,0.10850533333333333
2023-10-16 05:00:00,0.180227
2023-10-16 06:00:00,12.448781833333333
2023-10-16 07:00:00,111.41718333333333
2023-10-16 08:00:00,225.0065
2023-10-16 09:00:00,362.5411666666667
2023-10-16 10:00:00,547.1134999999999
2023-10-16 11:00:00,607.2146666666666
2023-10-16 12:00:00,800.3430000000001
2023-10-16 13:00:00,929.3145000000001
2023-10-16 14:00:00,858.249
2023-10-16 15:00:00,567.9264999999999
2023-10-16 16:00:00,228.10916666666665
2023-10-16 17:00:00,49.694325000000006
2023-10-16 18:00:00,0.41374716666666667
2023-10-16 19:00:00,0.007356
2023-10-16 20:00:00,0.005517333333333333
2023-10-16 21:00:00,0.0055175
2023-10-16 22:00:00,0.0018391666666666667
2023-10-16 23:00:00,0.0
2023-10-17 00:00:00,0.0
2023-10-17 01:00:00,0.0
2023-10-17 02:00:00,0.0
2023-10-17 03:00:00,0.0
2023-10-17 04:00:00,0.0
2023-10-17 05:00:00,0.011034333333333333
2023-10-17 06:00:00,7.039931666666666
2023-10-17 07:00:00,77.89810000000001
2023-10-17 08:00:00,168.64083333333335
2023-10-17 09:00:00,340.52983333333333
2023-10-17 10:00:00,544.9996666666667
2023-10-17 11:00:00,637.9116666666666
2023-10-17 12:00:00,689.4591666666668
2023-10-17 13:00:00,447.103
2023-10-17 14:00:00,214.0915
2023-10-17 15:00:00,163.98316666666668
2023-10-17 16:00:00,76.21768333333333
2023-10-17 17:00:00,6.392065333333333
2023-10-17 18:00:00,0.18207549999999997
2023-10-17 19:00:00,0.29429533333333335
2023-10-17 20:00:00,0.1692175
2023-10-17 21:00:00,0.0698935
2023-10-17 22:00:00,0.0
2023-10-17 23:00:00,0.003678
2023-10-18 00:00:00,0.001839
2023-10-18 01:00:00,0.001839
2023-10-18 02:00:00,0.001839
2023-10-18 03:00:00,0.009194833333333334
2023-10-18 04:00:00,0.003678
2023-10-18 05:00:00,0.001839
2023-10-18 06:00:00,2.938698666666667
2023-10-18 07:00:00,19.462066666666665
2023-10-18 08:00:00,50.55758333333333
2023-10-18 09:00:00,47.2564
2023-10-18 10:00:00,52.88905
2023-10-18 11:00:00,75.27058333333333
2023-10-18 12:00:00,49.90239999999999
2023-10-18 13:00:00,36.428666666666665
2023-10-18 14:00:00,51.90365
2023-10-18 15:00:00,23.264366666666668
2023-10-18 16:00:00,17.953936666666667
2023-10-18 17:00:00,3.7431016666666665
2023-10-18 18:00:00,2.0086116666666665
2023-10-18 19:00:00,2.5990033333333336
2023-10-18 20:00:00,3.3033300000000003
2023-10-18 21:00:00,3.3324366666666667
2023-10-18 22:00:00,3.7480483333333336
2023-10-18 23:00:00,3.9686466666666664
2023-10-19 00:00:00,4.148891666666667
2023-10-19 01:00:00,4.70049
2023-10-19 02:00:00,5.106923333333333
2023-10-19 03:00:00,5.292693333333333
2023-10-19 04:00:00,5.305596666666667
2023-10-19 05:00:00,5.487713333333334
2023-10-19 06:00:00,7.418761666666667
2023-10-19 07:00:00,17.0994
2023-10-19 08:00:00,28.7604
2023-10-19 09:00:00,42.2104
2023-10-19 10:00:00,57.3975
2023-10-19 11:00:00,77.96806666666666
2023-10-19 12:00:00,41.06856666666667
2023-10-19 13:00:00,32.20608333333333
2023-10-19 14:00:00,49.67341666666666
2023-10-19 15:00:00,42.197316666666666
2023-10-19 16:00:00,30.006533333333334
2023-10-19 17:00:00,14.079126666666667
2023-10-19 18:00:00,9.459766666666667
2023-10-19 19:00:00,9.866233333333334
2023-10-19 20:00:00,9.92665
2023-10-19 21:00:00,10.265203333333334
2023-10-19 22:00:00,9.941391666666668
2023-10-19 23:00:00,9.921258333333332
2023-10-20 00:00:00,9.92325
2023-10-20 01:00:00,9.930408333333334
2023-10-20 02:00:00,9.932241666666666
2023-10-20 03:00:00,9.978278333333332
2023-10-20 04:00:00,9.807456666666667
2023-10-20 05:00:00,9.527785
2023-10-20 06:00:00,25.032281666666666
2023-10-20 07:00:00,88.98299999999999
2023-10-20 08:00:00,173.57270000000003
2023-10-20 09:00:00,447.4
2023-10-20 10:00:00,372.207
2023-10-20 11:00:00,296.241
2023-10-20 12:00:00,205.72956666666667
2023-10-20 13:00:00,137.16688333333335
2023-10-20 14:00:00,130.6925
2023-10-20 15:00:00,87.12688333333334
2023-10-20 16:00:00,52.8275
2023-10-20 17:00:00,20.326705
2023-10-20 18:00:00,5.908638333333333
2023-10-20 19:00:00,5.956475
2023-10-20 20:00:00,6.2488133333333336
2023-10-20 21:00:00,6.206691666666667
2023-10-20 22:00:00,6.013583333333333
2023-10-20 23:00:00,5.960406666666667
2023-10-21 00:00:00,5.995673333333333
2023-10-21 01:00:00,5.95932
2023-10-21 02:00:00,5.759035
2023-10-21 03:00:00,5.179575
2023-10-21 04:00:00,5.225853333333333
2023-10-21 05:00:00,5.288528333333333
2023-10-21 06:00:00,8.890201666666666
2023-10-21 07:00:00,28.54553333333333
2023-10-21 08:00:00,45.246116666666666
2023-10-21 09:00:00,72.61641666666667
2023-10-21 10:00:00,116.81035
2023-10-21 11:00:00,181.43483333333333
2023-10-21 12:00:00,289.00916666666666
2023-10-21 13:00:00,264.1155
2023-10-21 14:00:00,282.97316666666666
2023-10-21 15:00:00,234.77166666666665
2023-10-21 16:00:00,110.7816
2023-10-21 17:00:00,21.276326666666666
2023-10-21 18:00:00,5.849108333333334
2023-10-21 19:00:00,5.420466666666667
2023-10-21 20:00:00,5.644966666666666
2023-10-21 21:00:00,5.71675
2023-10-21 22:00:00,6.32377
2023-10-21 23:00:00,6.617845
2023-10-22 00:00:00,6.65074
2023-10-22 01:00:00,6.6286933333333335
2023-10-22 02:00:00,6.628898333333334
2023-10-22 03:00:00,6.939555
2023-10-22 04:00:00,6.713495
2023-10-22 05:00:00,6.614086666666666
2023-10-22 06:00:00,21.206811666666667
2023-10-22 07:00:00,105.7523
2023-10-22 08:00:00,324.6211666666667
2023-10-22 09:00:00,645.8503333333333
2023-10-22 10:00:00,789.2066666666667
2023-10-22 11:00:00,805.159
2023-10-22 12:00:00,796.204
2023-10-22 13:00:00,846.0645000000001
2023-10-22 14:00:00,523.1661666666666
2023-10-22 15:00:00,234.34233333333336
2023-10-22 16:00:00,141.74245000000002
2023-10-22 17:00:00,18.798915
2023-10-22 18:00:00,1.406755
2023-10-22 19:00:00,1.5723266666666667
2023-10-22 20:00:00,1.9401383333333333
2023-10-22 21:00:00,1.9917233333333333
2023-10-22 22:00:00,2.1424833333333333
2023-10-22 23:00:00,2.5948783333333334
2023-10-23 00:00:00,2.780695
2023-10-23 01:00:00,2.9425033333333332
2023-10-23 02:00:00,3.0657550000000002
2023-10-23 03:00:00,2.734805
2023-10-23 04:00:00,2.4773883333333333
2023-10-23 05:00:00,2.40205
2023-10-23 06:00:00,25.57
2023-10-23 07:00:00,161.42071666666666
2023-10-23 08:00:00,444.6545
2023-10-23 09:00:00,616.1740000000001
2023-10-23 10:00:00,622.1423333333333
2023-10-23 11:00:00,635.538
2023-10-23 12:00:00,601.4398333333334
2023-10-23 13:00:00,663.1356666666667
2023-10-23 14:00:00,639.5103333333334
2023-10-23 15:00:00,487.2565
2023-10-23 16:00:00,168.76511666666664
2023-10-23 17:00:00,29.309871666666666
2023-10-23 18:00:00,1.4545533333333334
2023-10-23 19:00:00,1.3332650000000001
2023-10-23 20:00:00,1.537405
2023-10-23 21:00:00,1.78384
2023-10-23 22:00:00,1.8831016666666665
2023-10-23 23:00:00,1.9419633333333333
2023-10-24 00:00:00,1.95852
2023-10-24 01:00:00,1.9953016666666665
2023-10-24 02:00:00,1.9585183333333334
2023-10-24 03:00:00,1.9327633333333334
2023-10-24 04:00:00,1.8831216666666668
2023-10-24 05:00:00,1.971415
2023-10-24 06:00:00,15.418478333333333
2023-10-24 07:00:00,94.23715
2023-10-24 08:00:00,168.58466666666666
2023-10-24 09:00:00,350.783
2023-10-24 10:00:00,843.6141666666666
2023-10-24 11:00:00,950.8338333333334
2023-10-24 12:00:00,994.7341666666666
2023-10-24 13:00:00,897.7199999999999
2023-10-24 14:00:00,740.58
2023-10-24 15:00:00,522.378
2023-10-24 16:00:00,150.32578333333333
2023-10-24 17:00:00,21.60128
2023-10-24 18:00:00,0.9102183333333334
2023-10-24 19:00:00,1.2835813333333335
2023-10-24 20:00:00,1.3222316666666667
2023-10-24 21:00:00,1.3259033333333334
2023-10-24 22:00:00,1.34247
2023-10-24 23:00:00,1.3774016666666666
2023-10-25 00:00:00,1.4049866666666666
2023-10-25 01:00:00,1.4343949999999999
2023-10-25 02:00:00,1.3921033333333335
2023-10-25 03:00:00,1.3884383333333332
2023-10-25 04:00:00,1.3479750000000001
2023-10-25 05:00:00,1.371885
2023-10-25 06:00:00,5.149181666666666
2023-10-25 07:00:00,34.12185
2023-10-25 08:00:00,70.0054
2023-10-25 09:00:00,130.0715
2023-10-25 10:00:00,371.62966666666665
2023-10-25 11:00:00,308.89233333333334
2023-10-25 12:00:00,560.1215
2023-10-25 13:00:00,893.4081666666666
2023-10-25 14:00:00,715.1963333333333
2023-10-25 15:00:00,497.21433333333334
2023-10-25 16:00:00,154.02190000000002
2023-10-25 17:00:00,28.95689666666667
2023-10-25 18:00:00,0.8881423333333333
2023-10-25 19:00:00,0.9176366666666667
2023-10-25 20:00:00,1.1328090000000002
2023-10-25 21:00:00,1.2431578333333335
2023-10-25 22:00:00,1.2799543333333334
2023-10-25 23:00:00,1.2781183333333332
2023-10-26 00:00:00,1.2615918333333334
2023-10-26 01:00:00,1.2432311666666667
2023-10-26 02:00:00,1.063026
2023-10-26 03:00:00,1.033642
2023-10-26 04:00:00,1.2249061666666667
2023-10-26 05:00:00,1.107205
2023-10-26 06:00:00,16.112983333333332
2023-10-26 07:00:00,139.0202
2023-10-26 08:00:00,322.392
2023-10-26 09:00:00,497.01050000000004
2023-10-26 10:00:00,723.931
2023-10-26 11:00:00,658.7738333333333
2023-10-26 12:00:00,557.0236666666666
2023-10-26 13:00:00,725.9081666666666
2023-10-26 14:00:00,746.177
2023-10-26 15:00:00,448.9504
2023-10-26 16:00:00,140.65536666666668
2023-10-26 17:00:00,20.72424
2023-10-26 18:00:00,0.5093748333333333
2023-10-26 19:00:00,0.6620456666666666
2023-10-26 20:00:00,0.6620481666666667
2023-10-26 21:00:00,0.6620796666666667
2023-10-26 22:00:00,0.6694291666666667
2023-10-26 23:00:00,0.7153833333333334
2023-10-27 00:00:00,0.711727
2023-10-27 01:00:00,0.6657571666666667
2023-10-27 02:00:00,0.6675833333333333
2023-10-27 03:00:00,0.6841183333333334
2023-10-27 04:00:00,0.6859583333333333
2023-10-27 05:00:00,0.7319288333333334
2023-10-27 06:00:00,17.331042500000002
2023-10-27 07:00:00,90.4989
2023-10-27 08:00:00,252.29033333333334
2023-10-27 09:00:00,426.42883333333333
2023-10-27 10:00:00,690.2111666666666
2023-10-27 11:00:00,949.1640000000001
2023-10-27 12:00:00,950.1953333333333
2023-10-27 13:00:00,787.1479999999999
2023-10-27 14:00:00,705.331
2023-10-27 15:00:00,456.7246666666667
2023-10-27 16:00:00,154.32999999999998
2023-10-27 17:00:00,22.91171166666667
2023-10-27 18:00:00,0.43944733333333336
2023-10-27 19:00:00,0.15814116666666667
2023-10-27 20:00:00,0.5222583333333334
2023-10-27 21:00:00,0.6307613333333334
2023-10-27 22:00:00,0.6675371666666667
2023-10-27 23:00:00,0.6730630000000001
2023-10-28 00:00:00,0.6896191666666667
2023-10-28 01:00:00,0.7392678333333333
2023-10-28 02:00:00,0.7319071666666667
2023-10-28 03:00:00,0.6767411666666666
2023-10-28 04:00:00,0.7208761666666667
2023-10-28 05:00:00,0.7521445
2023-10-28 06:00:00,4.849382
2023-10-28 07:00:00,40.15947833333333
2023-10-28 08:00:00,57.13248333333333
2023-10-28 09:00:00,147.06526666666664
2023-10-28 10:00:00,161.4415666666667
2023-10-28 11:00:00,203.03733333333332
2023-10-28 12:00:00,151.94083333333336
2023-10-28 13:00:00,318.0545
2023-10-28 14:00:00,242.52716666666666
2023-10-28 15:00:00,109.31291666666667
2023-10-28 16:00:00,62.14448333333333
2023-10-28 17:00:00,11.829881666666667
2023-10-28 18:00:00,0.6877015
2023-10-28 19:00:00,0.7539705
2023-10-28 20:00:00,0.6988138333333332
2023-10-28 21:00:00,0.7190416666666667
2023-10-28 22:00:00,0.6785976666666667
2023-10-28 23:00:00,0.6657368333333333
2023-10-29 00:00:00,0.7724363333333334
2023-10-29 01:00:00,1.3996203333333335
2023-10-29 02:00:00,1.8373466666666665
2023-10-29 03:00:00,1.9771033333333332
2023-10-29 04:00:00,1.986235
2023-10-29 05:00:00,1.9861966666666668
2023-10-29 06:00:00,8.249826666666667
2023-10-29 07:00:00,148.25996666666666
2023-10-29 08:00:00,421.44966666666664
2023-10-29 09:00:00,389.4925
2023-10-29 10:00:00,567.1845
2023-10-29 11:00:00,552.0365
2023-10-29 12:00:00,468.8976666666667
2023-10-29 13:00:00,568.8908333333333
2023-10-29 14:00:00,616.7538333333334
2023-10-29 15:00:00,416.1756666666667
2023-10-29 16:00:00,121.94161666666668
2023-10-29 17:00:00,23.722756666666665
2023-10-29 18:00:00,1.70278
2023-10-29 19:00:00,1.9805716666666666
2023-10-29 20:00:00,2.033923333333333
2023-10-29 21:00:00,2.0725333333333333
2023-10-29 22:00:00,2.151615
2023-10-29 23:00:00,2.1387533333333333
2023-10-30 00:00:00,2.1424133333333333
2023-10-30 01:00:00,2.035775
2023-10-30 02:00:00,1.9989866666666667
2023-10-30 03:00:00,1.9879883333333332
2023-10-30 04:00:00,2.008191666666667
2023-10-30 05:00:00,1.986165
2023-10-30 06:00:00,21.17442
2023-10-30 07:00:00,123.32475
2023-10-30 08:00:00,228.98116666666667
2023-10-30 09:00:00,256.89616666666666
2023-10-30 10:00:00,383.5623333333333
2023-10-30 11:00:00,889.2473333333332
2023-10-30 12:00:00,934.9818333333334
2023-10-30 13:00:00,849.9438333333333
2023-10-30 14:00:00,686.0865
2023-10-30 15:00:00,321.5393666666667
2023-10-30 16:00:00,63.614133333333335
2023-10-30 17:00:00,21.25435666666667
2023-10-30 18:00:00,0.805387
2023-10-30 19:00:00,0.7080023333333333
2023-10-30 20:00:00,0.8164988333333334
2023-10-30 21:00:00,1.1254666666666668
2023-10-30 22:00:00,1.2946095
2023-10-30 23:00:00,1.2247504999999999
2023-10-31 00:00:00,1.4067966666666665
2023-10-31 01:00:00,1.2964288333333334
2023-10-31 02:00:00,0.9654346666666667
2023-10-31 03:00:00,1.0518578333333333
2023-10-31 04:00:00,0.9580696666666667
2023-10-31 05:00:00,1.0887090000000001
2023-10-31 06:00:00,18.924135
2023-10-31 07:00:00,189.40398333333331
2023-10-31 08:00:00,436.5125
2023-10-31 09:00:00,669.0281666666667
2023-10-31 10:00:00,861.5061666666667
2023-10-31 11:00:00,867.2506666666667
2023-10-31 12:00:00,945.0414999999999
2023-10-31 13:00:00,856.1593333333333
2023-10-31 14:00:00,700.7738333333333
2023-10-31 15:00:00,476.8933333333333
2023-10-31 16:00:00,120.77156666666666
2023-10-31 17:00:00,25.97773
2023-10-31 18:00:00,0.4284596666666667
2023-10-31 19:00:00,0.6583355
2023-10-31 20:00:00,0.6620018333333333
2023-10-31 21:00:00,0.6528321666666667
2023-10-31 22:00:00,0.6601776666666667
2023-10-31 23:00:00,0.6601728333333334
2023-11-01 00:00:00,0.6619941666666667
2023-11-01 01:00:00,0.6620026666666666
2023-11-01 02:00:00,0.6619948333333333
2023-11-01 03:00:00,0.6620351666666667
2023-11-01 04:00:00,0.6436756666666666
2023-11-01 05:00:00,0.5075843333333333
2023-11-01 06:00:00,15.247966666666667
2023-11-01 07:00:00,189.9386
2023-11-01 08:00:00,447.20233333333334
2023-11-01 09:00:00,675.9889999999999
2023-11-01 10:00:00,847.1843333333333
2023-11-01 11:00:00,942.9266666666666
2023-11-01 12:00:00,950.2865
2023-11-01 13:00:00,874.9038333333334
2023-11-01 14:00:00,715.1668333333333
2023-11-01 15:00:00,488.9363333333333
2023-11-01 16:00:00,103.46696666666666
2023-11-01 17:00:00,21.823193166666666
2023-11-01 18:00:00,0.34386916666666667
2023-11-01 19:00:00,0.5884306666666668
2023-11-01 20:00:00,0.6288928333333333
2023-11-01 21:00:00,0.5939643333333334
2023-11-01 22:00:00,0.4229481666666667
2023-11-01 23:00:00,0.4873051666666666
2023-11-02 00:00:00,0.593951
2023-11-02 01:00:00,0.634419
2023-11-02 02:00:00,0.6454351666666667
2023-11-02 03:00:00,0.5296065
2023-11-02 04:00:00,0.5737396666666666
2023-11-02 05:00:00,0.6472963333333334
2023-11-02 06:00:00,9.403497
2023-11-02 07:00:00,98.95433333333334
2023-11-02 08:00:00,284.694
2023-11-02 09:00:00,495.61899999999997
2023-11-02 10:00:00,805.95
2023-11-02 11:00:00,800.9925000000001
2023-11-02 12:00:00,828.3388333333334
2023-11-02 13:00:00,856.5491666666666
2023-11-02 14:00:00,723.8403333333333
2023-11-02 15:00:00,348.10383333333334
2023-11-02 16:00:00,144.81258333333332
2023-11-02 17:00:00,21.814121666666665
2023-11-02 18:00:00,0.0661965
2023-11-02 19:00:00,0.5185658333333333
2023-11-02 20:00:00,0.5939445
2023-11-02 21:00:00,0.5626728333333334
2023-11-02 22:00:00,0.5259113333333333
2023-11-02 23:00:00,0.47260483333333336
2023-11-03 00:00:00,0.44318233333333334
2023-11-03 01:00:00,0.5038568333333333
2023-11-03 02:00:00,0.43215299999999995
2023-11-03 03:00:00,0.36963983333333333
2023-11-03 04:00:00,0.2997566666666666
2023-11-03 05:00:00,0.367796
2023-11-03 06:00:00,8.598710333333335
2023-11-03 07:00:00,142.44901666666667
2023-11-03 08:00:00,342.2203333333334
2023-11-03 09:00:00,236.251
2023-11-03 10:00:00,434.014
2023-11-03 11:00:00,740.9441666666667
2023-11-03 12:00:00,918.4565
2023-11-03 13:00:00,844.749
2023-11-03 14:00:00,683.4169999999999
2023-11-03 15:00:00,457.9628333333333
2023-11-03 16:00:00,93.35223333333333
2023-11-03 17:00:00,22.394519
2023-11-03 18:00:00,0.16733166666666666
2023-11-03 19:00:00,0.4652275
2023-11-03 20:00:00,0.5497949999999999
2023-11-03 21:00:00,0.5865855
2023-11-03 22:00:00,0.6012861666666667
2023-11-03 23:00:00,0.5921083333333333
2023-11-04 00:00:00,0.5902603333333333
2023-11-04 01:00:00,0.5240515
2023-11-04 02:00:00,0.33283850000000004
2023-11-04 03:00:00,0.5314151666666667
2023-11-04 04:00:00,0.5957644999999999
2023-11-04 05:00:00,0.6104668333333333
2023-11-04 06:00:00,12.946567166666666
2023-11-04 07:00:00,107.92335
2023-11-04 08:00:00,248.964
2023-11-04 09:00:00,443.82533333333333
2023-11-04 10:00:00,697.0233333333333
2023-11-04 11:00:00,916.3428333333334
2023-11-04 12:00:00,924.3775
2023-11-04 13:00:00,845.17
2023-11-04 14:00:00,687.9448333333333
2023-11-04 15:00:00,470.4291666666667
2023-11-04 16:00:00,76.45145000000001
2023-11-04 17:00:00,20.200210333333334
2023-11-04 18:00:00,0.112165
2023-11-04 19:00:00,0.356734
2023-11-04 20:00:00,0.39717366666666665
2023-11-04 21:00:00,0.39532900000000004
2023-11-04 22:00:00,0.3254561666666667
2023-11-04 23:00:00,0.2335235
2023-11-05 00:00:00,0.27581916666666667
2023-11-05 01:00:00,0.285006
2023-11-05 02:00:00,0.3971726666666667
2023-11-05 03:00:00,0.46335899999999997
2023-11-05 04:00:00,0.3254576666666667
2023-11-05 05:00:00,0.20961749999999998
2023-11-05 06:00:00,12.338101833333333
2023-11-05 07:00:00,96.8862
2023-11-05 08:00:00,235.62133333333335
2023-11-05 09:00:00,483.6131666666667
2023-11-05 10:00:00,639.3275
2023-11-05 11:00:00,697.921
2023-11-05 12:00:00,916.556
2023-11-05 13:00:00,847.9751666666667
2023-11-05 14:00:00,693.8333333333334
2023-11-05 15:00:00,469.5251666666666
2023-11-05 16:00:00,63.49575
2023-11-05 17:00:00,16.949673666666666
2023-11-05 18:00:00,0.014709
2023-11-05 19:00:00,0.07355233333333334
2023-11-05 20:00:00,0.20778216666666666
2023-11-05 21:00:00,0.3125908333333333
2023-11-05 22:00:00,0.34384200000000004
2023-11-05 23:00:00,0.382451
2023-11-06 00:00:00,0.395331
2023-11-06 01:00:00,0.33280883333333333
2023-11-06 02:00:00,0.2702935
2023-11-06 03:00:00,0.33096966666666666
2023-11-06 04:00:00,0.36773933333333336
2023-11-06 05:00:00,0.237198
2023-11-06 06:00:00,12.056833333333334
2023-11-06 07:00:00,174.10510000000002
2023-11-06 08:00:00,405.7196666666667
2023-11-06 09:00:00,619.1186666666667
2023-11-06 10:00:00,782.4216666666667
2023-11-06 11:00:00,819.3646666666666
2023-11-06 12:00:00,860.8461666666666
2023-11-06 13:00:00,815.1711666666666
2023-11-06 14:00:00,591.2648333333333
2023-11-06 15:00:00,423.9995
2023-11-06 16:00:00,84.84025
2023-11-06 17:00:00,20.251445666666665
2023-11-06 18:00:00,0.009191666666666666
2023-11-06 19:00:00,0.0
2023-11-06 20:00:00,0.0
2023-11-06 21:00:00,0.0
2023-11-06 22:00:00,0.0
2023-11-06 23:00:00,0.011032000000000002
2023-11-07 00:00:00,0.10848116666666667
2023-11-07 01:00:00,0.09377316666666666
2023-11-07 02:00:00,0.06987116666666666
2023-11-07 03:00:00,0.02758016666666667
2023-11-07 04:00:00,0.007354833333333334
2023-11-07 05:00:00,0.020226333333333336
2023-11-07 06:00:00,6.672737833333333
2023-11-07 07:00:00,33.03981666666667
2023-11-07 08:00:00,68.01151666666667
2023-11-07 09:00:00,146.92953333333332
2023-11-07 10:00:00,181.68595
2023-11-07 11:00:00,71.62323333333333
2023-11-07 12:00:00,65.9731
2023-11-07 13:00:00,74.07243333333334
2023-11-07 14:00:00,45.62381666666667
2023-11-07 15:00:00,57.67498333333333
2023-11-07 16:00:00,36.51756666666667
2023-11-07 17:00:00,10.074218833333333
2023-11-07 18:00:00,0.12870816666666665
2023-11-07 19:00:00,0.10296716666666667
2023-11-07 20:00:00,0.11951616666666666
2023-11-07 21:00:00,0.13606449999999998
2023-11-07 22:00:00,0.10480533333333333
2023-11-07 23:00:00,0.08825883333333334
2023-11-08 00:00:00,0.064355
2023-11-08 01:00:00,0.06619416666666667
2023-11-08 02:00:00,0.044129
2023-11-08 03:00:00,0.04045166666666667
2023-11-08 04:00:00,0.0220645
2023-11-08 05:00:00,0.022065500000000002
2023-11-08 06:00:00,2.5834391666666665
2023-11-08 07:00:00,35.24966666666667
2023-11-08 08:00:00,58.248733333333334
2023-11-08 09:00:00,62.909099999999995
2023-11-08 10:00:00,122.17026666666668
2023-11-08 11:00:00,142.89823333333334
2023-11-08 12:00:00,143.26688333333334
2023-11-08 13:00:00,298.37816666666663
2023-11-08 14:00:00,166.14728333333332
2023-11-08 15:00:00,51.36996666666666
2023-11-08 16:00:00,44.574600000000004
2023-11-08 17:00:00,9.5447215
2023-11-08 18:00:00,0.158131
2023-11-08 19:00:00,0.1415825
2023-11-08 20:00:00,0.16548466666666667
2023-11-08 21:00:00,0.18203366666666668
2023-11-08 22:00:00,0.19858133333333333
2023-11-08 23:00:00,0.1912265
2023-11-09 00:00:00,0.2371953333333333
2023-11-09 01:00:00,0.20961366666666667
2023-11-09 02:00:00,0.19122716666666667
2023-11-09 03:00:00,0.21880850000000002
2023-11-09 04:00:00,0.19122683333333335
2023-11-09 05:00:00,0.119518
2023-11-09 06:00:00,1.594188333333333
2023-11-09 07:00:00,36.307673333333334
2023-11-09 08:00:00,75.68861666666666
2023-11-09 09:00:00,141.37154999999998
2023-11-09 10:00:00,87.74956666666667
2023-11-09 11:00:00,60.27945
2023-11-09 12:00:00,53.488749999999996
2023-11-09 13:00:00,75.20418333333333
2023-11-09 14:00:00,191.21678333333332
2023-11-09 15:00:00,82.65366666666667
2023-11-09 16:00:00,56.72435
2023-11-09 17:00:00,10.369249166666666
2023-11-09 18:00:00,0.08273733333333334
2023-11-09 19:00:00,0.2040915
2023-11-09 20:00:00,0.3419985
2023-11-09 21:00:00,0.3309725
2023-11-09 22:00:00,0.19122516666666664
2023-11-09 23:00:00,0.15261033333333335
2023-11-10 00:00:00,0.148933
2023-11-10 01:00:00,0.18386666666666668
2023-11-10 02:00:00,0.14892966666666665
2023-11-10 03:00:00,0.16363899999999998
2023-11-10 04:00:00,0.1893845
2023-11-10 05:00:00,0.226155
2023-11-10 06:00:00,3.3574536666666663
2023-11-10 07:00:00,38.22151833333333
2023-11-10 08:00:00,133.60535
2023-11-10 09:00:00,120.34098333333333
2023-11-10 10:00:00,239.90396666666666
2023-11-10 11:00:00,340.48850000000004
2023-11-10 12:00:00,449.1181666666667
2023-11-10 13:00:00,429.65766666666667
2023-11-10 14:00:00,390.32416666666666
2023-11-10 15:00:00,485.433
2023-11-10 16:00:00,100.75070000000001
2023-11-10 17:00:00,22.329811166666666
2023-11-10 18:00:00,0.0
2023-11-10 19:00:00,0.011030333333333333
2023-11-10 20:00:00,0.003676833333333333
2023-11-10 21:00:00,0.005515333333333333
2023-11-10 22:00:00,0.003677
2023-11-10 23:00:00,0.0055151666666666665
2023-11-11 00:00:00,0.012868833333333333
2023-11-11 01:00:00,0.053315666666666664
2023-11-11 02:00:00,0.09743616666666667
2023-11-11 03:00:00,0.406339
2023-11-11 04:00:00,0.6435445000000001
2023-11-11 05:00:00,0.6600966666666667
2023-11-11 06:00:00,2.861071166666667
2023-11-11 07:00:00,24.475415
2023-11-11 08:00:00,37.135200000000005
2023-11-11 09:00:00,72.90291666666667
2023-11-11 10:00:00,79.80218333333333
2023-11-11 11:00:00,92.27941666666668
2023-11-11 12:00:00,84.04703333333333
2023-11-11 13:00:00,93.30935
2023-11-11 14:00:00,78.99461666666666
2023-11-11 15:00:00,69.95788333333333
2023-11-11 16:00:00,33.998666666666665
2023-11-11 17:00:00,7.158195
2023-11-11 18:00:00,1.9931766666666666
2023-11-11 19:00:00,1.9969033333333333
2023-11-11 20:00:00,2.03181
2023-11-11 21:00:00,2.0575483333333335
2023-11-11 22:00:00,2.006065
2023-11-11 23:00:00,2.0116
2023-11-12 00:00:00,1.9950249999999998
2023-11-12 01:00:00,2.000515
2023-11-12 02:00:00,2.1274216666666668
2023-11-12 03:00:00,2.497035
2023-11-12 04:00:00,2.6405516666666666
2023-11-12 05:00:00,2.6479316666666666
2023-11-12 06:00:00,3.77343
2023-11-12 07:00:00,13.271334999999999
2023-11-12 08:00:00,174.9198
2023-11-12 09:00:00,464.3698333333333
2023-11-12 10:00:00,605.6701666666667
2023-11-12 11:00:00,843.2875
2023-11-12 12:00:00,462.0883333333333
2023-11-12 13:00:00,367.36133333333333
2023-11-12 14:00:00,342.0035
2023-11-12 15:00:00,317.19233333333335
2023-11-12 16:00:00,92.17805
2023-11-12 17:00:00,16.626943333333333
2023-11-12 18:00:00,2.0207183333333334
2023-11-12 19:00:00,2.4290483333333333
2023-11-12 20:00:00,2.6443033333333332
2023-11-12 21:00:00,2.6480166666666665
2023-11-12 22:00:00,2.5432466666666667
2023-11-12 23:00:00,2.3281199999999997
2023-11-13 00:00:00,2.2896
2023-11-13 01:00:00,2.0855816666666667
2023-11-13 02:00:00,2.008356666666667
2023-11-13 03:00:00,2.081915
2023-11-13 04:00:00,2.0396033333333334
2023-11-13 05:00:00,1.9973633333333332
2023-11-13 06:00:00,10.74311
2023-11-13 07:00:00,69.91194999999999
2023-11-13 08:00:00,373.7455
2023-11-13 09:00:00,675.2356666666667
2023-11-13 10:00:00,808.4373333333333
2023-11-13 11:00:00,851.1546666666667
2023-11-13 12:00:00,885.9518333333333
2023-11-13 13:00:00,844.2316666666667
2023-11-13 14:00:00,561.3781666666667
2023-11-13 15:00:00,170.8245
2023-11-13 16:00:00,100.84323333333333
2023-11-13 17:00:00,22.923059000000002
2023-11-13 18:00:00,0.6491135
2023-11-13 19:00:00,0.6583926666666666
2023-11-13 20:00:00,0.6639573333333334
2023-11-13 21:00:00,0.6823634999999999
2023-11-13 22:00:00,0.7007486666666666
2023-11-13 23:00:00,0.7393705
2023-11-14 00:00:00,0.8478911666666666
2023-11-14 01:00:00,0.9306761666666666
2023-11-14 02:00:00,1.0502283333333333
2023-11-14 03:00:00,1.0134776666666665
2023-11-14 04:00:00,0.8074914999999999
2023-11-14 05:00:00,0.7026703333333334
2023-11-14 06:00:00,2.2073423333333335
2023-11-14 07:00:00,23.306118333333334
2023-11-14 08:00:00,80.88658333333333
2023-11-14 09:00:00,187.99783333333335
2023-11-14 10:00:00,299.80033333333336
2023-11-14 11:00:00,339.4748333333334
2023-11-14 12:00:00,250.65316666666666
2023-11-14 13:00:00,534.4081666666667
2023-11-14 14:00:00,592.6558333333334
2023-11-14 15:00:00,343.68483333333336
2023-11-14 16:00:00,115.16118333333334
2023-11-14 17:00:00,14.496575833333333
2023-11-14 18:00:00,0.27215116666666667
2023-11-14 19:00:00,0.6564843333333333
2023-11-14 20:00:00,0.6436846666666667
2023-11-14 21:00:00,0.5885378333333333
2023-11-14 22:00:00,0.5885548333333334
2023-11-14 23:00:00,0.5425854999999999
2023-11-15 00:00:00,0.6253423333333333
2023-11-15 01:00:00,0.662109
2023-11-15 02:00:00,0.6621041666666667
2023-11-15 03:00:00,0.6620923333333334
2023-11-15 04:00:00,0.662089
2023-11-15 05:00:00,0.6620966666666667
2023-11-15 06:00:00,9.061525666666666
2023-11-15 07:00:00,92.81731666666666
2023-11-15 08:00:00,353.4565
2023-11-15 09:00:00,386.2393333333333
2023-11-15 10:00:00,572.3213333333333
2023-11-15 11:00:00,830.51
2023-11-15 12:00:00,883.3788333333334
2023-11-15 13:00:00,758.372
2023-11-15 14:00:00,653.2558333333333
2023-11-15 15:00:00,375.89815
2023-11-15 16:00:00,55.216649999999994
2023-11-15 17:00:00,12.818993333333333
2023-11-15 18:00:00,0.0018388333333333334
2023-11-15 19:00:00,0.0055165
2023-11-15 20:00:00,0.014711499999999999
2023-11-15 21:00:00,0.009194166666666666
2023-11-15 22:00:00,0.0036776666666666668
2023-11-15 23:00:00,0.005516166666666667
2023-11-16 00:00:00,0.0073553333333333335
2023-11-16 01:00:00,0.07907383333333334
2023-11-16 02:00:00,0.16366
2023-11-16 03:00:00,0.2427325
2023-11-16 04:00:00,0.04965133333333334
2023-11-16 05:00:00,0.0073555
2023-11-16 06:00:00,3.5103521666666664
2023-11-16 07:00:00,64.5419
2023-11-16 08:00:00,143.51749999999998
2023-11-16 09:00:00,250.81550000000001
2023-11-16 10:00:00,469.22683333333333
2023-11-16 11:00:00,415.2685
2023-11-16 12:00:00,605.5245
2023-11-16 13:00:00,643.2018333333333
2023-11-16 14:00:00,478.20633333333336
2023-11-16 15:00:00,259.4121666666667
2023-11-16 16:00:00,114.51623333333333
2023-11-16 17:00:00,15.929646
2023-11-16 18:00:00,0.005516833333333334
2023-11-16 19:00:00,0.0
2023-11-16 20:00:00,0.0
2023-11-16 21:00:00,0.029432499999999997
2023-11-16 22:00:00,0.23361366666666666
2023-11-16 23:00:00,0.20234233333333332
2023-11-17 00:00:00,0.10430516666666666
2023-11-17 01:00:00,0.07174516666666667
2023-11-17 02:00:00,0.03863316666666667
2023-11-17 03:00:00,0.0036793333333333335
2023-11-17 04:00:00,0.0
2023-11-17 05:00:00,0.0
2023-11-17 06:00:00,8.373070833333333
2023-11-17 07:00:00,155.3837333333333
2023-11-17 08:00:00,408.64866666666666
2023-11-17 09:00:00,643.2453333333334
2023-11-17 10:00:00,818.6428333333333
2023-11-17 11:00:00,921.6846666666667
2023-11-17 12:00:00,933.8651666666667
2023-11-17 13:00:00,861.0938333333332
2023-11-17 14:00:00,700.1258333333334
2023-11-17 15:00:00,426.68846666666667
2023-11-17 16:00:00,53.78398333333333
2023-11-17 17:00:00,16.198666666666664
2023-11-17 18:00:00,0.0
2023-11-17 19:00:00,0.0
2023-11-17 20:00:00,0.0018395
2023-11-17 21:00:00,0.011037
2023-11-17 22:00:00,0.02943133333333333
2023-11-17 23:00:00,0.07541866666666668
2023-11-18 00:00:00,0.12324533333333333
2023-11-18 01:00:00,0.1066905
2023-11-18 02:00:00,0.04047233333333333
2023-11-18 03:00:00,0.0036793333333333335
2023-11-18 04:00:00,0.0036795000000000005
2023-11-18 05:00:00,0.0
2023-11-18 06:00:00,7.395783166666666
2023-11-18 07:00:00,151.50246666666666
2023-11-18 08:00:00,405.59816666666666
2023-11-18 09:00:00,635.9553333333333
2023-11-18 10:00:00,811.0961666666666
2023-11-18 11:00:00,911.829
2023-11-18 12:00:00,920.4571666666667
2023-11-18 13:00:00,843.283
2023-11-18 14:00:00,676.2683333333333
2023-11-18 15:00:00,402.34378333333336
2023-11-18 16:00:00,54.20483333333333
2023-11-18 17:00:00,16.22472683333333
2023-11-18 18:00:00,0.0
2023-11-18 19:00:00,0.0055179999999999995
2023-11-18 20:00:00,0.012875833333333333
2023-11-18 21:00:00,0.0
2023-11-18 22:00:00,0.0
2023-11-18 23:00:00,0.0
2023-11-19 00:00:00,0.0
2023-11-19 01:00:00,0.003679
2023-11-19 02:00:00,0.005518333333333333
2023-11-19 03:00:00,0.0
2023-11-19 04:00:00,0.0
2023-11-19 05:00:00,0.0
2023-11-19 06:00:00,10.317323166666666
2023-11-19 07:00:00,100.96651666666666
2023-11-19 08:00:00,357.5328333333334
2023-11-19 09:00:00,605.3836666666666
2023-11-19 10:00:00,775.5911666666667
2023-11-19 11:00:00,867.0699999999999
2023-11-19 12:00:00,876.742
2023-11-19 13:00:00,801.3216666666667
2023-11-19 14:00:00,636.19
2023-11-19 15:00:00,367.91428333333334
2023-11-19 16:00:00,77.4381
2023-11-19 17:00:00,16.929362166666667
2023-11-19 18:00:00,0.0
2023-11-19 19:00:00,0.0
2023-11-19 20:00:00,0.0
2023-11-19 21:00:00,0.0
2023-11-19 22:00:00,0.0
2023-11-19 23:00:00,0.0
2023-11-20 00:00:00,0.0
2023-11-20 01:00:00,0.0
2023-11-20 02:00:00,0.0
2023-11-20 03:00:00,0.0
2023-11-20 04:00:00,0.0
2023-11-20 05:00:00,0.0
2023-11-20 06:00:00,7.7768706666666665
2023-11-20 07:00:00,135.06718333333333
2023-11-20 08:00:00,364.8806666666667
2023-11-20 09:00:00,582.7081666666667
2023-11-20 10:00:00,754.8746666666666
2023-11-20 11:00:00,842.6485
2023-11-20 12:00:00,887.2838333333333
2023-11-20 13:00:00,811.6008333333334
2023-11-20 14:00:00,657.8811666666667
2023-11-20 15:00:00,386.5364666666666
2023-11-20 16:00:00,51.78406666666667
2023-11-20 17:00:00,15.4449135
2023-11-20 18:00:00,0.11217033333333333
2023-11-20 19:00:00,0.001839
2023-11-20 20:00:00,0.0
2023-11-20 21:00:00,0.0
2023-11-20 22:00:00,0.0
2023-11-20 23:00:00,0.0
2023-11-21 00:00:00,0.001839
2023-11-21 01:00:00,0.0018391666666666667
2023-11-21 02:00:00,0.0018391666666666667
2023-11-21 03:00:00,0.0073565
2023-11-21 04:00:00,0.0
2023-11-21 05:00:00,0.0
2023-11-21 06:00:00,6.648629666666666
2023-11-21 07:00:00,135.63946666666666
2023-11-21 08:00:00,376.36466666666666
2023-11-21 09:00:00,587.0318333333332
2023-11-21 10:00:00,760.4701666666666
2023-11-21 11:00:00,884.9998333333333
2023-11-21 12:00:00,886.8919999999999
2023-11-21 13:00:00,814.7198333333333
2023-11-21 14:00:00,665.6146666666666
2023-11-21 15:00:00,389.17356666666666
2023-11-21 16:00:00,48.62186666666666
2023-11-21 17:00:00,14.645059
2023-11-21 18:00:00,0.0073553333333333335
2023-11-21 19:00:00,0.0
2023-11-21 20:00:00,0.0
2023-11-21 21:00:00,0.0
2023-11-21 22:00:00,0.0
2023-11-21 23:00:00,0.0
2023-11-22 00:00:00,0.0
2023-11-22 01:00:00,0.0
2023-11-22 02:00:00,0.0
2023-11-22 03:00:00,0.0018391666666666667
2023-11-22 04:00:00,0.0
2023-11-22 05:00:00,0.0
2023-11-22 06:00:00,4.1713846666666665
2023-11-22 07:00:00,114.64253333333333
2023-11-22 08:00:00,369.4571666666667
2023-11-22 09:00:00,598.4208333333333
2023-11-22 10:00:00,763.1591666666667
2023-11-22 11:00:00,865.4431666666666
2023-11-22 12:00:00,879.1636666666667
2023-11-22 13:00:00,803.212
2023-11-22 14:00:00,646.8051666666667
2023-11-22 15:00:00,370.5455
2023-11-22 16:00:00,56.92833333333333
2023-11-22 17:00:00,15.235795166666666
2023-11-22 18:00:00,0.04597066666666667
2023-11-22 19:00:00,0.0
2023-11-22 20:00:00,0.0
2023-11-22 21:00:00,0.0
2023-11-22 22:00:00,0.0
2023-11-22 23:00:00,0.0
2023-11-23 00:00:00,0.0
2023-11-23 01:00:00,0.0
2023-11-23 02:00:00,0.0
2023-11-23 03:00:00,0.0
2023-11-23 04:00:00,0.0
2023-11-23 05:00:00,0.0
2023-11-23 06:00:00,6.870742333333334
2023-11-23 07:00:00,136.80191666666667
2023-11-23 08:00:00,330.91566666666665
2023-11-23 09:00:00,544.6556666666667
2023-11-23 10:00:00,717.2456666666666
2023-11-23 11:00:00,818.3771666666667
2023-11-23 12:00:00,862.7888333333334
2023-11-23 13:00:00,799.7055
2023-11-23 14:00:00,639.7701666666667
2023-11-23 15:00:00,361.34735
2023-11-23 16:00:00,61.39618333333333
2023-11-23 17:00:00,15.2094335
2023-11-23 18:00:00,0.04229
2023-11-23 19:00:00,0.1323945
2023-11-23 20:00:00,0.020227166666666668
2023-11-23 21:00:00,0.001839
2023-11-23 22:00:00,0.0
2023-11-23 23:00:00,0.0
2023-11-24 00:00:00,0.0
2023-11-24 01:00:00,0.0
2023-11-24 02:00:00,0.0
2023-11-24 03:00:00,0.0
2023-11-24 04:00:00,0.0
2023-11-24 05:00:00,0.0
2023-11-24 06:00:00,6.0726485
2023-11-24 07:00:00,128.57415
2023-11-24 08:00:00,381.0331666666667
2023-11-24 09:00:00,582.3786666666667
2023-11-24 10:00:00,755.5949999999999
2023-11-24 11:00:00,845.9601666666666
2023-11-24 12:00:00,853.8283333333333
2023-11-24 13:00:00,623.8439999999999
2023-11-24 14:00:00,520.1650000000001
2023-11-24 15:00:00,315.191
2023-11-24 16:00:00,98.95868333333333
2023-11-24 17:00:00,18.596071666666667
2023-11-24 18:00:00,0.13055566666666665
2023-11-24 19:00:00,0.020227166666666668
2023-11-24 20:00:00,0.0331
2023-11-24 21:00:00,0.058843
2023-11-24 22:00:00,0.027583
2023-11-24 23:00:00,0.014711333333333333
2023-11-25 00:00:00,0.0018388333333333334
2023-11-25 01:00:00,0.0
2023-11-25 02:00:00,0.0
2023-11-25 03:00:00,0.0
2023-11-25 04:00:00,0.0
2023-11-25 05:00:00,0.003678
2023-11-25 06:00:00,4.60145
2023-11-25 07:00:00,111.4858
2023-11-25 08:00:00,356.906
2023-11-25 09:00:00,563.3741666666666
2023-11-25 10:00:00,729.9846666666667
2023-11-25 11:00:00,831.8231666666667
2023-11-25 12:00:00,846.6193333333334
2023-11-25 13:00:00,770.7656666666667
2023-11-25 14:00:00,616.6513333333334
2023-11-25 15:00:00,346.1473
2023-11-25 16:00:00,68.28548333333333
2023-11-25 17:00:00,16.416783166666665
2023-11-25 18:00:00,0.0
2023-11-25 19:00:00,0.0
2023-11-25 20:00:00,0.0018388333333333334
2023-11-25 21:00:00,0.011033
2023-11-25 22:00:00,0.018388333333333333
2023-11-25 23:00:00,0.012871833333333332
2023-11-26 00:00:00,0.0018388333333333334
2023-11-26 01:00:00,0.0
2023-11-26 02:00:00,0.0
2023-11-26 03:00:00,0.0
2023-11-26 04:00:00,0.007356
2023-11-26 05:00:00,0.0754
2023-11-26 06:00:00,4.625616333333332
2023-11-26 07:00:00,120.63596666666668
2023-11-26 08:00:00,360.9223333333333
2023-11-26 09:00:00,569.4221666666667
2023-11-26 10:00:00,731.3905
2023-11-26 11:00:00,827.8823333333333
2023-11-26 12:00:00,837.5751666666667
2023-11-26 13:00:00,761.7528333333333
2023-11-26 14:00:00,609.17
2023-11-26 15:00:00,343.92764999999997
2023-11-26 16:00:00,70.08741666666667
2023-11-26 17:00:00,15.917717833333334
2023-11-26 18:00:00,0.0
2023-11-26 19:00:00,0.0
2023-11-26 20:00:00,0.001839
2023-11-26 21:00:00,0.007356
2023-11-26 22:00:00,0.0
2023-11-26 23:00:00,0.001839
2023-11-27 00:00:00,0.011033999999999999
2023-11-27 01:00:00,0.014712
2023-11-27 02:00:00,0.007356
2023-11-27 03:00:00,0.014712
2023-11-27 04:00:00,0.014712
2023-11-27 05:00:00,0.08643433333333332
2023-11-27 06:00:00,4.7924880000000005
2023-11-27 07:00:00,112.8258
2023-11-27 08:00:00,346.68416666666667
2023-11-27 09:00:00,554.1088333333333
2023-11-27 10:00:00,719.3430000000001
2023-11-27 11:00:00,822.8063333333333
2023-11-27 12:00:00,828.5095
2023-11-27 13:00:00,748.1091666666667
2023-11-27 14:00:00,596.6221666666667
2023-11-27 15:00:00,332.83866666666665
2023-11-27 16:00:00,75.3062
2023-11-27 17:00:00,15.865056333333333
2023-11-27 18:00:00,0.15443566666666667
2023-11-27 19:00:00,0.0
2023-11-27 20:00:00,0.0
2023-11-27 21:00:00,0.0
2023-11-27 22:00:00,0.0
2023-11-27 23:00:00,0.0
2023-11-28 00:00:00,0.0
2023-11-28 01:00:00,0.0
2023-11-28 02:00:00,0.0
2023-11-28 03:00:00,0.0
2023-11-28 04:00:00,0.012872833333333333
2023-11-28 05:00:00,0.0735595
2023-11-28 06:00:00,4.194736666666667
2023-11-28 07:00:00,105.19651666666667
2023-11-28 08:00:00,336.6426666666667
2023-11-28 09:00:00,538.1596666666667
2023-11-28 10:00:00,708.1973333333334
2023-11-28 11:00:00,812.9583333333334
2023-11-28 12:00:00,840.5575
2023-11-28 13:00:00,773.7811666666668
2023-11-28 14:00:00,626.9448333333333
2023-11-28 15:00:00,341.18818333333337
2023-11-28 16:00:00,101.58426666666666
2023-11-28 17:00:00,13.8998555
2023-11-28 18:00:00,0.016548333333333335
2023-11-28 19:00:00,0.0
2023-11-28 20:00:00,0.0
2023-11-28 21:00:00,0.0
2023-11-28 22:00:00,0.0036773333333333332
2023-11-28 23:00:00,0.0018386666666666666
2023-11-29 00:00:00,0.0
2023-11-29 01:00:00,0.0018386666666666666
2023-11-29 02:00:00,0.0
2023-11-29 03:00:00,0.012872999999999999
2023-11-29 04:00:00,0.0570085
2023-11-29 05:00:00,0.005516833333333333
2023-11-29 06:00:00,1.857215
2023-11-29 07:00:00,38.64293333333333
2023-11-29 08:00:00,109.7345
2023-11-29 09:00:00,141.40516666666664
2023-11-29 10:00:00,229.542
2023-11-29 11:00:00,327.3585
2023-11-29 12:00:00,345.9865
2023-11-29 13:00:00,485.0168333333333
2023-11-29 14:00:00,315.2825
2023-11-29 15:00:00,200.26633333333334
2023-11-29 16:00:00,112.67951666666666
2023-11-29 17:00:00,18.678273666666666
2023-11-29 18:00:00,0.20408583333333336
2023-11-29 19:00:00,0.2850025
2023-11-29 20:00:00,0.44129350000000006
2023-11-29 21:00:00,0.5093191666666667
2023-11-29 22:00:00,0.5258708333333334
2023-11-29 23:00:00,0.4743806666666667
2023-11-30 00:00:00,0.41553083333333335
2023-11-30 01:00:00,0.19674033333333335
2023-11-30 02:00:00,0.02390266666666667
2023-11-30 03:00:00,0.0073546666666666665
2023-11-30 04:00:00,0.0036773333333333332
2023-11-30 05:00:00,0.018386
2023-11-30 06:00:00,1.4525421666666667
2023-11-30 07:00:00,41.354040000000005
2023-11-30 08:00:00,191.06266666666667
2023-11-30 09:00:00,284.32533333333333
2023-11-30 10:00:00,415.54816666666665
2023-11-30 11:00:00,453.1125
2023-11-30 12:00:00,633.0416666666666
2023-11-30 13:00:00,465.48499999999996
2023-11-30 14:00:00,517.0713333333333
2023-11-30 15:00:00,306.5646666666667
2023-11-30 16:00:00,74.83128333333335
2023-11-30 17:00:00,2.0769706666666665
2023-11-30 18:00:00,0.034931333333333335
2023-11-30 19:00:00,0.1342155
2023-11-30 20:00:00,0.12319183333333333
2023-11-30 21:00:00,0.101127
2023-11-30 22:00:00,0.06803233333333333
2023-11-30 23:00:00,0.04228916666666667
2023-12-01 00:00:00,0.0275805
2023-12-01 01:00:00,0.012870666666666667
2023-12-01 02:00:00,0.0036773333333333332
2023-12-01 03:00:00,0.0
2023-12-01 04:00:00,0.0
2023-12-01 05:00:00,0.0
2023-12-01 06:00:00,0.8844385
2023-12-01 07:00:00,15.672320000000001
2023-12-01 08:00:00,75.25296666666667
2023-12-01 09:00:00,215.59333333333333
2023-12-01 10:00:00,336.169
2023-12-01 11:00:00,385.62016666666665
2023-12-01 12:00:00,712.4823333333334
2023-12-01 13:00:00,666.1113333333334
2023-12-01 14:00:00,530.717
2023-12-01 15:00:00,326.53748333333334
2023-12-01 16:00:00,72.25295
2023-12-01 17:00:00,18.682334166666667
2023-12-01 18:00:00,0.0
2023-12-01 19:00:00,0.0
2023-12-01 20:00:00,0.0018388333333333334
2023-12-01 21:00:00,0.011033666666666666
2023-12-01 22:00:00,0.058845
2023-12-01 23:00:00,0.11769049999999999
2023-12-02 00:00:00,0.10114033333333333
2023-12-02 01:00:00,0.088268
2023-12-02 02:00:00,0.09378466666666667
2023-12-02 03:00:00,0.06804383333333333
2023-12-02 04:00:00,0.0055175
2023-12-02 05:00:00,0.003678166666666667
2023-12-02 06:00:00,2.309899166666667
2023-12-02 07:00:00,45.10216666666667
2023-12-02 08:00:00,183.99035
2023-12-02 09:00:00,381.4235
2023-12-02 10:00:00,357.3226666666667
2023-12-02 11:00:00,337.44516666666664
2023-12-02 12:00:00,268.44
2023-12-02 13:00:00,308.2323333333333
2023-12-02 14:00:00,292.09133333333335
2023-12-02 15:00:00,194.31883333333332
2023-12-02 16:00:00,67.78893333333333
2023-12-02 17:00:00,16.416347333333334
2023-12-02 18:00:00,0.009194833333333334
2023-12-02 19:00:00,0.0606845
2023-12-02 20:00:00,0.029423333333333333
2023-12-02 21:00:00,0.003678
2023-12-02 22:00:00,0.0
2023-12-02 23:00:00,0.0
2023-12-03 00:00:00,0.0
2023-12-03 01:00:00,0.0
2023-12-03 02:00:00,0.0
2023-12-03 03:00:00,0.0
2023-12-03 04:00:00,0.0
2023-12-03 05:00:00,0.0
2023-12-03 06:00:00,0.6527326666666667
2023-12-03 07:00:00,26.200911666666666
2023-12-03 08:00:00,110.44981666666666
2023-12-03 09:00:00,207.4188333333333
2023-12-03 10:00:00,312.3676666666667
2023-12-03 11:00:00,535.0361666666666
2023-12-03 12:00:00,656.5316666666666
2023-12-03 13:00:00,578.7425000000001
2023-12-03 14:00:00,404.79
2023-12-03 15:00:00,211.76133333333334
2023-12-03 16:00:00,106.35936666666666
2023-12-03 17:00:00,20.31771183333333
2023-12-03 18:00:00,0.016546666666666668
2023-12-03 19:00:00,0.0
2023-12-03 20:00:00,0.0
2023-12-03 21:00:00,0.0
2023-12-03 22:00:00,0.0
2023-12-03 23:00:00,0.0
2023-12-04 00:00:00,0.0
2023-12-04 01:00:00,0.0
2023-12-04 02:00:00,0.0
2023-12-04 03:00:00,0.0
2023-12-04 04:00:00,0.0
2023-12-04 05:00:00,0.0
2023-12-04 06:00:00,0.623352
2023-12-04 07:00:00,16.067330000000002
2023-12-04 08:00:00,84.90748333333333
2023-12-04 09:00:00,258.57300000000004
2023-12-04 10:00:00,403.332
2023-12-04 11:00:00,503.4538333333333
2023-12-04 12:00:00,791.0078333333333
2023-12-04 13:00:00,528.7965
2023-12-04 14:00:00,317.17699999999996
2023-12-04 15:00:00,291.7433333333333
2023-12-04 16:00:00,99.05278333333334
2023-12-04 17:00:00,15.723639499999999
2023-12-04 18:00:00,0.0
2023-12-04 19:00:00,0.0
2023-12-04 20:00:00,0.0
2023-12-04 21:00:00,0.0
2023-12-04 22:00:00,0.0
2023-12-04 23:00:00,0.0
2023-12-05 00:00:00,0.0055165
2023-12-05 01:00:00,0.009194833333333334
2023-12-05 02:00:00,0.007355666666666666
2023-12-05 03:00:00,0.005516833333333333
2023-12-05 04:00:00,0.0018388333333333334
2023-12-05 05:00:00,0.0018388333333333334
2023-12-05 06:00:00,2.6111720000000003
2023-12-05 07:00:00,87.05555
2023-12-05 08:00:00,329.1816666666667
2023-12-05 09:00:00,523.2695
2023-12-05 10:00:00,690.5913333333334
2023-12-05 11:00:00,784.2561666666667
2023-12-05 12:00:00,748.3725
2023-12-05 13:00:00,761.2724999999999
2023-12-05 14:00:00,435.503
2023-12-05 15:00:00,211.81146666666666
2023-12-05 16:00:00,99.88545
2023-12-05 17:00:00,19.326256333333333
2023-12-05 18:00:00,0.0
2023-12-05 19:00:00,0.0
2023-12-05 20:00:00,0.0
2023-12-05 21:00:00,0.0
2023-12-05 22:00:00,0.0147105
2023-12-05 23:00:00,0.02758383333333333
2023-12-06 00:00:00,0.031261
2023-12-06 01:00:00,0.011033166666666667
2023-12-06 02:00:00,0.0018388333333333334
2023-12-06 03:00:00,0.0
2023-12-06 04:00:00,0.0
2023-12-06 05:00:00,0.0
2023-12-06 06:00:00,1.1325775
2023-12-06 07:00:00,22.508015
2023-12-06 08:00:00,83.56406666666666
2023-12-06 09:00:00,126.25071666666666
2023-12-06 10:00:00,128.12925
2023-12-06 11:00:00,169.91933333333333
2023-12-06 12:00:00,236.22933333333333
2023-12-06 13:00:00,263.144
2023-12-06 14:00:00,306.9853333333333
2023-12-06 15:00:00,282.05083333333334
2023-12-06 16:00:00,117.11451666666667
2023-12-06 17:00:00,15.999237833333332
2023-12-06 18:00:00,0.0
2023-12-06 19:00:00,0.029421
2023-12-06 20:00:00,0.09010583333333333
2023-12-06 21:00:00,0.12136266666666667
2023-12-06 22:00:00,0.11952383333333333
2023-12-06 23:00:00,0.08826333333333333
2023-12-07 00:00:00,0.0
2023-12-07 01:00:00,0.0
2023-12-07 02:00:00,0.0
2023-12-07 03:00:00,0.0
2023-12-07 04:00:00,0.0
2023-12-07 05:00:00,0.0
2023-12-07 06:00:00,2.9774499999999997
2023-12-07 07:00:00,104.72976666666666
2023-12-07 08:00:00,351.94516666666664
2023-12-07 09:00:00,558.0266666666666
2023-12-07 10:00:00,719.6696666666667
2023-12-07 11:00:00,820.8648333333333
2023-12-07 12:00:00,840.2248333333333
2023-12-07 13:00:00,780.8786666666667
2023-12-07 14:00:00,635.4705
2023-12-07 15:00:00,334.79060000000004
2023-12-07 16:00:00,45.472033333333336
2023-12-07 17:00:00,14.184083666666668
2023-12-07 18:00:00,0.09745233333333334
2023-12-07 19:00:00,0.0036773333333333332
2023-12-07 20:00:00,0.0
2023-12-07 21:00:00,0.0
2023-12-07 22:00:00,0.0036776666666666668
2023-12-07 23:00:00,0.0
2023-12-08 00:00:00,0.0
2023-12-08 01:00:00,0.0
2023-12-08 02:00:00,0.0
2023-12-08 03:00:00,0.0
2023-12-08 04:00:00,0.0
2023-12-08 05:00:00,0.0
2023-12-08 06:00:00,0.8367623333333333
2023-12-08 07:00:00,57.37035
2023-12-08 08:00:00,327.108
2023-12-08 09:00:00,514.5536666666667
2023-12-08 10:00:00,678.9153333333333
2023-12-08 11:00:00,782.4823333333334
2023-12-08 12:00:00,676.5548333333334
2023-12-08 13:00:00,739.4036666666667
2023-12-08 14:00:00,473.6706666666667
2023-12-08 15:00:00,151.60116666666667
2023-12-08 16:00:00,79.13598333333333
2023-12-08 17:00:00,14.936235333333334
2023-12-08 18:00:00,0.0
2023-12-08 19:00:00,0.0018385
2023-12-08 20:00:00,0.0
2023-12-08 21:00:00,0.0
2023-12-08 22:00:00,0.0
2023-12-08 23:00:00,0.0
2023-12-09 00:00:00,0.0
2023-12-09 01:00:00,0.0
2023-12-09 02:00:00,0.0
2023-12-09 03:00:00,0.0
2023-12-09 04:00:00,0.0
2023-12-09 05:00:00,0.0
2023-12-09 06:00:00,1.4248933333333333
2023-12-09 07:00:00,43.55773666666666
2023-12-09 08:00:00,103.8235
2023-12-09 09:00:00,248.10649999999998
2023-12-09 10:00:00,201.86749999999998
2023-12-09 11:00:00,213.51000000000002
2023-12-09 12:00:00,310.6213333333333
2023-12-09 13:00:00,236.636
2023-12-09 14:00:00,151.80499999999998
2023-12-09 15:00:00,152.7165
2023-12-09 16:00:00,55.01276666666667
2023-12-09 17:00:00,8.120018
2023-12-09 18:00:00,0.058824
2023-12-09 19:00:00,0.0183825
2023-12-09 20:00:00,0.0
2023-12-09 21:00:00,0.0
2023-12-09 22:00:00,0.003676833333333333
2023-12-09 23:00:00,0.0036766666666666666
2023-12-10 00:00:00,0.0018383333333333333
2023-12-10 01:00:00,0.007353333333333333
2023-12-10 02:00:00,0.003677
2023-12-10 03:00:00,0.0
2023-12-10 04:00:00,0.0018385
2023-12-10 05:00:00,0.0
2023-12-10 06:00:00,1.7852041666666667
2023-12-10 07:00:00,66.86256666666667
2023-12-10 08:00:00,286.83903333333336
2023-12-10 09:00:00,439.50783333333334
2023-12-10 10:00:00,420.2948333333333
2023-12-10 11:00:00,595.2803333333334
2023-12-10 12:00:00,859.5233333333333
2023-12-10 13:00:00,630.003
2023-12-10 14:00:00,416.3953333333333
2023-12-10 15:00:00,197.2955
2023-12-10 16:00:00,92.89736666666666
2023-12-10 17:00:00,11.819668166666666
2023-12-10 18:00:00,0.11397083333333334
2023-12-10 19:00:00,0.11948083333333333
2023-12-10 20:00:00,0.0882315
2023-12-10 21:00:00,0.05882133333333333
2023-12-10 22:00:00,0.033088
2023-12-10 23:00:00,0.005514666666666667
2023-12-11 00:00:00,0.0
2023-12-11 01:00:00,0.0
2023-12-11 02:00:00,0.0
2023-12-11 03:00:00,0.0
2023-12-11 04:00:00,0.0
2023-12-11 05:00:00,0.0
2023-12-11 06:00:00,1.3145581666666668
2023-12-11 07:00:00,49.49331666666667
2023-12-11 08:00:00,181.16333333333333
2023-12-11 09:00:00,321.975
2023-12-11 10:00:00,448.349
2023-12-11 11:00:00,545.3771666666667
2023-12-11 12:00:00,575.3081666666666
2023-12-11 13:00:00,616.455
2023-12-11 14:00:00,568.4913333333334
2023-12-11 15:00:00,235.09191666666666
2023-12-11 16:00:00,49.22633333333333
2023-12-11 17:00:00,14.482835833333333
2023-12-11 18:00:00,0.6617473333333332
2023-12-11 19:00:00,0.6764414999999999
2023-12-11 20:00:00,0.8437973333333333
2023-12-11 21:00:00,1.1986925
2023-12-11 22:00:00,1.2630583333333334
2023-12-11 23:00:00,1.2060485
2023-12-12 00:00:00,1.2501833333333334
2023-12-12 01:00:00,1.2079241666666667
2023-12-12 02:00:00,1.0994298333333332
2023-12-12 03:00:00,0.9670785
2023-12-12 04:00:00,0.9137561666666667
2023-12-12 05:00:00,0.8144673333333333
2023-12-12 06:00:00,2.5132328333333334
2023-12-12 07:00:00,81.07236666666667
2023-12-12 08:00:00,310.70799999999997
2023-12-12 09:00:00,505.18283333333335
2023-12-12 10:00:00,662.3718333333333
2023-12-12 11:00:00,760.1548333333334
2023-12-12 12:00:00,780.6183333333333
2023-12-12 13:00:00,724.6026666666668
2023-12-12 14:00:00,579.654
2023-12-12 15:00:00,322.10400000000004
2023-12-12 16:00:00,100.01441666666666
2023-12-12 17:00:00,17.439647166666667
2023-12-12 18:00:00,0.082716
2023-12-12 19:00:00,0.014705333333333332
2023-12-12 20:00:00,0.0
2023-12-12 21:00:00,0.0
2023-12-12 22:00:00,0.0
2023-12-12 23:00:00,0.003677
2023-12-13 00:00:00,0.0018385
2023-12-13 01:00:00,0.0
2023-12-13 02:00:00,0.0055155000000000004
2023-12-13 03:00:00,0.012868833333333333
2023-12-13 04:00:00,0.033091666666666665
2023-12-13 05:00:00,0.0404455
2023-12-13 06:00:00,0.3235535
2023-12-13 07:00:00,6.577543333333334
2023-12-13 08:00:00,28.629665
2023-12-13 09:00:00,47.7702
2023-12-13 10:00:00,99.872
2023-12-13 11:00:00,219.7086666666667
2023-12-13 12:00:00,168.99699999999999
2023-12-13 13:00:00,138.01363333333333
2023-12-13 14:00:00,136.63133333333332
2023-12-13 15:00:00,110.1185
2023-12-13 16:00:00,64.48235
2023-12-13 17:00:00,7.836974666666666
2023-12-13 18:00:00,0.0
2023-12-13 19:00:00,0.005515
2023-12-13 20:00:00,0.018384333333333332
2023-12-13 21:00:00,0.014706833333333332
2023-12-13 22:00:00,0.06802116666666666
2023-12-13 23:00:00,0.07537266666666667
2023-12-14 00:00:00,0.05882966666666667
2023-12-14 01:00:00,0.03676783333333333
2023-12-14 02:00:00,0.034929
2023-12-14 03:00:00,0.13971933333333333
2023-12-14 04:00:00,0.2500293333333333
2023-12-14 05:00:00,0.244511
2023-12-14 06:00:00,1.092019
2023-12-14 07:00:00,32.843583333333335
2023-12-14 08:00:00,109.79243333333334
2023-12-14 09:00:00,178.124
2023-12-14 10:00:00,186.31416666666667
2023-12-14 11:00:00,384.9426666666667
2023-12-14 12:00:00,334.558
2023-12-14 13:00:00,317.4583333333333
2023-12-14 14:00:00,188.26433333333335
2023-12-14 15:00:00,157.47133333333335
2023-12-14 16:00:00,59.17676666666667
2023-12-14 17:00:00,6.666904000000001
2023-12-14 18:00:00,0.5367573333333334
2023-12-14 19:00:00,0.4907938333333333
2023-12-14 20:00:00,0.172796
2023-12-14 21:00:00,0.064345
2023-12-14 22:00:00,0.07721516666666667
2023-12-14 23:00:00,0.09375966666666667
2023-12-15 00:00:00,0.18567433333333336
2023-12-15 01:00:00,0.20772616666666668
2023-12-15 02:00:00,0.16176733333333332
2023-12-15 03:00:00,0.20404383333333334
2023-12-15 04:00:00,0.27573183333333334
2023-12-15 05:00:00,0.2132345
2023-12-15 06:00:00,1.3199101666666666
2023-12-15 07:00:00,45.47313666666666
2023-12-15 08:00:00,220.81966666666668
2023-12-15 09:00:00,538.3435000000001
2023-12-15 10:00:00,479.60516666666666
2023-12-15 11:00:00,649.6155
2023-12-15 12:00:00,738.3275
2023-12-15 13:00:00,741.5888333333334
2023-12-15 14:00:00,602.0856666666666
2023-12-15 15:00:00,341.08916666666664
2023-12-15 16:00:00,139.15698333333333
2023-12-15 17:00:00,20.744358166666665
2023-12-15 18:00:00,0.1360185
2023-12-15 19:00:00,0.0
2023-12-15 20:00:00,0.0018383333333333333
2023-12-15 21:00:00,0.0018381666666666666
2023-12-15 22:00:00,0.0018381666666666666
2023-12-15 23:00:00,0.022058
2023-12-16 00:00:00,0.053307
2023-12-16 01:00:00,0.04779216666666666
2023-12-16 02:00:00,0.04411583333333333
2023-12-16 03:00:00,0.023896166666666666
2023-12-16 04:00:00,0.012867
2023-12-16 05:00:00,0.0018383333333333333
2023-12-16 06:00:00,0.17281000000000002
2023-12-16 07:00:00,26.365026666666665
2023-12-16 08:00:00,195.8122833333333
2023-12-16 09:00:00,220.23133333333334
2023-12-16 10:00:00,676.4661666666667
2023-12-16 11:00:00,537.4136666666667
2023-12-16 12:00:00,784.1875
2023-12-16 13:00:00,517.0033333333333
2023-12-16 14:00:00,228.39416666666665
2023-12-16 15:00:00,129.24201666666667
2023-12-16 16:00:00,44.34433333333333
2023-12-16 17:00:00,7.929491333333333
2023-12-16 18:00:00,0.053333
2023-12-16 19:00:00,0.0
2023-12-16 20:00:00,0.0
2023-12-16 21:00:00,0.0
2023-12-16 22:00:00,0.0036786666666666665
2023-12-16 23:00:00,0.023913499999999997
2023-12-17 00:00:00,0.06438683333333334
2023-12-17 01:00:00,0.08646416666666666
2023-12-17 02:00:00,0.14165433333333333
2023-12-17 03:00:00,0.123258
2023-12-17 04:00:00,0.09566316666666667
2023-12-17 05:00:00,0.06806766666666667
2023-12-17 06:00:00,0.5390411666666667
2023-12-17 07:00:00,23.333505
2023-12-17 08:00:00,79.17311666666666
2023-12-17 09:00:00,131.48908333333333
2023-12-17 10:00:00,273.46183333333335
2023-12-17 11:00:00,411.69899999999996
2023-12-17 12:00:00,363.54016666666666
2023-12-17 13:00:00,294.2246666666667
2023-12-17 14:00:00,197.94733333333335
2023-12-17 15:00:00,116.73575000000001
2023-12-17 16:00:00,49.24661666666667
2023-12-17 17:00:00,8.570780666666668
2023-12-17 18:00:00,0.0055179999999999995
2023-12-17 19:00:00,0.0
2023-12-17 20:00:00,0.0
2023-12-17 21:00:00,0.0
2023-12-17 22:00:00,0.0
2023-12-17 23:00:00,0.0
2023-12-18 00:00:00,0.0055179999999999995
2023-12-18 01:00:00,0.014714333333333333
2023-12-18 02:00:00,0.04414166666666666
2023-12-18 03:00:00,0.07356783333333333
2023-12-18 04:00:00,0.06804983333333334
2023-12-18 05:00:00,0.08644216666666667
2023-12-18 06:00:00,0.46163866666666664
2023-12-18 07:00:00,22.113688333333336
2023-12-18 08:00:00,85.78766666666667
2023-12-18 09:00:00,101.7513
2023-12-18 10:00:00,144.95283333333333
2023-12-18 11:00:00,119.05166666666668
2023-12-18 12:00:00,114.33404999999999
2023-12-18 13:00:00,96.10456666666667
2023-12-18 14:00:00,79.10076666666667
2023-12-18 15:00:00,54.44401666666667
2023-12-18 16:00:00,43.8744
2023-12-18 17:00:00,6.387958833333333
2023-12-18 18:00:00,0.0
2023-12-18 19:00:00,0.0
2023-12-18 20:00:00,0.0
2023-12-18 21:00:00,0.0
2023-12-18 22:00:00,0.0
2023-12-18 23:00:00,0.0
2023-12-19 00:00:00,0.0
2023-12-19 01:00:00,0.0
2023-12-19 02:00:00,0.0
2023-12-19 03:00:00,0.0
2023-12-19 04:00:00,0.0
2023-12-19 05:00:00,0.0
2023-12-19 06:00:00,0.4229465
2023-12-19 07:00:00,24.639223333333334
2023-12-19 08:00:00,98.69701666666667
2023-12-19 09:00:00,150.87683333333334
2023-12-19 10:00:00,214.87133333333335
2023-12-19 11:00:00,329.909
2023-12-19 12:00:00,356.86949999999996
2023-12-19 13:00:00,498.3558333333333
2023-12-19 14:00:00,589.275
2023-12-19 15:00:00,356.68735000000004
2023-12-19 16:00:00,56.42256666666666
2023-12-19 17:00:00,16.003891499999998
2023-12-19 18:00:00,0.011033999999999999
2023-12-19 19:00:00,0.045978
2023-12-19 20:00:00,0.08460050000000001
2023-12-19 21:00:00,0.04965683333333334
2023-12-19 22:00:00,0.08460233333333335
2023-12-19 23:00:00,0.049659833333333334
2023-12-20 00:00:00,0.007357333333333333
2023-12-20 01:00:00,0.0018393333333333332
2023-12-20 02:00:00,0.0
2023-12-20 03:00:00,0.0
2023-12-20 04:00:00,0.0
2023-12-20 05:00:00,0.0
2023-12-20 06:00:00,0.3734175
2023-12-20 07:00:00,23.381301666666666
2023-12-20 08:00:00,91.34896666666667
2023-12-20 09:00:00,156.0045
2023-12-20 10:00:00,200.47266666666667
2023-12-20 11:00:00,248.17016666666666
2023-12-20 12:00:00,319.27066666666667
2023-12-20 13:00:00,305.0191666666667
2023-12-20 14:00:00,215.55633333333333
2023-12-20 15:00:00,201.3445
2023-12-20 16:00:00,97.91931666666666
2023-12-20 17:00:00,17.18542933333333
2023-12-20 18:00:00,0.13058066666666665
2023-12-20 19:00:00,0.0
2023-12-20 20:00:00,0.0073585000000000005
2023-12-20 21:00:00,0.12509866666666666
2023-12-20 22:00:00,0.04967216666666666
2023-12-20 23:00:00,0.0036795000000000005
2023-12-21 00:00:00,0.0
2023-12-21 01:00:00,0.00184
2023-12-21 02:00:00,0.029437500000000002
2023-12-21 03:00:00,0.09750683333333333
2023-12-21 04:00:00,0.12326100000000001
2023-12-21 05:00:00,0.14534066666666667
2023-12-21 06:00:00,0.3532366666666667
2023-12-21 07:00:00,20.71793166666667
2023-12-21 08:00:00,66.90155
2023-12-21 09:00:00,142.93676666666667
2023-12-21 10:00:00,187.0656666666667
2023-12-21 11:00:00,212.5245
2023-12-21 12:00:00,224.24916666666667
2023-12-21 13:00:00,253.0345
2023-12-21 14:00:00,217.87199999999999
2023-12-21 15:00:00,122.43463333333334
2023-12-21 16:00:00,59.2955
2023-12-21 17:00:00,12.9779335
2023-12-21 18:00:00,0.0
2023-12-21 19:00:00,0.014717833333333335
2023-12-21 20:00:00,0.0846265
2023-12-21 21:00:00,0.13981866666666667
2023-12-21 22:00:00,0.13798216666666668
2023-12-21 23:00:00,0.12326666666666666
2023-12-22 00:00:00,0.11222783333333333
2023-12-22 01:00:00,0.11038750000000001
2023-12-22 02:00:00,0.12510483333333333
2023-12-22 03:00:00,0.08279216666666667
2023-12-22 04:00:00,0.09015166666666667
2023-12-22 05:00:00,0.04415633333333333
2023-12-22 06:00:00,0.24102116666666668
2023-12-22 07:00:00,32.088251666666665
2023-12-22 08:00:00,113.61758333333334
2023-12-22 09:00:00,286.8926666666667
2023-12-22 10:00:00,285.2151666666667
2023-12-22 11:00:00,388.9266666666666
2023-12-22 12:00:00,276.293
2023-12-22 13:00:00,282.98516666666666
2023-12-22 14:00:00,280.71733333333333
2023-12-22 15:00:00,337.2155
2023-12-22 16:00:00,104.62688333333334
2023-12-22 17:00:00,14.368941333333334
2023-12-22 18:00:00,0.007358166666666667
2023-12-22 19:00:00,0.0
2023-12-22 20:00:00,0.0
2023-12-22 21:00:00,0.0
2023-12-22 22:00:00,0.0
2023-12-22 23:00:00,0.0
2023-12-23 00:00:00,0.0
2023-12-23 01:00:00,0.0
2023-12-23 02:00:00,0.0
2023-12-23 03:00:00,0.0
2023-12-23 04:00:00,0.0
2023-12-23 05:00:00,0.0
2023-12-23 06:00:00,0.06990933333333334
2023-12-23 07:00:00,7.990132666666667
2023-12-23 08:00:00,40.655166666666666
2023-12-23 09:00:00,105.03058333333334
2023-12-23 10:00:00,250.69855
2023-12-23 11:00:00,350.6358333333334
2023-12-23 12:00:00,249.79483333333334
2023-12-23 13:00:00,419.90766666666667
2023-12-23 14:00:00,257.6535
2023-12-23 15:00:00,370.12483333333336
2023-12-23 16:00:00,107.38266666666667
2023-12-23 17:00:00,23.856897166666666
2023-12-23 18:00:00,0.007358
2023-12-23 19:00:00,0.0
2023-12-23 20:00:00,0.0018396666666666668
2023-12-23 21:00:00,0.04047433333333333
2023-12-23 22:00:00,0.066233
2023-12-23 23:00:00,0.08463
2023-12-24 00:00:00,0.08095116666666667
2023-12-24 01:00:00,0.10486933333333333
2023-12-24 02:00:00,0.13062533333333332
2023-12-24 03:00:00,0.130626
2023-12-24 04:00:00,0.1287865
2023-12-24 05:00:00,0.14902516666666668
2023-12-24 06:00:00,0.6237046666666667
2023-12-24 07:00:00,63.783008333333335
2023-12-24 08:00:00,297.0365
2023-12-24 09:00:00,502.704
2023-12-24 10:00:00,661.914
2023-12-24 11:00:00,773.2005
2023-12-24 12:00:00,808.8751666666667
2023-12-24 13:00:00,760.1916666666667
2023-12-24 14:00:00,629.5805
2023-12-24 15:00:00,365.03856666666667
2023-12-24 16:00:00,63.73501666666667
2023-12-24 17:00:00,21.062243333333335
2023-12-24 18:00:00,0.12505916666666667
2023-12-24 19:00:00,0.04965783333333333
2023-12-24 20:00:00,0.0018391666666666667
2023-12-24 21:00:00,0.0
2023-12-24 22:00:00,0.0
2023-12-24 23:00:00,0.0
2023-12-25 00:00:00,0.0
2023-12-25 01:00:00,0.0
2023-12-25 02:00:00,0.0
2023-12-25 03:00:00,0.0
2023-12-25 04:00:00,0.0
2023-12-25 05:00:00,0.0
2023-12-25 06:00:00,0.7413281666666667
2023-12-25 07:00:00,66.40202500000001
2023-12-25 08:00:00,293.52183333333335
2023-12-25 09:00:00,512.9254999999999
2023-12-25 10:00:00,677.9140000000001
2023-12-25 11:00:00,785.3115
2023-12-25 12:00:00,823.9031666666667
2023-12-25 13:00:00,775.4546666666666
2023-12-25 14:00:00,621.0341666666667
2023-12-25 15:00:00,382.54841666666664
2023-12-25 16:00:00,72.83435
2023-12-25 17:00:00,24.195618333333336
2023-12-25 18:00:00,0.182064
2023-12-25 19:00:00,0.018391666666666664
2023-12-25 20:00:00,0.0
2023-12-25 21:00:00,0.0
2023-12-25 22:00:00,0.0
2023-12-25 23:00:00,0.0036786666666666665
2023-12-26 00:00:00,0.011035999999999999
2023-12-26 01:00:00,0.018392833333333334
2023-12-26 02:00:00,0.06437333333333334
2023-12-26 03:00:00,0.09931816666666667
2023-12-26 04:00:00,0.038625
2023-12-26 05:00:00,0.03678633333333334
2023-12-26 06:00:00,0.6529281666666666
2023-12-26 07:00:00,31.02823
2023-12-26 08:00:00,53.48966666666667
2023-12-26 09:00:00,156.14271666666667
2023-12-26 10:00:00,377.12166666666667
2023-12-26 11:00:00,684.0165
2023-12-26 12:00:00,505.2361666666667
2023-12-26 13:00:00,752.4756666666667
2023-12-26 14:00:00,602.1828333333334
2023-12-26 15:00:00,365.93868333333336
2023-12-26 16:00:00,62.5803
2023-12-26 17:00:00,20.107492333333333
2023-12-26 18:00:00,0.04781066666666667
2023-12-26 19:00:00,0.03126383333333333
2023-12-26 20:00:00,0.05701183333333334
2023-12-26 21:00:00,0.045977000000000004
2023-12-26 22:00:00,0.0
2023-12-26 23:00:00,0.0
2023-12-27 00:00:00,0.0
2023-12-27 01:00:00,0.0
2023-12-27 02:00:00,0.0
2023-12-27 03:00:00,0.0
2023-12-27 04:00:00,0.0
2023-12-27 05:00:00,0.0
2023-12-27 06:00:00,0.16732950000000002
2023-12-27 07:00:00,34.424465000000005
2023-12-27 08:00:00,90.33551666666668
2023-12-27 09:00:00,202.1725
2023-12-27 10:00:00,471.25933333333336
2023-12-27 11:00:00,606.4208333333333
2023-12-27 12:00:00,545.8473333333334
2023-12-27 13:00:00,424.55766666666665
2023-12-27 14:00:00,299.025
2023-12-27 15:00:00,157.05021666666664
2023-12-27 16:00:00,53.767849999999996
2023-12-27 17:00:00,6.395705666666667
2023-12-27 18:00:00,0.1158255
2023-12-27 19:00:00,0.011032000000000002
2023-12-27 20:00:00,0.0
2023-12-27 21:00:00,0.0
2023-12-27 22:00:00,0.005516000000000001
2023-12-27 23:00:00,0.02022533333333333
2023-12-28 00:00:00,0.005516000000000001
2023-12-28 01:00:00,0.0
2023-12-28 02:00:00,0.0018386666666666666
2023-12-28 03:00:00,0.0
2023-12-28 04:00:00,0.0
2023-12-28 05:00:00,0.0
2023-12-28 06:00:00,0.259268
2023-12-28 07:00:00,26.965030000000002
2023-12-28 08:00:00,119.1088
2023-12-28 09:00:00,228.87116666666668
2023-12-28 10:00:00,533.7686666666666
2023-12-28 11:00:00,754.7216666666667
2023-12-28 12:00:00,652.9458333333333
2023-12-28 13:00:00,713.5793333333334
2023-12-28 14:00:00,344.27816666666666
2023-12-28 15:00:00,248.3455
2023-12-28 16:00:00,134.07463333333334
2023-12-28 17:00:00,28.353906666666667
2023-12-28 18:00:00,0.18935233333333334
2023-12-28 19:00:00,0.009193166666666667
2023-12-28 20:00:00,0.0
2023-12-28 21:00:00,0.0
2023-12-28 22:00:00,0.0
2023-12-28 23:00:00,0.0
2023-12-29 00:00:00,0.0
2023-12-29 01:00:00,0.0
2023-12-29 02:00:00,0.0
2023-12-29 03:00:00,0.0
2023-12-29 04:00:00,0.0
2023-12-29 05:00:00,0.0
2023-12-29 06:00:00,0.5718583333333334
2023-12-29 07:00:00,39.978073333333334
2023-12-29 08:00:00,136.79903333333334
2023-12-29 09:00:00,341.33656666666667
2023-12-29 10:00:00,530.8723333333334
2023-12-29 11:00:00,563.8796666666666
2023-12-29 12:00:00,617.1935
2023-12-29 13:00:00,572.1721666666667
2023-12-29 14:00:00,547.8418333333334
2023-12-29 15:00:00,293.7895
2023-12-29 16:00:00,89.19274999999999
2023-12-29 17:00:00,24.878278333333334
2023-12-29 18:00:00,0.128691
2023-12-29 19:00:00,0.0073546666666666665
2023-12-29 20:00:00,0.0
2023-12-29 21:00:00,0.0
2023-12-29 22:00:00,0.0
2023-12-29 23:00:00,0.0
2023-12-30 00:00:00,0.0
2023-12-30 01:00:00,0.0
2023-12-30 02:00:00,0.0
2023-12-30 03:00:00,0.0
2023-12-30 04:00:00,0.0
2023-12-30 05:00:00,0.0
2023-12-30 06:00:00,0.3309651666666667
2023-12-30 07:00:00,49.10901333333333
2023-12-30 08:00:00,280.7633333333333
2023-12-30 09:00:00,510.27833333333336
2023-12-30 10:00:00,639.7479999999999
2023-12-30 11:00:00,562.2256666666667
2023-12-30 12:00:00,649.7613333333334
2023-12-30 13:00:00,487.7763333333333
2023-12-30 14:00:00,435.2448333333333
2023-12-30 15:00:00,298.78683333333333
2023-12-30 16:00:00,133.0923
2023-12-30 17:00:00,40.923631666666665
2023-12-30 18:00:00,0.08087916666666667
2023-12-30 19:00:00,0.01103
2023-12-30 20:00:00,0.04779666666666667
2023-12-30 21:00:00,0.11949283333333334
2023-12-30 22:00:00,0.1268545
2023-12-30 23:00:00,0.108465
2023-12-31 00:00:00,0.14339783333333334
2023-12-31 01:00:00,0.14340333333333335
2023-12-31 02:00:00,0.10663133333333333
2023-12-31 03:00:00,0.15443449999999997
2023-12-31 04:00:00,0.07538216666666668
2023-12-31 05:00:00,0.0018386666666666666
2023-12-31 06:00:00,0.49274533333333337
2023-12-31 07:00:00,58.16137666666667
2023-12-31 08:00:00,292.7563333333334
2023-12-31 09:00:00,500.59083333333336
2023-12-31 10:00:00,654.2926666666666
2023-12-31 11:00:00,769.7541666666667
2023-12-31 12:00:00,779.365
2023-12-31 13:00:00,757.8208333333333
2023-12-31 14:00:00,637.6556666666667
2023-12-31 15:00:00,389.1048333333334
2023-12-31 16:00:00,124.88541666666667
2023-12-31 17:00:00,22.458545
2023-12-31 18:00:00,0.1727695
2023-12-31 19:00:00,0.0
2023-12-31 20:00:00,0.0018383333333333333
2023-12-31 21:00:00,0.161772
2023-12-31 22:00:00,0.038608166666666666
2023-12-31 23:00:00,0.0
