Time,Solar_Energy
2021-06-01 00:00:00,0.0
2021-06-01 01:00:00,0.0
2021-06-01 02:00:00,0.0
2021-06-01 03:00:00,0.0
2021-06-01 04:00:00,0.0
2021-06-01 05:00:00,0.0
2021-06-01 06:00:00,0.16399999999999998
2021-06-01 07:00:00,1.255
2021-06-01 08:00:00,1.592
2021-06-01 09:00:00,1.33
2021-06-01 10:00:00,2.13
2021-06-01 11:00:00,9.564
2021-06-01 12:00:00,8.815
2021-06-01 13:00:00,10.822
2021-06-01 14:00:00,2.528
2021-06-01 15:00:00,2.134
2021-06-01 16:00:00,1.0899999999999999
2021-06-01 17:00:00,0.0
2021-06-01 18:00:00,0.0
2021-06-01 19:00:00,0.0
2021-06-01 20:00:00,0.0
2021-06-01 21:00:00,0.0
2021-06-01 22:00:00,0.0
2021-06-01 23:00:00,0.0
2021-06-02 00:00:00,0.0
2021-06-02 01:00:00,0.0
2021-06-02 02:00:00,0.0
2021-06-02 03:00:00,0.0
2021-06-02 04:00:00,0.0
2021-06-02 05:00:00,0.003
2021-06-02 06:00:00,1.075
2021-06-02 07:00:00,1.566
2021-06-02 08:00:00,4.717
2021-06-02 09:00:00,13.227
2021-06-02 10:00:00,18.635
2021-06-02 11:00:00,16.48
2021-06-02 12:00:00,10.146
2021-06-02 13:00:00,12.95
2021-06-02 14:00:00,6.703
2021-06-02 15:00:00,3.799
2021-06-02 16:00:00,4.211
2021-06-02 17:00:00,3.062
2021-06-02 18:00:00,0.601
2021-06-02 19:00:00,0.0
2021-06-02 20:00:00,0.0
2021-06-02 21:00:00,0.0
2021-06-02 22:00:00,0.0
2021-06-02 23:00:00,0.0
2021-06-03 00:00:00,0.0
2021-06-03 01:00:00,0.0
2021-06-03 02:00:00,0.0
2021-06-03 03:00:00,0.0
2021-06-03 04:00:00,0.0
2021-06-03 05:00:00,0.0
2021-06-03 06:00:00,1.359
2021-06-03 07:00:00,5.202
2021-06-03 08:00:00,17.386
2021-06-03 09:00:00,14.375
2021-06-03 10:00:00,18.015
2021-06-03 11:00:00,27.306
2021-06-03 12:00:00,27.939
2021-06-03 13:00:00,26.696
2021-06-03 14:00:00,22.359
2021-06-03 15:00:00,18.173000000000002
2021-06-03 16:00:00,11.098
2021-06-03 17:00:00,3.752
2021-06-03 18:00:00,0.639
2021-06-03 19:00:00,0.0
2021-06-03 20:00:00,0.0
2021-06-03 21:00:00,0.0
2021-06-03 22:00:00,0.0
2021-06-03 23:00:00,0.0
2021-06-04 00:00:00,0.0
2021-06-04 01:00:00,0.0
2021-06-04 02:00:00,0.0
2021-06-04 03:00:00,0.0
2021-06-04 04:00:00,0.0
2021-06-04 05:00:00,0.002
2021-06-04 06:00:00,1.1920000000000002
2021-06-04 07:00:00,2.392
2021-06-04 08:00:00,4.868
2021-06-04 09:00:00,8.64
2021-06-04 10:00:00,10.629999999999999
2021-06-04 11:00:00,7.992
2021-06-04 12:00:00,11.512
2021-06-04 13:00:00,11.035
2021-06-04 14:00:00,13.236
2021-06-04 15:00:00,10.904
2021-06-04 16:00:00,8.495000000000001
2021-06-04 17:00:00,3.88
2021-06-04 18:00:00,1.2289999999999999
2021-06-04 19:00:00,0.0
2021-06-04 20:00:00,0.0
2021-06-04 21:00:00,0.0
2021-06-04 22:00:00,0.0
2021-06-04 23:00:00,0.0
2021-06-05 00:00:00,0.0
2021-06-05 01:00:00,0.0
2021-06-05 02:00:00,0.0
2021-06-05 03:00:00,0.0
2021-06-05 04:00:00,0.0
2021-06-05 05:00:00,0.0
2021-06-05 06:00:00,0.64
2021-06-05 07:00:00,3.121
2021-06-05 08:00:00,9.086
2021-06-05 09:00:00,5.535
2021-06-05 10:00:00,8.794
2021-06-05 11:00:00,15.977
2021-06-05 12:00:00,18.851
2021-06-05 13:00:00,11.589
2021-06-05 14:00:00,12.315000000000001
2021-06-05 15:00:00,4.564
2021-06-05 16:00:00,7.075
2021-06-05 17:00:00,5.4350000000000005
2021-06-05 18:00:00,1.968
2021-06-05 19:00:00,0.003
2021-06-05 20:00:00,0.0
2021-06-05 21:00:00,0.0
2021-06-05 22:00:00,0.0
2021-06-05 23:00:00,0.0
2021-06-06 00:00:00,0.0
2021-06-06 01:00:00,0.0
2021-06-06 02:00:00,0.0
2021-06-06 03:00:00,0.0
2021-06-06 04:00:00,0.0
2021-06-06 05:00:00,0.015
2021-06-06 06:00:00,1.344
2021-06-06 07:00:00,6.731
2021-06-06 08:00:00,14.309000000000001
2021-06-06 09:00:00,13.461
2021-06-06 10:00:00,7.051
2021-06-06 11:00:00,10.855
2021-06-06 12:00:00,7.761
2021-06-06 13:00:00,12.253
2021-06-06 14:00:00,11.411999999999999
2021-06-06 15:00:00,14.626999999999999
2021-06-06 16:00:00,10.616
2021-06-06 17:00:00,3.499
2021-06-06 18:00:00,0.364
2021-06-06 19:00:00,0.0
2021-06-06 20:00:00,0.0
2021-06-06 21:00:00,0.0
2021-06-06 22:00:00,0.0
2021-06-06 23:00:00,0.0
2021-06-07 00:00:00,0.0
2021-06-07 01:00:00,0.0
2021-06-07 02:00:00,0.0
2021-06-07 03:00:00,0.0
2021-06-07 04:00:00,0.0
2021-06-07 05:00:00,0.0
2021-06-07 06:00:00,0.419
2021-06-07 07:00:00,1.8450000000000002
2021-06-07 08:00:00,5.079
2021-06-07 09:00:00,7.981999999999999
2021-06-07 10:00:00,9.181000000000001
2021-06-07 11:00:00,18.426000000000002
2021-06-07 12:00:00,20.792
2021-06-07 13:00:00,22.786
2021-06-07 14:00:00,17.392
2021-06-07 15:00:00,10.089
2021-06-07 16:00:00,5.997
2021-06-07 17:00:00,2.632
2021-06-07 18:00:00,0.523
2021-06-07 19:00:00,0.0
2021-06-07 20:00:00,0.0
2021-06-07 21:00:00,0.0
2021-06-07 22:00:00,0.0
2021-06-07 23:00:00,0.0
2021-06-08 00:00:00,0.0
2021-06-08 01:00:00,0.0
2021-06-08 02:00:00,0.0
2021-06-08 03:00:00,0.0
2021-06-08 04:00:00,0.0
2021-06-08 05:00:00,0.0
2021-06-08 06:00:00,0.579
2021-06-08 07:00:00,4.414
2021-06-08 08:00:00,8.546
2021-06-08 09:00:00,17.194000000000003
2021-06-08 10:00:00,19.403
2021-06-08 11:00:00,26.189
2021-06-08 12:00:00,27.149
2021-06-08 13:00:00,24.425
2021-06-08 14:00:00,21.319
2021-06-08 15:00:00,16.167
2021-06-08 16:00:00,6.919
2021-06-08 17:00:00,3.349
2021-06-08 18:00:00,1.2770000000000001
2021-06-08 19:00:00,0.0
2021-06-08 20:00:00,0.0
2021-06-08 21:00:00,0.0
2021-06-08 22:00:00,0.0
2021-06-08 23:00:00,0.0
2021-06-09 00:00:00,0.0
2021-06-09 01:00:00,0.0
2021-06-09 02:00:00,0.0
2021-06-09 03:00:00,0.0
2021-06-09 04:00:00,0.0
2021-06-09 05:00:00,0.0
2021-06-09 06:00:00,0.037
2021-06-09 07:00:00,0.76
2021-06-09 08:00:00,2.941
2021-06-09 09:00:00,10.529
2021-06-09 10:00:00,10.625
2021-06-09 11:00:00,9.725
2021-06-09 12:00:00,13.488
2021-06-09 13:00:00,18.423000000000002
2021-06-09 14:00:00,20.016000000000002
2021-06-09 15:00:00,14.874
2021-06-09 16:00:00,10.603
2021-06-09 17:00:00,4.369
2021-06-09 18:00:00,0.527
2021-06-09 19:00:00,0.0
2021-06-09 20:00:00,0.0
2021-06-09 21:00:00,0.0
2021-06-09 22:00:00,0.0
2021-06-09 23:00:00,0.0
2021-06-10 00:00:00,0.0
2021-06-10 01:00:00,0.0
2021-06-10 02:00:00,0.0
2021-06-10 03:00:00,0.0
2021-06-10 04:00:00,0.0
2021-06-10 05:00:00,0.0
2021-06-10 06:00:00,0.7030000000000001
2021-06-10 07:00:00,4.901
2021-06-10 08:00:00,4.675
2021-06-10 09:00:00,6.1370000000000005
2021-06-10 10:00:00,9.291
2021-06-10 11:00:00,15.34
2021-06-10 12:00:00,22.156000000000002
2021-06-10 13:00:00,25.821
2021-06-10 14:00:00,24.975
2021-06-10 15:00:00,16.424
2021-06-10 16:00:00,8.445
2021-06-10 17:00:00,5.1690000000000005
2021-06-10 18:00:00,0.509
2021-06-10 19:00:00,0.0
2021-06-10 20:00:00,0.0
2021-06-10 21:00:00,0.0
2021-06-10 22:00:00,0.0
2021-06-10 23:00:00,0.0
2021-06-11 00:00:00,0.0
2021-06-11 01:00:00,0.0
2021-06-11 02:00:00,0.0
2021-06-11 03:00:00,0.0
2021-06-11 04:00:00,0.0
2021-06-11 05:00:00,0.0
2021-06-11 06:00:00,1.3210000000000002
2021-06-11 07:00:00,6.586
2021-06-11 08:00:00,7.175
2021-06-11 09:00:00,13.365
2021-06-11 10:00:00,5.095
2021-06-11 11:00:00,16.593
2021-06-11 12:00:00,15.354
2021-06-11 13:00:00,21.976
2021-06-11 14:00:00,24.097
2021-06-11 15:00:00,12.111
2021-06-11 16:00:00,8.786999999999999
2021-06-11 17:00:00,2.856
2021-06-11 18:00:00,0.445
2021-06-11 19:00:00,0.0
2021-06-11 20:00:00,0.0
2021-06-11 21:00:00,0.0
2021-06-11 22:00:00,0.0
2021-06-11 23:00:00,0.0
2021-06-12 00:00:00,0.0
2021-06-12 01:00:00,0.0
2021-06-12 02:00:00,0.0
2021-06-12 03:00:00,0.0
2021-06-12 04:00:00,0.0
2021-06-12 05:00:00,0.005
2021-06-12 06:00:00,0.534
2021-06-12 07:00:00,2.2199999999999998
2021-06-12 08:00:00,7.214
2021-06-12 09:00:00,13.23
2021-06-12 10:00:00,1.7449999999999999
2021-06-12 11:00:00,3.614
2021-06-12 12:00:00,8.888
2021-06-12 13:00:00,10.504000000000001
2021-06-12 14:00:00,7.324
2021-06-12 15:00:00,5.559
2021-06-12 16:00:00,3.461
2021-06-12 17:00:00,1.931
2021-06-12 18:00:00,1.032
2021-06-12 19:00:00,0.0
2021-06-12 20:00:00,0.0
2021-06-12 21:00:00,0.0
2021-06-12 22:00:00,0.0
2021-06-12 23:00:00,0.0
2021-06-13 00:00:00,0.0
2021-06-13 01:00:00,0.0
2021-06-13 02:00:00,0.0
2021-06-13 03:00:00,0.0
2021-06-13 04:00:00,0.0
2021-06-13 05:00:00,0.0
2021-06-13 06:00:00,0.387
2021-06-13 07:00:00,1.432
2021-06-13 08:00:00,4.213
2021-06-13 09:00:00,3.321
2021-06-13 10:00:00,8.021
2021-06-13 11:00:00,12.623000000000001
2021-06-13 12:00:00,6.8100000000000005
2021-06-13 13:00:00,10.054
2021-06-13 14:00:00,11.924
2021-06-13 15:00:00,6.13
2021-06-13 16:00:00,5.384
2021-06-13 17:00:00,3.8899999999999997
2021-06-13 18:00:00,0.518
2021-06-13 19:00:00,0.0
2021-06-13 20:00:00,0.0
2021-06-13 21:00:00,0.0
2021-06-13 22:00:00,0.0
2021-06-13 23:00:00,0.0
2021-06-14 00:00:00,0.0
2021-06-14 01:00:00,0.0
2021-06-14 02:00:00,0.0
2021-06-14 03:00:00,0.0
2021-06-14 04:00:00,0.0
2021-06-14 05:00:00,0.026
2021-06-14 06:00:00,1.35
2021-06-14 07:00:00,10.756
2021-06-14 08:00:00,9.445
2021-06-14 09:00:00,14.987
2021-06-14 10:00:00,18.052
2021-06-14 11:00:00,10.606
2021-06-14 12:00:00,10.365
2021-06-14 13:00:00,14.478
2021-06-14 14:00:00,13.116
2021-06-14 15:00:00,10.614
2021-06-14 16:00:00,5.774
2021-06-14 17:00:00,3.9
2021-06-14 18:00:00,1.032
2021-06-14 19:00:00,0.0
2021-06-14 20:00:00,0.0
2021-06-14 21:00:00,0.0
2021-06-14 22:00:00,0.0
2021-06-14 23:00:00,0.0
2021-06-15 00:00:00,0.0
2021-06-15 01:00:00,0.0
2021-06-15 02:00:00,0.0
2021-06-15 03:00:00,0.0
2021-06-15 04:00:00,0.0
2021-06-15 05:00:00,0.037
2021-06-15 06:00:00,0.74
2021-06-15 07:00:00,1.437
2021-06-15 08:00:00,10.431000000000001
2021-06-15 09:00:00,19.771
2021-06-15 10:00:00,13.698
2021-06-15 11:00:00,22.84
2021-06-15 12:00:00,20.234
2021-06-15 13:00:00,14.815
2021-06-15 14:00:00,11.297
2021-06-15 15:00:00,8.814
2021-06-15 16:00:00,5.587
2021-06-15 17:00:00,2.645
2021-06-15 18:00:00,1.08
2021-06-15 19:00:00,0.0
2021-06-15 20:00:00,0.0
2021-06-15 21:00:00,0.0
2021-06-15 22:00:00,0.0
2021-06-15 23:00:00,0.0
2021-06-16 00:00:00,0.0
2021-06-16 01:00:00,0.0
2021-06-16 02:00:00,0.0
2021-06-16 03:00:00,0.0
2021-06-16 04:00:00,0.0
2021-06-16 05:00:00,0.026
2021-06-16 06:00:00,1.326
2021-06-16 07:00:00,5.3420000000000005
2021-06-16 08:00:00,10.688
2021-06-16 09:00:00,17.812
2021-06-16 10:00:00,15.14
2021-06-16 11:00:00,14.458
2021-06-16 12:00:00,19.378
2021-06-16 13:00:00,15.367
2021-06-16 14:00:00,15.059
2021-06-16 15:00:00,13.327
2021-06-16 16:00:00,4.936
2021-06-16 17:00:00,1.766
2021-06-16 18:00:00,0.29000000000000004
2021-06-16 19:00:00,0.0
2021-06-16 20:00:00,0.0
2021-06-16 21:00:00,0.0
2021-06-16 22:00:00,0.0
2021-06-16 23:00:00,0.0
2021-06-17 00:00:00,0.0
2021-06-17 01:00:00,0.0
2021-06-17 02:00:00,0.0
2021-06-17 03:00:00,0.0
2021-06-17 04:00:00,0.0
2021-06-17 05:00:00,0.006
2021-06-17 06:00:00,1.709
2021-06-17 07:00:00,5.91
2021-06-17 08:00:00,6.888
2021-06-17 09:00:00,19.937
2021-06-17 10:00:00,18.327
2021-06-17 11:00:00,13.857
2021-06-17 12:00:00,15.827
2021-06-17 13:00:00,13.964
2021-06-17 14:00:00,14.924
2021-06-17 15:00:00,12.498000000000001
2021-06-17 16:00:00,6.961
2021-06-17 17:00:00,2.326
2021-06-17 18:00:00,0.481
2021-06-17 19:00:00,0.0
2021-06-17 20:00:00,0.0
2021-06-17 21:00:00,0.0
2021-06-17 22:00:00,0.0
2021-06-17 23:00:00,0.0
2021-06-18 00:00:00,0.0
2021-06-18 01:00:00,0.0
2021-06-18 02:00:00,0.0
2021-06-18 03:00:00,0.0
2021-06-18 04:00:00,0.0
2021-06-18 05:00:00,0.022
2021-06-18 06:00:00,2.224
2021-06-18 07:00:00,5.9510000000000005
2021-06-18 08:00:00,13.722000000000001
2021-06-18 09:00:00,20.112000000000002
2021-06-18 10:00:00,24.788
2021-06-18 11:00:00,17.697
2021-06-18 12:00:00,26.208
2021-06-18 13:00:00,26.225
2021-06-18 14:00:00,24.462
2021-06-18 15:00:00,14.817
2021-06-18 16:00:00,11.527000000000001
2021-06-18 17:00:00,1.7690000000000001
2021-06-18 18:00:00,0.5720000000000001
2021-06-18 19:00:00,0.0
2021-06-18 20:00:00,0.0
2021-06-18 21:00:00,0.0
2021-06-18 22:00:00,0.0
2021-06-18 23:00:00,0.0
2021-06-19 00:00:00,0.0
2021-06-19 01:00:00,0.0
2021-06-19 02:00:00,0.0
2021-06-19 03:00:00,0.0
2021-06-19 04:00:00,0.0
2021-06-19 05:00:00,0.0
2021-06-19 06:00:00,0.984
2021-06-19 07:00:00,3.981
2021-06-19 08:00:00,14.568
2021-06-19 09:00:00,17.878
2021-06-19 10:00:00,18.2
2021-06-19 11:00:00,18.695
2021-06-19 12:00:00,21.661
2021-06-19 13:00:00,16.559
2021-06-19 14:00:00,13.429
2021-06-19 15:00:00,7.256
2021-06-19 16:00:00,11.821000000000002
2021-06-19 17:00:00,4.436
2021-06-19 18:00:00,1.103
2021-06-19 19:00:00,0.0
2021-06-19 20:00:00,0.0
2021-06-19 21:00:00,0.0
2021-06-19 22:00:00,0.0
2021-06-19 23:00:00,0.0
2021-06-20 00:00:00,0.0
2021-06-20 01:00:00,0.0
2021-06-20 02:00:00,0.0
2021-06-20 03:00:00,0.0
2021-06-20 04:00:00,0.0
2021-06-20 05:00:00,0.011
2021-06-20 06:00:00,1.623
2021-06-20 07:00:00,7.16
2021-06-20 08:00:00,15.105
2021-06-20 09:00:00,19.006
2021-06-20 10:00:00,16.793
2021-06-20 11:00:00,18.637
2021-06-20 12:00:00,17.785
2021-06-20 13:00:00,21.206
2021-06-20 14:00:00,9.642
2021-06-20 15:00:00,13.003
2021-06-20 16:00:00,12.736
2021-06-20 17:00:00,5.702999999999999
2021-06-20 18:00:00,1.217
2021-06-20 19:00:00,0.0
2021-06-20 20:00:00,0.0
2021-06-20 21:00:00,0.0
2021-06-20 22:00:00,0.0
2021-06-20 23:00:00,0.0
2021-06-21 00:00:00,0.0
2021-06-21 01:00:00,0.0
2021-06-21 02:00:00,0.0
2021-06-21 03:00:00,0.0
2021-06-21 04:00:00,0.0
2021-06-21 05:00:00,0.006
2021-06-21 06:00:00,1.062
2021-06-21 07:00:00,6.942
2021-06-21 08:00:00,11.623000000000001
2021-06-21 09:00:00,6.96
2021-06-21 10:00:00,8.172
2021-06-21 11:00:00,10.339
2021-06-21 12:00:00,17.361
2021-06-21 13:00:00,12.778
2021-06-21 14:00:00,11.991
2021-06-21 15:00:00,4.203
2021-06-21 16:00:00,2.3129999999999997
2021-06-21 17:00:00,1.716
2021-06-21 18:00:00,0.7989999999999999
2021-06-21 19:00:00,0.0
2021-06-21 20:00:00,0.0
2021-06-21 21:00:00,0.0
2021-06-21 22:00:00,0.0
2021-06-21 23:00:00,0.0
2021-06-22 00:00:00,0.0
2021-06-22 01:00:00,0.0
2021-06-22 02:00:00,0.0
2021-06-22 03:00:00,0.0
2021-06-22 04:00:00,0.0
2021-06-22 05:00:00,0.0
2021-06-22 06:00:00,0.774
2021-06-22 07:00:00,0.874
2021-06-22 08:00:00,0.136
2021-06-22 09:00:00,1.5470000000000002
2021-06-22 10:00:00,4.877
2021-06-22 11:00:00,5.758
2021-06-22 12:00:00,7.074
2021-06-22 13:00:00,10.236
2021-06-22 14:00:00,9.185
2021-06-22 15:00:00,8.142
2021-06-22 16:00:00,6.574
2021-06-22 17:00:00,1.142
2021-06-22 18:00:00,0.139
2021-06-22 19:00:00,0.0
2021-06-22 20:00:00,0.0
2021-06-22 21:00:00,0.0
2021-06-22 22:00:00,0.0
2021-06-22 23:00:00,0.0
2021-06-23 00:00:00,0.0
2021-06-23 01:00:00,0.0
2021-06-23 02:00:00,0.0
2021-06-23 03:00:00,0.0
2021-06-23 04:00:00,0.0
2021-06-23 05:00:00,0.022
2021-06-23 06:00:00,1.044
2021-06-23 07:00:00,1.113
2021-06-23 08:00:00,1.0539999999999998
2021-06-23 09:00:00,3.202
2021-06-23 10:00:00,8.152
2021-06-23 11:00:00,9.903
2021-06-23 12:00:00,2.335
2021-06-23 13:00:00,1.005
2021-06-23 14:00:00,0.525
2021-06-23 15:00:00,1.279
2021-06-23 16:00:00,0.716
2021-06-23 17:00:00,0.607
2021-06-23 18:00:00,0.049
2021-06-23 19:00:00,0.0
2021-06-23 20:00:00,0.0
2021-06-23 21:00:00,0.0
2021-06-23 22:00:00,0.0
2021-06-23 23:00:00,0.0
2021-06-24 00:00:00,0.0
2021-06-24 01:00:00,0.0
2021-06-24 02:00:00,0.0
2021-06-24 03:00:00,0.0
2021-06-24 04:00:00,0.0
2021-06-24 05:00:00,0.0
2021-06-24 06:00:00,0.187
2021-06-24 07:00:00,0.49
2021-06-24 08:00:00,1.3940000000000001
2021-06-24 09:00:00,1.1960000000000002
2021-06-24 10:00:00,2.141
2021-06-24 11:00:00,0.706
2021-06-24 12:00:00,0.627
2021-06-24 13:00:00,1.669
2021-06-24 14:00:00,5.417
2021-06-24 15:00:00,3.222
2021-06-24 16:00:00,4.009
2021-06-24 17:00:00,2.1310000000000002
2021-06-24 18:00:00,0.484
2021-06-24 19:00:00,0.0
2021-06-24 20:00:00,0.0
2021-06-24 21:00:00,0.0
2021-06-24 22:00:00,0.0
2021-06-24 23:00:00,0.0
2021-06-25 00:00:00,0.0
2021-06-25 01:00:00,0.0
2021-06-25 02:00:00,0.0
2021-06-25 03:00:00,0.0
2021-06-25 04:00:00,0.0
2021-06-25 05:00:00,0.0
2021-06-25 06:00:00,0.253
2021-06-25 07:00:00,3.6079999999999997
2021-06-25 08:00:00,4.689
2021-06-25 09:00:00,3.168
2021-06-25 10:00:00,2.984
2021-06-25 11:00:00,8.654
2021-06-25 12:00:00,8.186
2021-06-25 13:00:00,8.188
2021-06-25 14:00:00,12.718
2021-06-25 15:00:00,7.222
2021-06-25 16:00:00,3.997
2021-06-25 17:00:00,2.201
2021-06-25 18:00:00,0.396
2021-06-25 19:00:00,0.0
2021-06-25 20:00:00,0.0
2021-06-25 21:00:00,0.0
2021-06-25 22:00:00,0.0
2021-06-25 23:00:00,0.0
2021-06-26 00:00:00,0.0
2021-06-26 01:00:00,0.0
2021-06-26 02:00:00,0.0
2021-06-26 03:00:00,0.0
2021-06-26 04:00:00,0.0
2021-06-26 05:00:00,0.0
2021-06-26 06:00:00,0.0
2021-06-26 07:00:00,0.11599999999999999
2021-06-26 08:00:00,0.8500000000000001
2021-06-26 09:00:00,2.7359999999999998
2021-06-26 10:00:00,6.992000000000001
2021-06-26 11:00:00,7.261
2021-06-26 12:00:00,8.567
2021-06-26 13:00:00,2.693
2021-06-26 14:00:00,5.413
2021-06-26 15:00:00,7.489
2021-06-26 16:00:00,5.34
2021-06-26 17:00:00,2.85
2021-06-26 18:00:00,0.764
2021-06-26 19:00:00,0.0
2021-06-26 20:00:00,0.0
2021-06-26 21:00:00,0.0
2021-06-26 22:00:00,0.0
2021-06-26 23:00:00,0.0
2021-06-27 00:00:00,0.0
2021-06-27 01:00:00,0.0
2021-06-27 02:00:00,0.0
2021-06-27 03:00:00,0.0
2021-06-27 04:00:00,0.0
2021-06-27 05:00:00,0.003
2021-06-27 06:00:00,1.059
2021-06-27 07:00:00,3.583
2021-06-27 08:00:00,7.204
2021-06-27 09:00:00,10.314
2021-06-27 10:00:00,7.361
2021-06-27 11:00:00,2.1660000000000004
2021-06-27 12:00:00,2.685
2021-06-27 13:00:00,4.201
2021-06-27 14:00:00,5.726
2021-06-27 15:00:00,4.509
2021-06-27 16:00:00,3.1719999999999997
2021-06-27 17:00:00,1.6800000000000002
2021-06-27 18:00:00,0.377
2021-06-27 19:00:00,0.0
2021-06-27 20:00:00,0.0
2021-06-27 21:00:00,0.0
2021-06-27 22:00:00,0.0
2021-06-27 23:00:00,0.0
2021-06-28 00:00:00,0.0
2021-06-28 01:00:00,0.0
2021-06-28 02:00:00,0.0
2021-06-28 03:00:00,0.0
2021-06-28 04:00:00,0.0
2021-06-28 05:00:00,0.0
2021-06-28 06:00:00,0.0
2021-06-28 07:00:00,0.03
2021-06-28 08:00:00,0.184
2021-06-28 09:00:00,0.008
2021-06-28 10:00:00,0.03900000000000001
2021-06-28 11:00:00,0.472
2021-06-28 12:00:00,2.178
2021-06-28 13:00:00,3.928
2021-06-28 14:00:00,7.016
2021-06-28 15:00:00,7.097
2021-06-28 16:00:00,4.378
2021-06-28 17:00:00,2.175
2021-06-28 18:00:00,0.275
2021-06-28 19:00:00,0.0
2021-06-28 20:00:00,0.0
2021-06-28 21:00:00,0.0
2021-06-28 22:00:00,0.0
2021-06-28 23:00:00,0.0
2021-06-29 00:00:00,0.0
2021-06-29 01:00:00,0.0
2021-06-29 02:00:00,0.0
2021-06-29 03:00:00,0.0
2021-06-29 04:00:00,0.0
2021-06-29 05:00:00,0.001
2021-06-29 06:00:00,1.407
2021-06-29 07:00:00,6.525
2021-06-29 08:00:00,8.318999999999999
2021-06-29 09:00:00,7.357
2021-06-29 10:00:00,11.363
2021-06-29 11:00:00,6.928
2021-06-29 12:00:00,5.385
2021-06-29 13:00:00,5.498
2021-06-29 14:00:00,7.446
2021-06-29 15:00:00,7.683
2021-06-29 16:00:00,3.77
2021-06-29 17:00:00,2.808
2021-06-29 18:00:00,0.816
2021-06-29 19:00:00,0.0
2021-06-29 20:00:00,0.0
2021-06-29 21:00:00,0.0
2021-06-29 22:00:00,0.0
2021-06-29 23:00:00,0.0
2021-06-30 00:00:00,0.0
2021-06-30 01:00:00,0.0
2021-06-30 02:00:00,0.0
2021-06-30 03:00:00,0.0
2021-06-30 04:00:00,0.0
2021-06-30 05:00:00,0.006
2021-06-30 06:00:00,1.367
2021-06-30 07:00:00,4.5120000000000005
2021-06-30 08:00:00,10.824
2021-06-30 09:00:00,12.731
2021-06-30 10:00:00,20.254
2021-06-30 11:00:00,19.393
2021-06-30 12:00:00,24.276
2021-06-30 13:00:00,20.057
2021-06-30 14:00:00,17.727
2021-06-30 15:00:00,9.482
2021-06-30 16:00:00,5.304
2021-06-30 17:00:00,2.6790000000000003
2021-06-30 18:00:00,0.639
2021-06-30 19:00:00,0.0
2021-06-30 20:00:00,0.0
2021-06-30 21:00:00,0.0
2021-06-30 22:00:00,0.0
2021-06-30 23:00:00,0.0
2021-07-01 00:00:00,0.0
2021-07-01 01:00:00,0.0
2021-07-01 02:00:00,0.0
2021-07-01 03:00:00,0.0
2021-07-01 04:00:00,0.0
2021-07-01 05:00:00,0.0
2021-07-01 06:00:00,1.1400000000000001
2021-07-01 07:00:00,4.88
2021-07-01 08:00:00,5.552
2021-07-01 09:00:00,5.717
2021-07-01 10:00:00,14.553
2021-07-01 11:00:00,10.253
2021-07-01 12:00:00,11.621
2021-07-01 13:00:00,10.839
2021-07-01 14:00:00,6.825
2021-07-01 15:00:00,7.315
2021-07-01 16:00:00,6.706
2021-07-01 17:00:00,4.825
2021-07-01 18:00:00,1.144
2021-07-01 19:00:00,0.0
2021-07-01 20:00:00,0.0
2021-07-01 21:00:00,0.0
2021-07-01 22:00:00,0.0
2021-07-01 23:00:00,0.0
2021-07-02 00:00:00,0.0
2021-07-02 01:00:00,0.0
2021-07-02 02:00:00,0.0
2021-07-02 03:00:00,0.0
2021-07-02 04:00:00,0.0
2021-07-02 05:00:00,0.0
2021-07-02 06:00:00,2.019
2021-07-02 07:00:00,5.146
2021-07-02 08:00:00,6.677
2021-07-02 09:00:00,7.335
2021-07-02 10:00:00,19.095
2021-07-02 11:00:00,23.310000000000002
2021-07-02 12:00:00,22.122
2021-07-02 13:00:00,18.488
2021-07-02 14:00:00,17.91
2021-07-02 15:00:00,11.116
2021-07-02 16:00:00,7.715
2021-07-02 17:00:00,3.9040000000000004
2021-07-02 18:00:00,1.086
2021-07-02 19:00:00,0.0
2021-07-02 20:00:00,0.0
2021-07-02 21:00:00,0.0
2021-07-02 22:00:00,0.0
2021-07-02 23:00:00,0.0
2021-07-03 00:00:00,0.0
2021-07-03 01:00:00,0.0
2021-07-03 02:00:00,0.0
2021-07-03 03:00:00,0.0
2021-07-03 04:00:00,0.0
2021-07-03 05:00:00,0.0
2021-07-03 06:00:00,0.9989999999999999
2021-07-03 07:00:00,4.516
2021-07-03 08:00:00,13.832
2021-07-03 09:00:00,10.143
2021-07-03 10:00:00,17.938
2021-07-03 11:00:00,19.703
2021-07-03 12:00:00,17.66
2021-07-03 13:00:00,13.565000000000001
2021-07-03 14:00:00,15.315
2021-07-03 15:00:00,9.972
2021-07-03 16:00:00,5.09
2021-07-03 17:00:00,1.6949999999999998
2021-07-03 18:00:00,0.615
2021-07-03 19:00:00,0.0
2021-07-03 20:00:00,0.0
2021-07-03 21:00:00,0.0
2021-07-03 22:00:00,0.0
2021-07-03 23:00:00,0.0
2021-07-04 00:00:00,0.0
2021-07-04 01:00:00,0.0
2021-07-04 02:00:00,0.0
2021-07-04 03:00:00,0.0
2021-07-04 04:00:00,0.0
2021-07-04 05:00:00,0.0
2021-07-04 06:00:00,2.29
2021-07-04 07:00:00,9.832
2021-07-04 08:00:00,15.636
2021-07-04 09:00:00,17.705
2021-07-04 10:00:00,25.971
2021-07-04 11:00:00,25.647
2021-07-04 12:00:00,21.063000000000002
2021-07-04 13:00:00,17.456
2021-07-04 14:00:00,13.209
2021-07-04 15:00:00,9.280999999999999
2021-07-04 16:00:00,6.252
2021-07-04 17:00:00,2.048
2021-07-04 18:00:00,1.372
2021-07-04 19:00:00,0.0
2021-07-04 20:00:00,0.0
2021-07-04 21:00:00,0.0
2021-07-04 22:00:00,0.0
2021-07-04 23:00:00,0.0
2021-07-05 00:00:00,0.0
2021-07-05 01:00:00,0.0
2021-07-05 02:00:00,0.0
2021-07-05 03:00:00,0.0
2021-07-05 04:00:00,0.0
2021-07-05 05:00:00,0.0
2021-07-05 06:00:00,0.606
2021-07-05 07:00:00,2.757
2021-07-05 08:00:00,5.508
2021-07-05 09:00:00,15.094000000000001
2021-07-05 10:00:00,13.658
2021-07-05 11:00:00,24.453
2021-07-05 12:00:00,17.762
2021-07-05 13:00:00,25.493000000000002
2021-07-05 14:00:00,23.516
2021-07-05 15:00:00,18.381999999999998
2021-07-05 16:00:00,12.135
2021-07-05 17:00:00,4.741
2021-07-05 18:00:00,0.452
2021-07-05 19:00:00,0.0
2021-07-05 20:00:00,0.0
2021-07-05 21:00:00,0.0
2021-07-05 22:00:00,0.0
2021-07-05 23:00:00,0.0
2021-07-06 00:00:00,0.0
2021-07-06 01:00:00,0.0
2021-07-06 02:00:00,0.0
2021-07-06 03:00:00,0.0
2021-07-06 04:00:00,0.0
2021-07-06 05:00:00,0.0
2021-07-06 06:00:00,1.2029999999999998
2021-07-06 07:00:00,5.146
2021-07-06 08:00:00,14.642
2021-07-06 09:00:00,17.598
2021-07-06 10:00:00,12.759
2021-07-06 11:00:00,16.57
2021-07-06 12:00:00,22.276
2021-07-06 13:00:00,24.903
2021-07-06 14:00:00,24.734
2021-07-06 15:00:00,9.305
2021-07-06 16:00:00,4.003
2021-07-06 17:00:00,4.87
2021-07-06 18:00:00,1.493
2021-07-06 19:00:00,0.0
2021-07-06 20:00:00,0.0
2021-07-06 21:00:00,0.0
2021-07-06 22:00:00,0.0
2021-07-06 23:00:00,0.0
2021-07-07 00:00:00,0.0
2021-07-07 01:00:00,0.0
2021-07-07 02:00:00,0.0
2021-07-07 03:00:00,0.0
2021-07-07 04:00:00,0.0
2021-07-07 05:00:00,0.0
2021-07-07 06:00:00,0.8760000000000001
2021-07-07 07:00:00,4.711
2021-07-07 08:00:00,11.524000000000001
2021-07-07 09:00:00,14.486
2021-07-07 10:00:00,25.351
2021-07-07 11:00:00,17.581
2021-07-07 12:00:00,19.575
2021-07-07 13:00:00,14.882
2021-07-07 14:00:00,14.828
2021-07-07 15:00:00,13.666
2021-07-07 16:00:00,9.168
2021-07-07 17:00:00,2.753
2021-07-07 18:00:00,0.642
2021-07-07 19:00:00,0.0
2021-07-07 20:00:00,0.0
2021-07-07 21:00:00,0.0
2021-07-07 22:00:00,0.0
2021-07-07 23:00:00,0.0
2021-07-08 00:00:00,0.0
2021-07-08 01:00:00,0.0
2021-07-08 02:00:00,0.0
2021-07-08 03:00:00,0.0
2021-07-08 04:00:00,0.0
2021-07-08 05:00:00,0.0
2021-07-08 06:00:00,1.334
2021-07-08 07:00:00,5.7170000000000005
2021-07-08 08:00:00,9.691
2021-07-08 09:00:00,16.319
2021-07-08 10:00:00,18.186
2021-07-08 11:00:00,9.854000000000001
2021-07-08 12:00:00,11.611
2021-07-08 13:00:00,17.803
2021-07-08 14:00:00,17.548000000000002
2021-07-08 15:00:00,17.957
2021-07-08 16:00:00,10.965
2021-07-08 17:00:00,2.95
2021-07-08 18:00:00,1.603
2021-07-08 19:00:00,0.0
2021-07-08 20:00:00,0.0
2021-07-08 21:00:00,0.0
2021-07-08 22:00:00,0.0
2021-07-08 23:00:00,0.0
2021-07-09 00:00:00,0.0
2021-07-09 01:00:00,0.0
2021-07-09 02:00:00,0.0
2021-07-09 03:00:00,0.0
2021-07-09 04:00:00,0.0
2021-07-09 05:00:00,0.0
2021-07-09 06:00:00,1.431
2021-07-09 07:00:00,5.893000000000001
2021-07-09 08:00:00,14.329
2021-07-09 09:00:00,19.921
2021-07-09 10:00:00,25.09
2021-07-09 11:00:00,27.92
2021-07-09 12:00:00,27.547
2021-07-09 13:00:00,26.369
2021-07-09 14:00:00,23.668
2021-07-09 15:00:00,18.465
2021-07-09 16:00:00,12.499
2021-07-09 17:00:00,6.365
2021-07-09 18:00:00,1.391
2021-07-09 19:00:00,0.0
2021-07-09 20:00:00,0.0
2021-07-09 21:00:00,0.0
2021-07-09 22:00:00,0.0
2021-07-09 23:00:00,0.0
2021-07-10 00:00:00,0.0
2021-07-10 01:00:00,0.0
2021-07-10 02:00:00,0.0
2021-07-10 03:00:00,0.0
2021-07-10 04:00:00,0.0
2021-07-10 05:00:00,0.0
2021-07-10 06:00:00,0.858
2021-07-10 07:00:00,5.532
2021-07-10 08:00:00,14.01
2021-07-10 09:00:00,20.382
2021-07-10 10:00:00,25.132
2021-07-10 11:00:00,27.225
2021-07-10 12:00:00,27.827
2021-07-10 13:00:00,26.185
2021-07-10 14:00:00,23.852
2021-07-10 15:00:00,19.262
2021-07-10 16:00:00,10.226
2021-07-10 17:00:00,4.264
2021-07-10 18:00:00,1.184
2021-07-10 19:00:00,0.0
2021-07-10 20:00:00,0.0
2021-07-10 21:00:00,0.0
2021-07-10 22:00:00,0.0
2021-07-10 23:00:00,0.0
2021-07-11 00:00:00,0.0
2021-07-11 01:00:00,0.0
2021-07-11 02:00:00,0.0
2021-07-11 03:00:00,0.0
2021-07-11 04:00:00,0.0
2021-07-11 05:00:00,0.0
2021-07-11 06:00:00,1.0590000000000002
2021-07-11 07:00:00,5.5440000000000005
2021-07-11 08:00:00,13.011
2021-07-11 09:00:00,17.478
2021-07-11 10:00:00,19.751
2021-07-11 11:00:00,15.087
2021-07-11 12:00:00,15.975000000000001
2021-07-11 13:00:00,27.301000000000002
2021-07-11 14:00:00,23.914
2021-07-11 15:00:00,19.068
2021-07-11 16:00:00,11.18
2021-07-11 17:00:00,7.781000000000001
2021-07-11 18:00:00,1.098
2021-07-11 19:00:00,0.0
2021-07-11 20:00:00,0.0
2021-07-11 21:00:00,0.0
2021-07-11 22:00:00,0.0
2021-07-11 23:00:00,0.0
2021-07-12 00:00:00,0.0
2021-07-12 01:00:00,0.0
2021-07-12 02:00:00,0.0
2021-07-12 03:00:00,0.0
2021-07-12 04:00:00,0.0
2021-07-12 05:00:00,0.007
2021-07-12 06:00:00,0.763
2021-07-12 07:00:00,5.1370000000000005
2021-07-12 08:00:00,12.843
2021-07-12 09:00:00,20.466
2021-07-12 10:00:00,19.68
2021-07-12 11:00:00,23.412
2021-07-12 12:00:00,21.675
2021-07-12 13:00:00,21.746000000000002
2021-07-12 14:00:00,18.705
2021-07-12 15:00:00,16.287
2021-07-12 16:00:00,13.444
2021-07-12 17:00:00,6.167
2021-07-12 18:00:00,0.968
2021-07-12 19:00:00,0.0
2021-07-12 20:00:00,0.0
2021-07-12 21:00:00,0.0
2021-07-12 22:00:00,0.0
2021-07-12 23:00:00,0.0
2021-07-13 00:00:00,0.0
2021-07-13 01:00:00,0.0
2021-07-13 02:00:00,0.0
2021-07-13 03:00:00,0.0
2021-07-13 04:00:00,0.0
2021-07-13 05:00:00,0.0
2021-07-13 06:00:00,1.7930000000000001
2021-07-13 07:00:00,7.975
2021-07-13 08:00:00,12.517
2021-07-13 09:00:00,12.123
2021-07-13 10:00:00,25.827
2021-07-13 11:00:00,20.532
2021-07-13 12:00:00,26.491
2021-07-13 13:00:00,25.567
2021-07-13 14:00:00,19.183
2021-07-13 15:00:00,17.516000000000002
2021-07-13 16:00:00,12.234
2021-07-13 17:00:00,5.863
2021-07-13 18:00:00,1.348
2021-07-13 19:00:00,0.0
2021-07-13 20:00:00,0.0
2021-07-13 21:00:00,0.0
2021-07-13 22:00:00,0.0
2021-07-13 23:00:00,0.0
2021-07-14 00:00:00,0.0
2021-07-14 01:00:00,0.0
2021-07-14 02:00:00,0.0
2021-07-14 03:00:00,0.0
2021-07-14 04:00:00,0.0
2021-07-14 05:00:00,0.0
2021-07-14 06:00:00,1.205
2021-07-14 07:00:00,5.385
2021-07-14 08:00:00,14.576
2021-07-14 09:00:00,20.617
2021-07-14 10:00:00,25.254
2021-07-14 11:00:00,25.515
2021-07-14 12:00:00,27.973
2021-07-14 13:00:00,26.874000000000002
2021-07-14 14:00:00,21.904
2021-07-14 15:00:00,17.161
2021-07-14 16:00:00,10.273
2021-07-14 17:00:00,5.96
2021-07-14 18:00:00,1.06
2021-07-14 19:00:00,0.0
2021-07-14 20:00:00,0.0
2021-07-14 21:00:00,0.0
2021-07-14 22:00:00,0.0
2021-07-14 23:00:00,0.0
2021-07-15 00:00:00,0.0
2021-07-15 01:00:00,0.0
2021-07-15 02:00:00,0.0
2021-07-15 03:00:00,0.0
2021-07-15 04:00:00,0.0
2021-07-15 05:00:00,0.0
2021-07-15 06:00:00,0.735
2021-07-15 07:00:00,5.321
2021-07-15 08:00:00,14.679
2021-07-15 09:00:00,20.291
2021-07-15 10:00:00,25.32
2021-07-15 11:00:00,28.165
2021-07-15 12:00:00,27.289
2021-07-15 13:00:00,26.151
2021-07-15 14:00:00,23.252000000000002
2021-07-15 15:00:00,17.88
2021-07-15 16:00:00,11.243
2021-07-15 17:00:00,6.354
2021-07-15 18:00:00,1.5030000000000001
2021-07-15 19:00:00,0.0
2021-07-15 20:00:00,0.0
2021-07-15 21:00:00,0.0
2021-07-15 22:00:00,0.0
2021-07-15 23:00:00,0.0
2021-07-16 00:00:00,0.0
2021-07-16 01:00:00,0.0
2021-07-16 02:00:00,0.0
2021-07-16 03:00:00,0.0
2021-07-16 04:00:00,0.0
2021-07-16 05:00:00,0.0
2021-07-16 06:00:00,0.28700000000000003
2021-07-16 07:00:00,1.816
2021-07-16 08:00:00,3.9989999999999997
2021-07-16 09:00:00,6.645
2021-07-16 10:00:00,11.939
2021-07-16 11:00:00,13.950000000000001
2021-07-16 12:00:00,5.204000000000001
2021-07-16 13:00:00,8.715
2021-07-16 14:00:00,7.279
2021-07-16 15:00:00,5.258
2021-07-16 16:00:00,3.439
2021-07-16 17:00:00,2.59
2021-07-16 18:00:00,0.778
2021-07-16 19:00:00,0.0
2021-07-16 20:00:00,0.0
2021-07-16 21:00:00,0.0
2021-07-16 22:00:00,0.0
2021-07-16 23:00:00,0.0
2021-07-17 00:00:00,0.0
2021-07-17 01:00:00,0.0
2021-07-17 02:00:00,0.0
2021-07-17 03:00:00,0.0
2021-07-17 04:00:00,0.0
2021-07-17 05:00:00,0.0
2021-07-17 06:00:00,0.618
2021-07-17 07:00:00,2.627
2021-07-17 08:00:00,5.077
2021-07-17 09:00:00,5.991
2021-07-17 10:00:00,3.141
2021-07-17 11:00:00,5.9030000000000005
2021-07-17 12:00:00,10.734
2021-07-17 13:00:00,12.288
2021-07-17 14:00:00,15.975
2021-07-17 15:00:00,13.051
2021-07-17 16:00:00,10.672
2021-07-17 17:00:00,6.497
2021-07-17 18:00:00,0.781
2021-07-17 19:00:00,0.0
2021-07-17 20:00:00,0.0
2021-07-17 21:00:00,0.0
2021-07-17 22:00:00,0.0
2021-07-17 23:00:00,0.0
2021-07-18 00:00:00,0.0
2021-07-18 01:00:00,0.0
2021-07-18 02:00:00,0.0
2021-07-18 03:00:00,0.0
2021-07-18 04:00:00,0.0
2021-07-18 05:00:00,0.0
2021-07-18 06:00:00,0.03
2021-07-18 07:00:00,0.27
2021-07-18 08:00:00,1.112
2021-07-18 09:00:00,1.487
2021-07-18 10:00:00,6.300000000000001
2021-07-18 11:00:00,10.047
2021-07-18 12:00:00,4.36
2021-07-18 13:00:00,3.341
2021-07-18 14:00:00,5.683
2021-07-18 15:00:00,2.5709999999999997
2021-07-18 16:00:00,2.507
2021-07-18 17:00:00,1.6640000000000001
2021-07-18 18:00:00,0.21
2021-07-18 19:00:00,0.0
2021-07-18 20:00:00,0.0
2021-07-18 21:00:00,0.0
2021-07-18 22:00:00,0.0
2021-07-18 23:00:00,0.0
2021-07-19 00:00:00,0.0
2021-07-19 01:00:00,0.0
2021-07-19 02:00:00,0.0
2021-07-19 03:00:00,0.0
2021-07-19 04:00:00,0.0
2021-07-19 05:00:00,0.0
2021-07-19 06:00:00,0.0
2021-07-19 07:00:00,0.248
2021-07-19 08:00:00,2.427
2021-07-19 09:00:00,5.064
2021-07-19 10:00:00,8.471
2021-07-19 11:00:00,11.29
2021-07-19 12:00:00,1.892
2021-07-19 13:00:00,1.576
2021-07-19 14:00:00,2.617
2021-07-19 15:00:00,1.796
2021-07-19 16:00:00,0.475
2021-07-19 17:00:00,0.661
2021-07-19 18:00:00,0.187
2021-07-19 19:00:00,0.0
2021-07-19 20:00:00,0.0
2021-07-19 21:00:00,0.0
2021-07-19 22:00:00,0.0
2021-07-19 23:00:00,0.0
2021-07-20 00:00:00,0.0
2021-07-20 01:00:00,0.0
2021-07-20 02:00:00,0.0
2021-07-20 03:00:00,0.0
2021-07-20 04:00:00,0.0
2021-07-20 05:00:00,0.0
2021-07-20 06:00:00,0.049
2021-07-20 07:00:00,0.632
2021-07-20 08:00:00,0.77
2021-07-20 09:00:00,0.409
2021-07-20 10:00:00,0.241
2021-07-20 11:00:00,0.303
2021-07-20 12:00:00,0.663
2021-07-20 13:00:00,0.773
2021-07-20 14:00:00,0.179
2021-07-20 15:00:00,0.043000000000000003
2021-07-20 16:00:00,0.597
2021-07-20 17:00:00,0.006
2021-07-20 18:00:00,0.004
2021-07-20 19:00:00,0.0
2021-07-20 20:00:00,0.0
2021-07-20 21:00:00,0.0
2021-07-20 22:00:00,0.0
2021-07-20 23:00:00,0.0
2021-07-21 00:00:00,0.0
2021-07-21 01:00:00,0.0
2021-07-21 02:00:00,0.0
2021-07-21 03:00:00,0.0
2021-07-21 04:00:00,0.0
2021-07-21 05:00:00,0.0
2021-07-21 06:00:00,0.0
2021-07-21 07:00:00,0.0
2021-07-21 08:00:00,0.027
2021-07-21 09:00:00,0.366
2021-07-21 10:00:00,1.47
2021-07-21 11:00:00,2.07
2021-07-21 12:00:00,1.951
2021-07-21 13:00:00,0.95
2021-07-21 14:00:00,1.255
2021-07-21 15:00:00,0.8170000000000001
2021-07-21 16:00:00,1.2389999999999999
2021-07-21 17:00:00,1.089
2021-07-21 18:00:00,0.2
2021-07-21 19:00:00,0.0
2021-07-21 20:00:00,0.0
2021-07-21 21:00:00,0.0
2021-07-21 22:00:00,0.0
2021-07-21 23:00:00,0.0
2021-07-22 00:00:00,0.0
2021-07-22 01:00:00,0.0
2021-07-22 02:00:00,0.0
2021-07-22 03:00:00,0.0
2021-07-22 04:00:00,0.0
2021-07-22 05:00:00,0.0
2021-07-22 06:00:00,1.778
2021-07-22 07:00:00,7.444
2021-07-22 08:00:00,14.776
2021-07-22 09:00:00,20.396
2021-07-22 10:00:00,25.586
2021-07-22 11:00:00,27.959
2021-07-22 12:00:00,27.006
2021-07-22 13:00:00,25.141
2021-07-22 14:00:00,22.889000000000003
2021-07-22 15:00:00,17.242
2021-07-22 16:00:00,11.877
2021-07-22 17:00:00,6.136
2021-07-22 18:00:00,1.356
2021-07-22 19:00:00,0.0
2021-07-22 20:00:00,0.0
2021-07-22 21:00:00,0.0
2021-07-22 22:00:00,0.0
2021-07-22 23:00:00,0.0
2021-07-23 00:00:00,0.0
2021-07-23 01:00:00,0.0
2021-07-23 02:00:00,0.0
2021-07-23 03:00:00,0.0
2021-07-23 04:00:00,0.0
2021-07-23 05:00:00,0.0
2021-07-23 06:00:00,1.311
2021-07-23 07:00:00,5.808
2021-07-23 08:00:00,13.285
2021-07-23 09:00:00,19.298000000000002
2021-07-23 10:00:00,24.045
2021-07-23 11:00:00,26.021
2021-07-23 12:00:00,24.361
2021-07-23 13:00:00,23.637
2021-07-23 14:00:00,19.576
2021-07-23 15:00:00,15.217
2021-07-23 16:00:00,5.009
2021-07-23 17:00:00,2.946
2021-07-23 18:00:00,1.367
2021-07-23 19:00:00,0.0
2021-07-23 20:00:00,0.0
2021-07-23 21:00:00,0.0
2021-07-23 22:00:00,0.0
2021-07-23 23:00:00,0.0
2021-07-24 00:00:00,0.0
2021-07-24 01:00:00,0.0
2021-07-24 02:00:00,0.0
2021-07-24 03:00:00,0.0
2021-07-24 04:00:00,0.0
2021-07-24 05:00:00,0.0
2021-07-24 06:00:00,0.107
2021-07-24 07:00:00,1.331
2021-07-24 08:00:00,3.293
2021-07-24 09:00:00,6.527
2021-07-24 10:00:00,22.421
2021-07-24 11:00:00,22.192
2021-07-24 12:00:00,14.690000000000001
2021-07-24 13:00:00,16.493
2021-07-24 14:00:00,2.885
2021-07-24 15:00:00,11.838
2021-07-24 16:00:00,3.979
2021-07-24 17:00:00,2.492
2021-07-24 18:00:00,0.35
2021-07-24 19:00:00,0.004
2021-07-24 20:00:00,0.0
2021-07-24 21:00:00,0.0
2021-07-24 22:00:00,0.0
2021-07-24 23:00:00,0.0
2021-07-25 00:00:00,0.0
2021-07-25 01:00:00,0.0
2021-07-25 02:00:00,0.0
2021-07-25 03:00:00,0.0
2021-07-25 04:00:00,0.0
2021-07-25 05:00:00,0.0
2021-07-25 06:00:00,0.10400000000000001
2021-07-25 07:00:00,5.327
2021-07-25 08:00:00,10.267
2021-07-25 09:00:00,17.208000000000002
2021-07-25 10:00:00,15.462
2021-07-25 11:00:00,10.585
2021-07-25 12:00:00,15.343
2021-07-25 13:00:00,6.305
2021-07-25 14:00:00,19.317
2021-07-25 15:00:00,15.73
2021-07-25 16:00:00,4.855
2021-07-25 17:00:00,6.9190000000000005
2021-07-25 18:00:00,1.278
2021-07-25 19:00:00,0.0
2021-07-25 20:00:00,0.0
2021-07-25 21:00:00,0.0
2021-07-25 22:00:00,0.0
2021-07-25 23:00:00,0.0
2021-07-26 00:00:00,0.0
2021-07-26 01:00:00,0.0
2021-07-26 02:00:00,0.0
2021-07-26 03:00:00,0.0
2021-07-26 04:00:00,0.0
2021-07-26 05:00:00,0.0
2021-07-26 06:00:00,1.157
2021-07-26 07:00:00,5.509
2021-07-26 08:00:00,12.197
2021-07-26 09:00:00,18.58
2021-07-26 10:00:00,20.848
2021-07-26 11:00:00,9.275
2021-07-26 12:00:00,23.476
2021-07-26 13:00:00,10.885
2021-07-26 14:00:00,5.534000000000001
2021-07-26 15:00:00,16.87
2021-07-26 16:00:00,9.026
2021-07-26 17:00:00,5.3950000000000005
2021-07-26 18:00:00,1.4649999999999999
2021-07-26 19:00:00,0.0
2021-07-26 20:00:00,0.0
2021-07-26 21:00:00,0.0
2021-07-26 22:00:00,0.0
2021-07-26 23:00:00,0.0
2021-07-27 00:00:00,0.0
2021-07-27 01:00:00,0.0
2021-07-27 02:00:00,0.0
2021-07-27 03:00:00,0.0
2021-07-27 04:00:00,0.0
2021-07-27 05:00:00,0.0
2021-07-27 06:00:00,1.093
2021-07-27 07:00:00,5.381
2021-07-27 08:00:00,12.356
2021-07-27 09:00:00,16.541
2021-07-27 10:00:00,22.648
2021-07-27 11:00:00,18.575
2021-07-27 12:00:00,24.061
2021-07-27 13:00:00,24.54
2021-07-27 14:00:00,21.205
2021-07-27 15:00:00,3.178
2021-07-27 16:00:00,0.882
2021-07-27 17:00:00,1.59
2021-07-27 18:00:00,0.729
2021-07-27 19:00:00,0.0
2021-07-27 20:00:00,0.0
2021-07-27 21:00:00,0.0
2021-07-27 22:00:00,0.0
2021-07-27 23:00:00,0.0
2021-07-28 00:00:00,0.0
2021-07-28 01:00:00,0.0
2021-07-28 02:00:00,0.0
2021-07-28 03:00:00,0.0
2021-07-28 04:00:00,0.0
2021-07-28 05:00:00,0.0
2021-07-28 06:00:00,0.526
2021-07-28 07:00:00,5.4719999999999995
2021-07-28 08:00:00,11.791
2021-07-28 09:00:00,16.033
2021-07-28 10:00:00,21.8
2021-07-28 11:00:00,15.175
2021-07-28 12:00:00,15.965
2021-07-28 13:00:00,15.040000000000001
2021-07-28 14:00:00,6.934
2021-07-28 15:00:00,0.756
2021-07-28 16:00:00,0.5860000000000001
2021-07-28 17:00:00,1.8
2021-07-28 18:00:00,0.227
2021-07-28 19:00:00,0.0
2021-07-28 20:00:00,0.0
2021-07-28 21:00:00,0.0
2021-07-28 22:00:00,0.0
2021-07-28 23:00:00,0.0
2021-07-29 00:00:00,0.0
2021-07-29 01:00:00,0.0
2021-07-29 02:00:00,0.0
2021-07-29 03:00:00,0.0
2021-07-29 04:00:00,0.0
2021-07-29 05:00:00,0.0
2021-07-29 06:00:00,0.6599999999999999
2021-07-29 07:00:00,4.458
2021-07-29 08:00:00,7.324
2021-07-29 09:00:00,8.274000000000001
2021-07-29 10:00:00,13.344
2021-07-29 11:00:00,7.771
2021-07-29 12:00:00,12.258
2021-07-29 13:00:00,6.149
2021-07-29 14:00:00,3.8200000000000003
2021-07-29 15:00:00,2.643
2021-07-29 16:00:00,2.3049999999999997
2021-07-29 17:00:00,2.134
2021-07-29 18:00:00,0.672
2021-07-29 19:00:00,0.0
2021-07-29 20:00:00,0.0
2021-07-29 21:00:00,0.0
2021-07-29 22:00:00,0.0
2021-07-29 23:00:00,0.0
2021-07-30 00:00:00,0.0
2021-07-30 01:00:00,0.0
2021-07-30 02:00:00,0.0
2021-07-30 03:00:00,0.0
2021-07-30 04:00:00,0.0
2021-07-30 05:00:00,0.0
2021-07-30 06:00:00,1.859
2021-07-30 07:00:00,2.986
2021-07-30 08:00:00,4.634
2021-07-30 09:00:00,0.619
2021-07-30 10:00:00,2.933
2021-07-30 11:00:00,10.028
2021-07-30 12:00:00,17.314999999999998
2021-07-30 13:00:00,12.279
2021-07-30 14:00:00,11.078
2021-07-30 15:00:00,10.621
2021-07-30 16:00:00,7.372
2021-07-30 17:00:00,3.3840000000000003
2021-07-30 18:00:00,0.917
2021-07-30 19:00:00,0.0
2021-07-30 20:00:00,0.0
2021-07-30 21:00:00,0.0
2021-07-30 22:00:00,0.0
2021-07-30 23:00:00,0.0
2021-07-31 00:00:00,0.0
2021-07-31 01:00:00,0.0
2021-07-31 02:00:00,0.0
2021-07-31 03:00:00,0.0
2021-07-31 04:00:00,0.0
2021-07-31 05:00:00,0.0
2021-07-31 06:00:00,0.22199999999999998
2021-07-31 07:00:00,2.322
2021-07-31 08:00:00,6.5
2021-07-31 09:00:00,15.789000000000001
2021-07-31 10:00:00,21.631
2021-07-31 11:00:00,17.891
2021-07-31 12:00:00,9.738
2021-07-31 13:00:00,13.793
2021-07-31 14:00:00,16.886
2021-07-31 15:00:00,8.182
2021-07-31 16:00:00,3.6060000000000003
2021-07-31 17:00:00,1.635
2021-07-31 18:00:00,0.10400000000000001
2021-07-31 19:00:00,0.0
2021-07-31 20:00:00,0.0
2021-07-31 21:00:00,0.0
2021-07-31 22:00:00,0.0
2021-07-31 23:00:00,0.0
2021-08-01 00:00:00,0.0
2021-08-01 01:00:00,0.0
2021-08-01 02:00:00,0.0
2021-08-01 03:00:00,0.0
2021-08-01 04:00:00,0.0
2021-08-01 05:00:00,0.0
2021-08-01 06:00:00,1.323
2021-08-01 07:00:00,6.049
2021-08-01 08:00:00,14.266
2021-08-01 09:00:00,18.975
2021-08-01 10:00:00,25.085
2021-08-01 11:00:00,22.080000000000002
2021-08-01 12:00:00,13.911999999999999
2021-08-01 13:00:00,12.341
2021-08-01 14:00:00,6.765
2021-08-01 15:00:00,2.427
2021-08-01 16:00:00,2.721
2021-08-01 17:00:00,1.864
2021-08-01 18:00:00,0.19999999999999998
2021-08-01 19:00:00,0.0
2021-08-01 20:00:00,0.0
2021-08-01 21:00:00,0.0
2021-08-01 22:00:00,0.0
2021-08-01 23:00:00,0.0
2021-08-02 00:00:00,0.0
2021-08-02 01:00:00,0.0
2021-08-02 02:00:00,0.0
2021-08-02 03:00:00,0.0
2021-08-02 04:00:00,0.0
2021-08-02 05:00:00,0.0
2021-08-02 06:00:00,0.843
2021-08-02 07:00:00,5.398
2021-08-02 08:00:00,5.91
2021-08-02 09:00:00,4.3309999999999995
2021-08-02 10:00:00,7.516
2021-08-02 11:00:00,13.663
2021-08-02 12:00:00,18.792
2021-08-02 13:00:00,16.412
2021-08-02 14:00:00,19.433
2021-08-02 15:00:00,13.691
2021-08-02 16:00:00,5.983
2021-08-02 17:00:00,4.557
2021-08-02 18:00:00,1.335
2021-08-02 19:00:00,0.0
2021-08-02 20:00:00,0.0
2021-08-02 21:00:00,0.0
2021-08-02 22:00:00,0.0
2021-08-02 23:00:00,0.0
2021-08-03 00:00:00,0.0
2021-08-03 01:00:00,0.0
2021-08-03 02:00:00,0.0
2021-08-03 03:00:00,0.0
2021-08-03 04:00:00,0.0
2021-08-03 05:00:00,0.0
2021-08-03 06:00:00,1.0699999999999998
2021-08-03 07:00:00,2.345
2021-08-03 08:00:00,7.525
2021-08-03 09:00:00,7.761
2021-08-03 10:00:00,10.594000000000001
2021-08-03 11:00:00,6.147
2021-08-03 12:00:00,7.312
2021-08-03 13:00:00,3.6719999999999997
2021-08-03 14:00:00,2.269
2021-08-03 15:00:00,3.77
2021-08-03 16:00:00,2.542
2021-08-03 17:00:00,2.126
2021-08-03 18:00:00,0.01
2021-08-03 19:00:00,0.0
2021-08-03 20:00:00,0.0
2021-08-03 21:00:00,0.0
2021-08-03 22:00:00,0.0
2021-08-03 23:00:00,0.0
2021-08-04 00:00:00,0.0
2021-08-04 01:00:00,0.0
2021-08-04 02:00:00,0.0
2021-08-04 03:00:00,0.0
2021-08-04 04:00:00,0.0
2021-08-04 05:00:00,0.0
2021-08-04 06:00:00,0.495
2021-08-04 07:00:00,2.806
2021-08-04 08:00:00,7.218999999999999
2021-08-04 09:00:00,14.128
2021-08-04 10:00:00,11.119
2021-08-04 11:00:00,7.461
2021-08-04 12:00:00,7.4
2021-08-04 13:00:00,10.091000000000001
2021-08-04 14:00:00,10.746
2021-08-04 15:00:00,6.351
2021-08-04 16:00:00,2.906
2021-08-04 17:00:00,0.625
2021-08-04 18:00:00,0.309
2021-08-04 19:00:00,0.0
2021-08-04 20:00:00,0.0
2021-08-04 21:00:00,0.0
2021-08-04 22:00:00,0.0
2021-08-04 23:00:00,0.0
2021-08-05 00:00:00,0.0
2021-08-05 01:00:00,0.0
2021-08-05 02:00:00,0.0
2021-08-05 03:00:00,0.0
2021-08-05 04:00:00,0.0
2021-08-05 05:00:00,0.0
2021-08-05 06:00:00,0.058
2021-08-05 07:00:00,1.7000000000000002
2021-08-05 08:00:00,4.77
2021-08-05 09:00:00,5.352
2021-08-05 10:00:00,6.888
2021-08-05 11:00:00,8.678
2021-08-05 12:00:00,8.719000000000001
2021-08-05 13:00:00,8.716
2021-08-05 14:00:00,2.011
2021-08-05 15:00:00,0.382
2021-08-05 16:00:00,1.6840000000000002
2021-08-05 17:00:00,1.54
2021-08-05 18:00:00,0.156
2021-08-05 19:00:00,0.0
2021-08-05 20:00:00,0.0
2021-08-05 21:00:00,0.0
2021-08-05 22:00:00,0.0
2021-08-05 23:00:00,0.0
2021-08-06 00:00:00,0.0
2021-08-06 01:00:00,0.0
2021-08-06 02:00:00,0.0
2021-08-06 03:00:00,0.0
2021-08-06 04:00:00,0.0
2021-08-06 05:00:00,0.0
2021-08-06 06:00:00,0.16
2021-08-06 07:00:00,3.217
2021-08-06 08:00:00,6.917
2021-08-06 09:00:00,5.914
2021-08-06 10:00:00,6.199
2021-08-06 11:00:00,4.165
2021-08-06 12:00:00,6.572
2021-08-06 13:00:00,11.205
2021-08-06 14:00:00,14.047
2021-08-06 15:00:00,11.295
2021-08-06 16:00:00,6.131
2021-08-06 17:00:00,2.419
2021-08-06 18:00:00,0.11099999999999999
2021-08-06 19:00:00,0.0
2021-08-06 20:00:00,0.0
2021-08-06 21:00:00,0.0
2021-08-06 22:00:00,0.0
2021-08-06 23:00:00,0.0
2021-08-07 00:00:00,0.0
2021-08-07 01:00:00,0.0
2021-08-07 02:00:00,0.0
2021-08-07 03:00:00,0.0
2021-08-07 04:00:00,0.0
2021-08-07 05:00:00,0.0
2021-08-07 06:00:00,0.254
2021-08-07 07:00:00,3.276
2021-08-07 08:00:00,9.19
2021-08-07 09:00:00,16.408
2021-08-07 10:00:00,14.298
2021-08-07 11:00:00,13.419
2021-08-07 12:00:00,9.241
2021-08-07 13:00:00,6.532
2021-08-07 14:00:00,3.7
2021-08-07 15:00:00,3.051
2021-08-07 16:00:00,2.89
2021-08-07 17:00:00,2.009
2021-08-07 18:00:00,0.565
2021-08-07 19:00:00,0.0
2021-08-07 20:00:00,0.0
2021-08-07 21:00:00,0.0
2021-08-07 22:00:00,0.0
2021-08-07 23:00:00,0.0
2021-08-08 00:00:00,0.0
2021-08-08 01:00:00,0.0
2021-08-08 02:00:00,0.0
2021-08-08 03:00:00,0.0
2021-08-08 04:00:00,0.0
2021-08-08 05:00:00,0.0
2021-08-08 06:00:00,0.195
2021-08-08 07:00:00,2.191
2021-08-08 08:00:00,3.452
2021-08-08 09:00:00,7.15
2021-08-08 10:00:00,6.064
2021-08-08 11:00:00,8.579
2021-08-08 12:00:00,13.426
2021-08-08 13:00:00,12.479
2021-08-08 14:00:00,14.914000000000001
2021-08-08 15:00:00,9.241
2021-08-08 16:00:00,4.312
2021-08-08 17:00:00,1.925
2021-08-08 18:00:00,0.46599999999999997
2021-08-08 19:00:00,0.0
2021-08-08 20:00:00,0.0
2021-08-08 21:00:00,0.0
2021-08-08 22:00:00,0.0
2021-08-08 23:00:00,0.0
2021-08-09 00:00:00,0.0
2021-08-09 01:00:00,0.0
2021-08-09 02:00:00,0.0
2021-08-09 03:00:00,0.0
2021-08-09 04:00:00,0.0
2021-08-09 05:00:00,0.0
2021-08-09 06:00:00,1.1520000000000001
2021-08-09 07:00:00,2.513
2021-08-09 08:00:00,5.729
2021-08-09 09:00:00,13.46
2021-08-09 10:00:00,12.045
2021-08-09 11:00:00,15.169
2021-08-09 12:00:00,15.699000000000002
2021-08-09 13:00:00,10.268
2021-08-09 14:00:00,8.035
2021-08-09 15:00:00,5.924
2021-08-09 16:00:00,3.7060000000000004
2021-08-09 17:00:00,1.101
2021-08-09 18:00:00,0.157
2021-08-09 19:00:00,0.0
2021-08-09 20:00:00,0.0
2021-08-09 21:00:00,0.0
2021-08-09 22:00:00,0.0
2021-08-09 23:00:00,0.0
2021-08-10 00:00:00,0.0
2021-08-10 01:00:00,0.0
2021-08-10 02:00:00,0.0
2021-08-10 03:00:00,0.0
2021-08-10 04:00:00,0.0
2021-08-10 05:00:00,0.0
2021-08-10 06:00:00,0.542
2021-08-10 07:00:00,4.793
2021-08-10 08:00:00,7.0649999999999995
2021-08-10 09:00:00,5.001
2021-08-10 10:00:00,4.492
2021-08-10 11:00:00,8.485
2021-08-10 12:00:00,11.629
2021-08-10 13:00:00,9.414
2021-08-10 14:00:00,6.803
2021-08-10 15:00:00,7.267
2021-08-10 16:00:00,6.24
2021-08-10 17:00:00,2.712
2021-08-10 18:00:00,0.677
2021-08-10 19:00:00,0.0
2021-08-10 20:00:00,0.0
2021-08-10 21:00:00,0.0
2021-08-10 22:00:00,0.0
2021-08-10 23:00:00,0.0
2021-08-11 00:00:00,0.0
2021-08-11 01:00:00,0.0
2021-08-11 02:00:00,0.0
2021-08-11 03:00:00,0.0
2021-08-11 04:00:00,0.0
2021-08-11 05:00:00,0.0
2021-08-11 06:00:00,0.54
2021-08-11 07:00:00,3.677
2021-08-11 08:00:00,10.58
2021-08-11 09:00:00,19.136000000000003
2021-08-11 10:00:00,19.985
2021-08-11 11:00:00,19.772
2021-08-11 12:00:00,13.088000000000001
2021-08-11 13:00:00,15.878
2021-08-11 14:00:00,14.702
2021-08-11 15:00:00,12.502
2021-08-11 16:00:00,9.28
2021-08-11 17:00:00,8.165
2021-08-11 18:00:00,0.388
2021-08-11 19:00:00,0.0
2021-08-11 20:00:00,0.0
2021-08-11 21:00:00,0.0
2021-08-11 22:00:00,0.0
2021-08-11 23:00:00,0.0
2021-08-12 00:00:00,0.0
2021-08-12 01:00:00,0.0
2021-08-12 02:00:00,0.0
2021-08-12 03:00:00,0.0
2021-08-12 04:00:00,0.0
2021-08-12 05:00:00,0.0
2021-08-12 06:00:00,1.197
2021-08-12 07:00:00,2.709
2021-08-12 08:00:00,11.424
2021-08-12 09:00:00,17.866
2021-08-12 10:00:00,14.626
2021-08-12 11:00:00,11.916
2021-08-12 12:00:00,16.397
2021-08-12 13:00:00,25.471
2021-08-12 14:00:00,21.023
2021-08-12 15:00:00,7.24
2021-08-12 16:00:00,4.968
2021-08-12 17:00:00,4.702
2021-08-12 18:00:00,0.783
2021-08-12 19:00:00,0.0
2021-08-12 20:00:00,0.0
2021-08-12 21:00:00,0.0
2021-08-12 22:00:00,0.0
2021-08-12 23:00:00,0.0
2021-08-13 00:00:00,0.0
2021-08-13 01:00:00,0.0
2021-08-13 02:00:00,0.0
2021-08-13 03:00:00,0.0
2021-08-13 04:00:00,0.0
2021-08-13 05:00:00,0.0
2021-08-13 06:00:00,0.8500000000000001
2021-08-13 07:00:00,4.952999999999999
2021-08-13 08:00:00,13.806000000000001
2021-08-13 09:00:00,11.243
2021-08-13 10:00:00,10.846
2021-08-13 11:00:00,5.325
2021-08-13 12:00:00,10.958
2021-08-13 13:00:00,16.703
2021-08-13 14:00:00,13.167
2021-08-13 15:00:00,13.344
2021-08-13 16:00:00,5.713
2021-08-13 17:00:00,2.528
2021-08-13 18:00:00,0.584
2021-08-13 19:00:00,0.0
2021-08-13 20:00:00,0.0
2021-08-13 21:00:00,0.0
2021-08-13 22:00:00,0.0
2021-08-13 23:00:00,0.0
2021-08-14 00:00:00,0.0
2021-08-14 01:00:00,0.0
2021-08-14 02:00:00,0.0
2021-08-14 03:00:00,0.0
2021-08-14 04:00:00,0.0
2021-08-14 05:00:00,0.0
2021-08-14 06:00:00,0.274
2021-08-14 07:00:00,2.391
2021-08-14 08:00:00,5.452
2021-08-14 09:00:00,4.519
2021-08-14 10:00:00,1.228
2021-08-14 11:00:00,5.659
2021-08-14 12:00:00,9.049
2021-08-14 13:00:00,10.133
2021-08-14 14:00:00,7.295
2021-08-14 15:00:00,5.143
2021-08-14 16:00:00,9.078
2021-08-14 17:00:00,1.33
2021-08-14 18:00:00,0.664
2021-08-14 19:00:00,0.0
2021-08-14 20:00:00,0.0
2021-08-14 21:00:00,0.0
2021-08-14 22:00:00,0.0
2021-08-14 23:00:00,0.0
2021-08-15 00:00:00,0.0
2021-08-15 01:00:00,0.0
2021-08-15 02:00:00,0.0
2021-08-15 03:00:00,0.0
2021-08-15 04:00:00,0.0
2021-08-15 05:00:00,0.0
2021-08-15 06:00:00,0.184
2021-08-15 07:00:00,1.456
2021-08-15 08:00:00,2.026
2021-08-15 09:00:00,6.0009999999999994
2021-08-15 10:00:00,8.025
2021-08-15 11:00:00,9.735
2021-08-15 12:00:00,16.901
2021-08-15 13:00:00,14.482
2021-08-15 14:00:00,8.823
2021-08-15 15:00:00,11.568
2021-08-15 16:00:00,4.628
2021-08-15 17:00:00,2.463
2021-08-15 18:00:00,0.215
2021-08-15 19:00:00,0.0
2021-08-15 20:00:00,0.0
2021-08-15 21:00:00,0.0
2021-08-15 22:00:00,0.0
2021-08-15 23:00:00,0.0
2021-08-16 00:00:00,0.0
2021-08-16 01:00:00,0.0
2021-08-16 02:00:00,0.0
2021-08-16 03:00:00,0.0
2021-08-16 04:00:00,0.0
2021-08-16 05:00:00,0.0
2021-08-16 06:00:00,1.257
2021-08-16 07:00:00,3.59
2021-08-16 08:00:00,10.747
2021-08-16 09:00:00,8.516
2021-08-16 10:00:00,11.637
2021-08-16 11:00:00,12.516000000000002
2021-08-16 12:00:00,9.171
2021-08-16 13:00:00,14.035
2021-08-16 14:00:00,14.86
2021-08-16 15:00:00,14.533000000000001
2021-08-16 16:00:00,9.774000000000001
2021-08-16 17:00:00,4.888
2021-08-16 18:00:00,0.662
2021-08-16 19:00:00,0.0
2021-08-16 20:00:00,0.0
2021-08-16 21:00:00,0.0
2021-08-16 22:00:00,0.0
2021-08-16 23:00:00,0.0
2021-08-17 00:00:00,0.0
2021-08-17 01:00:00,0.0
2021-08-17 02:00:00,0.0
2021-08-17 03:00:00,0.0
2021-08-17 04:00:00,0.0
2021-08-17 05:00:00,0.0
2021-08-17 06:00:00,1.062
2021-08-17 07:00:00,5.773
2021-08-17 08:00:00,11.747
2021-08-17 09:00:00,17.551000000000002
2021-08-17 10:00:00,20.9
2021-08-17 11:00:00,22.317
2021-08-17 12:00:00,16.717
2021-08-17 13:00:00,21.333
2021-08-17 14:00:00,22.581000000000003
2021-08-17 15:00:00,15.646
2021-08-17 16:00:00,10.611
2021-08-17 17:00:00,4.79
2021-08-17 18:00:00,0.621
2021-08-17 19:00:00,0.0
2021-08-17 20:00:00,0.0
2021-08-17 21:00:00,0.0
2021-08-17 22:00:00,0.0
2021-08-17 23:00:00,0.0
2021-08-18 00:00:00,0.0
2021-08-18 01:00:00,0.0
2021-08-18 02:00:00,0.0
2021-08-18 03:00:00,0.0
2021-08-18 04:00:00,0.0
2021-08-18 05:00:00,0.0
2021-08-18 06:00:00,0.9450000000000001
2021-08-18 07:00:00,5.161
2021-08-18 08:00:00,12.937000000000001
2021-08-18 09:00:00,18.945
2021-08-18 10:00:00,24.362000000000002
2021-08-18 11:00:00,23.271
2021-08-18 12:00:00,16.161
2021-08-18 13:00:00,20.427
2021-08-18 14:00:00,12.828
2021-08-18 15:00:00,1.68
2021-08-18 16:00:00,0.9339999999999999
2021-08-18 17:00:00,1.104
2021-08-18 18:00:00,0.377
2021-08-18 19:00:00,0.0
2021-08-18 20:00:00,0.0
2021-08-18 21:00:00,0.0
2021-08-18 22:00:00,0.0
2021-08-18 23:00:00,0.0
2021-08-19 00:00:00,0.0
2021-08-19 01:00:00,0.0
2021-08-19 02:00:00,0.0
2021-08-19 03:00:00,0.0
2021-08-19 04:00:00,0.0
2021-08-19 05:00:00,0.0
2021-08-19 06:00:00,0.825
2021-08-19 07:00:00,5.013999999999999
2021-08-19 08:00:00,12.523
2021-08-19 09:00:00,18.651
2021-08-19 10:00:00,26.783
2021-08-19 11:00:00,5.177
2021-08-19 12:00:00,8.727
2021-08-19 13:00:00,7.710000000000001
2021-08-19 14:00:00,8.394
2021-08-19 15:00:00,11.247
2021-08-19 16:00:00,10.935
2021-08-19 17:00:00,3.382
2021-08-19 18:00:00,0.278
2021-08-19 19:00:00,0.0
2021-08-19 20:00:00,0.0
2021-08-19 21:00:00,0.0
2021-08-19 22:00:00,0.0
2021-08-19 23:00:00,0.0
2021-08-20 00:00:00,0.0
2021-08-20 01:00:00,0.0
2021-08-20 02:00:00,0.0
2021-08-20 03:00:00,0.0
2021-08-20 04:00:00,0.0
2021-08-20 05:00:00,0.0
2021-08-20 06:00:00,0.792
2021-08-20 07:00:00,6.074
2021-08-20 08:00:00,13.217
2021-08-20 09:00:00,12.236
2021-08-20 10:00:00,20.598
2021-08-20 11:00:00,21.569000000000003
2021-08-20 12:00:00,26.419
2021-08-20 13:00:00,24.915
2021-08-20 14:00:00,18.279
2021-08-20 15:00:00,10.469
2021-08-20 16:00:00,5.208
2021-08-20 17:00:00,3.675
2021-08-20 18:00:00,0.494
2021-08-20 19:00:00,0.0
2021-08-20 20:00:00,0.0
2021-08-20 21:00:00,0.0
2021-08-20 22:00:00,0.0
2021-08-20 23:00:00,0.0
2021-08-21 00:00:00,0.0
2021-08-21 01:00:00,0.0
2021-08-21 02:00:00,0.0
2021-08-21 03:00:00,0.0
2021-08-21 04:00:00,0.0
2021-08-21 05:00:00,0.0
2021-08-21 06:00:00,0.813
2021-08-21 07:00:00,4.584
2021-08-21 08:00:00,12.439
2021-08-21 09:00:00,17.275
2021-08-21 10:00:00,22.531
2021-08-21 11:00:00,18.127
2021-08-21 12:00:00,24.305
2021-08-21 13:00:00,23.635
2021-08-21 14:00:00,19.025
2021-08-21 15:00:00,13.211
2021-08-21 16:00:00,11.071
2021-08-21 17:00:00,5.259
2021-08-21 18:00:00,0.8300000000000001
2021-08-21 19:00:00,0.0
2021-08-21 20:00:00,0.0
2021-08-21 21:00:00,0.0
2021-08-21 22:00:00,0.0
2021-08-21 23:00:00,0.0
2021-08-22 00:00:00,0.0
2021-08-22 01:00:00,0.0
2021-08-22 02:00:00,0.0
2021-08-22 03:00:00,0.0
2021-08-22 04:00:00,0.0
2021-08-22 05:00:00,0.0
2021-08-22 06:00:00,1.122
2021-08-22 07:00:00,4.447
2021-08-22 08:00:00,13.473
2021-08-22 09:00:00,18.793
2021-08-22 10:00:00,21.406
2021-08-22 11:00:00,25.944000000000003
2021-08-22 12:00:00,26.1
2021-08-22 13:00:00,22.531
2021-08-22 14:00:00,19.424
2021-08-22 15:00:00,15.228000000000002
2021-08-22 16:00:00,10.454
2021-08-22 17:00:00,4.462
2021-08-22 18:00:00,0.652
2021-08-22 19:00:00,0.0
2021-08-22 20:00:00,0.0
2021-08-22 21:00:00,0.0
2021-08-22 22:00:00,0.0
2021-08-22 23:00:00,0.0
2021-08-23 00:00:00,0.0
2021-08-23 01:00:00,0.0
2021-08-23 02:00:00,0.0
2021-08-23 03:00:00,0.0
2021-08-23 04:00:00,0.0
2021-08-23 05:00:00,0.0
2021-08-23 06:00:00,1.165
2021-08-23 07:00:00,4.6419999999999995
2021-08-23 08:00:00,14.442
2021-08-23 09:00:00,18.304000000000002
2021-08-23 10:00:00,17.43
2021-08-23 11:00:00,21.844
2021-08-23 12:00:00,16.854
2021-08-23 13:00:00,12.312
2021-08-23 14:00:00,15.959
2021-08-23 15:00:00,13.072
2021-08-23 16:00:00,8.368
2021-08-23 17:00:00,4.3580000000000005
2021-08-23 18:00:00,0.36100000000000004
2021-08-23 19:00:00,0.0
2021-08-23 20:00:00,0.0
2021-08-23 21:00:00,0.0
2021-08-23 22:00:00,0.0
2021-08-23 23:00:00,0.0
2021-08-24 00:00:00,0.0
2021-08-24 01:00:00,0.0
2021-08-24 02:00:00,0.0
2021-08-24 03:00:00,0.0
2021-08-24 04:00:00,0.0
2021-08-24 05:00:00,0.0
2021-08-24 06:00:00,0.876
2021-08-24 07:00:00,4.457
2021-08-24 08:00:00,12.538
2021-08-24 09:00:00,11.98
2021-08-24 10:00:00,20.971000000000004
2021-08-24 11:00:00,16.723
2021-08-24 12:00:00,18.509
2021-08-24 13:00:00,21.691000000000003
2021-08-24 14:00:00,16.682
2021-08-24 15:00:00,13.3
2021-08-24 16:00:00,9.604
2021-08-24 17:00:00,3.7270000000000003
2021-08-24 18:00:00,0.395
2021-08-24 19:00:00,0.0
2021-08-24 20:00:00,0.0
2021-08-24 21:00:00,0.0
2021-08-24 22:00:00,0.0
2021-08-24 23:00:00,0.0
2021-08-25 00:00:00,0.0
2021-08-25 01:00:00,0.0
2021-08-25 02:00:00,0.0
2021-08-25 03:00:00,0.0
2021-08-25 04:00:00,0.0
2021-08-25 05:00:00,0.0
2021-08-25 06:00:00,0.855
2021-08-25 07:00:00,3.552
2021-08-25 08:00:00,8.749
2021-08-25 09:00:00,16.991
2021-08-25 10:00:00,22.981
2021-08-25 11:00:00,20.417
2021-08-25 12:00:00,22.353
2021-08-25 13:00:00,14.937999999999999
2021-08-25 14:00:00,11.846
2021-08-25 15:00:00,3.66
2021-08-25 16:00:00,4.982
2021-08-25 17:00:00,4.086
2021-08-25 18:00:00,0.329
2021-08-25 19:00:00,0.0
2021-08-25 20:00:00,0.0
2021-08-25 21:00:00,0.0
2021-08-25 22:00:00,0.0
2021-08-25 23:00:00,0.0
2021-08-26 00:00:00,0.0
2021-08-26 01:00:00,0.0
2021-08-26 02:00:00,0.0
2021-08-26 03:00:00,0.0
2021-08-26 04:00:00,0.0
2021-08-26 05:00:00,0.0
2021-08-26 06:00:00,0.755
2021-08-26 07:00:00,4.941000000000001
2021-08-26 08:00:00,10.972999999999999
2021-08-26 09:00:00,16.989
2021-08-26 10:00:00,24.917
2021-08-26 11:00:00,25.266000000000002
2021-08-26 12:00:00,18.527
2021-08-26 13:00:00,22.523
2021-08-26 14:00:00,18.748
2021-08-26 15:00:00,13.983
2021-08-26 16:00:00,7.882000000000001
2021-08-26 17:00:00,3.517
2021-08-26 18:00:00,0.124
2021-08-26 19:00:00,0.0
2021-08-26 20:00:00,0.0
2021-08-26 21:00:00,0.0
2021-08-26 22:00:00,0.0
2021-08-26 23:00:00,0.0
2021-08-27 00:00:00,0.0
2021-08-27 01:00:00,0.0
2021-08-27 02:00:00,0.0
2021-08-27 03:00:00,0.0
2021-08-27 04:00:00,0.0
2021-08-27 05:00:00,0.0
2021-08-27 06:00:00,0.117
2021-08-27 07:00:00,1.165
2021-08-27 08:00:00,4.074
2021-08-27 09:00:00,10.593
2021-08-27 10:00:00,2.27
2021-08-27 11:00:00,0.21
2021-08-27 12:00:00,1.056
2021-08-27 13:00:00,0.172
2021-08-27 14:00:00,0.373
2021-08-27 15:00:00,0.183
2021-08-27 16:00:00,0.42400000000000004
2021-08-27 17:00:00,0.359
2021-08-27 18:00:00,0.07300000000000001
2021-08-27 19:00:00,0.0
2021-08-27 20:00:00,0.0
2021-08-27 21:00:00,0.0
2021-08-27 22:00:00,0.0
2021-08-27 23:00:00,0.0
2021-08-28 00:00:00,0.0
2021-08-28 01:00:00,0.0
2021-08-28 02:00:00,0.0
2021-08-28 03:00:00,0.0
2021-08-28 04:00:00,0.0
2021-08-28 05:00:00,0.0
2021-08-28 06:00:00,0.34
2021-08-28 07:00:00,2.497
2021-08-28 08:00:00,11.587
2021-08-28 09:00:00,14.488
2021-08-28 10:00:00,16.314
2021-08-28 11:00:00,9.362
2021-08-28 12:00:00,0.8520000000000001
2021-08-28 13:00:00,9.824
2021-08-28 14:00:00,18.569
2021-08-28 15:00:00,15.647
2021-08-28 16:00:00,10.214
2021-08-28 17:00:00,3.6950000000000003
2021-08-28 18:00:00,0.494
2021-08-28 19:00:00,0.0
2021-08-28 20:00:00,0.0
2021-08-28 21:00:00,0.0
2021-08-28 22:00:00,0.0
2021-08-28 23:00:00,0.0
2021-08-29 00:00:00,0.0
2021-08-29 01:00:00,0.0
2021-08-29 02:00:00,0.0
2021-08-29 03:00:00,0.0
2021-08-29 04:00:00,0.0
2021-08-29 05:00:00,0.0
2021-08-29 06:00:00,0.522
2021-08-29 07:00:00,3.941
2021-08-29 08:00:00,1.544
2021-08-29 09:00:00,2.9290000000000003
2021-08-29 10:00:00,3.6340000000000003
2021-08-29 11:00:00,5.507
2021-08-29 12:00:00,10.044
2021-08-29 13:00:00,18.628
2021-08-29 14:00:00,20.704
2021-08-29 15:00:00,16.753
2021-08-29 16:00:00,8.806000000000001
2021-08-29 17:00:00,3.708
2021-08-29 18:00:00,0.46
2021-08-29 19:00:00,0.0
2021-08-29 20:00:00,0.0
2021-08-29 21:00:00,0.0
2021-08-29 22:00:00,0.0
2021-08-29 23:00:00,0.0
2021-08-30 00:00:00,0.0
2021-08-30 01:00:00,0.0
2021-08-30 02:00:00,0.0
2021-08-30 03:00:00,0.0
2021-08-30 04:00:00,0.0
2021-08-30 05:00:00,0.0
2021-08-30 06:00:00,0.9730000000000001
2021-08-30 07:00:00,5.542
2021-08-30 08:00:00,10.064
2021-08-30 09:00:00,11.427
2021-08-30 10:00:00,23.983
2021-08-30 11:00:00,25.86
2021-08-30 12:00:00,26.029
2021-08-30 13:00:00,21.538
2021-08-30 14:00:00,10.353
2021-08-30 15:00:00,8.289
2021-08-30 16:00:00,9.857
2021-08-30 17:00:00,4.634
2021-08-30 18:00:00,0.6689999999999999
2021-08-30 19:00:00,0.0
2021-08-30 20:00:00,0.0
2021-08-30 21:00:00,0.0
2021-08-30 22:00:00,0.0
2021-08-30 23:00:00,0.0
2021-08-31 00:00:00,0.0
2021-08-31 01:00:00,0.0
2021-08-31 02:00:00,0.0
2021-08-31 03:00:00,0.0
2021-08-31 04:00:00,0.0
2021-08-31 05:00:00,0.0
2021-08-31 06:00:00,0.479
2021-08-31 07:00:00,4.534
2021-08-31 08:00:00,4.422000000000001
2021-08-31 09:00:00,7.655
2021-08-31 10:00:00,6.1
2021-08-31 11:00:00,1.252
2021-08-31 12:00:00,2.11
2021-08-31 13:00:00,0.278
2021-08-31 14:00:00,3.742
2021-08-31 15:00:00,8.783999999999999
2021-08-31 16:00:00,3.0740000000000003
2021-08-31 17:00:00,0.524
2021-08-31 18:00:00,0.0
2021-08-31 19:00:00,0.0
2021-08-31 20:00:00,0.0
2021-08-31 21:00:00,0.0
2021-08-31 22:00:00,0.0
2021-08-31 23:00:00,0.0
2021-09-01 00:00:00,0.0
2021-09-01 01:00:00,0.0
2021-09-01 02:00:00,0.0
2021-09-01 03:00:00,0.0
2021-09-01 04:00:00,0.0
2021-09-01 05:00:00,0.0
2021-09-01 06:00:00,1.162
2021-09-01 07:00:00,3.199
2021-09-01 08:00:00,4.999
2021-09-01 09:00:00,10.968000000000002
2021-09-01 10:00:00,8.798
2021-09-01 11:00:00,7.746
2021-09-01 12:00:00,18.285
2021-09-01 13:00:00,16.698
2021-09-01 14:00:00,20.446
2021-09-01 15:00:00,12.453
2021-09-01 16:00:00,7.084
2021-09-01 17:00:00,2.254
2021-09-01 18:00:00,0.152
2021-09-01 19:00:00,0.0
2021-09-01 20:00:00,0.0
2021-09-01 21:00:00,0.0
2021-09-01 22:00:00,0.0
2021-09-01 23:00:00,0.0
2021-09-02 00:00:00,0.0
2021-09-02 01:00:00,0.0
2021-09-02 02:00:00,0.0
2021-09-02 03:00:00,0.0
2021-09-02 04:00:00,0.0
2021-09-02 05:00:00,0.0
2021-09-02 06:00:00,0.732
2021-09-02 07:00:00,5.066
2021-09-02 08:00:00,11.74
2021-09-02 09:00:00,17.878999999999998
2021-09-02 10:00:00,25.784
2021-09-02 11:00:00,27.0
2021-09-02 12:00:00,26.617
2021-09-02 13:00:00,20.305
2021-09-02 14:00:00,17.883000000000003
2021-09-02 15:00:00,14.626
2021-09-02 16:00:00,10.126000000000001
2021-09-02 17:00:00,4.338
2021-09-02 18:00:00,0.385
2021-09-02 19:00:00,0.0
2021-09-02 20:00:00,0.0
2021-09-02 21:00:00,0.0
2021-09-02 22:00:00,0.0
2021-09-02 23:00:00,0.0
2021-09-03 00:00:00,0.0
2021-09-03 01:00:00,0.0
2021-09-03 02:00:00,0.0
2021-09-03 03:00:00,0.0
2021-09-03 04:00:00,0.0
2021-09-03 05:00:00,0.0
2021-09-03 06:00:00,0.781
2021-09-03 07:00:00,2.406
2021-09-03 08:00:00,12.392000000000001
2021-09-03 09:00:00,14.97
2021-09-03 10:00:00,19.404
2021-09-03 11:00:00,27.8
2021-09-03 12:00:00,18.453
2021-09-03 13:00:00,17.149
2021-09-03 14:00:00,16.235
2021-09-03 15:00:00,14.469999999999999
2021-09-03 16:00:00,9.484
2021-09-03 17:00:00,3.335
2021-09-03 18:00:00,0.139
2021-09-03 19:00:00,0.0
2021-09-03 20:00:00,0.0
2021-09-03 21:00:00,0.0
2021-09-03 22:00:00,0.0
2021-09-03 23:00:00,0.0
2021-09-04 00:00:00,0.0
2021-09-04 01:00:00,0.0
2021-09-04 02:00:00,0.0
2021-09-04 03:00:00,0.0
2021-09-04 04:00:00,0.0
2021-09-04 05:00:00,0.0
2021-09-04 06:00:00,1.068
2021-09-04 07:00:00,6.2989999999999995
2021-09-04 08:00:00,14.716
2021-09-04 09:00:00,12.411
2021-09-04 10:00:00,6.340999999999999
2021-09-04 11:00:00,26.747
2021-09-04 12:00:00,25.168
2021-09-04 13:00:00,20.146
2021-09-04 14:00:00,16.917
2021-09-04 15:00:00,14.241
2021-09-04 16:00:00,9.424000000000001
2021-09-04 17:00:00,3.145
2021-09-04 18:00:00,0.127
2021-09-04 19:00:00,0.0
2021-09-04 20:00:00,0.0
2021-09-04 21:00:00,0.0
2021-09-04 22:00:00,0.0
2021-09-04 23:00:00,0.0
2021-09-05 00:00:00,0.0
2021-09-05 01:00:00,0.0
2021-09-05 02:00:00,0.0
2021-09-05 03:00:00,0.0
2021-09-05 04:00:00,0.0
2021-09-05 05:00:00,0.0
2021-09-05 06:00:00,0.581
2021-09-05 07:00:00,4.412
2021-09-05 08:00:00,13.943999999999999
2021-09-05 09:00:00,20.849
2021-09-05 10:00:00,25.070999999999998
2021-09-05 11:00:00,26.172
2021-09-05 12:00:00,25.831
2021-09-05 13:00:00,21.35
2021-09-05 14:00:00,19.407
2021-09-05 15:00:00,11.436
2021-09-05 16:00:00,8.0
2021-09-05 17:00:00,3.2680000000000002
2021-09-05 18:00:00,0.08700000000000001
2021-09-05 19:00:00,0.0
2021-09-05 20:00:00,0.0
2021-09-05 21:00:00,0.0
2021-09-05 22:00:00,0.0
2021-09-05 23:00:00,0.0
2021-09-06 00:00:00,0.0
2021-09-06 01:00:00,0.0
2021-09-06 02:00:00,0.0
2021-09-06 03:00:00,0.0
2021-09-06 04:00:00,0.0
2021-09-06 05:00:00,0.0
2021-09-06 06:00:00,0.482
2021-09-06 07:00:00,5.089
2021-09-06 08:00:00,12.237
2021-09-06 09:00:00,18.538
2021-09-06 10:00:00,22.788
2021-09-06 11:00:00,23.653
2021-09-06 12:00:00,24.514
2021-09-06 13:00:00,16.797
2021-09-06 14:00:00,13.24
2021-09-06 15:00:00,12.674
2021-09-06 16:00:00,6.448
2021-09-06 17:00:00,2.979
2021-09-06 18:00:00,0.059
2021-09-06 19:00:00,0.0
2021-09-06 20:00:00,0.0
2021-09-06 21:00:00,0.0
2021-09-06 22:00:00,0.0
2021-09-06 23:00:00,0.0
2021-09-07 00:00:00,0.0
2021-09-07 01:00:00,0.0
2021-09-07 02:00:00,0.0
2021-09-07 03:00:00,0.0
2021-09-07 04:00:00,0.0
2021-09-07 05:00:00,0.0
2021-09-07 06:00:00,0.913
2021-09-07 07:00:00,6.5600000000000005
2021-09-07 08:00:00,7.5280000000000005
2021-09-07 09:00:00,20.134
2021-09-07 10:00:00,21.287
2021-09-07 11:00:00,19.119
2021-09-07 12:00:00,9.633000000000001
2021-09-07 13:00:00,15.722999999999999
2021-09-07 14:00:00,17.484
2021-09-07 15:00:00,13.862
2021-09-07 16:00:00,5.684
2021-09-07 17:00:00,1.384
2021-09-07 18:00:00,0.049
2021-09-07 19:00:00,0.0
2021-09-07 20:00:00,0.0
2021-09-07 21:00:00,0.0
2021-09-07 22:00:00,0.0
2021-09-07 23:00:00,0.0
2021-09-08 00:00:00,0.0
2021-09-08 01:00:00,0.0
2021-09-08 02:00:00,0.0
2021-09-08 03:00:00,0.0
2021-09-08 04:00:00,0.0
2021-09-08 05:00:00,0.0
2021-09-08 06:00:00,0.894
2021-09-08 07:00:00,5.997
2021-09-08 08:00:00,13.256
2021-09-08 09:00:00,20.642
2021-09-08 10:00:00,25.705000000000002
2021-09-08 11:00:00,26.04
2021-09-08 12:00:00,24.253
2021-09-08 13:00:00,20.334
2021-09-08 14:00:00,17.623
2021-09-08 15:00:00,14.105
2021-09-08 16:00:00,9.006
2021-09-08 17:00:00,3.045
2021-09-08 18:00:00,0.092
2021-09-08 19:00:00,0.0
2021-09-08 20:00:00,0.0
2021-09-08 21:00:00,0.0
2021-09-08 22:00:00,0.0
2021-09-08 23:00:00,0.0
2021-09-09 00:00:00,0.0
2021-09-09 01:00:00,0.0
2021-09-09 02:00:00,0.0
2021-09-09 03:00:00,0.0
2021-09-09 04:00:00,0.0
2021-09-09 05:00:00,0.0
2021-09-09 06:00:00,0.476
2021-09-09 07:00:00,5.036
2021-09-09 08:00:00,10.535
2021-09-09 09:00:00,18.631
2021-09-09 10:00:00,23.506
2021-09-09 11:00:00,24.025
2021-09-09 12:00:00,24.389
2021-09-09 13:00:00,20.841
2021-09-09 14:00:00,17.845
2021-09-09 15:00:00,13.776
2021-09-09 16:00:00,8.74
2021-09-09 17:00:00,2.494
2021-09-09 18:00:00,0.079
2021-09-09 19:00:00,0.0
2021-09-09 20:00:00,0.0
2021-09-09 21:00:00,0.0
2021-09-09 22:00:00,0.0
2021-09-09 23:00:00,0.0
2021-09-10 00:00:00,0.0
2021-09-10 01:00:00,0.0
2021-09-10 02:00:00,0.0
2021-09-10 03:00:00,0.0
2021-09-10 04:00:00,0.0
2021-09-10 05:00:00,0.0
2021-09-10 06:00:00,0.609
2021-09-10 07:00:00,4.897
2021-09-10 08:00:00,9.824
2021-09-10 09:00:00,10.443999999999999
2021-09-10 10:00:00,16.288
2021-09-10 11:00:00,25.517000000000003
2021-09-10 12:00:00,24.106
2021-09-10 13:00:00,19.821
2021-09-10 14:00:00,17.3
2021-09-10 15:00:00,13.824
2021-09-10 16:00:00,8.652000000000001
2021-09-10 17:00:00,2.834
2021-09-10 18:00:00,0.15400000000000003
2021-09-10 19:00:00,0.0
2021-09-10 20:00:00,0.0
2021-09-10 21:00:00,0.0
2021-09-10 22:00:00,0.0
2021-09-10 23:00:00,0.0
2021-09-11 00:00:00,0.0
2021-09-11 01:00:00,0.0
2021-09-11 02:00:00,0.0
2021-09-11 03:00:00,0.0
2021-09-11 04:00:00,0.0
2021-09-11 05:00:00,0.0
2021-09-11 06:00:00,0.215
2021-09-11 07:00:00,2.716
2021-09-11 08:00:00,7.191000000000001
2021-09-11 09:00:00,9.65
2021-09-11 10:00:00,16.332
2021-09-11 11:00:00,23.806
2021-09-11 12:00:00,19.915
2021-09-11 13:00:00,20.244999999999997
2021-09-11 14:00:00,13.9
2021-09-11 15:00:00,13.189
2021-09-11 16:00:00,7.404999999999999
2021-09-11 17:00:00,2.852
2021-09-11 18:00:00,0.129
2021-09-11 19:00:00,0.0
2021-09-11 20:00:00,0.0
2021-09-11 21:00:00,0.0
2021-09-11 22:00:00,0.0
2021-09-11 23:00:00,0.0
2021-09-12 00:00:00,0.0
2021-09-12 01:00:00,0.0
2021-09-12 02:00:00,0.0
2021-09-12 03:00:00,0.0
2021-09-12 04:00:00,0.0
2021-09-12 05:00:00,0.0
2021-09-12 06:00:00,0.743
2021-09-12 07:00:00,3.4739999999999998
2021-09-12 08:00:00,9.452
2021-09-12 09:00:00,14.484
2021-09-12 10:00:00,19.595
2021-09-12 11:00:00,20.335
2021-09-12 12:00:00,22.152
2021-09-12 13:00:00,14.886
2021-09-12 14:00:00,15.969
2021-09-12 15:00:00,7.386
2021-09-12 16:00:00,7.257000000000001
2021-09-12 17:00:00,2.958
2021-09-12 18:00:00,0.213
2021-09-12 19:00:00,0.0
2021-09-12 20:00:00,0.0
2021-09-12 21:00:00,0.0
2021-09-12 22:00:00,0.0
2021-09-12 23:00:00,0.0
2021-09-13 00:00:00,0.0
2021-09-13 01:00:00,0.0
2021-09-13 02:00:00,0.0
2021-09-13 03:00:00,0.0
2021-09-13 04:00:00,0.0
2021-09-13 05:00:00,0.0
2021-09-13 06:00:00,0.362
2021-09-13 07:00:00,3.6270000000000002
2021-09-13 08:00:00,7.279
2021-09-13 09:00:00,13.414
2021-09-13 10:00:00,20.802
2021-09-13 11:00:00,22.657
2021-09-13 12:00:00,5.282
2021-09-13 13:00:00,6.346
2021-09-13 14:00:00,14.043999999999999
2021-09-13 15:00:00,10.975999999999999
2021-09-13 16:00:00,6.140000000000001
2021-09-13 17:00:00,2.815
2021-09-13 18:00:00,0.128
2021-09-13 19:00:00,0.0
2021-09-13 20:00:00,0.0
2021-09-13 21:00:00,0.0
2021-09-13 22:00:00,0.0
2021-09-13 23:00:00,0.0
2021-09-14 00:00:00,0.0
2021-09-14 01:00:00,0.0
2021-09-14 02:00:00,0.0
2021-09-14 03:00:00,0.0
2021-09-14 04:00:00,0.0
2021-09-14 05:00:00,0.0
2021-09-14 06:00:00,0.612
2021-09-14 07:00:00,4.639
2021-09-14 08:00:00,13.208
2021-09-14 09:00:00,17.364
2021-09-14 10:00:00,4.355
2021-09-14 11:00:00,5.999
2021-09-14 12:00:00,6.996
2021-09-14 13:00:00,8.294
2021-09-14 14:00:00,6.506
2021-09-14 15:00:00,5.714
2021-09-14 16:00:00,3.875
2021-09-14 17:00:00,1.858
2021-09-14 18:00:00,0.098
2021-09-14 19:00:00,0.0
2021-09-14 20:00:00,0.0
2021-09-14 21:00:00,0.0
2021-09-14 22:00:00,0.0
2021-09-14 23:00:00,0.0
2021-09-15 00:00:00,0.0
2021-09-15 01:00:00,0.0
2021-09-15 02:00:00,0.0
2021-09-15 03:00:00,0.0
2021-09-15 04:00:00,0.0
2021-09-15 05:00:00,0.0
2021-09-15 06:00:00,0.42500000000000004
2021-09-15 07:00:00,4.8709999999999996
2021-09-15 08:00:00,11.841000000000001
2021-09-15 09:00:00,18.781
2021-09-15 10:00:00,22.348
2021-09-15 11:00:00,12.913
2021-09-15 12:00:00,20.253
2021-09-15 13:00:00,10.805
2021-09-15 14:00:00,15.222000000000001
2021-09-15 15:00:00,9.096
2021-09-15 16:00:00,6.595
2021-09-15 17:00:00,1.076
2021-09-15 18:00:00,0.046
2021-09-15 19:00:00,0.0
2021-09-15 20:00:00,0.0
2021-09-15 21:00:00,0.0
2021-09-15 22:00:00,0.0
2021-09-15 23:00:00,0.0
2021-09-16 00:00:00,0.0
2021-09-16 01:00:00,0.0
2021-09-16 02:00:00,0.0
2021-09-16 03:00:00,0.0
2021-09-16 04:00:00,0.0
2021-09-16 05:00:00,0.0
2021-09-16 06:00:00,0.532
2021-09-16 07:00:00,3.777
2021-09-16 08:00:00,8.829
2021-09-16 09:00:00,13.762
2021-09-16 10:00:00,21.192999999999998
2021-09-16 11:00:00,18.685000000000002
2021-09-16 12:00:00,1.582
2021-09-16 13:00:00,0.40900000000000003
2021-09-16 14:00:00,0.069
2021-09-16 15:00:00,1.02
2021-09-16 16:00:00,3.036
2021-09-16 17:00:00,0.744
2021-09-16 18:00:00,0.0
2021-09-16 19:00:00,0.0
2021-09-16 20:00:00,0.0
2021-09-16 21:00:00,0.0
2021-09-16 22:00:00,0.0
2021-09-16 23:00:00,0.0
2021-09-17 00:00:00,0.0
2021-09-17 01:00:00,0.0
2021-09-17 02:00:00,0.0
2021-09-17 03:00:00,0.0
2021-09-17 04:00:00,0.0
2021-09-17 05:00:00,0.0
2021-09-17 06:00:00,0.511
2021-09-17 07:00:00,2.064
2021-09-17 08:00:00,10.581
2021-09-17 09:00:00,14.716000000000001
2021-09-17 10:00:00,23.369
2021-09-17 11:00:00,25.205000000000002
2021-09-17 12:00:00,21.581
2021-09-17 13:00:00,20.884
2021-09-17 14:00:00,17.386000000000003
2021-09-17 15:00:00,12.346
2021-09-17 16:00:00,4.919
2021-09-17 17:00:00,1.14
2021-09-17 18:00:00,0.058
2021-09-17 19:00:00,0.0
2021-09-17 20:00:00,0.0
2021-09-17 21:00:00,0.0
2021-09-17 22:00:00,0.0
2021-09-17 23:00:00,0.0
2021-09-18 00:00:00,0.0
2021-09-18 01:00:00,0.0
2021-09-18 02:00:00,0.0
2021-09-18 03:00:00,0.0
2021-09-18 04:00:00,0.0
2021-09-18 05:00:00,0.0
2021-09-18 06:00:00,0.25
2021-09-18 07:00:00,2.344
2021-09-18 08:00:00,7.319
2021-09-18 09:00:00,11.735
2021-09-18 10:00:00,20.698
2021-09-18 11:00:00,22.177
2021-09-18 12:00:00,25.459
2021-09-18 13:00:00,21.02
2021-09-18 14:00:00,17.096
2021-09-18 15:00:00,12.869
2021-09-18 16:00:00,6.803
2021-09-18 17:00:00,1.436
2021-09-18 18:00:00,0.0
2021-09-18 19:00:00,0.0
2021-09-18 20:00:00,0.0
2021-09-18 21:00:00,0.0
2021-09-18 22:00:00,0.0
2021-09-18 23:00:00,0.0
2021-09-19 00:00:00,0.0
2021-09-19 01:00:00,0.0
2021-09-19 02:00:00,0.0
2021-09-19 03:00:00,0.0
2021-09-19 04:00:00,0.0
2021-09-19 05:00:00,0.0
2021-09-19 06:00:00,0.096
2021-09-19 07:00:00,3.656
2021-09-19 08:00:00,7.561
2021-09-19 09:00:00,16.028
2021-09-19 10:00:00,17.1
2021-09-19 11:00:00,17.061
2021-09-19 12:00:00,13.1
2021-09-19 13:00:00,11.186
2021-09-19 14:00:00,9.58
2021-09-19 15:00:00,6.785
2021-09-19 16:00:00,2.425
2021-09-19 17:00:00,1.096
2021-09-19 18:00:00,0.0
2021-09-19 19:00:00,0.0
2021-09-19 20:00:00,0.0
2021-09-19 21:00:00,0.0
2021-09-19 22:00:00,0.0
2021-09-19 23:00:00,0.0
2021-09-20 00:00:00,0.0
2021-09-20 01:00:00,0.0
2021-09-20 02:00:00,0.0
2021-09-20 03:00:00,0.0
2021-09-20 04:00:00,0.0
2021-09-20 05:00:00,0.0
2021-09-20 06:00:00,0.30000000000000004
2021-09-20 07:00:00,1.9500000000000002
2021-09-20 08:00:00,2.632
2021-09-20 09:00:00,4.405
2021-09-20 10:00:00,10.716
2021-09-20 11:00:00,23.422
2021-09-20 12:00:00,23.222
2021-09-20 13:00:00,19.792
2021-09-20 14:00:00,12.14
2021-09-20 15:00:00,8.989
2021-09-20 16:00:00,6.832
2021-09-20 17:00:00,2.5060000000000002
2021-09-20 18:00:00,0.091
2021-09-20 19:00:00,0.0
2021-09-20 20:00:00,0.0
2021-09-20 21:00:00,0.0
2021-09-20 22:00:00,0.0
2021-09-20 23:00:00,0.0
2021-09-21 00:00:00,0.0
2021-09-21 01:00:00,0.0
2021-09-21 02:00:00,0.0
2021-09-21 03:00:00,0.0
2021-09-21 04:00:00,0.0
2021-09-21 05:00:00,0.0
2021-09-21 06:00:00,0.41600000000000004
2021-09-21 07:00:00,4.962
2021-09-21 08:00:00,12.887
2021-09-21 09:00:00,20.148
2021-09-21 10:00:00,24.554000000000002
2021-09-21 11:00:00,25.272
2021-09-21 12:00:00,23.631999999999998
2021-09-21 13:00:00,4.223
2021-09-21 14:00:00,2.587
2021-09-21 15:00:00,7.7669999999999995
2021-09-21 16:00:00,9.014
2021-09-21 17:00:00,1.8179999999999998
2021-09-21 18:00:00,0.003
2021-09-21 19:00:00,0.0
2021-09-21 20:00:00,0.0
2021-09-21 21:00:00,0.0
2021-09-21 22:00:00,0.0
2021-09-21 23:00:00,0.0
2021-09-22 00:00:00,0.0
2021-09-22 01:00:00,0.0
2021-09-22 02:00:00,0.0
2021-09-22 03:00:00,0.0
2021-09-22 04:00:00,0.0
2021-09-22 05:00:00,0.0
2021-09-22 06:00:00,0.495
2021-09-22 07:00:00,4.761
2021-09-22 08:00:00,10.084
2021-09-22 09:00:00,11.621
2021-09-22 10:00:00,22.825
2021-09-22 11:00:00,24.855
2021-09-22 12:00:00,21.534
2021-09-22 13:00:00,18.52
2021-09-22 14:00:00,17.368
2021-09-22 15:00:00,12.571
2021-09-22 16:00:00,6.328
2021-09-22 17:00:00,1.773
2021-09-22 18:00:00,0.04
2021-09-22 19:00:00,0.0
2021-09-22 20:00:00,0.0
2021-09-22 21:00:00,0.0
2021-09-22 22:00:00,0.0
2021-09-22 23:00:00,0.0
2021-09-23 00:00:00,0.0
2021-09-23 01:00:00,0.0
2021-09-23 02:00:00,0.0
2021-09-23 03:00:00,0.0
2021-09-23 04:00:00,0.0
2021-09-23 05:00:00,0.0
2021-09-23 06:00:00,0.218
2021-09-23 07:00:00,1.5450000000000002
2021-09-23 08:00:00,1.9569999999999999
2021-09-23 09:00:00,1.2810000000000001
2021-09-23 10:00:00,1.278
2021-09-23 11:00:00,1.471
2021-09-23 12:00:00,2.926
2021-09-23 13:00:00,4.747
2021-09-23 14:00:00,7.538
2021-09-23 15:00:00,6.067
2021-09-23 16:00:00,2.919
2021-09-23 17:00:00,0.0
2021-09-23 18:00:00,0.0
2021-09-23 19:00:00,0.0
2021-09-23 20:00:00,0.0
2021-09-23 21:00:00,0.0
2021-09-23 22:00:00,0.0
2021-09-23 23:00:00,0.0
2021-09-24 00:00:00,0.0
2021-09-24 01:00:00,0.0
2021-09-24 02:00:00,0.0
2021-09-24 03:00:00,0.0
2021-09-24 04:00:00,0.0
2021-09-24 05:00:00,0.0
2021-09-24 06:00:00,0.679
2021-09-24 07:00:00,4.063
2021-09-24 08:00:00,7.839
2021-09-24 09:00:00,7.13
2021-09-24 10:00:00,15.745000000000001
2021-09-24 11:00:00,18.796
2021-09-24 12:00:00,13.953
2021-09-24 13:00:00,12.246
2021-09-24 14:00:00,10.129000000000001
2021-09-24 15:00:00,10.307
2021-09-24 16:00:00,5.088
2021-09-24 17:00:00,1.3619999999999999
2021-09-24 18:00:00,0.0
2021-09-24 19:00:00,0.0
2021-09-24 20:00:00,0.0
2021-09-24 21:00:00,0.0
2021-09-24 22:00:00,0.0
2021-09-24 23:00:00,0.0
2021-09-25 00:00:00,0.0
2021-09-25 01:00:00,0.0
2021-09-25 02:00:00,0.0
2021-09-25 03:00:00,0.0
2021-09-25 04:00:00,0.0
2021-09-25 05:00:00,0.0
2021-09-25 06:00:00,0.23399999999999999
2021-09-25 07:00:00,2.142
2021-09-25 08:00:00,7.5009999999999994
2021-09-25 09:00:00,5.982
2021-09-25 10:00:00,15.807
2021-09-25 11:00:00,14.146
2021-09-25 12:00:00,20.604
2021-09-25 13:00:00,19.213
2021-09-25 14:00:00,16.536
2021-09-25 15:00:00,12.751000000000001
2021-09-25 16:00:00,6.686
2021-09-25 17:00:00,1.451
2021-09-25 18:00:00,0.018
2021-09-25 19:00:00,0.0
2021-09-25 20:00:00,0.0
2021-09-25 21:00:00,0.0
2021-09-25 22:00:00,0.0
2021-09-25 23:00:00,0.0
2021-09-26 00:00:00,0.0
2021-09-26 01:00:00,0.0
2021-09-26 02:00:00,0.0
2021-09-26 03:00:00,0.0
2021-09-26 04:00:00,0.0
2021-09-26 05:00:00,0.0
2021-09-26 06:00:00,0.097
2021-09-26 07:00:00,4.708
2021-09-26 08:00:00,5.364
2021-09-26 09:00:00,4.845
2021-09-26 10:00:00,4.643
2021-09-26 11:00:00,12.359
2021-09-26 12:00:00,15.358
2021-09-26 13:00:00,13.156
2021-09-26 14:00:00,17.309
2021-09-26 15:00:00,12.111
2021-09-26 16:00:00,5.945
2021-09-26 17:00:00,1.412
2021-09-26 18:00:00,0.005
2021-09-26 19:00:00,0.0
2021-09-26 20:00:00,0.0
2021-09-26 21:00:00,0.0
2021-09-26 22:00:00,0.0
2021-09-26 23:00:00,0.0
2021-09-27 00:00:00,0.0
2021-09-27 01:00:00,0.0
2021-09-27 02:00:00,0.0
2021-09-27 03:00:00,0.0
2021-09-27 04:00:00,0.0
2021-09-27 05:00:00,0.0
2021-09-27 06:00:00,0.054000000000000006
2021-09-27 07:00:00,1.509
2021-09-27 08:00:00,5.607
2021-09-27 09:00:00,8.215
2021-09-27 10:00:00,13.915000000000001
2021-09-27 11:00:00,18.714
2021-09-27 12:00:00,22.174
2021-09-27 13:00:00,18.606
2021-09-27 14:00:00,16.124000000000002
2021-09-27 15:00:00,12.074
2021-09-27 16:00:00,6.479
2021-09-27 17:00:00,1.593
2021-09-27 18:00:00,0.013
2021-09-27 19:00:00,0.0
2021-09-27 20:00:00,0.0
2021-09-27 21:00:00,0.0
2021-09-27 22:00:00,0.0
2021-09-27 23:00:00,0.0
2021-09-28 00:00:00,0.0
2021-09-28 01:00:00,0.0
2021-09-28 02:00:00,0.0
2021-09-28 03:00:00,0.0
2021-09-28 04:00:00,0.0
2021-09-28 05:00:00,0.0
2021-09-28 06:00:00,0.323
2021-09-28 07:00:00,1.514
2021-09-28 08:00:00,10.885
2021-09-28 09:00:00,17.984
2021-09-28 10:00:00,22.315
2021-09-28 11:00:00,23.415
2021-09-28 12:00:00,21.873
2021-09-28 13:00:00,18.535
2021-09-28 14:00:00,13.062
2021-09-28 15:00:00,8.815
2021-09-28 16:00:00,5.505
2021-09-28 17:00:00,1.598
2021-09-28 18:00:00,0.008
2021-09-28 19:00:00,0.0
2021-09-28 20:00:00,0.0
2021-09-28 21:00:00,0.0
2021-09-28 22:00:00,0.0
2021-09-28 23:00:00,0.0
2021-09-29 00:00:00,0.0
2021-09-29 01:00:00,0.0
2021-09-29 02:00:00,0.0
2021-09-29 03:00:00,0.0
2021-09-29 04:00:00,0.0
2021-09-29 05:00:00,0.0
2021-09-29 06:00:00,0.412
2021-09-29 07:00:00,3.344
2021-09-29 08:00:00,10.286000000000001
2021-09-29 09:00:00,16.066000000000003
2021-09-29 10:00:00,17.55
2021-09-29 11:00:00,19.197
2021-09-29 12:00:00,11.699000000000002
2021-09-29 13:00:00,18.831
2021-09-29 14:00:00,15.479
2021-09-29 15:00:00,9.497
2021-09-29 16:00:00,4.016
2021-09-29 17:00:00,1.562
2021-09-29 18:00:00,0.0
2021-09-29 19:00:00,0.0
2021-09-29 20:00:00,0.0
2021-09-29 21:00:00,0.0
2021-09-29 22:00:00,0.0
2021-09-29 23:00:00,0.0
2021-09-30 00:00:00,0.0
2021-09-30 01:00:00,0.0
2021-09-30 02:00:00,0.0
2021-09-30 03:00:00,0.0
2021-09-30 04:00:00,0.0
2021-09-30 05:00:00,0.0
2021-09-30 06:00:00,0.43
2021-09-30 07:00:00,4.172000000000001
2021-09-30 08:00:00,10.496
2021-09-30 09:00:00,16.874
2021-09-30 10:00:00,21.72
2021-09-30 11:00:00,21.384999999999998
2021-09-30 12:00:00,15.339
2021-09-30 13:00:00,16.380000000000003
2021-09-30 14:00:00,7.3149999999999995
2021-09-30 15:00:00,8.241
2021-09-30 16:00:00,4.518
2021-09-30 17:00:00,1.197
2021-09-30 18:00:00,0.0
2021-09-30 19:00:00,0.0
2021-09-30 20:00:00,0.0
2021-09-30 21:00:00,0.0
2021-09-30 22:00:00,0.0
2021-09-30 23:00:00,0.0
2021-10-01 00:00:00,0.0
2021-10-01 01:00:00,0.0
2021-10-01 02:00:00,0.0
2021-10-01 03:00:00,0.0
2021-10-01 04:00:00,0.0
2021-10-01 05:00:00,0.0
2021-10-01 06:00:00,0.538
2021-10-01 07:00:00,4.015000000000001
2021-10-01 08:00:00,10.280000000000001
2021-10-01 09:00:00,18.205000000000002
2021-10-01 10:00:00,22.143
2021-10-01 11:00:00,20.936
2021-10-01 12:00:00,11.167
2021-10-01 13:00:00,15.318000000000001
2021-10-01 14:00:00,10.494
2021-10-01 15:00:00,11.276
2021-10-01 16:00:00,5.056
2021-10-01 17:00:00,1.464
2021-10-01 18:00:00,0.0
2021-10-01 19:00:00,0.0
2021-10-01 20:00:00,0.0
2021-10-01 21:00:00,0.0
2021-10-01 22:00:00,0.0
2021-10-01 23:00:00,0.0
2021-10-02 00:00:00,0.0
2021-10-02 01:00:00,0.0
2021-10-02 02:00:00,0.0
2021-10-02 03:00:00,0.0
2021-10-02 04:00:00,0.0
2021-10-02 05:00:00,0.0
2021-10-02 06:00:00,0.447
2021-10-02 07:00:00,5.109
2021-10-02 08:00:00,12.077
2021-10-02 09:00:00,17.774
2021-10-02 10:00:00,21.086
2021-10-02 11:00:00,19.445
2021-10-02 12:00:00,20.525
2021-10-02 13:00:00,18.091
2021-10-02 14:00:00,15.485
2021-10-02 15:00:00,11.406
2021-10-02 16:00:00,6.258
2021-10-02 17:00:00,1.284
2021-10-02 18:00:00,0.0
2021-10-02 19:00:00,0.0
2021-10-02 20:00:00,0.0
2021-10-02 21:00:00,0.0
2021-10-02 22:00:00,0.0
2021-10-02 23:00:00,0.0
2021-10-03 00:00:00,0.0
2021-10-03 01:00:00,0.0
2021-10-03 02:00:00,0.0
2021-10-03 03:00:00,0.0
2021-10-03 04:00:00,0.0
2021-10-03 05:00:00,0.0
2021-10-03 06:00:00,0.0
2021-10-03 07:00:00,0.6519999999999999
2021-10-03 08:00:00,3.429
2021-10-03 09:00:00,6.606
2021-10-03 10:00:00,6.4030000000000005
2021-10-03 11:00:00,7.779
2021-10-03 12:00:00,6.577
2021-10-03 13:00:00,6.469
2021-10-03 14:00:00,8.863
2021-10-03 15:00:00,8.525
2021-10-03 16:00:00,2.839
2021-10-03 17:00:00,1.216
2021-10-03 18:00:00,0.0
2021-10-03 19:00:00,0.0
2021-10-03 20:00:00,0.0
2021-10-03 21:00:00,0.0
2021-10-03 22:00:00,0.0
2021-10-03 23:00:00,0.0
2021-10-04 00:00:00,0.0
2021-10-04 01:00:00,0.0
2021-10-04 02:00:00,0.0
2021-10-04 03:00:00,0.0
2021-10-04 04:00:00,0.0
2021-10-04 05:00:00,0.0
2021-10-04 06:00:00,0.245
2021-10-04 07:00:00,3.237
2021-10-04 08:00:00,7.279
2021-10-04 09:00:00,16.449
2021-10-04 10:00:00,23.46
2021-10-04 11:00:00,24.576
2021-10-04 12:00:00,20.131
2021-10-04 13:00:00,16.046
2021-10-04 14:00:00,15.716000000000001
2021-10-04 15:00:00,11.626
2021-10-04 16:00:00,6.207
2021-10-04 17:00:00,0.851
2021-10-04 18:00:00,0.0
2021-10-04 19:00:00,0.0
2021-10-04 20:00:00,0.0
2021-10-04 21:00:00,0.0
2021-10-04 22:00:00,0.0
2021-10-04 23:00:00,0.0
2021-10-05 00:00:00,0.0
2021-10-05 01:00:00,0.0
2021-10-05 02:00:00,0.0
2021-10-05 03:00:00,0.0
2021-10-05 04:00:00,0.0
2021-10-05 05:00:00,0.0
2021-10-05 06:00:00,0.5940000000000001
2021-10-05 07:00:00,5.995
2021-10-05 08:00:00,12.413
2021-10-05 09:00:00,12.027999999999999
2021-10-05 10:00:00,9.969999999999999
2021-10-05 11:00:00,8.688
2021-10-05 12:00:00,11.122
2021-10-05 13:00:00,16.636
2021-10-05 14:00:00,15.596
2021-10-05 15:00:00,11.454
2021-10-05 16:00:00,6.720000000000001
2021-10-05 17:00:00,1.2229999999999999
2021-10-05 18:00:00,0.0
2021-10-05 19:00:00,0.0
2021-10-05 20:00:00,0.0
2021-10-05 21:00:00,0.0
2021-10-05 22:00:00,0.0
2021-10-05 23:00:00,0.0
2021-10-06 00:00:00,0.0
2021-10-06 01:00:00,0.0
2021-10-06 02:00:00,0.0
2021-10-06 03:00:00,0.0
2021-10-06 04:00:00,0.0
2021-10-06 05:00:00,0.0
2021-10-06 06:00:00,0.454
2021-10-06 07:00:00,4.787
2021-10-06 08:00:00,12.033
2021-10-06 09:00:00,19.785
2021-10-06 10:00:00,22.791
2021-10-06 11:00:00,18.573999999999998
2021-10-06 12:00:00,14.748999999999999
2021-10-06 13:00:00,10.451
2021-10-06 14:00:00,7.731
2021-10-06 15:00:00,6.683
2021-10-06 16:00:00,2.287
2021-10-06 17:00:00,0.817
2021-10-06 18:00:00,0.0
2021-10-06 19:00:00,0.0
2021-10-06 20:00:00,0.0
2021-10-06 21:00:00,0.0
2021-10-06 22:00:00,0.0
2021-10-06 23:00:00,0.0
2021-10-07 00:00:00,0.0
2021-10-07 01:00:00,0.0
2021-10-07 02:00:00,0.0
2021-10-07 03:00:00,0.0
2021-10-07 04:00:00,0.0
2021-10-07 05:00:00,0.0
2021-10-07 06:00:00,0.238
2021-10-07 07:00:00,2.269
2021-10-07 08:00:00,4.188000000000001
2021-10-07 09:00:00,10.280000000000001
2021-10-07 10:00:00,6.2219999999999995
2021-10-07 11:00:00,6.889
2021-10-07 12:00:00,8.722
2021-10-07 13:00:00,4.944
2021-10-07 14:00:00,5.091
2021-10-07 15:00:00,4.403
2021-10-07 16:00:00,1.689
2021-10-07 17:00:00,0.725
2021-10-07 18:00:00,0.0
2021-10-07 19:00:00,0.0
2021-10-07 20:00:00,0.0
2021-10-07 21:00:00,0.0
2021-10-07 22:00:00,0.0
2021-10-07 23:00:00,0.0
2021-10-08 00:00:00,0.0
2021-10-08 01:00:00,0.0
2021-10-08 02:00:00,0.0
2021-10-08 03:00:00,0.0
2021-10-08 04:00:00,0.0
2021-10-08 05:00:00,0.0
2021-10-08 06:00:00,0.0
2021-10-08 07:00:00,0.0
2021-10-08 08:00:00,0.102
2021-10-08 09:00:00,0.345
2021-10-08 10:00:00,0.104
2021-10-08 11:00:00,0.007
2021-10-08 12:00:00,0.098
2021-10-08 13:00:00,0.318
2021-10-08 14:00:00,0.17500000000000002
2021-10-08 15:00:00,0.0
2021-10-08 16:00:00,0.0
2021-10-08 17:00:00,0.0
2021-10-08 18:00:00,0.0
2021-10-08 19:00:00,0.0
2021-10-08 20:00:00,0.0
2021-10-08 21:00:00,0.0
2021-10-08 22:00:00,0.0
2021-10-08 23:00:00,0.0
2021-10-09 00:00:00,0.0
2021-10-09 01:00:00,0.0
2021-10-09 02:00:00,0.0
2021-10-09 03:00:00,0.0
2021-10-09 04:00:00,0.0
2021-10-09 05:00:00,0.0
2021-10-09 06:00:00,0.0
2021-10-09 07:00:00,0.33099999999999996
2021-10-09 08:00:00,1.572
2021-10-09 09:00:00,2.946
2021-10-09 10:00:00,3.435
2021-10-09 11:00:00,3.949
2021-10-09 12:00:00,2.092
2021-10-09 13:00:00,0.522
2021-10-09 14:00:00,0.877
2021-10-09 15:00:00,0.087
2021-10-09 16:00:00,0.199
2021-10-09 17:00:00,0.0
2021-10-09 18:00:00,0.0
2021-10-09 19:00:00,0.0
2021-10-09 20:00:00,0.0
2021-10-09 21:00:00,0.0
2021-10-09 22:00:00,0.0
2021-10-09 23:00:00,0.0
2021-10-10 00:00:00,0.0
2021-10-10 01:00:00,0.0
2021-10-10 02:00:00,0.0
2021-10-10 03:00:00,0.0
2021-10-10 04:00:00,0.0
2021-10-10 05:00:00,0.0
2021-10-10 06:00:00,0.0
2021-10-10 07:00:00,0.598
2021-10-10 08:00:00,2.134
2021-10-10 09:00:00,3.883
2021-10-10 10:00:00,3.4539999999999997
2021-10-10 11:00:00,3.489
2021-10-10 12:00:00,2.0949999999999998
2021-10-10 13:00:00,2.335
2021-10-10 14:00:00,4.726
2021-10-10 15:00:00,4.602
2021-10-10 16:00:00,2.493
2021-10-10 17:00:00,0.6759999999999999
2021-10-10 18:00:00,0.0
2021-10-10 19:00:00,0.0
2021-10-10 20:00:00,0.0
2021-10-10 21:00:00,0.0
2021-10-10 22:00:00,0.0
2021-10-10 23:00:00,0.0
2021-10-11 00:00:00,0.0
2021-10-11 01:00:00,0.0
2021-10-11 02:00:00,0.0
2021-10-11 03:00:00,0.0
2021-10-11 04:00:00,0.0
2021-10-11 05:00:00,0.0
2021-10-11 06:00:00,0.353
2021-10-11 07:00:00,4.582
2021-10-11 08:00:00,11.507
2021-10-11 09:00:00,18.429000000000002
2021-10-11 10:00:00,22.586
2021-10-11 11:00:00,22.913
2021-10-11 12:00:00,19.051000000000002
2021-10-11 13:00:00,17.762
2021-10-11 14:00:00,15.270999999999999
2021-10-11 15:00:00,10.846
2021-10-11 16:00:00,4.611
2021-10-11 17:00:00,0.692
2021-10-11 18:00:00,0.0
2021-10-11 19:00:00,0.0
2021-10-11 20:00:00,0.0
2021-10-11 21:00:00,0.0
2021-10-11 22:00:00,0.0
2021-10-11 23:00:00,0.0
2021-10-12 00:00:00,0.0
2021-10-12 01:00:00,0.0
2021-10-12 02:00:00,0.0
2021-10-12 03:00:00,0.0
2021-10-12 04:00:00,0.0
2021-10-12 05:00:00,0.0
2021-10-12 06:00:00,0.092
2021-10-12 07:00:00,2.233
2021-10-12 08:00:00,3.927
2021-10-12 09:00:00,4.362
2021-10-12 10:00:00,3.932
2021-10-12 11:00:00,5.37
2021-10-12 12:00:00,5.914
2021-10-12 13:00:00,9.539
2021-10-12 14:00:00,7.379
2021-10-12 15:00:00,2.789
2021-10-12 16:00:00,1.8639999999999999
2021-10-12 17:00:00,0.365
2021-10-12 18:00:00,0.0
2021-10-12 19:00:00,0.0
2021-10-12 20:00:00,0.0
2021-10-12 21:00:00,0.0
2021-10-12 22:00:00,0.0
2021-10-12 23:00:00,0.0
2021-10-13 00:00:00,0.0
2021-10-13 01:00:00,0.0
2021-10-13 02:00:00,0.0
2021-10-13 03:00:00,0.0
2021-10-13 04:00:00,0.0
2021-10-13 05:00:00,0.0
2021-10-13 06:00:00,0.0
2021-10-13 07:00:00,0.428
2021-10-13 08:00:00,1.304
2021-10-13 09:00:00,3.4130000000000003
2021-10-13 10:00:00,3.3659999999999997
2021-10-13 11:00:00,3.431
2021-10-13 12:00:00,1.434
2021-10-13 13:00:00,1.4300000000000002
2021-10-13 14:00:00,0.7959999999999999
2021-10-13 15:00:00,0.45799999999999996
2021-10-13 16:00:00,0.723
2021-10-13 17:00:00,0.031
2021-10-13 18:00:00,0.0
2021-10-13 19:00:00,0.0
2021-10-13 20:00:00,0.0
2021-10-13 21:00:00,0.0
2021-10-13 22:00:00,0.0
2021-10-13 23:00:00,0.0
2021-10-14 00:00:00,0.0
2021-10-14 01:00:00,0.0
2021-10-14 02:00:00,0.0
2021-10-14 03:00:00,0.0
2021-10-14 04:00:00,0.0
2021-10-14 05:00:00,0.0
2021-10-14 06:00:00,0.0
2021-10-14 07:00:00,0.52
2021-10-14 08:00:00,4.9559999999999995
2021-10-14 09:00:00,8.927
2021-10-14 10:00:00,10.047
2021-10-14 11:00:00,7.56
2021-10-14 12:00:00,6.554
2021-10-14 13:00:00,10.353
2021-10-14 14:00:00,7.334
2021-10-14 15:00:00,5.5809999999999995
2021-10-14 16:00:00,2.894
2021-10-14 17:00:00,0.543
2021-10-14 18:00:00,0.0
2021-10-14 19:00:00,0.0
2021-10-14 20:00:00,0.0
2021-10-14 21:00:00,0.0
2021-10-14 22:00:00,0.0
2021-10-14 23:00:00,0.0
2021-10-15 00:00:00,0.0
2021-10-15 01:00:00,0.0
2021-10-15 02:00:00,0.0
2021-10-15 03:00:00,0.0
2021-10-15 04:00:00,0.0
2021-10-15 05:00:00,0.0
2021-10-15 06:00:00,0.0
2021-10-15 07:00:00,0.48
2021-10-15 08:00:00,1.3599999999999999
2021-10-15 09:00:00,1.504
2021-10-15 10:00:00,2.216
2021-10-15 11:00:00,4.457
2021-10-15 12:00:00,4.529
2021-10-15 13:00:00,8.046
2021-10-15 14:00:00,3.5229999999999997
2021-10-15 15:00:00,2.348
2021-10-15 16:00:00,1.0670000000000002
2021-10-15 17:00:00,0.001
2021-10-15 18:00:00,0.0
2021-10-15 19:00:00,0.0
2021-10-15 20:00:00,0.0
2021-10-15 21:00:00,0.0
2021-10-15 22:00:00,0.0
2021-10-15 23:00:00,0.0
2021-10-16 00:00:00,0.0
2021-10-16 01:00:00,0.0
2021-10-16 02:00:00,0.0
2021-10-16 03:00:00,0.0
2021-10-16 04:00:00,0.0
2021-10-16 05:00:00,0.0
2021-10-16 06:00:00,0.14600000000000002
2021-10-16 07:00:00,3.873
2021-10-16 08:00:00,9.628
2021-10-16 09:00:00,17.752000000000002
2021-10-16 10:00:00,22.081
2021-10-16 11:00:00,22.095
2021-10-16 12:00:00,19.22
2021-10-16 13:00:00,17.578
2021-10-16 14:00:00,15.176
2021-10-16 15:00:00,10.772
2021-10-16 16:00:00,5.297
2021-10-16 17:00:00,0.504
2021-10-16 18:00:00,0.0
2021-10-16 19:00:00,0.0
2021-10-16 20:00:00,0.0
2021-10-16 21:00:00,0.0
2021-10-16 22:00:00,0.0
2021-10-16 23:00:00,0.0
2021-10-17 00:00:00,0.0
2021-10-17 01:00:00,0.0
2021-10-17 02:00:00,0.0
2021-10-17 03:00:00,0.0
2021-10-17 04:00:00,0.0
2021-10-17 05:00:00,0.0
2021-10-17 06:00:00,0.295
2021-10-17 07:00:00,2.698
2021-10-17 08:00:00,8.992
2021-10-17 09:00:00,14.564
2021-10-17 10:00:00,18.344
2021-10-17 11:00:00,21.998
2021-10-17 12:00:00,19.167
2021-10-17 13:00:00,18.607
2021-10-17 14:00:00,16.23
2021-10-17 15:00:00,11.926
2021-10-17 16:00:00,3.381
2021-10-17 17:00:00,0.708
2021-10-17 18:00:00,0.0
2021-10-17 19:00:00,0.0
2021-10-17 20:00:00,0.0
2021-10-17 21:00:00,0.0
2021-10-17 22:00:00,0.0
2021-10-17 23:00:00,0.0
2021-10-18 00:00:00,0.0
2021-10-18 01:00:00,0.0
2021-10-18 02:00:00,0.0
2021-10-18 03:00:00,0.0
2021-10-18 04:00:00,0.0
2021-10-18 05:00:00,0.0
2021-10-18 06:00:00,0.07200000000000001
2021-10-18 07:00:00,1.419
2021-10-18 08:00:00,5.479
2021-10-18 09:00:00,8.512
2021-10-18 10:00:00,10.689
2021-10-18 11:00:00,12.58
2021-10-18 12:00:00,17.334
2021-10-18 13:00:00,15.793
2021-10-18 14:00:00,13.365
2021-10-18 15:00:00,10.201
2021-10-18 16:00:00,4.876
2021-10-18 17:00:00,0.446
2021-10-18 18:00:00,0.0
2021-10-18 19:00:00,0.0
2021-10-18 20:00:00,0.0
2021-10-18 21:00:00,0.0
2021-10-18 22:00:00,0.0
2021-10-18 23:00:00,0.0
2021-10-19 00:00:00,0.0
2021-10-19 01:00:00,0.0
2021-10-19 02:00:00,0.0
2021-10-19 03:00:00,0.0
2021-10-19 04:00:00,0.0
2021-10-19 05:00:00,0.0
2021-10-19 06:00:00,0.332
2021-10-19 07:00:00,4.091
2021-10-19 08:00:00,10.535
2021-10-19 09:00:00,17.543
2021-10-19 10:00:00,21.271
2021-10-19 11:00:00,22.698
2021-10-19 12:00:00,18.334
2021-10-19 13:00:00,9.047
2021-10-19 14:00:00,14.374
2021-10-19 15:00:00,9.835
2021-10-19 16:00:00,4.354
2021-10-19 17:00:00,0.519
2021-10-19 18:00:00,0.0
2021-10-19 19:00:00,0.0
2021-10-19 20:00:00,0.0
2021-10-19 21:00:00,0.0
2021-10-19 22:00:00,0.0
2021-10-19 23:00:00,0.0
2021-10-20 00:00:00,0.0
2021-10-20 01:00:00,0.0
2021-10-20 02:00:00,0.0
2021-10-20 03:00:00,0.0
2021-10-20 04:00:00,0.0
2021-10-20 05:00:00,0.0
2021-10-20 06:00:00,0.261
2021-10-20 07:00:00,3.9939999999999998
2021-10-20 08:00:00,9.302999999999999
2021-10-20 09:00:00,16.453000000000003
2021-10-20 10:00:00,22.275
2021-10-20 11:00:00,19.816000000000003
2021-10-20 12:00:00,17.764
2021-10-20 13:00:00,16.245
2021-10-20 14:00:00,16.219
2021-10-20 15:00:00,5.112
2021-10-20 16:00:00,1.976
2021-10-20 17:00:00,0.444
2021-10-20 18:00:00,0.0
2021-10-20 19:00:00,0.0
2021-10-20 20:00:00,0.0
2021-10-20 21:00:00,0.0
2021-10-20 22:00:00,0.0
2021-10-20 23:00:00,0.0
2021-10-21 00:00:00,0.0
2021-10-21 01:00:00,0.0
2021-10-21 02:00:00,0.0
2021-10-21 03:00:00,0.0
2021-10-21 04:00:00,0.0
2021-10-21 05:00:00,0.0
2021-10-21 06:00:00,0.252
2021-10-21 07:00:00,4.129
2021-10-21 08:00:00,9.055
2021-10-21 09:00:00,7.544
2021-10-21 10:00:00,4.506
2021-10-21 11:00:00,4.399
2021-10-21 12:00:00,1.346
2021-10-21 13:00:00,2.5170000000000003
2021-10-21 14:00:00,2.186
2021-10-21 15:00:00,1.808
2021-10-21 16:00:00,0.599
2021-10-21 17:00:00,0.14
2021-10-21 18:00:00,0.0
2021-10-21 19:00:00,0.0
2021-10-21 20:00:00,0.0
2021-10-21 21:00:00,0.0
2021-10-21 22:00:00,0.0
2021-10-21 23:00:00,0.0
2021-10-22 00:00:00,0.0
2021-10-22 01:00:00,0.0
2021-10-22 02:00:00,0.0
2021-10-22 03:00:00,0.0
2021-10-22 04:00:00,0.0
2021-10-22 05:00:00,0.0
2021-10-22 06:00:00,0.018
2021-10-22 07:00:00,0.8220000000000001
2021-10-22 08:00:00,1.767
2021-10-22 09:00:00,3.447
2021-10-22 10:00:00,6.045
2021-10-22 11:00:00,7.321
2021-10-22 12:00:00,8.747
2021-10-22 13:00:00,7.952999999999999
2021-10-22 14:00:00,5.037
2021-10-22 15:00:00,2.899
2021-10-22 16:00:00,1.6920000000000002
2021-10-22 17:00:00,0.119
2021-10-22 18:00:00,0.0
2021-10-22 19:00:00,0.0
2021-10-22 20:00:00,0.0
2021-10-22 21:00:00,0.0
2021-10-22 22:00:00,0.0
2021-10-22 23:00:00,0.0
2021-10-23 00:00:00,0.0
2021-10-23 01:00:00,0.0
2021-10-23 02:00:00,0.0
2021-10-23 03:00:00,0.0
2021-10-23 04:00:00,0.0
2021-10-23 05:00:00,0.0
2021-10-23 06:00:00,0.044
2021-10-23 07:00:00,0.651
2021-10-23 08:00:00,2.402
2021-10-23 09:00:00,4.412
2021-10-23 10:00:00,9.948
2021-10-23 11:00:00,12.803
2021-10-23 12:00:00,9.966
2021-10-23 13:00:00,11.615
2021-10-23 14:00:00,11.988
2021-10-23 15:00:00,6.52
2021-10-23 16:00:00,2.8289999999999997
2021-10-23 17:00:00,0.45899999999999996
2021-10-23 18:00:00,0.0
2021-10-23 19:00:00,0.0
2021-10-23 20:00:00,0.0
2021-10-23 21:00:00,0.0
2021-10-23 22:00:00,0.0
2021-10-23 23:00:00,0.0
2021-10-24 00:00:00,0.0
2021-10-24 01:00:00,0.0
2021-10-24 02:00:00,0.0
2021-10-24 03:00:00,0.0
2021-10-24 04:00:00,0.0
2021-10-24 05:00:00,0.0
2021-10-24 06:00:00,0.171
2021-10-24 07:00:00,2.703
2021-10-24 08:00:00,9.017
2021-10-24 09:00:00,16.116
2021-10-24 10:00:00,22.119
2021-10-24 11:00:00,22.596
2021-10-24 12:00:00,19.183
2021-10-24 13:00:00,16.886
2021-10-24 14:00:00,14.47
2021-10-24 15:00:00,9.903
2021-10-24 16:00:00,4.673
2021-10-24 17:00:00,0.64
2021-10-24 18:00:00,0.0
2021-10-24 19:00:00,0.0
2021-10-24 20:00:00,0.0
2021-10-24 21:00:00,0.0
2021-10-24 22:00:00,0.0
2021-10-24 23:00:00,0.0
2021-10-25 00:00:00,0.0
2021-10-25 01:00:00,0.0
2021-10-25 02:00:00,0.0
2021-10-25 03:00:00,0.0
2021-10-25 04:00:00,0.0
2021-10-25 05:00:00,0.0
2021-10-25 06:00:00,0.16699999999999998
2021-10-25 07:00:00,2.12
2021-10-25 08:00:00,7.846
2021-10-25 09:00:00,7.8759999999999994
2021-10-25 10:00:00,19.063
2021-10-25 11:00:00,19.519
2021-10-25 12:00:00,17.942
2021-10-25 13:00:00,16.634
2021-10-25 14:00:00,14.129000000000001
2021-10-25 15:00:00,9.627
2021-10-25 16:00:00,4.358
2021-10-25 17:00:00,0.385
2021-10-25 18:00:00,0.0
2021-10-25 19:00:00,0.0
2021-10-25 20:00:00,0.0
2021-10-25 21:00:00,0.0
2021-10-25 22:00:00,0.0
2021-10-25 23:00:00,0.0
2021-10-26 00:00:00,0.0
2021-10-26 01:00:00,0.0
2021-10-26 02:00:00,0.0
2021-10-26 03:00:00,0.0
2021-10-26 04:00:00,0.0
2021-10-26 05:00:00,0.0
2021-10-26 06:00:00,0.261
2021-10-26 07:00:00,5.047
2021-10-26 08:00:00,8.768
2021-10-26 09:00:00,17.46
2021-10-26 10:00:00,14.706
2021-10-26 11:00:00,17.76
2021-10-26 12:00:00,17.797
2021-10-26 13:00:00,16.908
2021-10-26 14:00:00,14.517
2021-10-26 15:00:00,9.440999999999999
2021-10-26 16:00:00,4.197
2021-10-26 17:00:00,0.503
2021-10-26 18:00:00,0.0
2021-10-26 19:00:00,0.0
2021-10-26 20:00:00,0.0
2021-10-26 21:00:00,0.0
2021-10-26 22:00:00,0.0
2021-10-26 23:00:00,0.0
2021-10-27 00:00:00,0.0
2021-10-27 01:00:00,0.0
2021-10-27 02:00:00,0.0
2021-10-27 03:00:00,0.0
2021-10-27 04:00:00,0.0
2021-10-27 05:00:00,0.0
2021-10-27 06:00:00,0.04
2021-10-27 07:00:00,1.6219999999999999
2021-10-27 08:00:00,4.588
2021-10-27 09:00:00,5.928
2021-10-27 10:00:00,7.1690000000000005
2021-10-27 11:00:00,9.977
2021-10-27 12:00:00,10.746
2021-10-27 13:00:00,9.136
2021-10-27 14:00:00,11.075
2021-10-27 15:00:00,6.859
2021-10-27 16:00:00,2.952
2021-10-27 17:00:00,0.665
2021-10-27 18:00:00,0.0
2021-10-27 19:00:00,0.0
2021-10-27 20:00:00,0.0
2021-10-27 21:00:00,0.0
2021-10-27 22:00:00,0.0
2021-10-27 23:00:00,0.0
2021-10-28 00:00:00,0.0
2021-10-28 01:00:00,0.0
2021-10-28 02:00:00,0.0
2021-10-28 03:00:00,0.0
2021-10-28 04:00:00,0.0
2021-10-28 05:00:00,0.0
2021-10-28 06:00:00,0.019
2021-10-28 07:00:00,0.44
2021-10-28 08:00:00,3.5010000000000003
2021-10-28 09:00:00,7.027
2021-10-28 10:00:00,14.117
2021-10-28 11:00:00,15.739
2021-10-28 12:00:00,9.423
2021-10-28 13:00:00,10.030000000000001
2021-10-28 14:00:00,7.116
2021-10-28 15:00:00,5.319999999999999
2021-10-28 16:00:00,1.718
2021-10-28 17:00:00,0.161
2021-10-28 18:00:00,0.0
2021-10-28 19:00:00,0.0
2021-10-28 20:00:00,0.0
2021-10-28 21:00:00,0.0
2021-10-28 22:00:00,0.0
2021-10-28 23:00:00,0.0
2021-10-29 00:00:00,0.0
2021-10-29 01:00:00,0.0
2021-10-29 02:00:00,0.0
2021-10-29 03:00:00,0.0
2021-10-29 04:00:00,0.0
2021-10-29 05:00:00,0.0
2021-10-29 06:00:00,0.028
2021-10-29 07:00:00,0.5509999999999999
2021-10-29 08:00:00,2.9880000000000004
2021-10-29 09:00:00,4.994
2021-10-29 10:00:00,13.921
2021-10-29 11:00:00,18.799
2021-10-29 12:00:00,15.085
2021-10-29 13:00:00,16.023000000000003
2021-10-29 14:00:00,13.064
2021-10-29 15:00:00,8.586
2021-10-29 16:00:00,3.6750000000000003
2021-10-29 17:00:00,0.46099999999999997
2021-10-29 18:00:00,0.0
2021-10-29 19:00:00,0.0
2021-10-29 20:00:00,0.0
2021-10-29 21:00:00,0.0
2021-10-29 22:00:00,0.0
2021-10-29 23:00:00,0.0
2021-10-30 00:00:00,0.0
2021-10-30 01:00:00,0.0
2021-10-30 02:00:00,0.0
2021-10-30 03:00:00,0.0
2021-10-30 04:00:00,0.0
2021-10-30 05:00:00,0.0
2021-10-30 06:00:00,0.034
2021-10-30 07:00:00,1.644
2021-10-30 08:00:00,3.034
2021-10-30 09:00:00,2.9779999999999998
2021-10-30 10:00:00,8.748999999999999
2021-10-30 11:00:00,7.401
2021-10-30 12:00:00,11.517
2021-10-30 13:00:00,6.428
2021-10-30 14:00:00,7.21
2021-10-30 15:00:00,7.247999999999999
2021-10-30 16:00:00,2.5260000000000002
2021-10-30 17:00:00,0.469
2021-10-30 18:00:00,0.0
2021-10-30 19:00:00,0.0
2021-10-30 20:00:00,0.0
2021-10-30 21:00:00,0.0
2021-10-30 22:00:00,0.0
2021-10-30 23:00:00,0.0
2021-10-31 00:00:00,0.0
2021-10-31 01:00:00,0.0
2021-10-31 02:00:00,0.0
2021-10-31 03:00:00,0.0
2021-10-31 04:00:00,0.0
2021-10-31 05:00:00,0.0
2021-10-31 06:00:00,0.0
2021-10-31 07:00:00,0.575
2021-10-31 08:00:00,0.764
2021-10-31 09:00:00,1.75
2021-10-31 10:00:00,3.761
2021-10-31 11:00:00,5.276
2021-10-31 12:00:00,11.313
2021-10-31 13:00:00,10.789000000000001
2021-10-31 14:00:00,7.665000000000001
2021-10-31 15:00:00,5.9879999999999995
2021-10-31 16:00:00,2.896
2021-10-31 17:00:00,0.39299999999999996
2021-10-31 18:00:00,0.0
2021-10-31 19:00:00,0.0
2021-10-31 20:00:00,0.0
2021-10-31 21:00:00,0.0
2021-10-31 22:00:00,0.0
2021-10-31 23:00:00,0.0
2021-11-01 00:00:00,0.0
2021-11-01 01:00:00,0.0
2021-11-01 02:00:00,0.0
2021-11-01 03:00:00,0.0
2021-11-01 04:00:00,0.0
2021-11-01 05:00:00,0.0
2021-11-01 06:00:00,0.108
2021-11-01 07:00:00,1.217
2021-11-01 08:00:00,2.469
2021-11-01 09:00:00,10.306000000000001
2021-11-01 10:00:00,12.728000000000002
2021-11-01 11:00:00,14.937000000000001
2021-11-01 12:00:00,17.275
2021-11-01 13:00:00,13.37
2021-11-01 14:00:00,9.923
2021-11-01 15:00:00,7.7509999999999994
2021-11-01 16:00:00,2.71
2021-11-01 17:00:00,0.394
2021-11-01 18:00:00,0.0
2021-11-01 19:00:00,0.0
2021-11-01 20:00:00,0.0
2021-11-01 21:00:00,0.0
2021-11-01 22:00:00,0.0
2021-11-01 23:00:00,0.0
2021-11-02 00:00:00,0.0
2021-11-02 01:00:00,0.0
2021-11-02 02:00:00,0.0
2021-11-02 03:00:00,0.0
2021-11-02 04:00:00,0.0
2021-11-02 05:00:00,0.0
2021-11-02 06:00:00,0.006
2021-11-02 07:00:00,0.741
2021-11-02 08:00:00,2.96
2021-11-02 09:00:00,3.074
2021-11-02 10:00:00,11.475000000000001
2021-11-02 11:00:00,15.849
2021-11-02 12:00:00,17.984
2021-11-02 13:00:00,14.376
2021-11-02 14:00:00,12.631
2021-11-02 15:00:00,7.933
2021-11-02 16:00:00,2.791
2021-11-02 17:00:00,0.402
2021-11-02 18:00:00,0.0
2021-11-02 19:00:00,0.0
2021-11-02 20:00:00,0.0
2021-11-02 21:00:00,0.0
2021-11-02 22:00:00,0.0
2021-11-02 23:00:00,0.0
2021-11-03 00:00:00,0.0
2021-11-03 01:00:00,0.0
2021-11-03 02:00:00,0.0
2021-11-03 03:00:00,0.0
2021-11-03 04:00:00,0.0
2021-11-03 05:00:00,0.0
2021-11-03 06:00:00,0.0
2021-11-03 07:00:00,0.276
2021-11-03 08:00:00,1.834
2021-11-03 09:00:00,9.972
2021-11-03 10:00:00,17.005000000000003
2021-11-03 11:00:00,15.71
2021-11-03 12:00:00,16.743
2021-11-03 13:00:00,16.486
2021-11-03 14:00:00,13.706
2021-11-03 15:00:00,7.761
2021-11-03 16:00:00,2.444
2021-11-03 17:00:00,0.397
2021-11-03 18:00:00,0.0
2021-11-03 19:00:00,0.0
2021-11-03 20:00:00,0.0
2021-11-03 21:00:00,0.0
2021-11-03 22:00:00,0.0
2021-11-03 23:00:00,0.0
2021-11-04 00:00:00,0.0
2021-11-04 01:00:00,0.0
2021-11-04 02:00:00,0.0
2021-11-04 03:00:00,0.0
2021-11-04 04:00:00,0.0
2021-11-04 05:00:00,0.0
2021-11-04 06:00:00,0.035
2021-11-04 07:00:00,0.567
2021-11-04 08:00:00,5.474
2021-11-04 09:00:00,9.966
2021-11-04 10:00:00,14.398
2021-11-04 11:00:00,11.818999999999999
2021-11-04 12:00:00,17.824
2021-11-04 13:00:00,15.975000000000001
2021-11-04 14:00:00,13.173
2021-11-04 15:00:00,8.411
2021-11-04 16:00:00,3.5949999999999998
2021-11-04 17:00:00,0.389
2021-11-04 18:00:00,0.0
2021-11-04 19:00:00,0.0
2021-11-04 20:00:00,0.0
2021-11-04 21:00:00,0.0
2021-11-04 22:00:00,0.0
2021-11-04 23:00:00,0.0
2021-11-05 00:00:00,0.0
2021-11-05 01:00:00,0.0
2021-11-05 02:00:00,0.0
2021-11-05 03:00:00,0.0
2021-11-05 04:00:00,0.0
2021-11-05 05:00:00,0.0
2021-11-05 06:00:00,0.0
2021-11-05 07:00:00,0.612
2021-11-05 08:00:00,1.584
2021-11-05 09:00:00,2.985
2021-11-05 10:00:00,3.386
2021-11-05 11:00:00,12.184
2021-11-05 12:00:00,11.32
2021-11-05 13:00:00,16.339
2021-11-05 14:00:00,8.951
2021-11-05 15:00:00,5.295
2021-11-05 16:00:00,2.906
2021-11-05 17:00:00,0.271
2021-11-05 18:00:00,0.0
2021-11-05 19:00:00,0.0
2021-11-05 20:00:00,0.0
2021-11-05 21:00:00,0.0
2021-11-05 22:00:00,0.0
2021-11-05 23:00:00,0.0
2021-11-06 00:00:00,0.0
2021-11-06 01:00:00,0.0
2021-11-06 02:00:00,0.0
2021-11-06 03:00:00,0.0
2021-11-06 04:00:00,0.0
2021-11-06 05:00:00,0.0
2021-11-06 06:00:00,0.133
2021-11-06 07:00:00,3.402
2021-11-06 08:00:00,10.57
2021-11-06 09:00:00,12.843
2021-11-06 10:00:00,11.615
2021-11-06 11:00:00,15.808
2021-11-06 12:00:00,16.307000000000002
2021-11-06 13:00:00,16.391
2021-11-06 14:00:00,6.819
2021-11-06 15:00:00,4.17
2021-11-06 16:00:00,1.256
2021-11-06 17:00:00,0.265
2021-11-06 18:00:00,0.0
2021-11-06 19:00:00,0.0
2021-11-06 20:00:00,0.0
2021-11-06 21:00:00,0.0
2021-11-06 22:00:00,0.0
2021-11-06 23:00:00,0.0
2021-11-07 00:00:00,0.0
2021-11-07 01:00:00,0.0
2021-11-07 02:00:00,0.0
2021-11-07 03:00:00,0.0
2021-11-07 04:00:00,0.0
2021-11-07 05:00:00,0.0
2021-11-07 06:00:00,0.14200000000000002
2021-11-07 07:00:00,3.101
2021-11-07 08:00:00,7.4590000000000005
2021-11-07 09:00:00,8.402
2021-11-07 10:00:00,12.965
2021-11-07 11:00:00,7.880000000000001
2021-11-07 12:00:00,10.634
2021-11-07 13:00:00,4.998
2021-11-07 14:00:00,5.47
2021-11-07 15:00:00,4.473
2021-11-07 16:00:00,1.992
2021-11-07 17:00:00,0.17
2021-11-07 18:00:00,0.0
2021-11-07 19:00:00,0.0
2021-11-07 20:00:00,0.0
2021-11-07 21:00:00,0.0
2021-11-07 22:00:00,0.0
2021-11-07 23:00:00,0.0
2021-11-08 00:00:00,0.0
2021-11-08 01:00:00,0.0
2021-11-08 02:00:00,0.0
2021-11-08 03:00:00,0.0
2021-11-08 04:00:00,0.0
2021-11-08 05:00:00,0.0
2021-11-08 06:00:00,0.06
2021-11-08 07:00:00,1.425
2021-11-08 08:00:00,8.253
2021-11-08 09:00:00,16.847
2021-11-08 10:00:00,20.218
2021-11-08 11:00:00,18.434
2021-11-08 12:00:00,17.443
2021-11-08 13:00:00,16.189999999999998
2021-11-08 14:00:00,13.481
2021-11-08 15:00:00,8.797
2021-11-08 16:00:00,3.414
2021-11-08 17:00:00,0.22000000000000003
2021-11-08 18:00:00,0.0
2021-11-08 19:00:00,0.0
2021-11-08 20:00:00,0.0
2021-11-08 21:00:00,0.0
2021-11-08 22:00:00,0.0
2021-11-08 23:00:00,0.0
2021-11-09 00:00:00,0.0
2021-11-09 01:00:00,0.0
2021-11-09 02:00:00,0.0
2021-11-09 03:00:00,0.0
2021-11-09 04:00:00,0.0
2021-11-09 05:00:00,0.0
2021-11-09 06:00:00,0.004
2021-11-09 07:00:00,0.899
2021-11-09 08:00:00,4.695
2021-11-09 09:00:00,12.039
2021-11-09 10:00:00,20.003
2021-11-09 11:00:00,19.742
2021-11-09 12:00:00,14.357
2021-11-09 13:00:00,14.695
2021-11-09 14:00:00,11.948
2021-11-09 15:00:00,8.703
2021-11-09 16:00:00,3.596
2021-11-09 17:00:00,0.321
2021-11-09 18:00:00,0.0
2021-11-09 19:00:00,0.0
2021-11-09 20:00:00,0.0
2021-11-09 21:00:00,0.0
2021-11-09 22:00:00,0.0
2021-11-09 23:00:00,0.0
2021-11-10 00:00:00,0.0
2021-11-10 01:00:00,0.0
2021-11-10 02:00:00,0.0
2021-11-10 03:00:00,0.0
2021-11-10 04:00:00,0.0
2021-11-10 05:00:00,0.0
2021-11-10 06:00:00,0.035
2021-11-10 07:00:00,1.5939999999999999
2021-11-10 08:00:00,4.947
2021-11-10 09:00:00,16.174
2021-11-10 10:00:00,20.096
2021-11-10 11:00:00,18.047
2021-11-10 12:00:00,17.38
2021-11-10 13:00:00,15.952
2021-11-10 14:00:00,13.093
2021-11-10 15:00:00,8.531
2021-11-10 16:00:00,3.553
2021-11-10 17:00:00,0.445
2021-11-10 18:00:00,0.0
2021-11-10 19:00:00,0.0
2021-11-10 20:00:00,0.0
2021-11-10 21:00:00,0.0
2021-11-10 22:00:00,0.0
2021-11-10 23:00:00,0.0
2021-11-11 00:00:00,0.0
2021-11-11 01:00:00,0.0
2021-11-11 02:00:00,0.0
2021-11-11 03:00:00,0.0
2021-11-11 04:00:00,0.0
2021-11-11 05:00:00,0.0
2021-11-11 06:00:00,0.072
2021-11-11 07:00:00,2.771
2021-11-11 08:00:00,8.079
2021-11-11 09:00:00,11.745000000000001
2021-11-11 10:00:00,11.886000000000001
2021-11-11 11:00:00,18.107
2021-11-11 12:00:00,16.997
2021-11-11 13:00:00,15.997
2021-11-11 14:00:00,10.341000000000001
2021-11-11 15:00:00,6.032
2021-11-11 16:00:00,3.6959999999999997
2021-11-11 17:00:00,0.383
2021-11-11 18:00:00,0.0
2021-11-11 19:00:00,0.0
2021-11-11 20:00:00,0.0
2021-11-11 21:00:00,0.0
2021-11-11 22:00:00,0.0
2021-11-11 23:00:00,0.0
2021-11-12 00:00:00,0.0
2021-11-12 01:00:00,0.0
2021-11-12 02:00:00,0.0
2021-11-12 03:00:00,0.0
2021-11-12 04:00:00,0.0
2021-11-12 05:00:00,0.0
2021-11-12 06:00:00,0.151
2021-11-12 07:00:00,2.6109999999999998
2021-11-12 08:00:00,8.238
2021-11-12 09:00:00,15.559
2021-11-12 10:00:00,19.498
2021-11-12 11:00:00,18.580000000000002
2021-11-12 12:00:00,16.745
2021-11-12 13:00:00,15.21
2021-11-12 14:00:00,12.689
2021-11-12 15:00:00,8.049999999999999
2021-11-12 16:00:00,3.3000000000000003
2021-11-12 17:00:00,0.278
2021-11-12 18:00:00,0.0
2021-11-12 19:00:00,0.0
2021-11-12 20:00:00,0.0
2021-11-12 21:00:00,0.0
2021-11-12 22:00:00,0.0
2021-11-12 23:00:00,0.0
2021-11-13 00:00:00,0.0
2021-11-13 01:00:00,0.0
2021-11-13 02:00:00,0.0
2021-11-13 03:00:00,0.0
2021-11-13 04:00:00,0.0
2021-11-13 05:00:00,0.0
2021-11-13 06:00:00,0.115
2021-11-13 07:00:00,2.197
2021-11-13 08:00:00,8.296
2021-11-13 09:00:00,15.141000000000002
2021-11-13 10:00:00,19.448
2021-11-13 11:00:00,17.645
2021-11-13 12:00:00,16.85
2021-11-13 13:00:00,15.391
2021-11-13 14:00:00,12.544
2021-11-13 15:00:00,8.134
2021-11-13 16:00:00,3.133
2021-11-13 17:00:00,0.239
2021-11-13 18:00:00,0.0
2021-11-13 19:00:00,0.0
2021-11-13 20:00:00,0.0
2021-11-13 21:00:00,0.0
2021-11-13 22:00:00,0.0
2021-11-13 23:00:00,0.0
2021-11-14 00:00:00,0.0
2021-11-14 01:00:00,0.0
2021-11-14 02:00:00,0.0
2021-11-14 03:00:00,0.0
2021-11-14 04:00:00,0.0
2021-11-14 05:00:00,0.0
2021-11-14 06:00:00,0.085
2021-11-14 07:00:00,2.524
2021-11-14 08:00:00,8.033999999999999
2021-11-14 09:00:00,15.133
2021-11-14 10:00:00,19.008
2021-11-14 11:00:00,17.265
2021-11-14 12:00:00,16.692
2021-11-14 13:00:00,15.414
2021-11-14 14:00:00,12.545
2021-11-14 15:00:00,8.111
2021-11-14 16:00:00,3.138
2021-11-14 17:00:00,0.257
2021-11-14 18:00:00,0.0
2021-11-14 19:00:00,0.0
2021-11-14 20:00:00,0.0
2021-11-14 21:00:00,0.0
2021-11-14 22:00:00,0.0
2021-11-14 23:00:00,0.0
2021-11-15 00:00:00,0.0
2021-11-15 01:00:00,0.0
2021-11-15 02:00:00,0.0
2021-11-15 03:00:00,0.0
2021-11-15 04:00:00,0.0
2021-11-15 05:00:00,0.0
2021-11-15 06:00:00,0.034
2021-11-15 07:00:00,2.833
2021-11-15 08:00:00,8.667
2021-11-15 09:00:00,9.92
2021-11-15 10:00:00,12.854
2021-11-15 11:00:00,17.266
2021-11-15 12:00:00,17.94
2021-11-15 13:00:00,14.536
2021-11-15 14:00:00,9.902000000000001
2021-11-15 15:00:00,7.513
2021-11-15 16:00:00,3.076
2021-11-15 17:00:00,0.203
2021-11-15 18:00:00,0.0
2021-11-15 19:00:00,0.0
2021-11-15 20:00:00,0.0
2021-11-15 21:00:00,0.0
2021-11-15 22:00:00,0.0
2021-11-15 23:00:00,0.0
2021-11-16 00:00:00,0.0
2021-11-16 01:00:00,0.0
2021-11-16 02:00:00,0.0
2021-11-16 03:00:00,0.0
2021-11-16 04:00:00,0.0
2021-11-16 05:00:00,0.0
2021-11-16 06:00:00,0.041
2021-11-16 07:00:00,1.9869999999999999
2021-11-16 08:00:00,7.837
2021-11-16 09:00:00,13.316
2021-11-16 10:00:00,17.491
2021-11-16 11:00:00,16.804000000000002
2021-11-16 12:00:00,16.367
2021-11-16 13:00:00,14.795
2021-11-16 14:00:00,12.049
2021-11-16 15:00:00,7.814
2021-11-16 16:00:00,3.372
2021-11-16 17:00:00,0.247
2021-11-16 18:00:00,0.0
2021-11-16 19:00:00,0.0
2021-11-16 20:00:00,0.0
2021-11-16 21:00:00,0.0
2021-11-16 22:00:00,0.0
2021-11-16 23:00:00,0.0
2021-11-17 00:00:00,0.0
2021-11-17 01:00:00,0.0
2021-11-17 02:00:00,0.0
2021-11-17 03:00:00,0.0
2021-11-17 04:00:00,0.0
2021-11-17 05:00:00,0.0
2021-11-17 06:00:00,0.03
2021-11-17 07:00:00,1.681
2021-11-17 08:00:00,4.684
2021-11-17 09:00:00,9.372
2021-11-17 10:00:00,18.4
2021-11-17 11:00:00,17.658
2021-11-17 12:00:00,17.472
2021-11-17 13:00:00,13.208
2021-11-17 14:00:00,12.690000000000001
2021-11-17 15:00:00,7.945
2021-11-17 16:00:00,2.973
2021-11-17 17:00:00,0.225
2021-11-17 18:00:00,0.0
2021-11-17 19:00:00,0.0
2021-11-17 20:00:00,0.0
2021-11-17 21:00:00,0.0
2021-11-17 22:00:00,0.0
2021-11-17 23:00:00,0.0
2021-11-18 00:00:00,0.0
2021-11-18 01:00:00,0.0
2021-11-18 02:00:00,0.0
2021-11-18 03:00:00,0.0
2021-11-18 04:00:00,0.0
2021-11-18 05:00:00,0.0
2021-11-18 06:00:00,0.029
2021-11-18 07:00:00,2.455
2021-11-18 08:00:00,7.947000000000001
2021-11-18 09:00:00,15.564
2021-11-18 10:00:00,15.7
2021-11-18 11:00:00,16.130000000000003
2021-11-18 12:00:00,15.046
2021-11-18 13:00:00,13.202
2021-11-18 14:00:00,12.176
2021-11-18 15:00:00,7.093
2021-11-18 16:00:00,2.8080000000000003
2021-11-18 17:00:00,0.205
2021-11-18 18:00:00,0.0
2021-11-18 19:00:00,0.0
2021-11-18 20:00:00,0.0
2021-11-18 21:00:00,0.0
2021-11-18 22:00:00,0.0
2021-11-18 23:00:00,0.0
2021-11-19 00:00:00,0.0
2021-11-19 01:00:00,0.0
2021-11-19 02:00:00,0.0
2021-11-19 03:00:00,0.0
2021-11-19 04:00:00,0.0
2021-11-19 05:00:00,0.0
2021-11-19 06:00:00,0.0
2021-11-19 07:00:00,1.384
2021-11-19 08:00:00,7.52
2021-11-19 09:00:00,13.988
2021-11-19 10:00:00,18.022000000000002
2021-11-19 11:00:00,15.936
2021-11-19 12:00:00,8.199
2021-11-19 13:00:00,4.91
2021-11-19 14:00:00,3.6710000000000003
2021-11-19 15:00:00,1.9020000000000001
2021-11-19 16:00:00,1.2530000000000001
2021-11-19 17:00:00,0.108
2021-11-19 18:00:00,0.0
2021-11-19 19:00:00,0.0
2021-11-19 20:00:00,0.0
2021-11-19 21:00:00,0.0
2021-11-19 22:00:00,0.0
2021-11-19 23:00:00,0.0
2021-11-20 00:00:00,0.0
2021-11-20 01:00:00,0.0
2021-11-20 02:00:00,0.0
2021-11-20 03:00:00,0.0
2021-11-20 04:00:00,0.0
2021-11-20 05:00:00,0.0
2021-11-20 06:00:00,0.028
2021-11-20 07:00:00,2.568
2021-11-20 08:00:00,8.942
2021-11-20 09:00:00,14.314
2021-11-20 10:00:00,16.748
2021-11-20 11:00:00,17.044
2021-11-20 12:00:00,16.396
2021-11-20 13:00:00,14.526
2021-11-20 14:00:00,12.643
2021-11-20 15:00:00,7.243
2021-11-20 16:00:00,1.671
2021-11-20 17:00:00,0.35000000000000003
2021-11-20 18:00:00,0.0
2021-11-20 19:00:00,0.0
2021-11-20 20:00:00,0.0
2021-11-20 21:00:00,0.0
2021-11-20 22:00:00,0.0
2021-11-20 23:00:00,0.0
2021-11-21 00:00:00,0.0
2021-11-21 01:00:00,0.0
2021-11-21 02:00:00,0.0
2021-11-21 03:00:00,0.0
2021-11-21 04:00:00,0.0
2021-11-21 05:00:00,0.0
2021-11-21 06:00:00,0.0
2021-11-21 07:00:00,0.463
2021-11-21 08:00:00,0.983
2021-11-21 09:00:00,2.505
2021-11-21 10:00:00,5.639
2021-11-21 11:00:00,8.995
2021-11-21 12:00:00,7.617000000000001
2021-11-21 13:00:00,7.5809999999999995
2021-11-21 14:00:00,9.811
2021-11-21 15:00:00,5.833
2021-11-21 16:00:00,2.706
2021-11-21 17:00:00,0.198
2021-11-21 18:00:00,0.0
2021-11-21 19:00:00,0.0
2021-11-21 20:00:00,0.0
2021-11-21 21:00:00,0.0
2021-11-21 22:00:00,0.0
2021-11-21 23:00:00,0.0
2021-11-22 00:00:00,0.0
2021-11-22 01:00:00,0.0
2021-11-22 02:00:00,0.0
2021-11-22 03:00:00,0.0
2021-11-22 04:00:00,0.0
2021-11-22 05:00:00,0.0
2021-11-22 06:00:00,0.0
2021-11-22 07:00:00,0.266
2021-11-22 08:00:00,0.857
2021-11-22 09:00:00,2.563
2021-11-22 10:00:00,3.693
2021-11-22 11:00:00,2.569
2021-11-22 12:00:00,4.3759999999999994
2021-11-22 13:00:00,9.115
2021-11-22 14:00:00,7.715
2021-11-22 15:00:00,4.006
2021-11-22 16:00:00,1.174
2021-11-22 17:00:00,0.02
2021-11-22 18:00:00,0.0
2021-11-22 19:00:00,0.0
2021-11-22 20:00:00,0.0
2021-11-22 21:00:00,0.0
2021-11-22 22:00:00,0.0
2021-11-22 23:00:00,0.0
2021-11-23 00:00:00,0.0
2021-11-23 01:00:00,0.0
2021-11-23 02:00:00,0.0
2021-11-23 03:00:00,0.0
2021-11-23 04:00:00,0.0
2021-11-23 05:00:00,0.0
2021-11-23 06:00:00,0.0
2021-11-23 07:00:00,0.326
2021-11-23 08:00:00,1.321
2021-11-23 09:00:00,2.58
2021-11-23 10:00:00,3.0700000000000003
2021-11-23 11:00:00,3.372
2021-11-23 12:00:00,3.539
2021-11-23 13:00:00,4.896
2021-11-23 14:00:00,3.6420000000000003
2021-11-23 15:00:00,3.1950000000000003
2021-11-23 16:00:00,1.867
2021-11-23 17:00:00,0.11900000000000001
2021-11-23 18:00:00,0.0
2021-11-23 19:00:00,0.0
2021-11-23 20:00:00,0.0
2021-11-23 21:00:00,0.0
2021-11-23 22:00:00,0.0
2021-11-23 23:00:00,0.0
2021-11-24 00:00:00,0.0
2021-11-24 01:00:00,0.0
2021-11-24 02:00:00,0.0
2021-11-24 03:00:00,0.0
2021-11-24 04:00:00,0.0
2021-11-24 05:00:00,0.0
2021-11-24 06:00:00,0.0
2021-11-24 07:00:00,0.71
2021-11-24 08:00:00,3.7119999999999997
2021-11-24 09:00:00,9.264
2021-11-24 10:00:00,15.275
2021-11-24 11:00:00,17.358
2021-11-24 12:00:00,16.32
2021-11-24 13:00:00,15.018
2021-11-24 14:00:00,12.108
2021-11-24 15:00:00,7.773
2021-11-24 16:00:00,2.927
2021-11-24 17:00:00,0.265
2021-11-24 18:00:00,0.0
2021-11-24 19:00:00,0.0
2021-11-24 20:00:00,0.0
2021-11-24 21:00:00,0.0
2021-11-24 22:00:00,0.0
2021-11-24 23:00:00,0.0
2021-11-25 00:00:00,0.0
2021-11-25 01:00:00,0.0
2021-11-25 02:00:00,0.0
2021-11-25 03:00:00,0.0
2021-11-25 04:00:00,0.0
2021-11-25 05:00:00,0.0
2021-11-25 06:00:00,0.0
2021-11-25 07:00:00,0.503
2021-11-25 08:00:00,2.952
2021-11-25 09:00:00,6.541
2021-11-25 10:00:00,16.877000000000002
2021-11-25 11:00:00,16.618000000000002
2021-11-25 12:00:00,16.064
2021-11-25 13:00:00,14.807
2021-11-25 14:00:00,11.579
2021-11-25 15:00:00,7.526
2021-11-25 16:00:00,2.799
2021-11-25 17:00:00,0.217
2021-11-25 18:00:00,0.0
2021-11-25 19:00:00,0.0
2021-11-25 20:00:00,0.0
2021-11-25 21:00:00,0.0
2021-11-25 22:00:00,0.0
2021-11-25 23:00:00,0.0
2021-11-26 00:00:00,0.0
2021-11-26 01:00:00,0.0
2021-11-26 02:00:00,0.0
2021-11-26 03:00:00,0.0
2021-11-26 04:00:00,0.0
2021-11-26 05:00:00,0.0
2021-11-26 06:00:00,0.017
2021-11-26 07:00:00,1.9
2021-11-26 08:00:00,7.057
2021-11-26 09:00:00,13.637
2021-11-26 10:00:00,17.684
2021-11-26 11:00:00,16.153
2021-11-26 12:00:00,15.71
2021-11-26 13:00:00,14.658
2021-11-26 14:00:00,11.722
2021-11-26 15:00:00,7.754
2021-11-26 16:00:00,3.472
2021-11-26 17:00:00,0.349
2021-11-26 18:00:00,0.0
2021-11-26 19:00:00,0.0
2021-11-26 20:00:00,0.0
2021-11-26 21:00:00,0.0
2021-11-26 22:00:00,0.0
2021-11-26 23:00:00,0.0
2021-11-27 00:00:00,0.0
2021-11-27 01:00:00,0.0
2021-11-27 02:00:00,0.0
2021-11-27 03:00:00,0.0
2021-11-27 04:00:00,0.0
2021-11-27 05:00:00,0.0
2021-11-27 06:00:00,0.014
2021-11-27 07:00:00,2.5290000000000004
2021-11-27 08:00:00,8.484
2021-11-27 09:00:00,11.867
2021-11-27 10:00:00,17.269
2021-11-27 11:00:00,15.809000000000001
2021-11-27 12:00:00,15.764
2021-11-27 13:00:00,14.712
2021-11-27 14:00:00,11.778
2021-11-27 15:00:00,7.811
2021-11-27 16:00:00,2.926
2021-11-27 17:00:00,0.212
2021-11-27 18:00:00,0.0
2021-11-27 19:00:00,0.0
2021-11-27 20:00:00,0.0
2021-11-27 21:00:00,0.0
2021-11-27 22:00:00,0.0
2021-11-27 23:00:00,0.0
2021-11-28 00:00:00,0.0
2021-11-28 01:00:00,0.0
2021-11-28 02:00:00,0.0
2021-11-28 03:00:00,0.0
2021-11-28 04:00:00,0.0
2021-11-28 05:00:00,0.0
2021-11-28 06:00:00,0.01
2021-11-28 07:00:00,1.836
2021-11-28 08:00:00,7.13
2021-11-28 09:00:00,13.018
2021-11-28 10:00:00,17.326
2021-11-28 11:00:00,16.259999999999998
2021-11-28 12:00:00,15.831
2021-11-28 13:00:00,14.539
2021-11-28 14:00:00,11.674000000000001
2021-11-28 15:00:00,7.726
2021-11-28 16:00:00,2.936
2021-11-28 17:00:00,0.23199999999999998
2021-11-28 18:00:00,0.0
2021-11-28 19:00:00,0.0
2021-11-28 20:00:00,0.0
2021-11-28 21:00:00,0.0
2021-11-28 22:00:00,0.0
2021-11-28 23:00:00,0.0
2021-11-29 00:00:00,0.0
2021-11-29 01:00:00,0.0
2021-11-29 02:00:00,0.0
2021-11-29 03:00:00,0.0
2021-11-29 04:00:00,0.0
2021-11-29 05:00:00,0.0
2021-11-29 06:00:00,0.011
2021-11-29 07:00:00,1.7920000000000003
2021-11-29 08:00:00,6.938
2021-11-29 09:00:00,13.55
2021-11-29 10:00:00,17.768
2021-11-29 11:00:00,16.094
2021-11-29 12:00:00,15.768
2021-11-29 13:00:00,14.623000000000001
2021-11-29 14:00:00,11.658
2021-11-29 15:00:00,7.726000000000001
2021-11-29 16:00:00,2.837
2021-11-29 17:00:00,0.17099999999999999
2021-11-29 18:00:00,0.0
2021-11-29 19:00:00,0.0
2021-11-29 20:00:00,0.0
2021-11-29 21:00:00,0.0
2021-11-29 22:00:00,0.0
2021-11-29 23:00:00,0.0
2021-11-30 00:00:00,0.0
2021-11-30 01:00:00,0.0
2021-11-30 02:00:00,0.0
2021-11-30 03:00:00,0.0
2021-11-30 04:00:00,0.0
2021-11-30 05:00:00,0.0
2021-11-30 06:00:00,0.009
2021-11-30 07:00:00,1.711
2021-11-30 08:00:00,6.775
2021-11-30 09:00:00,13.502
2021-11-30 10:00:00,17.646
2021-11-30 11:00:00,16.423000000000002
2021-11-30 12:00:00,15.877
2021-11-30 13:00:00,14.695
2021-11-30 14:00:00,11.669
2021-11-30 15:00:00,7.593
2021-11-30 16:00:00,3.6310000000000002
2021-11-30 17:00:00,0.278
2021-11-30 18:00:00,0.0
2021-11-30 19:00:00,0.0
2021-11-30 20:00:00,0.0
2021-11-30 21:00:00,0.0
2021-11-30 22:00:00,0.0
2021-11-30 23:00:00,0.0
2021-12-01 00:00:00,0.0
2021-12-01 01:00:00,0.0
2021-12-01 02:00:00,0.0
2021-12-01 03:00:00,0.0
2021-12-01 04:00:00,0.0
2021-12-01 05:00:00,0.0
2021-12-01 06:00:00,0.007
2021-12-01 07:00:00,1.8290000000000002
2021-12-01 08:00:00,7.1690000000000005
2021-12-01 09:00:00,14.052
2021-12-01 10:00:00,18.481
2021-12-01 11:00:00,17.182000000000002
2021-12-01 12:00:00,16.847
2021-12-01 13:00:00,15.505
2021-12-01 14:00:00,12.362
2021-12-01 15:00:00,8.31
2021-12-01 16:00:00,3.101
2021-12-01 17:00:00,0.20800000000000002
2021-12-01 18:00:00,0.0
2021-12-01 19:00:00,0.0
2021-12-01 20:00:00,0.0
2021-12-01 21:00:00,0.0
2021-12-01 22:00:00,0.0
2021-12-01 23:00:00,0.0
2021-12-02 00:00:00,0.0
2021-12-02 01:00:00,0.0
2021-12-02 02:00:00,0.0
2021-12-02 03:00:00,0.0
2021-12-02 04:00:00,0.0
2021-12-02 05:00:00,0.0
2021-12-02 06:00:00,0.005
2021-12-02 07:00:00,1.661
2021-12-02 08:00:00,7.01
2021-12-02 09:00:00,13.809999999999999
2021-12-02 10:00:00,18.291
2021-12-02 11:00:00,16.814
2021-12-02 12:00:00,16.463
2021-12-02 13:00:00,15.235
2021-12-02 14:00:00,12.118
2021-12-02 15:00:00,8.128
2021-12-02 16:00:00,3.07
2021-12-02 17:00:00,0.225
2021-12-02 18:00:00,0.0
2021-12-02 19:00:00,0.0
2021-12-02 20:00:00,0.0
2021-12-02 21:00:00,0.0
2021-12-02 22:00:00,0.0
2021-12-02 23:00:00,0.0
2021-12-03 00:00:00,0.0
2021-12-03 01:00:00,0.0
2021-12-03 02:00:00,0.0
2021-12-03 03:00:00,0.0
2021-12-03 04:00:00,0.0
2021-12-03 05:00:00,0.0
2021-12-03 06:00:00,0.005
2021-12-03 07:00:00,1.749
2021-12-03 08:00:00,7.03
2021-12-03 09:00:00,13.959
2021-12-03 10:00:00,18.511
2021-12-03 11:00:00,17.012999999999998
2021-12-03 12:00:00,16.805
2021-12-03 13:00:00,15.517
2021-12-03 14:00:00,12.258000000000001
2021-12-03 15:00:00,8.245000000000001
2021-12-03 16:00:00,3.08
2021-12-03 17:00:00,0.20900000000000002
2021-12-03 18:00:00,0.0
2021-12-03 19:00:00,0.0
2021-12-03 20:00:00,0.0
2021-12-03 21:00:00,0.0
2021-12-03 22:00:00,0.0
2021-12-03 23:00:00,0.0
2021-12-04 00:00:00,0.0
2021-12-04 01:00:00,0.0
2021-12-04 02:00:00,0.0
2021-12-04 03:00:00,0.0
2021-12-04 04:00:00,0.0
2021-12-04 05:00:00,0.0
2021-12-04 06:00:00,0.001
2021-12-04 07:00:00,1.6139999999999999
2021-12-04 08:00:00,6.739
2021-12-04 09:00:00,13.446
2021-12-04 10:00:00,17.685
2021-12-04 11:00:00,16.455000000000002
2021-12-04 12:00:00,16.145
2021-12-04 13:00:00,14.447
2021-12-04 14:00:00,11.893
2021-12-04 15:00:00,7.991
2021-12-04 16:00:00,2.9610000000000003
2021-12-04 17:00:00,0.15000000000000002
2021-12-04 18:00:00,0.0
2021-12-04 19:00:00,0.0
2021-12-04 20:00:00,0.0
2021-12-04 21:00:00,0.0
2021-12-04 22:00:00,0.0
2021-12-04 23:00:00,0.0
2021-12-05 00:00:00,0.0
2021-12-05 01:00:00,0.0
2021-12-05 02:00:00,0.0
2021-12-05 03:00:00,0.0
2021-12-05 04:00:00,0.0
2021-12-05 05:00:00,0.0
2021-12-05 06:00:00,0.0
2021-12-05 07:00:00,1.307
2021-12-05 08:00:00,6.429
2021-12-05 09:00:00,13.012
2021-12-05 10:00:00,17.467
2021-12-05 11:00:00,16.249000000000002
2021-12-05 12:00:00,15.799
2021-12-05 13:00:00,14.69
2021-12-05 14:00:00,11.713000000000001
2021-12-05 15:00:00,7.739
2021-12-05 16:00:00,2.926
2021-12-05 17:00:00,0.23099999999999998
2021-12-05 18:00:00,0.0
2021-12-05 19:00:00,0.0
2021-12-05 20:00:00,0.0
2021-12-05 21:00:00,0.0
2021-12-05 22:00:00,0.0
2021-12-05 23:00:00,0.0
2021-12-06 00:00:00,0.0
2021-12-06 01:00:00,0.0
2021-12-06 02:00:00,0.0
2021-12-06 03:00:00,0.0
2021-12-06 04:00:00,0.0
2021-12-06 05:00:00,0.0
2021-12-06 06:00:00,0.0
2021-12-06 07:00:00,1.556
2021-12-06 08:00:00,6.588
2021-12-06 09:00:00,13.198
2021-12-06 10:00:00,17.64
2021-12-06 11:00:00,16.332
2021-12-06 12:00:00,16.041
2021-12-06 13:00:00,14.899000000000001
2021-12-06 14:00:00,11.788
2021-12-06 15:00:00,7.932
2021-12-06 16:00:00,3.0540000000000003
2021-12-06 17:00:00,0.246
2021-12-06 18:00:00,0.0
2021-12-06 19:00:00,0.0
2021-12-06 20:00:00,0.0
2021-12-06 21:00:00,0.0
2021-12-06 22:00:00,0.0
2021-12-06 23:00:00,0.0
2021-12-07 00:00:00,0.0
2021-12-07 01:00:00,0.0
2021-12-07 02:00:00,0.0
2021-12-07 03:00:00,0.0
2021-12-07 04:00:00,0.0
2021-12-07 05:00:00,0.0
2021-12-07 06:00:00,0.0
2021-12-07 07:00:00,1.4380000000000002
2021-12-07 08:00:00,5.65
2021-12-07 09:00:00,11.653
2021-12-07 10:00:00,14.913
2021-12-07 11:00:00,13.372
2021-12-07 12:00:00,13.094000000000001
2021-12-07 13:00:00,13.161999999999999
2021-12-07 14:00:00,9.362
2021-12-07 15:00:00,6.227
2021-12-07 16:00:00,1.831
2021-12-07 17:00:00,0.232
2021-12-07 18:00:00,0.0
2021-12-07 19:00:00,0.0
2021-12-07 20:00:00,0.0
2021-12-07 21:00:00,0.0
2021-12-07 22:00:00,0.0
2021-12-07 23:00:00,0.0
2021-12-08 00:00:00,0.0
2021-12-08 01:00:00,0.0
2021-12-08 02:00:00,0.0
2021-12-08 03:00:00,0.0
2021-12-08 04:00:00,0.0
2021-12-08 05:00:00,0.0
2021-12-08 06:00:00,0.0
2021-12-08 07:00:00,1.425
2021-12-08 08:00:00,6.1690000000000005
2021-12-08 09:00:00,12.654
2021-12-08 10:00:00,17.114
2021-12-08 11:00:00,15.96
2021-12-08 12:00:00,15.728
2021-12-08 13:00:00,14.557
2021-12-08 14:00:00,11.447000000000001
2021-12-08 15:00:00,7.654
2021-12-08 16:00:00,2.927
2021-12-08 17:00:00,0.22099999999999997
2021-12-08 18:00:00,0.0
2021-12-08 19:00:00,0.0
2021-12-08 20:00:00,0.0
2021-12-08 21:00:00,0.0
2021-12-08 22:00:00,0.0
2021-12-08 23:00:00,0.0
2021-12-09 00:00:00,0.0
2021-12-09 01:00:00,0.0
2021-12-09 02:00:00,0.0
2021-12-09 03:00:00,0.0
2021-12-09 04:00:00,0.0
2021-12-09 05:00:00,0.0
2021-12-09 06:00:00,0.0
2021-12-09 07:00:00,1.439
2021-12-09 08:00:00,6.042
2021-12-09 09:00:00,11.971
2021-12-09 10:00:00,16.301000000000002
2021-12-09 11:00:00,15.953
2021-12-09 12:00:00,15.492
2021-12-09 13:00:00,14.317
2021-12-09 14:00:00,11.29
2021-12-09 15:00:00,7.552
2021-12-09 16:00:00,3.017
2021-12-09 17:00:00,0.28800000000000003
2021-12-09 18:00:00,0.0
2021-12-09 19:00:00,0.0
2021-12-09 20:00:00,0.0
2021-12-09 21:00:00,0.0
2021-12-09 22:00:00,0.0
2021-12-09 23:00:00,0.0
2021-12-10 00:00:00,0.0
2021-12-10 01:00:00,0.0
2021-12-10 02:00:00,0.0
2021-12-10 03:00:00,0.0
2021-12-10 04:00:00,0.0
2021-12-10 05:00:00,0.0
2021-12-10 06:00:00,0.0
2021-12-10 07:00:00,1.478
2021-12-10 08:00:00,6.162
2021-12-10 09:00:00,11.59
2021-12-10 10:00:00,15.311
2021-12-10 11:00:00,16.171
2021-12-10 12:00:00,15.75
2021-12-10 13:00:00,14.684000000000001
2021-12-10 14:00:00,11.5
2021-12-10 15:00:00,7.658
2021-12-10 16:00:00,3.0629999999999997
2021-12-10 17:00:00,0.237
2021-12-10 18:00:00,0.0
2021-12-10 19:00:00,0.0
2021-12-10 20:00:00,0.0
2021-12-10 21:00:00,0.0
2021-12-10 22:00:00,0.0
2021-12-10 23:00:00,0.0
2021-12-11 00:00:00,0.0
2021-12-11 01:00:00,0.0
2021-12-11 02:00:00,0.0
2021-12-11 03:00:00,0.0
2021-12-11 04:00:00,0.0
2021-12-11 05:00:00,0.0
2021-12-11 06:00:00,0.0
2021-12-11 07:00:00,1.403
2021-12-11 08:00:00,6.067
2021-12-11 09:00:00,12.171
2021-12-11 10:00:00,15.781
2021-12-11 11:00:00,15.915
2021-12-11 12:00:00,15.951
2021-12-11 13:00:00,14.988
2021-12-11 14:00:00,12.3
2021-12-11 15:00:00,7.634
2021-12-11 16:00:00,3.027
2021-12-11 17:00:00,0.268
2021-12-11 18:00:00,0.0
2021-12-11 19:00:00,0.0
2021-12-11 20:00:00,0.0
2021-12-11 21:00:00,0.0
2021-12-11 22:00:00,0.0
2021-12-11 23:00:00,0.0
2021-12-12 00:00:00,0.0
2021-12-12 01:00:00,0.0
2021-12-12 02:00:00,0.0
2021-12-12 03:00:00,0.0
2021-12-12 04:00:00,0.0
2021-12-12 05:00:00,0.0
2021-12-12 06:00:00,0.0
2021-12-12 07:00:00,1.387
2021-12-12 08:00:00,6.107
2021-12-12 09:00:00,11.672
2021-12-12 10:00:00,15.998999999999999
2021-12-12 11:00:00,15.76
2021-12-12 12:00:00,15.282
2021-12-12 13:00:00,14.061
2021-12-12 14:00:00,11.148
2021-12-12 15:00:00,7.413
2021-12-12 16:00:00,2.95
2021-12-12 17:00:00,0.272
2021-12-12 18:00:00,0.0
2021-12-12 19:00:00,0.0
2021-12-12 20:00:00,0.0
2021-12-12 21:00:00,0.0
2021-12-12 22:00:00,0.0
2021-12-12 23:00:00,0.0
2021-12-13 00:00:00,0.0
2021-12-13 01:00:00,0.0
2021-12-13 02:00:00,0.0
2021-12-13 03:00:00,0.0
2021-12-13 04:00:00,0.0
2021-12-13 05:00:00,0.0
2021-12-13 06:00:00,0.0
2021-12-13 07:00:00,1.155
2021-12-13 08:00:00,2.651
2021-12-13 09:00:00,7.375
2021-12-13 10:00:00,14.25
2021-12-13 11:00:00,16.871000000000002
2021-12-13 12:00:00,15.59
2021-12-13 13:00:00,14.142
2021-12-13 14:00:00,11.125
2021-12-13 15:00:00,7.33
2021-12-13 16:00:00,3.044
2021-12-13 17:00:00,0.321
2021-12-13 18:00:00,0.0
2021-12-13 19:00:00,0.0
2021-12-13 20:00:00,0.0
2021-12-13 21:00:00,0.0
2021-12-13 22:00:00,0.0
2021-12-13 23:00:00,0.0
2021-12-14 00:00:00,0.0
2021-12-14 01:00:00,0.0
2021-12-14 02:00:00,0.0
2021-12-14 03:00:00,0.0
2021-12-14 04:00:00,0.0
2021-12-14 05:00:00,0.0
2021-12-14 06:00:00,0.0
2021-12-14 07:00:00,0.867
2021-12-14 08:00:00,5.632
2021-12-14 09:00:00,10.337
2021-12-14 10:00:00,12.122
2021-12-14 11:00:00,15.774999999999999
2021-12-14 12:00:00,15.68
2021-12-14 13:00:00,14.053
2021-12-14 14:00:00,11.377
2021-12-14 15:00:00,7.859
2021-12-14 16:00:00,3.539
2021-12-14 17:00:00,0.442
2021-12-14 18:00:00,0.0
2021-12-14 19:00:00,0.0
2021-12-14 20:00:00,0.0
2021-12-14 21:00:00,0.0
2021-12-14 22:00:00,0.0
2021-12-14 23:00:00,0.0
2021-12-15 00:00:00,0.0
2021-12-15 01:00:00,0.0
2021-12-15 02:00:00,0.0
2021-12-15 03:00:00,0.0
2021-12-15 04:00:00,0.0
2021-12-15 05:00:00,0.0
2021-12-15 06:00:00,0.0
2021-12-15 07:00:00,0.17099999999999999
2021-12-15 08:00:00,4.068
2021-12-15 09:00:00,4.479
2021-12-15 10:00:00,4.276
2021-12-15 11:00:00,5.77
2021-12-15 12:00:00,4.609
2021-12-15 13:00:00,4.21
2021-12-15 14:00:00,4.591
2021-12-15 15:00:00,4.747
2021-12-15 16:00:00,2.989
2021-12-15 17:00:00,0.21300000000000002
2021-12-15 18:00:00,0.0
2021-12-15 19:00:00,0.0
2021-12-15 20:00:00,0.0
2021-12-15 21:00:00,0.0
2021-12-15 22:00:00,0.0
2021-12-15 23:00:00,0.0
2021-12-16 00:00:00,0.0
2021-12-16 01:00:00,0.0
2021-12-16 02:00:00,0.0
2021-12-16 03:00:00,0.0
2021-12-16 04:00:00,0.0
2021-12-16 05:00:00,0.0
2021-12-16 06:00:00,0.0
2021-12-16 07:00:00,0.049
2021-12-16 08:00:00,2.387
2021-12-16 09:00:00,2.214
2021-12-16 10:00:00,2.984
2021-12-16 11:00:00,11.182
2021-12-16 12:00:00,7.082
2021-12-16 13:00:00,8.699
2021-12-16 14:00:00,3.9010000000000002
2021-12-16 15:00:00,2.883
2021-12-16 16:00:00,2.399
2021-12-16 17:00:00,0.11199999999999999
2021-12-16 18:00:00,0.0
2021-12-16 19:00:00,0.0
2021-12-16 20:00:00,0.0
2021-12-16 21:00:00,0.0
2021-12-16 22:00:00,0.0
2021-12-16 23:00:00,0.0
2021-12-17 00:00:00,0.0
2021-12-17 01:00:00,0.0
2021-12-17 02:00:00,0.0
2021-12-17 03:00:00,0.0
2021-12-17 04:00:00,0.0
2021-12-17 05:00:00,0.0
2021-12-17 06:00:00,0.0
2021-12-17 07:00:00,0.902
2021-12-17 08:00:00,2.791
2021-12-17 09:00:00,4.207
2021-12-17 10:00:00,9.765
2021-12-17 11:00:00,12.931000000000001
2021-12-17 12:00:00,15.053
2021-12-17 13:00:00,10.803
2021-12-17 14:00:00,7.019
2021-12-17 15:00:00,3.9219999999999997
2021-12-17 16:00:00,1.408
2021-12-17 17:00:00,0.28200000000000003
2021-12-17 18:00:00,0.0
2021-12-17 19:00:00,0.0
2021-12-17 20:00:00,0.0
2021-12-17 21:00:00,0.0
2021-12-17 22:00:00,0.0
2021-12-17 23:00:00,0.0
2021-12-18 00:00:00,0.0
2021-12-18 01:00:00,0.0
2021-12-18 02:00:00,0.0
2021-12-18 03:00:00,0.0
2021-12-18 04:00:00,0.0
2021-12-18 05:00:00,0.0
2021-12-18 06:00:00,0.0
2021-12-18 07:00:00,0.954
2021-12-18 08:00:00,2.839
2021-12-18 09:00:00,4.471
2021-12-18 10:00:00,8.335
2021-12-18 11:00:00,15.35
2021-12-18 12:00:00,13.371
2021-12-18 13:00:00,14.245000000000001
2021-12-18 14:00:00,10.785
2021-12-18 15:00:00,8.033999999999999
2021-12-18 16:00:00,3.277
2021-12-18 17:00:00,0.601
2021-12-18 18:00:00,0.0
2021-12-18 19:00:00,0.0
2021-12-18 20:00:00,0.0
2021-12-18 21:00:00,0.0
2021-12-18 22:00:00,0.0
2021-12-18 23:00:00,0.0
2021-12-19 00:00:00,0.0
2021-12-19 01:00:00,0.0
2021-12-19 02:00:00,0.0
2021-12-19 03:00:00,0.0
2021-12-19 04:00:00,0.0
2021-12-19 05:00:00,0.0
2021-12-19 06:00:00,0.0
2021-12-19 07:00:00,0.5049999999999999
2021-12-19 08:00:00,3.1670000000000003
2021-12-19 09:00:00,6.228
2021-12-19 10:00:00,10.737
2021-12-19 11:00:00,11.229000000000001
2021-12-19 12:00:00,12.165
2021-12-19 13:00:00,11.182
2021-12-19 14:00:00,10.247
2021-12-19 15:00:00,5.123
2021-12-19 16:00:00,1.949
2021-12-19 17:00:00,0.212
2021-12-19 18:00:00,0.0
2021-12-19 19:00:00,0.0
2021-12-19 20:00:00,0.0
2021-12-19 21:00:00,0.0
2021-12-19 22:00:00,0.0
2021-12-19 23:00:00,0.0
2021-12-20 00:00:00,0.0
2021-12-20 01:00:00,0.0
2021-12-20 02:00:00,0.0
2021-12-20 03:00:00,0.0
2021-12-20 04:00:00,0.0
2021-12-20 05:00:00,0.0
2021-12-20 06:00:00,0.0
2021-12-20 07:00:00,0.005
2021-12-20 08:00:00,0.47100000000000003
2021-12-20 09:00:00,1.545
2021-12-20 10:00:00,2.0060000000000002
2021-12-20 11:00:00,2.944
2021-12-20 12:00:00,3.346
2021-12-20 13:00:00,3.716
2021-12-20 14:00:00,1.6960000000000002
2021-12-20 15:00:00,1.013
2021-12-20 16:00:00,0.499
2021-12-20 17:00:00,0.018
2021-12-20 18:00:00,0.0
2021-12-20 19:00:00,0.0
2021-12-20 20:00:00,0.0
2021-12-20 21:00:00,0.0
2021-12-20 22:00:00,0.0
2021-12-20 23:00:00,0.0
2021-12-21 00:00:00,0.0
2021-12-21 01:00:00,0.0
2021-12-21 02:00:00,0.0
2021-12-21 03:00:00,0.0
2021-12-21 04:00:00,0.0
2021-12-21 05:00:00,0.0
2021-12-21 06:00:00,0.0
2021-12-21 07:00:00,0.02
2021-12-21 08:00:00,1.0070000000000001
2021-12-21 09:00:00,2.9739999999999998
2021-12-21 10:00:00,1.7650000000000001
2021-12-21 11:00:00,3.1950000000000003
2021-12-21 12:00:00,2.717
2021-12-21 13:00:00,3.16
2021-12-21 14:00:00,4.765000000000001
2021-12-21 15:00:00,2.585
2021-12-21 16:00:00,1.893
2021-12-21 17:00:00,0.44
2021-12-21 18:00:00,0.0
2021-12-21 19:00:00,0.0
2021-12-21 20:00:00,0.0
2021-12-21 21:00:00,0.0
2021-12-21 22:00:00,0.0
2021-12-21 23:00:00,0.0
2021-12-22 00:00:00,0.0
2021-12-22 01:00:00,0.0
2021-12-22 02:00:00,0.0
2021-12-22 03:00:00,0.0
2021-12-22 04:00:00,0.0
2021-12-22 05:00:00,0.0
2021-12-22 06:00:00,0.0
2021-12-22 07:00:00,0.806
2021-12-22 08:00:00,4.208
2021-12-22 09:00:00,7.7829999999999995
2021-12-22 10:00:00,12.413
2021-12-22 11:00:00,15.584
2021-12-22 12:00:00,13.375
2021-12-22 13:00:00,10.841999999999999
2021-12-22 14:00:00,9.438
2021-12-22 15:00:00,5.332
2021-12-22 16:00:00,1.608
2021-12-22 17:00:00,0.105
2021-12-22 18:00:00,0.0
2021-12-22 19:00:00,0.0
2021-12-22 20:00:00,0.0
2021-12-22 21:00:00,0.0
2021-12-22 22:00:00,0.0
2021-12-22 23:00:00,0.0
2021-12-23 00:00:00,0.0
2021-12-23 01:00:00,0.0
2021-12-23 02:00:00,0.0
2021-12-23 03:00:00,0.0
2021-12-23 04:00:00,0.0
2021-12-23 05:00:00,0.0
2021-12-23 06:00:00,0.0
2021-12-23 07:00:00,0.6699999999999999
2021-12-23 08:00:00,3.366
2021-12-23 09:00:00,6.529
2021-12-23 10:00:00,12.578
2021-12-23 11:00:00,14.271
2021-12-23 12:00:00,12.462
2021-12-23 13:00:00,11.917
2021-12-23 14:00:00,10.654
2021-12-23 15:00:00,4.315
2021-12-23 16:00:00,2.181
2021-12-23 17:00:00,0.146
2021-12-23 18:00:00,0.0
2021-12-23 19:00:00,0.0
2021-12-23 20:00:00,0.0
2021-12-23 21:00:00,0.0
2021-12-23 22:00:00,0.0
2021-12-23 23:00:00,0.0
2021-12-24 00:00:00,0.0
2021-12-24 01:00:00,0.0
2021-12-24 02:00:00,0.0
2021-12-24 03:00:00,0.0
2021-12-24 04:00:00,0.0
2021-12-24 05:00:00,0.0
2021-12-24 06:00:00,0.0
2021-12-24 07:00:00,0.136
2021-12-24 08:00:00,0.8949999999999999
2021-12-24 09:00:00,2.739
2021-12-24 10:00:00,4.352
2021-12-24 11:00:00,7.859999999999999
2021-12-24 12:00:00,7.24
2021-12-24 13:00:00,9.919
2021-12-24 14:00:00,9.682
2021-12-24 15:00:00,3.499
2021-12-24 16:00:00,2.765
2021-12-24 17:00:00,0.39999999999999997
2021-12-24 18:00:00,0.0
2021-12-24 19:00:00,0.0
2021-12-24 20:00:00,0.0
2021-12-24 21:00:00,0.0
2021-12-24 22:00:00,0.0
2021-12-24 23:00:00,0.0
2021-12-25 00:00:00,0.0
2021-12-25 01:00:00,0.0
2021-12-25 02:00:00,0.0
2021-12-25 03:00:00,0.0
2021-12-25 04:00:00,0.0
2021-12-25 05:00:00,0.0
2021-12-25 06:00:00,0.0
2021-12-25 07:00:00,0.21300000000000002
2021-12-25 08:00:00,4.499
2021-12-25 09:00:00,10.982
2021-12-25 10:00:00,7.1739999999999995
2021-12-25 11:00:00,10.722
2021-12-25 12:00:00,13.228
2021-12-25 13:00:00,9.86
2021-12-25 14:00:00,7.239
2021-12-25 15:00:00,4.481
2021-12-25 16:00:00,2.581
2021-12-25 17:00:00,0.383
2021-12-25 18:00:00,0.0
2021-12-25 19:00:00,0.0
2021-12-25 20:00:00,0.0
2021-12-25 21:00:00,0.0
2021-12-25 22:00:00,0.0
2021-12-25 23:00:00,0.0
2021-12-26 00:00:00,0.0
2021-12-26 01:00:00,0.0
2021-12-26 02:00:00,0.0
2021-12-26 03:00:00,0.0
2021-12-26 04:00:00,0.0
2021-12-26 05:00:00,0.0
2021-12-26 06:00:00,0.0
2021-12-26 07:00:00,0.123
2021-12-26 08:00:00,2.366
2021-12-26 09:00:00,6.303
2021-12-26 10:00:00,4.788
2021-12-26 11:00:00,3.363
2021-12-26 12:00:00,3.7880000000000003
2021-12-26 13:00:00,2.582
2021-12-26 14:00:00,2.0220000000000002
2021-12-26 15:00:00,1.053
2021-12-26 16:00:00,0.842
2021-12-26 17:00:00,0.061
2021-12-26 18:00:00,0.0
2021-12-26 19:00:00,0.0
2021-12-26 20:00:00,0.0
2021-12-26 21:00:00,0.0
2021-12-26 22:00:00,0.0
2021-12-26 23:00:00,0.0
2021-12-27 00:00:00,0.0
2021-12-27 01:00:00,0.0
2021-12-27 02:00:00,0.0
2021-12-27 03:00:00,0.0
2021-12-27 04:00:00,0.0
2021-12-27 05:00:00,0.0
2021-12-27 06:00:00,0.0
2021-12-27 07:00:00,0.14200000000000002
2021-12-27 08:00:00,2.042
2021-12-27 09:00:00,3.62
2021-12-27 10:00:00,6.1419999999999995
2021-12-27 11:00:00,13.759
2021-12-27 12:00:00,14.905
2021-12-27 13:00:00,11.424
2021-12-27 14:00:00,10.724
2021-12-27 15:00:00,6.59
2021-12-27 16:00:00,2.194
2021-12-27 17:00:00,0.257
2021-12-27 18:00:00,0.0
2021-12-27 19:00:00,0.0
2021-12-27 20:00:00,0.0
2021-12-27 21:00:00,0.0
2021-12-27 22:00:00,0.0
2021-12-27 23:00:00,0.0
2021-12-28 00:00:00,0.0
2021-12-28 01:00:00,0.0
2021-12-28 02:00:00,0.0
2021-12-28 03:00:00,0.0
2021-12-28 04:00:00,0.0
2021-12-28 05:00:00,0.0
2021-12-28 06:00:00,0.0
2021-12-28 07:00:00,0.525
2021-12-28 08:00:00,2.499
2021-12-28 09:00:00,3.392
2021-12-28 10:00:00,9.021
2021-12-28 11:00:00,14.683
2021-12-28 12:00:00,13.73
2021-12-28 13:00:00,9.386000000000001
2021-12-28 14:00:00,7.5760000000000005
2021-12-28 15:00:00,4.808
2021-12-28 16:00:00,1.954
2021-12-28 17:00:00,0.131
2021-12-28 18:00:00,0.0
2021-12-28 19:00:00,0.0
2021-12-28 20:00:00,0.0
2021-12-28 21:00:00,0.0
2021-12-28 22:00:00,0.0
2021-12-28 23:00:00,0.0
2021-12-29 00:00:00,0.0
2021-12-29 01:00:00,0.0
2021-12-29 02:00:00,0.0
2021-12-29 03:00:00,0.0
2021-12-29 04:00:00,0.0
2021-12-29 05:00:00,0.0
2021-12-29 06:00:00,0.0
2021-12-29 07:00:00,0.6749999999999999
2021-12-29 08:00:00,4.505
2021-12-29 09:00:00,7.079
2021-12-29 10:00:00,13.067
2021-12-29 11:00:00,15.711
2021-12-29 12:00:00,15.742
2021-12-29 13:00:00,14.812
2021-12-29 14:00:00,8.458
2021-12-29 15:00:00,5.1
2021-12-29 16:00:00,2.5949999999999998
2021-12-29 17:00:00,0.563
2021-12-29 18:00:00,0.0
2021-12-29 19:00:00,0.0
2021-12-29 20:00:00,0.0
2021-12-29 21:00:00,0.0
2021-12-29 22:00:00,0.0
2021-12-29 23:00:00,0.0
2021-12-30 00:00:00,0.0
2021-12-30 01:00:00,0.0
2021-12-30 02:00:00,0.0
2021-12-30 03:00:00,0.0
2021-12-30 04:00:00,0.0
2021-12-30 05:00:00,0.0
2021-12-30 06:00:00,0.0
2021-12-30 07:00:00,1.012
2021-12-30 08:00:00,5.159
2021-12-30 09:00:00,11.721
2021-12-30 10:00:00,16.767
2021-12-30 11:00:00,16.856
2021-12-30 12:00:00,16.056
2021-12-30 13:00:00,15.120000000000001
2021-12-30 14:00:00,12.471
2021-12-30 15:00:00,8.211
2021-12-30 16:00:00,3.302
2021-12-30 17:00:00,0.317
2021-12-30 18:00:00,0.0
2021-12-30 19:00:00,0.0
2021-12-30 20:00:00,0.0
2021-12-30 21:00:00,0.0
2021-12-30 22:00:00,0.0
2021-12-30 23:00:00,0.0
2021-12-31 00:00:00,0.0
2021-12-31 01:00:00,0.0
2021-12-31 02:00:00,0.0
2021-12-31 03:00:00,0.0
2021-12-31 04:00:00,0.0
2021-12-31 05:00:00,0.0
2021-12-31 06:00:00,0.0
2021-12-31 07:00:00,0.013
2021-12-31 08:00:00,0.411
2021-12-31 09:00:00,2.164
2021-12-31 10:00:00,6.342
2021-12-31 11:00:00,11.189
2021-12-31 12:00:00,14.714
2021-12-31 13:00:00,13.944
2021-12-31 14:00:00,11.606
2021-12-31 15:00:00,6.5440000000000005
2021-12-31 16:00:00,3.473
2021-12-31 17:00:00,0.541
2021-12-31 18:00:00,0.0
2021-12-31 19:00:00,0.0
2021-12-31 20:00:00,0.0
2021-12-31 21:00:00,0.0
2021-12-31 22:00:00,0.0
2021-12-31 23:00:00,0.0
2022-01-01 00:00:00,0.0
2022-01-01 01:00:00,0.0
2022-01-01 02:00:00,0.0
2022-01-01 03:00:00,0.0
2022-01-01 04:00:00,0.0
2022-01-01 05:00:00,0.0
2022-01-01 06:00:00,0.0
2022-01-01 07:00:00,0.796
2022-01-01 08:00:00,3.787
2022-01-01 09:00:00,6.32
2022-01-01 10:00:00,9.342
2022-01-01 11:00:00,6.367
2022-01-01 12:00:00,6.541
2022-01-01 13:00:00,7.585
2022-01-01 14:00:00,8.415
2022-01-01 15:00:00,5.802
2022-01-01 16:00:00,3.154
2022-01-01 17:00:00,0.40199999999999997
2022-01-01 18:00:00,0.0
2022-01-01 19:00:00,0.0
2022-01-01 20:00:00,0.0
2022-01-01 21:00:00,0.0
2022-01-01 22:00:00,0.0
2022-01-01 23:00:00,0.0
2022-01-02 00:00:00,0.0
2022-01-02 01:00:00,0.0
2022-01-02 02:00:00,0.0
2022-01-02 03:00:00,0.0
2022-01-02 04:00:00,0.0
2022-01-02 05:00:00,0.0
2022-01-02 06:00:00,0.0
2022-01-02 07:00:00,0.861
2022-01-02 08:00:00,5.045999999999999
2022-01-02 09:00:00,11.047
2022-01-02 10:00:00,15.834
2022-01-02 11:00:00,16.47
2022-01-02 12:00:00,15.713000000000001
2022-01-02 13:00:00,14.771
2022-01-02 14:00:00,12.028
2022-01-02 15:00:00,8.059
2022-01-02 16:00:00,3.893
2022-01-02 17:00:00,0.47600000000000003
2022-01-02 18:00:00,0.0
2022-01-02 19:00:00,0.0
2022-01-02 20:00:00,0.0
2022-01-02 21:00:00,0.0
2022-01-02 22:00:00,0.0
2022-01-02 23:00:00,0.0
2022-01-03 00:00:00,0.0
2022-01-03 01:00:00,0.0
2022-01-03 02:00:00,0.0
2022-01-03 03:00:00,0.0
2022-01-03 04:00:00,0.0
2022-01-03 05:00:00,0.0
2022-01-03 06:00:00,0.0
2022-01-03 07:00:00,0.388
2022-01-03 08:00:00,2.284
2022-01-03 09:00:00,3.228
2022-01-03 10:00:00,6.361
2022-01-03 11:00:00,13.434
2022-01-03 12:00:00,16.468
2022-01-03 13:00:00,15.105
2022-01-03 14:00:00,12.487
2022-01-03 15:00:00,8.504
2022-01-03 16:00:00,3.9690000000000003
2022-01-03 17:00:00,0.41100000000000003
2022-01-03 18:00:00,0.0
2022-01-03 19:00:00,0.0
2022-01-03 20:00:00,0.0
2022-01-03 21:00:00,0.0
2022-01-03 22:00:00,0.0
2022-01-03 23:00:00,0.0
2022-01-04 00:00:00,0.0
2022-01-04 01:00:00,0.0
2022-01-04 02:00:00,0.0
2022-01-04 03:00:00,0.0
2022-01-04 04:00:00,0.0
2022-01-04 05:00:00,0.0
2022-01-04 06:00:00,0.0
2022-01-04 07:00:00,0.565
2022-01-04 08:00:00,5.121
2022-01-04 09:00:00,11.186
2022-01-04 10:00:00,16.524
2022-01-04 11:00:00,16.429000000000002
2022-01-04 12:00:00,15.462
2022-01-04 13:00:00,14.929
2022-01-04 14:00:00,12.549
2022-01-04 15:00:00,9.982
2022-01-04 16:00:00,3.464
2022-01-04 17:00:00,0.629
2022-01-04 18:00:00,0.0
2022-01-04 19:00:00,0.0
2022-01-04 20:00:00,0.0
2022-01-04 21:00:00,0.0
2022-01-04 22:00:00,0.0
2022-01-04 23:00:00,0.0
2022-01-05 00:00:00,0.0
2022-01-05 01:00:00,0.0
2022-01-05 02:00:00,0.0
2022-01-05 03:00:00,0.0
2022-01-05 04:00:00,0.0
2022-01-05 05:00:00,0.0
2022-01-05 06:00:00,0.0
2022-01-05 07:00:00,0.29400000000000004
2022-01-05 08:00:00,4.899
2022-01-05 09:00:00,11.653
2022-01-05 10:00:00,16.708
2022-01-05 11:00:00,16.605
2022-01-05 12:00:00,16.095
2022-01-05 13:00:00,15.153
2022-01-05 14:00:00,12.811
2022-01-05 15:00:00,8.788
2022-01-05 16:00:00,4.29
2022-01-05 17:00:00,0.618
2022-01-05 18:00:00,0.0
2022-01-05 19:00:00,0.0
2022-01-05 20:00:00,0.0
2022-01-05 21:00:00,0.0
2022-01-05 22:00:00,0.0
2022-01-05 23:00:00,0.0
2022-01-06 00:00:00,0.0
2022-01-06 01:00:00,0.0
2022-01-06 02:00:00,0.0
2022-01-06 03:00:00,0.0
2022-01-06 04:00:00,0.0
2022-01-06 05:00:00,0.0
2022-01-06 06:00:00,0.0
2022-01-06 07:00:00,0.857
2022-01-06 08:00:00,5.420999999999999
2022-01-06 09:00:00,11.293
2022-01-06 10:00:00,16.773
2022-01-06 11:00:00,17.297
2022-01-06 12:00:00,17.017
2022-01-06 13:00:00,15.144
2022-01-06 14:00:00,12.579
2022-01-06 15:00:00,6.051
2022-01-06 16:00:00,3.433
2022-01-06 17:00:00,0.764
2022-01-06 18:00:00,0.0
2022-01-06 19:00:00,0.0
2022-01-06 20:00:00,0.0
2022-01-06 21:00:00,0.0
2022-01-06 22:00:00,0.0
2022-01-06 23:00:00,0.0
2022-01-07 00:00:00,0.0
2022-01-07 01:00:00,0.0
2022-01-07 02:00:00,0.0
2022-01-07 03:00:00,0.0
2022-01-07 04:00:00,0.0
2022-01-07 05:00:00,0.0
2022-01-07 06:00:00,0.0
2022-01-07 07:00:00,0.451
2022-01-07 08:00:00,2.122
2022-01-07 09:00:00,4.175
2022-01-07 10:00:00,4.195
2022-01-07 11:00:00,5.433999999999999
2022-01-07 12:00:00,12.354
2022-01-07 13:00:00,11.579
2022-01-07 14:00:00,13.291
2022-01-07 15:00:00,9.14
2022-01-07 16:00:00,4.276
2022-01-07 17:00:00,0.734
2022-01-07 18:00:00,0.0
2022-01-07 19:00:00,0.0
2022-01-07 20:00:00,0.0
2022-01-07 21:00:00,0.0
2022-01-07 22:00:00,0.0
2022-01-07 23:00:00,0.0
2022-01-08 00:00:00,0.0
2022-01-08 01:00:00,0.0
2022-01-08 02:00:00,0.0
2022-01-08 03:00:00,0.0
2022-01-08 04:00:00,0.0
2022-01-08 05:00:00,0.0
2022-01-08 06:00:00,0.0
2022-01-08 07:00:00,0.813
2022-01-08 08:00:00,5.035
2022-01-08 09:00:00,11.062
2022-01-08 10:00:00,16.253
2022-01-08 11:00:00,18.292
2022-01-08 12:00:00,17.14
2022-01-08 13:00:00,15.77
2022-01-08 14:00:00,12.801
2022-01-08 15:00:00,8.983
2022-01-08 16:00:00,4.511
2022-01-08 17:00:00,0.704
2022-01-08 18:00:00,0.0
2022-01-08 19:00:00,0.0
2022-01-08 20:00:00,0.0
2022-01-08 21:00:00,0.0
2022-01-08 22:00:00,0.0
2022-01-08 23:00:00,0.0
2022-01-09 00:00:00,0.0
2022-01-09 01:00:00,0.0
2022-01-09 02:00:00,0.0
2022-01-09 03:00:00,0.0
2022-01-09 04:00:00,0.0
2022-01-09 05:00:00,0.0
2022-01-09 06:00:00,0.0
2022-01-09 07:00:00,0.8420000000000001
2022-01-09 08:00:00,3.3569999999999998
2022-01-09 09:00:00,2.112
2022-01-09 10:00:00,3.561
2022-01-09 11:00:00,7.087
2022-01-09 12:00:00,10.581
2022-01-09 13:00:00,15.12
2022-01-09 14:00:00,7.9639999999999995
2022-01-09 15:00:00,3.638
2022-01-09 16:00:00,2.029
2022-01-09 17:00:00,0.881
2022-01-09 18:00:00,0.0
2022-01-09 19:00:00,0.0
2022-01-09 20:00:00,0.0
2022-01-09 21:00:00,0.0
2022-01-09 22:00:00,0.0
2022-01-09 23:00:00,0.0
2022-01-10 00:00:00,0.0
2022-01-10 01:00:00,0.0
2022-01-10 02:00:00,0.0
2022-01-10 03:00:00,0.0
2022-01-10 04:00:00,0.0
2022-01-10 05:00:00,0.0
2022-01-10 06:00:00,0.0
2022-01-10 07:00:00,0.29000000000000004
2022-01-10 08:00:00,1.984
2022-01-10 09:00:00,6.299
2022-01-10 10:00:00,10.968
2022-01-10 11:00:00,13.891
2022-01-10 12:00:00,17.666
2022-01-10 13:00:00,13.322
2022-01-10 14:00:00,9.468
2022-01-10 15:00:00,5.303
2022-01-10 16:00:00,3.307
2022-01-10 17:00:00,0.735
2022-01-10 18:00:00,0.0
2022-01-10 19:00:00,0.0
2022-01-10 20:00:00,0.0
2022-01-10 21:00:00,0.0
2022-01-10 22:00:00,0.0
2022-01-10 23:00:00,0.0
2022-01-11 00:00:00,0.0
2022-01-11 01:00:00,0.0
2022-01-11 02:00:00,0.0
2022-01-11 03:00:00,0.0
2022-01-11 04:00:00,0.0
2022-01-11 05:00:00,0.0
2022-01-11 06:00:00,0.0
2022-01-11 07:00:00,0.5329999999999999
2022-01-11 08:00:00,4.915
2022-01-11 09:00:00,11.889
2022-01-11 10:00:00,16.657
2022-01-11 11:00:00,17.913
2022-01-11 12:00:00,16.906
2022-01-11 13:00:00,15.833
2022-01-11 14:00:00,13.387
2022-01-11 15:00:00,9.232
2022-01-11 16:00:00,4.809
2022-01-11 17:00:00,0.628
2022-01-11 18:00:00,0.0
2022-01-11 19:00:00,0.0
2022-01-11 20:00:00,0.0
2022-01-11 21:00:00,0.0
2022-01-11 22:00:00,0.0
2022-01-11 23:00:00,0.0
2022-01-12 00:00:00,0.0
2022-01-12 01:00:00,0.0
2022-01-12 02:00:00,0.0
2022-01-12 03:00:00,0.0
2022-01-12 04:00:00,0.0
2022-01-12 05:00:00,0.0
2022-01-12 06:00:00,0.0
2022-01-12 07:00:00,0.313
2022-01-12 08:00:00,1.28
2022-01-12 09:00:00,1.925
2022-01-12 10:00:00,3.745
2022-01-12 11:00:00,4.577
2022-01-12 12:00:00,4.121
2022-01-12 13:00:00,5.765
2022-01-12 14:00:00,4.703
2022-01-12 15:00:00,4.622
2022-01-12 16:00:00,2.686
2022-01-12 17:00:00,0.249
2022-01-12 18:00:00,0.0
2022-01-12 19:00:00,0.0
2022-01-12 20:00:00,0.0
2022-01-12 21:00:00,0.0
2022-01-12 22:00:00,0.0
2022-01-12 23:00:00,0.0
2022-01-13 00:00:00,0.0
2022-01-13 01:00:00,0.0
2022-01-13 02:00:00,0.0
2022-01-13 03:00:00,0.0
2022-01-13 04:00:00,0.0
2022-01-13 05:00:00,0.0
2022-01-13 06:00:00,0.0
2022-01-13 07:00:00,0.059
2022-01-13 08:00:00,1.305
2022-01-13 09:00:00,3.347
2022-01-13 10:00:00,7.917
2022-01-13 11:00:00,10.462
2022-01-13 12:00:00,14.566
2022-01-13 13:00:00,10.676
2022-01-13 14:00:00,8.676
2022-01-13 15:00:00,7.792999999999999
2022-01-13 16:00:00,3.3
2022-01-13 17:00:00,0.741
2022-01-13 18:00:00,0.0
2022-01-13 19:00:00,0.0
2022-01-13 20:00:00,0.0
2022-01-13 21:00:00,0.0
2022-01-13 22:00:00,0.0
2022-01-13 23:00:00,0.0
2022-01-14 00:00:00,0.0
2022-01-14 01:00:00,0.0
2022-01-14 02:00:00,0.0
2022-01-14 03:00:00,0.0
2022-01-14 04:00:00,0.0
2022-01-14 05:00:00,0.0
2022-01-14 06:00:00,0.0
2022-01-14 07:00:00,0.061
2022-01-14 08:00:00,0.552
2022-01-14 09:00:00,0.806
2022-01-14 10:00:00,1.06
2022-01-14 11:00:00,0.9650000000000001
2022-01-14 12:00:00,1.468
2022-01-14 13:00:00,1.548
2022-01-14 14:00:00,2.299
2022-01-14 15:00:00,1.791
2022-01-14 16:00:00,0.502
2022-01-14 17:00:00,0.016
2022-01-14 18:00:00,0.0
2022-01-14 19:00:00,0.0
2022-01-14 20:00:00,0.0
2022-01-14 21:00:00,0.0
2022-01-14 22:00:00,0.0
2022-01-14 23:00:00,0.0
2022-01-15 00:00:00,0.0
2022-01-15 01:00:00,0.0
2022-01-15 02:00:00,0.0
2022-01-15 03:00:00,0.0
2022-01-15 04:00:00,0.0
2022-01-15 05:00:00,0.0
2022-01-15 06:00:00,0.0
2022-01-15 07:00:00,0.062
2022-01-15 08:00:00,2.3
2022-01-15 09:00:00,4.42
2022-01-15 10:00:00,5.57
2022-01-15 11:00:00,8.102
2022-01-15 12:00:00,10.272
2022-01-15 13:00:00,10.648
2022-01-15 14:00:00,9.326
2022-01-15 15:00:00,5.415
2022-01-15 16:00:00,1.419
2022-01-15 17:00:00,0.142
2022-01-15 18:00:00,0.0
2022-01-15 19:00:00,0.0
2022-01-15 20:00:00,0.0
2022-01-15 21:00:00,0.0
2022-01-15 22:00:00,0.0
2022-01-15 23:00:00,0.0
2022-01-16 00:00:00,0.0
2022-01-16 01:00:00,0.0
2022-01-16 02:00:00,0.0
2022-01-16 03:00:00,0.0
2022-01-16 04:00:00,0.0
2022-01-16 05:00:00,0.0
2022-01-16 06:00:00,0.0
2022-01-16 07:00:00,0.032
2022-01-16 08:00:00,0.506
2022-01-16 09:00:00,1.042
2022-01-16 10:00:00,2.6029999999999998
2022-01-16 11:00:00,4.34
2022-01-16 12:00:00,7.811999999999999
2022-01-16 13:00:00,13.659
2022-01-16 14:00:00,13.594
2022-01-16 15:00:00,9.142
2022-01-16 16:00:00,4.881
2022-01-16 17:00:00,0.761
2022-01-16 18:00:00,0.0
2022-01-16 19:00:00,0.0
2022-01-16 20:00:00,0.0
2022-01-16 21:00:00,0.0
2022-01-16 22:00:00,0.0
2022-01-16 23:00:00,0.0
2022-01-17 00:00:00,0.0
2022-01-17 01:00:00,0.0
2022-01-17 02:00:00,0.0
2022-01-17 03:00:00,0.0
2022-01-17 04:00:00,0.0
2022-01-17 05:00:00,0.0
2022-01-17 06:00:00,0.0
2022-01-17 07:00:00,0.104
2022-01-17 08:00:00,0.9299999999999999
2022-01-17 09:00:00,1.989
2022-01-17 10:00:00,3.156
2022-01-17 11:00:00,2.9000000000000004
2022-01-17 12:00:00,2.797
2022-01-17 13:00:00,2.521
2022-01-17 14:00:00,2.105
2022-01-17 15:00:00,1.169
2022-01-17 16:00:00,0.6759999999999999
2022-01-17 17:00:00,0.181
2022-01-17 18:00:00,0.0
2022-01-17 19:00:00,0.0
2022-01-17 20:00:00,0.0
2022-01-17 21:00:00,0.0
2022-01-17 22:00:00,0.0
2022-01-17 23:00:00,0.0
2022-01-18 00:00:00,0.0
2022-01-18 01:00:00,0.0
2022-01-18 02:00:00,0.0
2022-01-18 03:00:00,0.0
2022-01-18 04:00:00,0.0
2022-01-18 05:00:00,0.0
2022-01-18 06:00:00,0.0
2022-01-18 07:00:00,0.002
2022-01-18 08:00:00,1.221
2022-01-18 09:00:00,5.058
2022-01-18 10:00:00,7.18
2022-01-18 11:00:00,6.538
2022-01-18 12:00:00,5.2
2022-01-18 13:00:00,3.29
2022-01-18 14:00:00,4.231
2022-01-18 15:00:00,2.8890000000000002
2022-01-18 16:00:00,2.583
2022-01-18 17:00:00,0.465
2022-01-18 18:00:00,0.0
2022-01-18 19:00:00,0.0
2022-01-18 20:00:00,0.0
2022-01-18 21:00:00,0.0
2022-01-18 22:00:00,0.0
2022-01-18 23:00:00,0.0
2022-01-19 00:00:00,0.0
2022-01-19 01:00:00,0.0
2022-01-19 02:00:00,0.0
2022-01-19 03:00:00,0.0
2022-01-19 04:00:00,0.0
2022-01-19 05:00:00,0.0
2022-01-19 06:00:00,0.0
2022-01-19 07:00:00,0.606
2022-01-19 08:00:00,3.126
2022-01-19 09:00:00,9.134
2022-01-19 10:00:00,18.545
2022-01-19 11:00:00,18.451
2022-01-19 12:00:00,17.204
2022-01-19 13:00:00,16.490000000000002
2022-01-19 14:00:00,9.762
2022-01-19 15:00:00,4.112
2022-01-19 16:00:00,3.41
2022-01-19 17:00:00,1.02
2022-01-19 18:00:00,0.0
2022-01-19 19:00:00,0.0
2022-01-19 20:00:00,0.0
2022-01-19 21:00:00,0.0
2022-01-19 22:00:00,0.0
2022-01-19 23:00:00,0.0
2022-01-20 00:00:00,0.0
2022-01-20 01:00:00,0.0
2022-01-20 02:00:00,0.0
2022-01-20 03:00:00,0.0
2022-01-20 04:00:00,0.0
2022-01-20 05:00:00,0.0
2022-01-20 06:00:00,0.0
2022-01-20 07:00:00,0.6689999999999999
2022-01-20 08:00:00,5.145
2022-01-20 09:00:00,11.818999999999999
2022-01-20 10:00:00,17.507
2022-01-20 11:00:00,18.115000000000002
2022-01-20 12:00:00,17.149
2022-01-20 13:00:00,15.544
2022-01-20 14:00:00,12.899000000000001
2022-01-20 15:00:00,6.595000000000001
2022-01-20 16:00:00,3.136
2022-01-20 17:00:00,0.773
2022-01-20 18:00:00,0.0
2022-01-20 19:00:00,0.0
2022-01-20 20:00:00,0.0
2022-01-20 21:00:00,0.0
2022-01-20 22:00:00,0.0
2022-01-20 23:00:00,0.0
2022-01-21 00:00:00,0.0
2022-01-21 01:00:00,0.0
2022-01-21 02:00:00,0.0
2022-01-21 03:00:00,0.0
2022-01-21 04:00:00,0.0
2022-01-21 05:00:00,0.0
2022-01-21 06:00:00,0.0
2022-01-21 07:00:00,0.649
2022-01-21 08:00:00,4.156
2022-01-21 09:00:00,10.379000000000001
2022-01-21 10:00:00,12.232
2022-01-21 11:00:00,14.418
2022-01-21 12:00:00,14.043
2022-01-21 13:00:00,9.758000000000001
2022-01-21 14:00:00,9.192
2022-01-21 15:00:00,5.671
2022-01-21 16:00:00,2.001
2022-01-21 17:00:00,0.18
2022-01-21 18:00:00,0.0
2022-01-21 19:00:00,0.0
2022-01-21 20:00:00,0.0
2022-01-21 21:00:00,0.0
2022-01-21 22:00:00,0.0
2022-01-21 23:00:00,0.0
2022-01-22 00:00:00,0.0
2022-01-22 01:00:00,0.0
2022-01-22 02:00:00,0.0
2022-01-22 03:00:00,0.0
2022-01-22 04:00:00,0.0
2022-01-22 05:00:00,0.0
2022-01-22 06:00:00,0.0
2022-01-22 07:00:00,0.006
2022-01-22 08:00:00,0.882
2022-01-22 09:00:00,1.4100000000000001
2022-01-22 10:00:00,1.802
2022-01-22 11:00:00,2.153
2022-01-22 12:00:00,2.279
2022-01-22 13:00:00,2.48
2022-01-22 14:00:00,3.8659999999999997
2022-01-22 15:00:00,2.317
2022-01-22 16:00:00,1.275
2022-01-22 17:00:00,0.45
2022-01-22 18:00:00,0.0
2022-01-22 19:00:00,0.0
2022-01-22 20:00:00,0.0
2022-01-22 21:00:00,0.0
2022-01-22 22:00:00,0.0
2022-01-22 23:00:00,0.0
2022-01-23 00:00:00,0.0
2022-01-23 01:00:00,0.0
2022-01-23 02:00:00,0.0
2022-01-23 03:00:00,0.0
2022-01-23 04:00:00,0.0
2022-01-23 05:00:00,0.0
2022-01-23 06:00:00,0.0
2022-01-23 07:00:00,0.276
2022-01-23 08:00:00,2.6559999999999997
2022-01-23 09:00:00,4.747
2022-01-23 10:00:00,7.803
2022-01-23 11:00:00,11.647
2022-01-23 12:00:00,10.434000000000001
2022-01-23 13:00:00,9.94
2022-01-23 14:00:00,7.882
2022-01-23 15:00:00,5.932
2022-01-23 16:00:00,2.887
2022-01-23 17:00:00,0.502
2022-01-23 18:00:00,0.0
2022-01-23 19:00:00,0.0
2022-01-23 20:00:00,0.0
2022-01-23 21:00:00,0.0
2022-01-23 22:00:00,0.0
2022-01-23 23:00:00,0.0
2022-01-24 00:00:00,0.0
2022-01-24 01:00:00,0.0
2022-01-24 02:00:00,0.0
2022-01-24 03:00:00,0.0
2022-01-24 04:00:00,0.0
2022-01-24 05:00:00,0.0
2022-01-24 06:00:00,0.0
2022-01-24 07:00:00,0.051000000000000004
2022-01-24 08:00:00,1.167
2022-01-24 09:00:00,2.0100000000000002
2022-01-24 10:00:00,5.877
2022-01-24 11:00:00,13.623000000000001
2022-01-24 12:00:00,8.911999999999999
2022-01-24 13:00:00,6.238
2022-01-24 14:00:00,2.685
2022-01-24 15:00:00,1.732
2022-01-24 16:00:00,0.742
2022-01-24 17:00:00,0.036
2022-01-24 18:00:00,0.0
2022-01-24 19:00:00,0.0
2022-01-24 20:00:00,0.0
2022-01-24 21:00:00,0.0
2022-01-24 22:00:00,0.0
2022-01-24 23:00:00,0.0
2022-01-25 00:00:00,0.0
2022-01-25 01:00:00,0.0
2022-01-25 02:00:00,0.0
2022-01-25 03:00:00,0.0
2022-01-25 04:00:00,0.0
2022-01-25 05:00:00,0.0
2022-01-25 06:00:00,0.0
2022-01-25 07:00:00,0.269
2022-01-25 08:00:00,0.8130000000000001
2022-01-25 09:00:00,2.346
2022-01-25 10:00:00,2.311
2022-01-25 11:00:00,2.847
2022-01-25 12:00:00,2.82
2022-01-25 13:00:00,7.165
2022-01-25 14:00:00,12.705
2022-01-25 15:00:00,10.227
2022-01-25 16:00:00,3.099
2022-01-25 17:00:00,0.886
2022-01-25 18:00:00,0.0
2022-01-25 19:00:00,0.0
2022-01-25 20:00:00,0.0
2022-01-25 21:00:00,0.0
2022-01-25 22:00:00,0.0
2022-01-25 23:00:00,0.0
2022-01-26 00:00:00,0.0
2022-01-26 01:00:00,0.0
2022-01-26 02:00:00,0.0
2022-01-26 03:00:00,0.0
2022-01-26 04:00:00,0.0
2022-01-26 05:00:00,0.0
2022-01-26 06:00:00,0.0
2022-01-26 07:00:00,0.075
2022-01-26 08:00:00,0.977
2022-01-26 09:00:00,4.561
2022-01-26 10:00:00,6.911
2022-01-26 11:00:00,13.125
2022-01-26 12:00:00,13.845
2022-01-26 13:00:00,11.578
2022-01-26 14:00:00,8.753
2022-01-26 15:00:00,6.985
2022-01-26 16:00:00,2.747
2022-01-26 17:00:00,0.635
2022-01-26 18:00:00,0.0
2022-01-26 19:00:00,0.0
2022-01-26 20:00:00,0.0
2022-01-26 21:00:00,0.0
2022-01-26 22:00:00,0.0
2022-01-26 23:00:00,0.0
2022-01-27 00:00:00,0.0
2022-01-27 01:00:00,0.0
2022-01-27 02:00:00,0.0
2022-01-27 03:00:00,0.0
2022-01-27 04:00:00,0.0
2022-01-27 05:00:00,0.0
2022-01-27 06:00:00,0.0
2022-01-27 07:00:00,0.34199999999999997
2022-01-27 08:00:00,1.845
2022-01-27 09:00:00,2.777
2022-01-27 10:00:00,4.4
2022-01-27 11:00:00,10.86
2022-01-27 12:00:00,13.498999999999999
2022-01-27 13:00:00,10.834
2022-01-27 14:00:00,14.804
2022-01-27 15:00:00,8.792000000000002
2022-01-27 16:00:00,4.959
2022-01-27 17:00:00,1.312
2022-01-27 18:00:00,0.0
2022-01-27 19:00:00,0.0
2022-01-27 20:00:00,0.0
2022-01-27 21:00:00,0.0
2022-01-27 22:00:00,0.0
2022-01-27 23:00:00,0.0
2022-01-28 00:00:00,0.0
2022-01-28 01:00:00,0.0
2022-01-28 02:00:00,0.0
2022-01-28 03:00:00,0.0
2022-01-28 04:00:00,0.0
2022-01-28 05:00:00,0.0
2022-01-28 06:00:00,0.0
2022-01-28 07:00:00,0.047
2022-01-28 08:00:00,0.40599999999999997
2022-01-28 09:00:00,1.093
2022-01-28 10:00:00,2.09
2022-01-28 11:00:00,2.902
2022-01-28 12:00:00,3.899
2022-01-28 13:00:00,4.346
2022-01-28 14:00:00,2.966
2022-01-28 15:00:00,2.6100000000000003
2022-01-28 16:00:00,0.928
2022-01-28 17:00:00,0.106
2022-01-28 18:00:00,0.0
2022-01-28 19:00:00,0.0
2022-01-28 20:00:00,0.0
2022-01-28 21:00:00,0.0
2022-01-28 22:00:00,0.0
2022-01-28 23:00:00,0.0
2022-01-29 00:00:00,0.0
2022-01-29 01:00:00,0.0
2022-01-29 02:00:00,0.0
2022-01-29 03:00:00,0.0
2022-01-29 04:00:00,0.0
2022-01-29 05:00:00,0.0
2022-01-29 06:00:00,0.0
2022-01-29 07:00:00,0.018000000000000002
2022-01-29 08:00:00,0.544
2022-01-29 09:00:00,2.073
2022-01-29 10:00:00,6.297000000000001
2022-01-29 11:00:00,10.308
2022-01-29 12:00:00,12.199
2022-01-29 13:00:00,11.267
2022-01-29 14:00:00,13.394
2022-01-29 15:00:00,8.912
2022-01-29 16:00:00,3.505
2022-01-29 17:00:00,0.46699999999999997
2022-01-29 18:00:00,0.0
2022-01-29 19:00:00,0.0
2022-01-29 20:00:00,0.0
2022-01-29 21:00:00,0.0
2022-01-29 22:00:00,0.0
2022-01-29 23:00:00,0.0
2022-01-30 00:00:00,0.0
2022-01-30 01:00:00,0.0
2022-01-30 02:00:00,0.0
2022-01-30 03:00:00,0.0
2022-01-30 04:00:00,0.0
2022-01-30 05:00:00,0.0
2022-01-30 06:00:00,0.0
2022-01-30 07:00:00,0.58
2022-01-30 08:00:00,3.746
2022-01-30 09:00:00,12.438
2022-01-30 10:00:00,19.368000000000002
2022-01-30 11:00:00,20.108
2022-01-30 12:00:00,18.214000000000002
2022-01-30 13:00:00,14.659
2022-01-30 14:00:00,11.642
2022-01-30 15:00:00,8.293
2022-01-30 16:00:00,6.538
2022-01-30 17:00:00,0.9510000000000001
2022-01-30 18:00:00,0.0
2022-01-30 19:00:00,0.0
2022-01-30 20:00:00,0.0
2022-01-30 21:00:00,0.0
2022-01-30 22:00:00,0.0
2022-01-30 23:00:00,0.0
2022-01-31 00:00:00,0.0
2022-01-31 01:00:00,0.0
2022-01-31 02:00:00,0.0
2022-01-31 03:00:00,0.0
2022-01-31 04:00:00,0.0
2022-01-31 05:00:00,0.0
2022-01-31 06:00:00,0.0
2022-01-31 07:00:00,0.01
2022-01-31 08:00:00,0.493
2022-01-31 09:00:00,2.5860000000000003
2022-01-31 10:00:00,6.0920000000000005
2022-01-31 11:00:00,6.6259999999999994
2022-01-31 12:00:00,8.370000000000001
2022-01-31 13:00:00,10.564
2022-01-31 14:00:00,5.114
2022-01-31 15:00:00,2.345
2022-01-31 16:00:00,0.868
2022-01-31 17:00:00,0.845
2022-01-31 18:00:00,0.0
2022-01-31 19:00:00,0.0
2022-01-31 20:00:00,0.0
2022-01-31 21:00:00,0.0
2022-01-31 22:00:00,0.0
2022-01-31 23:00:00,0.0
2022-02-01 00:00:00,0.0
2022-02-01 01:00:00,0.0
2022-02-01 02:00:00,0.0
2022-02-01 03:00:00,0.0
2022-02-01 04:00:00,0.0
2022-02-01 05:00:00,0.0
2022-02-01 06:00:00,0.0
2022-02-01 07:00:00,0.043
2022-02-01 08:00:00,0.738
2022-02-01 09:00:00,2.0140000000000002
2022-02-01 10:00:00,3.806
2022-02-01 11:00:00,2.967
2022-02-01 12:00:00,2.223
2022-02-01 13:00:00,4.2940000000000005
2022-02-01 14:00:00,3.822
2022-02-01 15:00:00,3.5900000000000003
2022-02-01 16:00:00,2.1510000000000002
2022-02-01 17:00:00,0.482
2022-02-01 18:00:00,0.0
2022-02-01 19:00:00,0.0
2022-02-01 20:00:00,0.0
2022-02-01 21:00:00,0.0
2022-02-01 22:00:00,0.0
2022-02-01 23:00:00,0.0
2022-02-02 00:00:00,0.0
2022-02-02 01:00:00,0.0
2022-02-02 02:00:00,0.0
2022-02-02 03:00:00,0.0
2022-02-02 04:00:00,0.0
2022-02-02 05:00:00,0.0
2022-02-02 06:00:00,0.0
2022-02-02 07:00:00,0.0
2022-02-02 08:00:00,0.35100000000000003
2022-02-02 09:00:00,2.149
2022-02-02 10:00:00,2.691
2022-02-02 11:00:00,3.347
2022-02-02 12:00:00,5.2219999999999995
2022-02-02 13:00:00,7.226
2022-02-02 14:00:00,4.874
2022-02-02 15:00:00,3.5250000000000004
2022-02-02 16:00:00,1.41
2022-02-02 17:00:00,0.10600000000000001
2022-02-02 18:00:00,0.0
2022-02-02 19:00:00,0.0
2022-02-02 20:00:00,0.0
2022-02-02 21:00:00,0.0
2022-02-02 22:00:00,0.0
2022-02-02 23:00:00,0.0
2022-02-03 00:00:00,0.0
2022-02-03 01:00:00,0.0
2022-02-03 02:00:00,0.0
2022-02-03 03:00:00,0.0
2022-02-03 04:00:00,0.0
2022-02-03 05:00:00,0.0
2022-02-03 06:00:00,0.0
2022-02-03 07:00:00,0.016
2022-02-03 08:00:00,1.977
2022-02-03 09:00:00,4.811
2022-02-03 10:00:00,3.031
2022-02-03 11:00:00,4.302
2022-02-03 12:00:00,4.991
2022-02-03 13:00:00,3.89
2022-02-03 14:00:00,4.954000000000001
2022-02-03 15:00:00,3.743
2022-02-03 16:00:00,1.217
2022-02-03 17:00:00,0.408
2022-02-03 18:00:00,0.0
2022-02-03 19:00:00,0.0
2022-02-03 20:00:00,0.0
2022-02-03 21:00:00,0.0
2022-02-03 22:00:00,0.0
2022-02-03 23:00:00,0.0
2022-02-04 00:00:00,0.0
2022-02-04 01:00:00,0.0
2022-02-04 02:00:00,0.0
2022-02-04 03:00:00,0.0
2022-02-04 04:00:00,0.0
2022-02-04 05:00:00,0.0
2022-02-04 06:00:00,0.0
2022-02-04 07:00:00,0.387
2022-02-04 08:00:00,2.314
2022-02-04 09:00:00,6.136
2022-02-04 10:00:00,9.86
2022-02-04 11:00:00,10.433
2022-02-04 12:00:00,12.827
2022-02-04 13:00:00,14.397
2022-02-04 14:00:00,15.594
2022-02-04 15:00:00,11.438
2022-02-04 16:00:00,6.7219999999999995
2022-02-04 17:00:00,1.317
2022-02-04 18:00:00,0.018
2022-02-04 19:00:00,0.0
2022-02-04 20:00:00,0.0
2022-02-04 21:00:00,0.0
2022-02-04 22:00:00,0.0
2022-02-04 23:00:00,0.0
2022-02-05 00:00:00,0.0
2022-02-05 01:00:00,0.0
2022-02-05 02:00:00,0.0
2022-02-05 03:00:00,0.0
2022-02-05 04:00:00,0.0
2022-02-05 05:00:00,0.0
2022-02-05 06:00:00,0.0
2022-02-05 07:00:00,1.149
2022-02-05 08:00:00,3.778
2022-02-05 09:00:00,4.504
2022-02-05 10:00:00,7.62
2022-02-05 11:00:00,12.824
2022-02-05 12:00:00,18.288
2022-02-05 13:00:00,15.005
2022-02-05 14:00:00,11.638
2022-02-05 15:00:00,9.239
2022-02-05 16:00:00,4.444
2022-02-05 17:00:00,1.516
2022-02-05 18:00:00,0.0
2022-02-05 19:00:00,0.0
2022-02-05 20:00:00,0.0
2022-02-05 21:00:00,0.0
2022-02-05 22:00:00,0.0
2022-02-05 23:00:00,0.0
2022-02-06 00:00:00,0.0
2022-02-06 01:00:00,0.0
2022-02-06 02:00:00,0.0
2022-02-06 03:00:00,0.0
2022-02-06 04:00:00,0.0
2022-02-06 05:00:00,0.0
2022-02-06 06:00:00,0.0
2022-02-06 07:00:00,1.982
2022-02-06 08:00:00,4.542
2022-02-06 09:00:00,6.118
2022-02-06 10:00:00,9.032
2022-02-06 11:00:00,6.226
2022-02-06 12:00:00,14.675
2022-02-06 13:00:00,17.138
2022-02-06 14:00:00,15.797
2022-02-06 15:00:00,9.668
2022-02-06 16:00:00,6.437
2022-02-06 17:00:00,1.8960000000000001
2022-02-06 18:00:00,0.0
2022-02-06 19:00:00,0.0
2022-02-06 20:00:00,0.0
2022-02-06 21:00:00,0.0
2022-02-06 22:00:00,0.0
2022-02-06 23:00:00,0.0
2022-02-07 00:00:00,0.0
2022-02-07 01:00:00,0.0
2022-02-07 02:00:00,0.0
2022-02-07 03:00:00,0.0
2022-02-07 04:00:00,0.0
2022-02-07 05:00:00,0.0
2022-02-07 06:00:00,0.0
2022-02-07 07:00:00,0.0
2022-02-07 08:00:00,0.133
2022-02-07 09:00:00,0.655
2022-02-07 10:00:00,1.387
2022-02-07 11:00:00,1.839
2022-02-07 12:00:00,2.123
2022-02-07 13:00:00,1.4020000000000001
2022-02-07 14:00:00,4.4750000000000005
2022-02-07 15:00:00,4.353
2022-02-07 16:00:00,3.8120000000000003
2022-02-07 17:00:00,0.752
2022-02-07 18:00:00,0.0
2022-02-07 19:00:00,0.0
2022-02-07 20:00:00,0.0
2022-02-07 21:00:00,0.0
2022-02-07 22:00:00,0.0
2022-02-07 23:00:00,0.0
2022-02-08 00:00:00,0.0
2022-02-08 01:00:00,0.0
2022-02-08 02:00:00,0.0
2022-02-08 03:00:00,0.0
2022-02-08 04:00:00,0.0
2022-02-08 05:00:00,0.0
2022-02-08 06:00:00,0.0
2022-02-08 07:00:00,0.006
2022-02-08 08:00:00,0.867
2022-02-08 09:00:00,7.388
2022-02-08 10:00:00,15.175
2022-02-08 11:00:00,8.86
2022-02-08 12:00:00,7.6499999999999995
2022-02-08 13:00:00,5.87
2022-02-08 14:00:00,6.186999999999999
2022-02-08 15:00:00,4.279
2022-02-08 16:00:00,2.765
2022-02-08 17:00:00,0.6629999999999999
2022-02-08 18:00:00,0.0
2022-02-08 19:00:00,0.0
2022-02-08 20:00:00,0.0
2022-02-08 21:00:00,0.0
2022-02-08 22:00:00,0.0
2022-02-08 23:00:00,0.0
2022-02-09 00:00:00,0.0
2022-02-09 01:00:00,0.0
2022-02-09 02:00:00,0.0
2022-02-09 03:00:00,0.0
2022-02-09 04:00:00,0.0
2022-02-09 05:00:00,0.0
2022-02-09 06:00:00,0.0
2022-02-09 07:00:00,0.47200000000000003
2022-02-09 08:00:00,1.749
2022-02-09 09:00:00,3.19
2022-02-09 10:00:00,3.9250000000000003
2022-02-09 11:00:00,6.2780000000000005
2022-02-09 12:00:00,5.434
2022-02-09 13:00:00,6.216
2022-02-09 14:00:00,4.541
2022-02-09 15:00:00,3.443
2022-02-09 16:00:00,2.075
2022-02-09 17:00:00,0.399
2022-02-09 18:00:00,0.0
2022-02-09 19:00:00,0.0
2022-02-09 20:00:00,0.0
2022-02-09 21:00:00,0.0
2022-02-09 22:00:00,0.0
2022-02-09 23:00:00,0.0
2022-02-10 00:00:00,0.0
2022-02-10 01:00:00,0.0
2022-02-10 02:00:00,0.0
2022-02-10 03:00:00,0.0
2022-02-10 04:00:00,0.0
2022-02-10 05:00:00,0.0
2022-02-10 06:00:00,0.0
2022-02-10 07:00:00,0.12
2022-02-10 08:00:00,1.001
2022-02-10 09:00:00,2.396
2022-02-10 10:00:00,4.351
2022-02-10 11:00:00,5.178
2022-02-10 12:00:00,5.654999999999999
2022-02-10 13:00:00,3.524
2022-02-10 14:00:00,2.98
2022-02-10 15:00:00,2.795
2022-02-10 16:00:00,1.413
2022-02-10 17:00:00,0.372
2022-02-10 18:00:00,0.0
2022-02-10 19:00:00,0.0
2022-02-10 20:00:00,0.0
2022-02-10 21:00:00,0.0
2022-02-10 22:00:00,0.0
2022-02-10 23:00:00,0.0
2022-02-11 00:00:00,0.0
2022-02-11 01:00:00,0.0
2022-02-11 02:00:00,0.0
2022-02-11 03:00:00,0.0
2022-02-11 04:00:00,0.0
2022-02-11 05:00:00,0.0
2022-02-11 06:00:00,0.0
2022-02-11 07:00:00,1.298
2022-02-11 08:00:00,6.138
2022-02-11 09:00:00,13.301
2022-02-11 10:00:00,19.724
2022-02-11 11:00:00,20.829
2022-02-11 12:00:00,14.394
2022-02-11 13:00:00,6.704
2022-02-11 14:00:00,7.066
2022-02-11 15:00:00,4.574
2022-02-11 16:00:00,2.87
2022-02-11 17:00:00,1.037
2022-02-11 18:00:00,0.0
2022-02-11 19:00:00,0.0
2022-02-11 20:00:00,0.0
2022-02-11 21:00:00,0.0
2022-02-11 22:00:00,0.0
2022-02-11 23:00:00,0.0
2022-02-12 00:00:00,0.0
2022-02-12 01:00:00,0.0
2022-02-12 02:00:00,0.0
2022-02-12 03:00:00,0.0
2022-02-12 04:00:00,0.0
2022-02-12 05:00:00,0.0
2022-02-12 06:00:00,0.0
2022-02-12 07:00:00,0.164
2022-02-12 08:00:00,1.636
2022-02-12 09:00:00,3.108
2022-02-12 10:00:00,3.1710000000000003
2022-02-12 11:00:00,11.864
2022-02-12 12:00:00,7.577
2022-02-12 13:00:00,13.735
2022-02-12 14:00:00,12.555
2022-02-12 15:00:00,10.206
2022-02-12 16:00:00,5.578
2022-02-12 17:00:00,1.216
2022-02-12 18:00:00,0.036
2022-02-12 19:00:00,0.0
2022-02-12 20:00:00,0.0
2022-02-12 21:00:00,0.0
2022-02-12 22:00:00,0.0
2022-02-12 23:00:00,0.0
2022-02-13 00:00:00,0.0
2022-02-13 01:00:00,0.0
2022-02-13 02:00:00,0.0
2022-02-13 03:00:00,0.0
2022-02-13 04:00:00,0.0
2022-02-13 05:00:00,0.0
2022-02-13 06:00:00,0.0
2022-02-13 07:00:00,0.0
2022-02-13 08:00:00,0.159
2022-02-13 09:00:00,0.445
2022-02-13 10:00:00,1.095
2022-02-13 11:00:00,1.885
2022-02-13 12:00:00,2.676
2022-02-13 13:00:00,2.748
2022-02-13 14:00:00,3.868
2022-02-13 15:00:00,2.435
2022-02-13 16:00:00,1.308
2022-02-13 17:00:00,0.21200000000000002
2022-02-13 18:00:00,0.0
2022-02-13 19:00:00,0.0
2022-02-13 20:00:00,0.0
2022-02-13 21:00:00,0.0
2022-02-13 22:00:00,0.0
2022-02-13 23:00:00,0.0
2022-02-14 00:00:00,0.0
2022-02-14 01:00:00,0.0
2022-02-14 02:00:00,0.0
2022-02-14 03:00:00,0.0
2022-02-14 04:00:00,0.0
2022-02-14 05:00:00,0.0
2022-02-14 06:00:00,0.0
2022-02-14 07:00:00,0.861
2022-02-14 08:00:00,4.413
2022-02-14 09:00:00,9.071000000000002
2022-02-14 10:00:00,17.492
2022-02-14 11:00:00,20.907
2022-02-14 12:00:00,18.843
2022-02-14 13:00:00,17.87
2022-02-14 14:00:00,16.025000000000002
2022-02-14 15:00:00,11.683
2022-02-14 16:00:00,7.4239999999999995
2022-02-14 17:00:00,1.791
2022-02-14 18:00:00,0.058
2022-02-14 19:00:00,0.0
2022-02-14 20:00:00,0.0
2022-02-14 21:00:00,0.0
2022-02-14 22:00:00,0.0
2022-02-14 23:00:00,0.0
2022-02-15 00:00:00,0.0
2022-02-15 01:00:00,0.0
2022-02-15 02:00:00,0.0
2022-02-15 03:00:00,0.0
2022-02-15 04:00:00,0.0
2022-02-15 05:00:00,0.0
2022-02-15 06:00:00,0.0
2022-02-15 07:00:00,0.06
2022-02-15 08:00:00,1.072
2022-02-15 09:00:00,2.65
2022-02-15 10:00:00,6.4430000000000005
2022-02-15 11:00:00,14.199000000000002
2022-02-15 12:00:00,19.82
2022-02-15 13:00:00,18.109
2022-02-15 14:00:00,16.041
2022-02-15 15:00:00,12.15
2022-02-15 16:00:00,7.067
2022-02-15 17:00:00,1.913
2022-02-15 18:00:00,0.073
2022-02-15 19:00:00,0.0
2022-02-15 20:00:00,0.0
2022-02-15 21:00:00,0.0
2022-02-15 22:00:00,0.0
2022-02-15 23:00:00,0.0
2022-02-16 00:00:00,0.0
2022-02-16 01:00:00,0.0
2022-02-16 02:00:00,0.0
2022-02-16 03:00:00,0.0
2022-02-16 04:00:00,0.0
2022-02-16 05:00:00,0.0
2022-02-16 06:00:00,0.0
2022-02-16 07:00:00,1.7269999999999999
2022-02-16 08:00:00,3.714
2022-02-16 09:00:00,3.2680000000000002
2022-02-16 10:00:00,4.94
2022-02-16 11:00:00,4.774
2022-02-16 12:00:00,4.034
2022-02-16 13:00:00,3.617
2022-02-16 14:00:00,4.0409999999999995
2022-02-16 15:00:00,3.755
2022-02-16 16:00:00,4.3740000000000006
2022-02-16 17:00:00,1.845
2022-02-16 18:00:00,0.035
2022-02-16 19:00:00,0.0
2022-02-16 20:00:00,0.0
2022-02-16 21:00:00,0.0
2022-02-16 22:00:00,0.0
2022-02-16 23:00:00,0.0
2022-02-17 00:00:00,0.0
2022-02-17 01:00:00,0.0
2022-02-17 02:00:00,0.0
2022-02-17 03:00:00,0.0
2022-02-17 04:00:00,0.0
2022-02-17 05:00:00,0.0
2022-02-17 06:00:00,0.0
2022-02-17 07:00:00,0.0
2022-02-17 08:00:00,0.157
2022-02-17 09:00:00,0.457
2022-02-17 10:00:00,1.4300000000000002
2022-02-17 11:00:00,2.051
2022-02-17 12:00:00,1.334
2022-02-17 13:00:00,1.401
2022-02-17 14:00:00,1.228
2022-02-17 15:00:00,1.095
2022-02-17 16:00:00,0.639
2022-02-17 17:00:00,0.134
2022-02-17 18:00:00,0.0
2022-02-17 19:00:00,0.0
2022-02-17 20:00:00,0.0
2022-02-17 21:00:00,0.0
2022-02-17 22:00:00,0.0
2022-02-17 23:00:00,0.0
2022-02-18 00:00:00,0.0
2022-02-18 01:00:00,0.0
2022-02-18 02:00:00,0.0
2022-02-18 03:00:00,0.0
2022-02-18 04:00:00,0.0
2022-02-18 05:00:00,0.0
2022-02-18 06:00:00,0.0
2022-02-18 07:00:00,0.0
2022-02-18 08:00:00,0.11299999999999999
2022-02-18 09:00:00,0.5549999999999999
2022-02-18 10:00:00,1.578
2022-02-18 11:00:00,2.951
2022-02-18 12:00:00,3.2190000000000003
2022-02-18 13:00:00,3.411
2022-02-18 14:00:00,3.1310000000000002
2022-02-18 15:00:00,2.349
2022-02-18 16:00:00,2.383
2022-02-18 17:00:00,0.787
2022-02-18 18:00:00,0.0
2022-02-18 19:00:00,0.0
2022-02-18 20:00:00,0.0
2022-02-18 21:00:00,0.0
2022-02-18 22:00:00,0.0
2022-02-18 23:00:00,0.0
2022-02-19 00:00:00,0.0
2022-02-19 01:00:00,0.0
2022-02-19 02:00:00,0.0
2022-02-19 03:00:00,0.0
2022-02-19 04:00:00,0.0
2022-02-19 05:00:00,0.0
2022-02-19 06:00:00,0.0
2022-02-19 07:00:00,0.121
2022-02-19 08:00:00,0.42100000000000004
2022-02-19 09:00:00,1.186
2022-02-19 10:00:00,1.641
2022-02-19 11:00:00,1.718
2022-02-19 12:00:00,2.423
2022-02-19 13:00:00,3.13
2022-02-19 14:00:00,1.529
2022-02-19 15:00:00,0.661
2022-02-19 16:00:00,0.5589999999999999
2022-02-19 17:00:00,0.077
2022-02-19 18:00:00,0.0
2022-02-19 19:00:00,0.0
2022-02-19 20:00:00,0.0
2022-02-19 21:00:00,0.0
2022-02-19 22:00:00,0.0
2022-02-19 23:00:00,0.0
2022-02-20 00:00:00,0.0
2022-02-20 01:00:00,0.0
2022-02-20 02:00:00,0.0
2022-02-20 03:00:00,0.0
2022-02-20 04:00:00,0.0
2022-02-20 05:00:00,0.0
2022-02-20 06:00:00,0.0
2022-02-20 07:00:00,0.061
2022-02-20 08:00:00,0.739
2022-02-20 09:00:00,1.947
2022-02-20 10:00:00,2.321
2022-02-20 11:00:00,2.89
2022-02-20 12:00:00,2.757
2022-02-20 13:00:00,3.169
2022-02-20 14:00:00,2.658
2022-02-20 15:00:00,1.745
2022-02-20 16:00:00,1.379
2022-02-20 17:00:00,0.314
2022-02-20 18:00:00,0.0
2022-02-20 19:00:00,0.0
2022-02-20 20:00:00,0.0
2022-02-20 21:00:00,0.0
2022-02-20 22:00:00,0.0
2022-02-20 23:00:00,0.0
2022-02-21 00:00:00,0.0
2022-02-21 01:00:00,0.0
2022-02-21 02:00:00,0.0
2022-02-21 03:00:00,0.0
2022-02-21 04:00:00,0.0
2022-02-21 05:00:00,0.0
2022-02-21 06:00:00,0.0
2022-02-21 07:00:00,0.012
2022-02-21 08:00:00,0.844
2022-02-21 09:00:00,1.468
2022-02-21 10:00:00,2.3040000000000003
2022-02-21 11:00:00,3.036
2022-02-21 12:00:00,3.956
2022-02-21 13:00:00,3.5749999999999997
2022-02-21 14:00:00,3.115
2022-02-21 15:00:00,3.247
2022-02-21 16:00:00,2.143
2022-02-21 17:00:00,0.917
2022-02-21 18:00:00,0.0
2022-02-21 19:00:00,0.0
2022-02-21 20:00:00,0.0
2022-02-21 21:00:00,0.0
2022-02-21 22:00:00,0.0
2022-02-21 23:00:00,0.0
2022-02-22 00:00:00,0.0
2022-02-22 01:00:00,0.0
2022-02-22 02:00:00,0.0
2022-02-22 03:00:00,0.0
2022-02-22 04:00:00,0.0
2022-02-22 05:00:00,0.0
2022-02-22 06:00:00,0.0
2022-02-22 07:00:00,0.237
2022-02-22 08:00:00,1.259
2022-02-22 09:00:00,2.393
2022-02-22 10:00:00,2.6
2022-02-22 11:00:00,3.3600000000000003
2022-02-22 12:00:00,4.379
2022-02-22 13:00:00,3.3659999999999997
2022-02-22 14:00:00,3.732
2022-02-22 15:00:00,3.1399999999999997
2022-02-22 16:00:00,2.489
2022-02-22 17:00:00,0.839
2022-02-22 18:00:00,0.0
2022-02-22 19:00:00,0.0
2022-02-22 20:00:00,0.0
2022-02-22 21:00:00,0.0
2022-02-22 22:00:00,0.0
2022-02-22 23:00:00,0.0
2022-02-23 00:00:00,0.0
2022-02-23 01:00:00,0.0
2022-02-23 02:00:00,0.0
2022-02-23 03:00:00,0.0
2022-02-23 04:00:00,0.0
2022-02-23 05:00:00,0.0
2022-02-23 06:00:00,0.0
2022-02-23 07:00:00,0.391
2022-02-23 08:00:00,2.233
2022-02-23 09:00:00,9.016
2022-02-23 10:00:00,13.928
2022-02-23 11:00:00,17.878
2022-02-23 12:00:00,16.607
2022-02-23 13:00:00,15.196
2022-02-23 14:00:00,13.652000000000001
2022-02-23 15:00:00,11.158999999999999
2022-02-23 16:00:00,6.7989999999999995
2022-02-23 17:00:00,2.282
2022-02-23 18:00:00,0.106
2022-02-23 19:00:00,0.0
2022-02-23 20:00:00,0.0
2022-02-23 21:00:00,0.0
2022-02-23 22:00:00,0.0
2022-02-23 23:00:00,0.0
2022-02-24 00:00:00,0.0
2022-02-24 01:00:00,0.0
2022-02-24 02:00:00,0.0
2022-02-24 03:00:00,0.0
2022-02-24 04:00:00,0.0
2022-02-24 05:00:00,0.0
2022-02-24 06:00:00,0.0
2022-02-24 07:00:00,0.481
2022-02-24 08:00:00,4.144
2022-02-24 09:00:00,13.766000000000002
2022-02-24 10:00:00,21.435000000000002
2022-02-24 11:00:00,20.185
2022-02-24 12:00:00,22.93
2022-02-24 13:00:00,19.686
2022-02-24 14:00:00,17.645
2022-02-24 15:00:00,11.423
2022-02-24 16:00:00,7.35
2022-02-24 17:00:00,2.132
2022-02-24 18:00:00,0.117
2022-02-24 19:00:00,0.0
2022-02-24 20:00:00,0.0
2022-02-24 21:00:00,0.0
2022-02-24 22:00:00,0.0
2022-02-24 23:00:00,0.0
2022-02-25 00:00:00,0.0
2022-02-25 01:00:00,0.0
2022-02-25 02:00:00,0.0
2022-02-25 03:00:00,0.0
2022-02-25 04:00:00,0.0
2022-02-25 05:00:00,0.0
2022-02-25 06:00:00,0.0
2022-02-25 07:00:00,0.41300000000000003
2022-02-25 08:00:00,2.723
2022-02-25 09:00:00,11.692
2022-02-25 10:00:00,21.270000000000003
2022-02-25 11:00:00,23.788
2022-02-25 12:00:00,21.42
2022-02-25 13:00:00,19.396
2022-02-25 14:00:00,17.319
2022-02-25 15:00:00,13.735
2022-02-25 16:00:00,8.175
2022-02-25 17:00:00,2.342
2022-02-25 18:00:00,0.117
2022-02-25 19:00:00,0.0
2022-02-25 20:00:00,0.0
2022-02-25 21:00:00,0.0
2022-02-25 22:00:00,0.0
2022-02-25 23:00:00,0.0
2022-02-26 00:00:00,0.0
2022-02-26 01:00:00,0.0
2022-02-26 02:00:00,0.0
2022-02-26 03:00:00,0.0
2022-02-26 04:00:00,0.0
2022-02-26 05:00:00,0.0
2022-02-26 06:00:00,0.0
2022-02-26 07:00:00,1.066
2022-02-26 08:00:00,5.155
2022-02-26 09:00:00,14.483
2022-02-26 10:00:00,21.904
2022-02-26 11:00:00,23.929000000000002
2022-02-26 12:00:00,21.060000000000002
2022-02-26 13:00:00,19.397
2022-02-26 14:00:00,17.240000000000002
2022-02-26 15:00:00,13.375
2022-02-26 16:00:00,7.797000000000001
2022-02-26 17:00:00,2.385
2022-02-26 18:00:00,0.122
2022-02-26 19:00:00,0.0
2022-02-26 20:00:00,0.0
2022-02-26 21:00:00,0.0
2022-02-26 22:00:00,0.0
2022-02-26 23:00:00,0.0
2022-02-27 00:00:00,0.0
2022-02-27 01:00:00,0.0
2022-02-27 02:00:00,0.0
2022-02-27 03:00:00,0.0
2022-02-27 04:00:00,0.0
2022-02-27 05:00:00,0.0
2022-02-27 06:00:00,0.008
2022-02-27 07:00:00,2.093
2022-02-27 08:00:00,8.033
2022-02-27 09:00:00,15.023
2022-02-27 10:00:00,20.76
2022-02-27 11:00:00,23.458
2022-02-27 12:00:00,21.398000000000003
2022-02-27 13:00:00,19.264
2022-02-27 14:00:00,17.197000000000003
2022-02-27 15:00:00,12.844
2022-02-27 16:00:00,8.053
2022-02-27 17:00:00,2.388
2022-02-27 18:00:00,0.106
2022-02-27 19:00:00,0.0
2022-02-27 20:00:00,0.0
2022-02-27 21:00:00,0.0
2022-02-27 22:00:00,0.0
2022-02-27 23:00:00,0.0
2022-02-28 00:00:00,0.0
2022-02-28 01:00:00,0.0
2022-02-28 02:00:00,0.0
2022-02-28 03:00:00,0.0
2022-02-28 04:00:00,0.0
2022-02-28 05:00:00,0.0
2022-02-28 06:00:00,0.0
2022-02-28 07:00:00,0.98
2022-02-28 08:00:00,5.382
2022-02-28 09:00:00,8.665000000000001
2022-02-28 10:00:00,11.376000000000001
2022-02-28 11:00:00,14.863
2022-02-28 12:00:00,16.096
2022-02-28 13:00:00,19.408
2022-02-28 14:00:00,17.491
2022-02-28 15:00:00,10.119
2022-02-28 16:00:00,8.705
2022-02-28 17:00:00,3.328
2022-02-28 18:00:00,0.084
2022-02-28 19:00:00,0.0
2022-02-28 20:00:00,0.0
2022-02-28 21:00:00,0.0
2022-02-28 22:00:00,0.0
2022-02-28 23:00:00,0.0
2022-03-01 00:00:00,0.0
2022-03-01 01:00:00,0.0
2022-03-01 02:00:00,0.0
2022-03-01 03:00:00,0.0
2022-03-01 04:00:00,0.0
2022-03-01 05:00:00,0.0
2022-03-01 06:00:00,0.0
2022-03-01 07:00:00,0.9820000000000001
2022-03-01 08:00:00,4.247
2022-03-01 09:00:00,15.011
2022-03-01 10:00:00,21.807000000000002
2022-03-01 11:00:00,23.083
2022-03-01 12:00:00,22.655
2022-03-01 13:00:00,17.168
2022-03-01 14:00:00,10.821
2022-03-01 15:00:00,8.371
2022-03-01 16:00:00,7.535
2022-03-01 17:00:00,2.33
2022-03-01 18:00:00,0.13
2022-03-01 19:00:00,0.0
2022-03-01 20:00:00,0.0
2022-03-01 21:00:00,0.0
2022-03-01 22:00:00,0.0
2022-03-01 23:00:00,0.0
2022-03-02 00:00:00,0.0
2022-03-02 01:00:00,0.0
2022-03-02 02:00:00,0.0
2022-03-02 03:00:00,0.0
2022-03-02 04:00:00,0.0
2022-03-02 05:00:00,0.0
2022-03-02 06:00:00,0.011
2022-03-02 07:00:00,2.083
2022-03-02 08:00:00,7.6530000000000005
2022-03-02 09:00:00,14.418000000000001
2022-03-02 10:00:00,20.043
2022-03-02 11:00:00,22.047
2022-03-02 12:00:00,21.07
2022-03-02 13:00:00,18.88
2022-03-02 14:00:00,12.219000000000001
2022-03-02 15:00:00,1.634
2022-03-02 16:00:00,0.622
2022-03-02 17:00:00,0.13
2022-03-02 18:00:00,0.0
2022-03-02 19:00:00,0.0
2022-03-02 20:00:00,0.0
2022-03-02 21:00:00,0.0
2022-03-02 22:00:00,0.0
2022-03-02 23:00:00,0.0
2022-03-03 00:00:00,0.0
2022-03-03 01:00:00,0.0
2022-03-03 02:00:00,0.0
2022-03-03 03:00:00,0.0
2022-03-03 04:00:00,0.0
2022-03-03 05:00:00,0.0
2022-03-03 06:00:00,0.0
2022-03-03 07:00:00,0.44099999999999995
2022-03-03 08:00:00,2.5460000000000003
2022-03-03 09:00:00,5.878
2022-03-03 10:00:00,11.626
2022-03-03 11:00:00,19.128999999999998
2022-03-03 12:00:00,22.226
2022-03-03 13:00:00,19.278
2022-03-03 14:00:00,16.765
2022-03-03 15:00:00,13.148
2022-03-03 16:00:00,7.769
2022-03-03 17:00:00,2.479
2022-03-03 18:00:00,0.13
2022-03-03 19:00:00,0.0
2022-03-03 20:00:00,0.0
2022-03-03 21:00:00,0.0
2022-03-03 22:00:00,0.0
2022-03-03 23:00:00,0.0
2022-03-04 00:00:00,0.0
2022-03-04 01:00:00,0.0
2022-03-04 02:00:00,0.0
2022-03-04 03:00:00,0.0
2022-03-04 04:00:00,0.0
2022-03-04 05:00:00,0.0
2022-03-04 06:00:00,0.003
2022-03-04 07:00:00,1.479
2022-03-04 08:00:00,7.334
2022-03-04 09:00:00,16.787
2022-03-04 10:00:00,21.124000000000002
2022-03-04 11:00:00,23.042
2022-03-04 12:00:00,21.463
2022-03-04 13:00:00,18.831
2022-03-04 14:00:00,16.386
2022-03-04 15:00:00,12.674
2022-03-04 16:00:00,7.5489999999999995
2022-03-04 17:00:00,2.483
2022-03-04 18:00:00,0.14200000000000002
2022-03-04 19:00:00,0.0
2022-03-04 20:00:00,0.0
2022-03-04 21:00:00,0.0
2022-03-04 22:00:00,0.0
2022-03-04 23:00:00,0.0
2022-03-05 00:00:00,0.0
2022-03-05 01:00:00,0.0
2022-03-05 02:00:00,0.0
2022-03-05 03:00:00,0.0
2022-03-05 04:00:00,0.0
2022-03-05 05:00:00,0.0
2022-03-05 06:00:00,0.018
2022-03-05 07:00:00,2.078
2022-03-05 08:00:00,7.6259999999999994
2022-03-05 09:00:00,13.434
2022-03-05 10:00:00,19.181
2022-03-05 11:00:00,21.31
2022-03-05 12:00:00,21.006999999999998
2022-03-05 13:00:00,18.486
2022-03-05 14:00:00,14.429
2022-03-05 15:00:00,10.832
2022-03-05 16:00:00,5.218999999999999
2022-03-05 17:00:00,2.555
2022-03-05 18:00:00,0.14400000000000002
2022-03-05 19:00:00,0.0
2022-03-05 20:00:00,0.0
2022-03-05 21:00:00,0.0
2022-03-05 22:00:00,0.0
2022-03-05 23:00:00,0.0
2022-03-06 00:00:00,0.0
2022-03-06 01:00:00,0.0
2022-03-06 02:00:00,0.0
2022-03-06 03:00:00,0.0
2022-03-06 04:00:00,0.0
2022-03-06 05:00:00,0.0
2022-03-06 06:00:00,0.0
2022-03-06 07:00:00,0.41200000000000003
2022-03-06 08:00:00,2.919
2022-03-06 09:00:00,4.724
2022-03-06 10:00:00,8.264
2022-03-06 11:00:00,13.203
2022-03-06 12:00:00,7.141
2022-03-06 13:00:00,5.196
2022-03-06 14:00:00,5.868
2022-03-06 15:00:00,5.462
2022-03-06 16:00:00,4.134
2022-03-06 17:00:00,2.875
2022-03-06 18:00:00,0.085
2022-03-06 19:00:00,0.0
2022-03-06 20:00:00,0.0
2022-03-06 21:00:00,0.0
2022-03-06 22:00:00,0.0
2022-03-06 23:00:00,0.0
2022-03-07 00:00:00,0.0
2022-03-07 01:00:00,0.0
2022-03-07 02:00:00,0.0
2022-03-07 03:00:00,0.0
2022-03-07 04:00:00,0.0
2022-03-07 05:00:00,0.0
2022-03-07 06:00:00,0.0
2022-03-07 07:00:00,0.424
2022-03-07 08:00:00,2.854
2022-03-07 09:00:00,5.968
2022-03-07 10:00:00,13.192
2022-03-07 11:00:00,15.541
2022-03-07 12:00:00,19.012999999999998
2022-03-07 13:00:00,12.264
2022-03-07 14:00:00,14.26
2022-03-07 15:00:00,11.97
2022-03-07 16:00:00,7.301
2022-03-07 17:00:00,2.759
2022-03-07 18:00:00,0.163
2022-03-07 19:00:00,0.0
2022-03-07 20:00:00,0.0
2022-03-07 21:00:00,0.0
2022-03-07 22:00:00,0.0
2022-03-07 23:00:00,0.0
2022-03-08 00:00:00,0.0
2022-03-08 01:00:00,0.0
2022-03-08 02:00:00,0.0
2022-03-08 03:00:00,0.0
2022-03-08 04:00:00,0.0
2022-03-08 05:00:00,0.0
2022-03-08 06:00:00,0.069
2022-03-08 07:00:00,2.971
2022-03-08 08:00:00,10.396
2022-03-08 09:00:00,18.533
2022-03-08 10:00:00,24.053
2022-03-08 11:00:00,26.568
2022-03-08 12:00:00,23.535
2022-03-08 13:00:00,20.637999999999998
2022-03-08 14:00:00,18.701999999999998
2022-03-08 15:00:00,15.277
2022-03-08 16:00:00,9.391
2022-03-08 17:00:00,2.75
2022-03-08 18:00:00,0.153
2022-03-08 19:00:00,0.0
2022-03-08 20:00:00,0.0
2022-03-08 21:00:00,0.0
2022-03-08 22:00:00,0.0
2022-03-08 23:00:00,0.0
2022-03-09 00:00:00,0.0
2022-03-09 01:00:00,0.0
2022-03-09 02:00:00,0.0
2022-03-09 03:00:00,0.0
2022-03-09 04:00:00,0.0
2022-03-09 05:00:00,0.0
2022-03-09 06:00:00,0.069
2022-03-09 07:00:00,2.9859999999999998
2022-03-09 08:00:00,10.23
2022-03-09 09:00:00,18.18
2022-03-09 10:00:00,24.087
2022-03-09 11:00:00,25.992
2022-03-09 12:00:00,22.933999999999997
2022-03-09 13:00:00,19.872
2022-03-09 14:00:00,17.832
2022-03-09 15:00:00,14.620000000000001
2022-03-09 16:00:00,9.023
2022-03-09 17:00:00,2.647
2022-03-09 18:00:00,0.135
2022-03-09 19:00:00,0.0
2022-03-09 20:00:00,0.0
2022-03-09 21:00:00,0.0
2022-03-09 22:00:00,0.0
2022-03-09 23:00:00,0.0
2022-03-10 00:00:00,0.0
2022-03-10 01:00:00,0.0
2022-03-10 02:00:00,0.0
2022-03-10 03:00:00,0.0
2022-03-10 04:00:00,0.0
2022-03-10 05:00:00,0.0
2022-03-10 06:00:00,0.083
2022-03-10 07:00:00,2.9690000000000003
2022-03-10 08:00:00,9.742
2022-03-10 09:00:00,17.256999999999998
2022-03-10 10:00:00,22.633
2022-03-10 11:00:00,24.968000000000004
2022-03-10 12:00:00,22.869
2022-03-10 13:00:00,19.765
2022-03-10 14:00:00,17.652
2022-03-10 15:00:00,14.174
2022-03-10 16:00:00,8.726
2022-03-10 17:00:00,2.693
2022-03-10 18:00:00,0.175
2022-03-10 19:00:00,0.0
2022-03-10 20:00:00,0.0
2022-03-10 21:00:00,0.0
2022-03-10 22:00:00,0.0
2022-03-10 23:00:00,0.0
2022-03-11 00:00:00,0.0
2022-03-11 01:00:00,0.0
2022-03-11 02:00:00,0.0
2022-03-11 03:00:00,0.0
2022-03-11 04:00:00,0.0
2022-03-11 05:00:00,0.0
2022-03-11 06:00:00,0.011
2022-03-11 07:00:00,1.336
2022-03-11 08:00:00,8.844
2022-03-11 09:00:00,16.556
2022-03-11 10:00:00,21.766
2022-03-11 11:00:00,24.023000000000003
2022-03-11 12:00:00,22.714000000000002
2022-03-11 13:00:00,19.461000000000002
2022-03-11 14:00:00,17.215
2022-03-11 15:00:00,13.876000000000001
2022-03-11 16:00:00,8.006
2022-03-11 17:00:00,2.776
2022-03-11 18:00:00,0.194
2022-03-11 19:00:00,0.0
2022-03-11 20:00:00,0.0
2022-03-11 21:00:00,0.0
2022-03-11 22:00:00,0.0
2022-03-11 23:00:00,0.0
2022-03-12 00:00:00,0.0
2022-03-12 01:00:00,0.0
2022-03-12 02:00:00,0.0
2022-03-12 03:00:00,0.0
2022-03-12 04:00:00,0.0
2022-03-12 05:00:00,0.0
2022-03-12 06:00:00,0.097
2022-03-12 07:00:00,3.1879999999999997
2022-03-12 08:00:00,9.641
2022-03-12 09:00:00,17.267
2022-03-12 10:00:00,22.85
2022-03-12 11:00:00,23.931
2022-03-12 12:00:00,23.034
2022-03-12 13:00:00,19.826
2022-03-12 14:00:00,13.564
2022-03-12 15:00:00,16.233
2022-03-12 16:00:00,8.89
2022-03-12 17:00:00,3.106
2022-03-12 18:00:00,0.275
2022-03-12 19:00:00,0.0
2022-03-12 20:00:00,0.0
2022-03-12 21:00:00,0.0
2022-03-12 22:00:00,0.0
2022-03-12 23:00:00,0.0
2022-03-13 00:00:00,0.0
2022-03-13 01:00:00,0.0
2022-03-13 02:00:00,0.0
2022-03-13 03:00:00,0.0
2022-03-13 04:00:00,0.0
2022-03-13 05:00:00,0.0
2022-03-13 06:00:00,0.0
2022-03-13 07:00:00,1.729
2022-03-13 08:00:00,4.88
2022-03-13 09:00:00,13.303
2022-03-13 10:00:00,18.993000000000002
2022-03-13 11:00:00,15.122
2022-03-13 12:00:00,20.979
2022-03-13 13:00:00,19.76
2022-03-13 14:00:00,17.243000000000002
2022-03-13 15:00:00,13.787
2022-03-13 16:00:00,8.267
2022-03-13 17:00:00,2.712
2022-03-13 18:00:00,0.191
2022-03-13 19:00:00,0.0
2022-03-13 20:00:00,0.0
2022-03-13 21:00:00,0.0
2022-03-13 22:00:00,0.0
2022-03-13 23:00:00,0.0
2022-03-14 00:00:00,0.0
2022-03-14 01:00:00,0.0
2022-03-14 02:00:00,0.0
2022-03-14 03:00:00,0.0
2022-03-14 04:00:00,0.0
2022-03-14 05:00:00,0.0
2022-03-14 06:00:00,0.088
2022-03-14 07:00:00,3.174
2022-03-14 08:00:00,8.3
2022-03-14 09:00:00,16.908
2022-03-14 10:00:00,21.885
2022-03-14 11:00:00,23.698
2022-03-14 12:00:00,22.527
2022-03-14 13:00:00,19.263
2022-03-14 14:00:00,16.879
2022-03-14 15:00:00,13.100000000000001
2022-03-14 16:00:00,7.945
2022-03-14 17:00:00,2.632
2022-03-14 18:00:00,0.193
2022-03-14 19:00:00,0.0
2022-03-14 20:00:00,0.0
2022-03-14 21:00:00,0.0
2022-03-14 22:00:00,0.0
2022-03-14 23:00:00,0.0
2022-03-15 00:00:00,0.0
2022-03-15 01:00:00,0.0
2022-03-15 02:00:00,0.0
2022-03-15 03:00:00,0.0
2022-03-15 04:00:00,0.0
2022-03-15 05:00:00,0.0
2022-03-15 06:00:00,0.11900000000000001
2022-03-15 07:00:00,3.091
2022-03-15 08:00:00,8.921
2022-03-15 09:00:00,16.018
2022-03-15 10:00:00,20.855
2022-03-15 11:00:00,22.861
2022-03-15 12:00:00,22.888
2022-03-15 13:00:00,19.331
2022-03-15 14:00:00,16.836000000000002
2022-03-15 15:00:00,13.522
2022-03-15 16:00:00,7.406
2022-03-15 17:00:00,2.955
2022-03-15 18:00:00,0.038
2022-03-15 19:00:00,0.0
2022-03-15 20:00:00,0.0
2022-03-15 21:00:00,0.0
2022-03-15 22:00:00,0.0
2022-03-15 23:00:00,0.0
2022-03-16 00:00:00,0.0
2022-03-16 01:00:00,0.0
2022-03-16 02:00:00,0.0
2022-03-16 03:00:00,0.0
2022-03-16 04:00:00,0.0
2022-03-16 05:00:00,0.0
2022-03-16 06:00:00,0.013
2022-03-16 07:00:00,1.06
2022-03-16 08:00:00,2.434
2022-03-16 09:00:00,6.0
2022-03-16 10:00:00,5.866
2022-03-16 11:00:00,8.661
2022-03-16 12:00:00,18.959
2022-03-16 13:00:00,15.481
2022-03-16 14:00:00,8.104000000000001
2022-03-16 15:00:00,4.557
2022-03-16 16:00:00,6.42
2022-03-16 17:00:00,2.716
2022-03-16 18:00:00,0.15
2022-03-16 19:00:00,0.0
2022-03-16 20:00:00,0.0
2022-03-16 21:00:00,0.0
2022-03-16 22:00:00,0.0
2022-03-16 23:00:00,0.0
2022-03-17 00:00:00,0.0
2022-03-17 01:00:00,0.0
2022-03-17 02:00:00,0.0
2022-03-17 03:00:00,0.0
2022-03-17 04:00:00,0.0
2022-03-17 05:00:00,0.0
2022-03-17 06:00:00,0.0
2022-03-17 07:00:00,0.58
2022-03-17 08:00:00,3.825
2022-03-17 09:00:00,5.9
2022-03-17 10:00:00,13.559999999999999
2022-03-17 11:00:00,14.379999999999999
2022-03-17 12:00:00,20.334
2022-03-17 13:00:00,8.937
2022-03-17 14:00:00,10.373
2022-03-17 15:00:00,8.222999999999999
2022-03-17 16:00:00,8.085
2022-03-17 17:00:00,3.137
2022-03-17 18:00:00,0.091
2022-03-17 19:00:00,0.0
2022-03-17 20:00:00,0.0
2022-03-17 21:00:00,0.0
2022-03-17 22:00:00,0.0
2022-03-17 23:00:00,0.0
2022-03-18 00:00:00,0.0
2022-03-18 01:00:00,0.0
2022-03-18 02:00:00,0.0
2022-03-18 03:00:00,0.0
2022-03-18 04:00:00,0.0
2022-03-18 05:00:00,0.0
2022-03-18 06:00:00,0.111
2022-03-18 07:00:00,3.037
2022-03-18 08:00:00,8.578
2022-03-18 09:00:00,12.684000000000001
2022-03-18 10:00:00,16.998
2022-03-18 11:00:00,11.379999999999999
2022-03-18 12:00:00,4.86
2022-03-18 13:00:00,3.886
2022-03-18 14:00:00,8.611
2022-03-18 15:00:00,9.64
2022-03-18 16:00:00,2.848
2022-03-18 17:00:00,2.1350000000000002
2022-03-18 18:00:00,0.231
2022-03-18 19:00:00,0.0
2022-03-18 20:00:00,0.0
2022-03-18 21:00:00,0.0
2022-03-18 22:00:00,0.0
2022-03-18 23:00:00,0.0
2022-03-19 00:00:00,0.0
2022-03-19 01:00:00,0.0
2022-03-19 02:00:00,0.0
2022-03-19 03:00:00,0.0
2022-03-19 04:00:00,0.0
2022-03-19 05:00:00,0.0
2022-03-19 06:00:00,0.0
2022-03-19 07:00:00,0.1
2022-03-19 08:00:00,0.589
2022-03-19 09:00:00,1.8570000000000002
2022-03-19 10:00:00,4.966
2022-03-19 11:00:00,6.814
2022-03-19 12:00:00,10.407
2022-03-19 13:00:00,8.145
2022-03-19 14:00:00,8.418000000000001
2022-03-19 15:00:00,4.839
2022-03-19 16:00:00,2.123
2022-03-19 17:00:00,0.477
2022-03-19 18:00:00,0.0
2022-03-19 19:00:00,0.0
2022-03-19 20:00:00,0.0
2022-03-19 21:00:00,0.0
2022-03-19 22:00:00,0.0
2022-03-19 23:00:00,0.0
2022-03-20 00:00:00,0.0
2022-03-20 01:00:00,0.0
2022-03-20 02:00:00,0.0
2022-03-20 03:00:00,0.0
2022-03-20 04:00:00,0.0
2022-03-20 05:00:00,0.0
2022-03-20 06:00:00,0.0
2022-03-20 07:00:00,0.0
2022-03-20 08:00:00,0.198
2022-03-20 09:00:00,0.367
2022-03-20 10:00:00,0.52
2022-03-20 11:00:00,1.119
2022-03-20 12:00:00,1.223
2022-03-20 13:00:00,1.6840000000000002
2022-03-20 14:00:00,1.954
2022-03-20 15:00:00,1.872
2022-03-20 16:00:00,1.168
2022-03-20 17:00:00,0.135
2022-03-20 18:00:00,0.0
2022-03-20 19:00:00,0.0
2022-03-20 20:00:00,0.0
2022-03-20 21:00:00,0.0
2022-03-20 22:00:00,0.0
2022-03-20 23:00:00,0.0
2022-03-21 00:00:00,0.0
2022-03-21 01:00:00,0.0
2022-03-21 02:00:00,0.0
2022-03-21 03:00:00,0.0
2022-03-21 04:00:00,0.0
2022-03-21 05:00:00,0.0
2022-03-21 06:00:00,0.0
2022-03-21 07:00:00,0.6769999999999999
2022-03-21 08:00:00,1.389
2022-03-21 09:00:00,2.414
2022-03-21 10:00:00,4.134
2022-03-21 11:00:00,6.797
2022-03-21 12:00:00,4.624
2022-03-21 13:00:00,4.68
2022-03-21 14:00:00,3.568
2022-03-21 15:00:00,2.387
2022-03-21 16:00:00,1.839
2022-03-21 17:00:00,0.40499999999999997
2022-03-21 18:00:00,0.0
2022-03-21 19:00:00,0.0
2022-03-21 20:00:00,0.0
2022-03-21 21:00:00,0.0
2022-03-21 22:00:00,0.0
2022-03-21 23:00:00,0.0
2022-03-22 00:00:00,0.0
2022-03-22 01:00:00,0.0
2022-03-22 02:00:00,0.0
2022-03-22 03:00:00,0.0
2022-03-22 04:00:00,0.0
2022-03-22 05:00:00,0.0
2022-03-22 06:00:00,0.0
2022-03-22 07:00:00,0.579
2022-03-22 08:00:00,1.626
2022-03-22 09:00:00,4.353
2022-03-22 10:00:00,5.064
2022-03-22 11:00:00,3.374
2022-03-22 12:00:00,3.632
2022-03-22 13:00:00,1.831
2022-03-22 14:00:00,2.247
2022-03-22 15:00:00,2.251
2022-03-22 16:00:00,2.995
2022-03-22 17:00:00,0.399
2022-03-22 18:00:00,0.0
2022-03-22 19:00:00,0.0
2022-03-22 20:00:00,0.0
2022-03-22 21:00:00,0.0
2022-03-22 22:00:00,0.0
2022-03-22 23:00:00,0.0
2022-03-23 00:00:00,0.0
2022-03-23 01:00:00,0.0
2022-03-23 02:00:00,0.0
2022-03-23 03:00:00,0.0
2022-03-23 04:00:00,0.0
2022-03-23 05:00:00,0.0
2022-03-23 06:00:00,0.0
2022-03-23 07:00:00,0.371
2022-03-23 08:00:00,1.69
2022-03-23 09:00:00,0.8210000000000001
2022-03-23 10:00:00,2.3659999999999997
2022-03-23 11:00:00,3.799
2022-03-23 12:00:00,3.499
2022-03-23 13:00:00,5.017
2022-03-23 14:00:00,3.951
2022-03-23 15:00:00,2.016
2022-03-23 16:00:00,1.286
2022-03-23 17:00:00,0.738
2022-03-23 18:00:00,0.0
2022-03-23 19:00:00,0.0
2022-03-23 20:00:00,0.0
2022-03-23 21:00:00,0.0
2022-03-23 22:00:00,0.0
2022-03-23 23:00:00,0.0
2022-03-24 00:00:00,0.0
2022-03-24 01:00:00,0.0
2022-03-24 02:00:00,0.0
2022-03-24 03:00:00,0.0
2022-03-24 04:00:00,0.0
2022-03-24 05:00:00,0.0
2022-03-24 06:00:00,0.0
2022-03-24 07:00:00,0.28400000000000003
2022-03-24 08:00:00,0.746
2022-03-24 09:00:00,1.61
2022-03-24 10:00:00,1.65
2022-03-24 11:00:00,2.544
2022-03-24 12:00:00,2.093
2022-03-24 13:00:00,1.542
2022-03-24 14:00:00,1.7389999999999999
2022-03-24 15:00:00,1.37
2022-03-24 16:00:00,0.563
2022-03-24 17:00:00,0.119
2022-03-24 18:00:00,0.0
2022-03-24 19:00:00,0.0
2022-03-24 20:00:00,0.0
2022-03-24 21:00:00,0.0
2022-03-24 22:00:00,0.0
2022-03-24 23:00:00,0.0
2022-03-25 00:00:00,0.0
2022-03-25 01:00:00,0.0
2022-03-25 02:00:00,0.0
2022-03-25 03:00:00,0.0
2022-03-25 04:00:00,0.0
2022-03-25 05:00:00,0.0
2022-03-25 06:00:00,0.0
2022-03-25 07:00:00,0.125
2022-03-25 08:00:00,0.391
2022-03-25 09:00:00,0.803
2022-03-25 10:00:00,0.9
2022-03-25 11:00:00,3.836
2022-03-25 12:00:00,2.566
2022-03-25 13:00:00,3.856
2022-03-25 14:00:00,3.946
2022-03-25 15:00:00,2.9490000000000003
2022-03-25 16:00:00,2.217
2022-03-25 17:00:00,0.66
2022-03-25 18:00:00,0.028
2022-03-25 19:00:00,0.0
2022-03-25 20:00:00,0.0
2022-03-25 21:00:00,0.0
2022-03-25 22:00:00,0.0
2022-03-25 23:00:00,0.0
2022-03-26 00:00:00,0.0
2022-03-26 01:00:00,0.0
2022-03-26 02:00:00,0.0
2022-03-26 03:00:00,0.0
2022-03-26 04:00:00,0.0
2022-03-26 05:00:00,0.0
2022-03-26 06:00:00,0.0
2022-03-26 07:00:00,0.722
2022-03-26 08:00:00,2.871
2022-03-26 09:00:00,8.482
2022-03-26 10:00:00,7.332
2022-03-26 11:00:00,9.797
2022-03-26 12:00:00,6.13
2022-03-26 13:00:00,7.029999999999999
2022-03-26 14:00:00,8.184
2022-03-26 15:00:00,5.268000000000001
2022-03-26 16:00:00,3.874
2022-03-26 17:00:00,0.707
2022-03-26 18:00:00,0.051
2022-03-26 19:00:00,0.0
2022-03-26 20:00:00,0.0
2022-03-26 21:00:00,0.0
2022-03-26 22:00:00,0.0
2022-03-26 23:00:00,0.0
2022-03-27 00:00:00,0.0
2022-03-27 01:00:00,0.0
2022-03-27 02:00:00,0.0
2022-03-27 03:00:00,0.0
2022-03-27 04:00:00,0.0
2022-03-27 05:00:00,0.0
2022-03-27 06:00:00,0.084
2022-03-27 07:00:00,1.599
2022-03-27 08:00:00,3.193
2022-03-27 09:00:00,2.629
2022-03-27 10:00:00,3.73
2022-03-27 11:00:00,4.253
2022-03-27 12:00:00,3.206
2022-03-27 13:00:00,4.859999999999999
2022-03-27 14:00:00,5.066
2022-03-27 15:00:00,3.008
2022-03-27 16:00:00,0.81
2022-03-27 17:00:00,0.167
2022-03-27 18:00:00,0.0
2022-03-27 19:00:00,0.0
2022-03-27 20:00:00,0.0
2022-03-27 21:00:00,0.0
2022-03-27 22:00:00,0.0
2022-03-27 23:00:00,0.0
2022-03-28 00:00:00,0.0
2022-03-28 01:00:00,0.0
2022-03-28 02:00:00,0.0
2022-03-28 03:00:00,0.0
2022-03-28 04:00:00,0.0
2022-03-28 05:00:00,0.0
2022-03-28 06:00:00,0.0
2022-03-28 07:00:00,0.23
2022-03-28 08:00:00,1.816
2022-03-28 09:00:00,3.271
2022-03-28 10:00:00,3.529
2022-03-28 11:00:00,5.627
2022-03-28 12:00:00,4.865
2022-03-28 13:00:00,2.829
2022-03-28 14:00:00,1.389
2022-03-28 15:00:00,0.37
2022-03-28 16:00:00,0.357
2022-03-28 17:00:00,0.113
2022-03-28 18:00:00,0.0
2022-03-28 19:00:00,0.0
2022-03-28 20:00:00,0.0
2022-03-28 21:00:00,0.0
2022-03-28 22:00:00,0.0
2022-03-28 23:00:00,0.0
2022-03-29 00:00:00,0.0
2022-03-29 01:00:00,0.0
2022-03-29 02:00:00,0.0
2022-03-29 03:00:00,0.0
2022-03-29 04:00:00,0.0
2022-03-29 05:00:00,0.0
2022-03-29 06:00:00,0.016
2022-03-29 07:00:00,0.524
2022-03-29 08:00:00,3.156
2022-03-29 09:00:00,9.828
2022-03-29 10:00:00,5.915
2022-03-29 11:00:00,4.06
2022-03-29 12:00:00,6.84
2022-03-29 13:00:00,10.059
2022-03-29 14:00:00,5.575
2022-03-29 15:00:00,4.937
2022-03-29 16:00:00,2.392
2022-03-29 17:00:00,1.105
2022-03-29 18:00:00,0.08299999999999999
2022-03-29 19:00:00,0.0
2022-03-29 20:00:00,0.0
2022-03-29 21:00:00,0.0
2022-03-29 22:00:00,0.0
2022-03-29 23:00:00,0.0
2022-03-30 00:00:00,0.0
2022-03-30 01:00:00,0.0
2022-03-30 02:00:00,0.0
2022-03-30 03:00:00,0.0
2022-03-30 04:00:00,0.0
2022-03-30 05:00:00,0.0
2022-03-30 06:00:00,0.14300000000000002
2022-03-30 07:00:00,1.108
2022-03-30 08:00:00,4.355
2022-03-30 09:00:00,8.435
2022-03-30 10:00:00,8.938
2022-03-30 11:00:00,15.23
2022-03-30 12:00:00,16.208
2022-03-30 13:00:00,14.582
2022-03-30 14:00:00,10.572
2022-03-30 15:00:00,5.47
2022-03-30 16:00:00,4.670999999999999
2022-03-30 17:00:00,1.72
2022-03-30 18:00:00,0.378
2022-03-30 19:00:00,0.0
2022-03-30 20:00:00,0.0
2022-03-30 21:00:00,0.0
2022-03-30 22:00:00,0.0
2022-03-30 23:00:00,0.0
2022-03-31 00:00:00,0.0
2022-03-31 01:00:00,0.0
2022-03-31 02:00:00,0.0
2022-03-31 03:00:00,0.0
2022-03-31 04:00:00,0.0
2022-03-31 05:00:00,0.0
2022-03-31 06:00:00,0.395
2022-03-31 07:00:00,4.053
2022-03-31 08:00:00,9.233
2022-03-31 09:00:00,10.144
2022-03-31 10:00:00,5.665
2022-03-31 11:00:00,7.866
2022-03-31 12:00:00,17.784
2022-03-31 13:00:00,19.69
2022-03-31 14:00:00,9.595
2022-03-31 15:00:00,7.168
2022-03-31 16:00:00,7.424
2022-03-31 17:00:00,2.6590000000000003
2022-03-31 18:00:00,0.185
2022-03-31 19:00:00,0.0
2022-03-31 20:00:00,0.0
2022-03-31 21:00:00,0.0
2022-03-31 22:00:00,0.0
2022-03-31 23:00:00,0.0
2022-04-01 00:00:00,0.0
2022-04-01 01:00:00,0.0
2022-04-01 02:00:00,0.0
2022-04-01 03:00:00,0.0
2022-04-01 04:00:00,0.0
2022-04-01 05:00:00,0.0
2022-04-01 06:00:00,0.0
2022-04-01 07:00:00,0.039
2022-04-01 08:00:00,0.362
2022-04-01 09:00:00,1.108
2022-04-01 10:00:00,2.193
2022-04-01 11:00:00,2.616
2022-04-01 12:00:00,2.208
2022-04-01 13:00:00,5.525
2022-04-01 14:00:00,4.064
2022-04-01 15:00:00,2.743
2022-04-01 16:00:00,1.266
2022-04-01 17:00:00,0.272
2022-04-01 18:00:00,0.0
2022-04-01 19:00:00,0.0
2022-04-01 20:00:00,0.0
2022-04-01 21:00:00,0.0
2022-04-01 22:00:00,0.0
2022-04-01 23:00:00,0.0
2022-04-02 00:00:00,0.0
2022-04-02 01:00:00,0.0
2022-04-02 02:00:00,0.0
2022-04-02 03:00:00,0.0
2022-04-02 04:00:00,0.0
2022-04-02 05:00:00,0.0
2022-04-02 06:00:00,0.008
2022-04-02 07:00:00,0.608
2022-04-02 08:00:00,1.501
2022-04-02 09:00:00,3.174
2022-04-02 10:00:00,4.555
2022-04-02 11:00:00,6.728
2022-04-02 12:00:00,7.397
2022-04-02 13:00:00,6.877
2022-04-02 14:00:00,4.699
2022-04-02 15:00:00,3.045
2022-04-02 16:00:00,3.311
2022-04-02 17:00:00,0.878
2022-04-02 18:00:00,0.043
2022-04-02 19:00:00,0.0
2022-04-02 20:00:00,0.0
2022-04-02 21:00:00,0.0
2022-04-02 22:00:00,0.0
2022-04-02 23:00:00,0.0
2022-04-03 00:00:00,0.0
2022-04-03 01:00:00,0.0
2022-04-03 02:00:00,0.0
2022-04-03 03:00:00,0.0
2022-04-03 04:00:00,0.0
2022-04-03 05:00:00,0.0
2022-04-03 06:00:00,0.12
2022-04-03 07:00:00,2.2119999999999997
2022-04-03 08:00:00,9.394
2022-04-03 09:00:00,21.079
2022-04-03 10:00:00,26.194
2022-04-03 11:00:00,28.044
2022-04-03 12:00:00,26.04
2022-04-03 13:00:00,22.053
2022-04-03 14:00:00,19.54
2022-04-03 15:00:00,15.766
2022-04-03 16:00:00,10.329
2022-04-03 17:00:00,3.784
2022-04-03 18:00:00,0.334
2022-04-03 19:00:00,0.0
2022-04-03 20:00:00,0.0
2022-04-03 21:00:00,0.0
2022-04-03 22:00:00,0.0
2022-04-03 23:00:00,0.0
2022-04-04 00:00:00,0.0
2022-04-04 01:00:00,0.0
2022-04-04 02:00:00,0.0
2022-04-04 03:00:00,0.0
2022-04-04 04:00:00,0.0
2022-04-04 05:00:00,0.0
2022-04-04 06:00:00,0.579
2022-04-04 07:00:00,5.097
2022-04-04 08:00:00,13.062
2022-04-04 09:00:00,21.223
2022-04-04 10:00:00,26.701
2022-04-04 11:00:00,28.304000000000002
2022-04-04 12:00:00,26.392000000000003
2022-04-04 13:00:00,22.498
2022-04-04 14:00:00,19.624
2022-04-04 15:00:00,15.791
2022-04-04 16:00:00,10.341000000000001
2022-04-04 17:00:00,3.828
2022-04-04 18:00:00,0.322
2022-04-04 19:00:00,0.0
2022-04-04 20:00:00,0.0
2022-04-04 21:00:00,0.0
2022-04-04 22:00:00,0.0
2022-04-04 23:00:00,0.0
2022-04-05 00:00:00,0.0
2022-04-05 01:00:00,0.0
2022-04-05 02:00:00,0.0
2022-04-05 03:00:00,0.0
2022-04-05 04:00:00,0.0
2022-04-05 05:00:00,0.0
2022-04-05 06:00:00,0.575
2022-04-05 07:00:00,5.936
2022-04-05 08:00:00,12.611
2022-04-05 09:00:00,19.96
2022-04-05 10:00:00,25.212
2022-04-05 11:00:00,26.951999999999998
2022-04-05 12:00:00,26.15
2022-04-05 13:00:00,22.001
2022-04-05 14:00:00,18.903000000000002
2022-04-05 15:00:00,15.043
2022-04-05 16:00:00,9.488
2022-04-05 17:00:00,3.5629999999999997
2022-04-05 18:00:00,0.362
2022-04-05 19:00:00,0.0
2022-04-05 20:00:00,0.0
2022-04-05 21:00:00,0.0
2022-04-05 22:00:00,0.0
2022-04-05 23:00:00,0.0
2022-04-06 00:00:00,0.0
2022-04-06 01:00:00,0.0
2022-04-06 02:00:00,0.0
2022-04-06 03:00:00,0.0
2022-04-06 04:00:00,0.0
2022-04-06 05:00:00,0.0
2022-04-06 06:00:00,0.575
2022-04-06 07:00:00,4.6579999999999995
2022-04-06 08:00:00,11.404
2022-04-06 09:00:00,18.467
2022-04-06 10:00:00,23.591
2022-04-06 11:00:00,26.073
2022-04-06 12:00:00,25.602
2022-04-06 13:00:00,22.091
2022-04-06 14:00:00,18.952
2022-04-06 15:00:00,14.758
2022-04-06 16:00:00,9.535
2022-04-06 17:00:00,3.7720000000000002
2022-04-06 18:00:00,0.383
2022-04-06 19:00:00,0.0
2022-04-06 20:00:00,0.0
2022-04-06 21:00:00,0.0
2022-04-06 22:00:00,0.0
2022-04-06 23:00:00,0.0
2022-04-07 00:00:00,0.0
2022-04-07 01:00:00,0.0
2022-04-07 02:00:00,0.0
2022-04-07 03:00:00,0.0
2022-04-07 04:00:00,0.0
2022-04-07 05:00:00,0.0
2022-04-07 06:00:00,0.436
2022-04-07 07:00:00,4.494
2022-04-07 08:00:00,11.214
2022-04-07 09:00:00,18.125999999999998
2022-04-07 10:00:00,23.284
2022-04-07 11:00:00,25.597
2022-04-07 12:00:00,25.669
2022-04-07 13:00:00,22.656
2022-04-07 14:00:00,19.22
2022-04-07 15:00:00,14.417
2022-04-07 16:00:00,9.339
2022-04-07 17:00:00,3.795
2022-04-07 18:00:00,0.5529999999999999
2022-04-07 19:00:00,0.0
2022-04-07 20:00:00,0.0
2022-04-07 21:00:00,0.0
2022-04-07 22:00:00,0.0
2022-04-07 23:00:00,0.0
2022-04-08 00:00:00,0.0
2022-04-08 01:00:00,0.0
2022-04-08 02:00:00,0.0
2022-04-08 03:00:00,0.0
2022-04-08 04:00:00,0.0
2022-04-08 05:00:00,0.0
2022-04-08 06:00:00,0.651
2022-04-08 07:00:00,5.015
2022-04-08 08:00:00,12.681000000000001
2022-04-08 09:00:00,20.127
2022-04-08 10:00:00,25.293
2022-04-08 11:00:00,27.164
2022-04-08 12:00:00,26.45
2022-04-08 13:00:00,22.379
2022-04-08 14:00:00,19.346
2022-04-08 15:00:00,15.344
2022-04-08 16:00:00,9.866
2022-04-08 17:00:00,3.8360000000000003
2022-04-08 18:00:00,0.366
2022-04-08 19:00:00,0.0
2022-04-08 20:00:00,0.0
2022-04-08 21:00:00,0.0
2022-04-08 22:00:00,0.0
2022-04-08 23:00:00,0.0
2022-04-09 00:00:00,0.0
2022-04-09 01:00:00,0.0
2022-04-09 02:00:00,0.0
2022-04-09 03:00:00,0.0
2022-04-09 04:00:00,0.0
2022-04-09 05:00:00,0.0
2022-04-09 06:00:00,0.715
2022-04-09 07:00:00,5.211
2022-04-09 08:00:00,13.087
2022-04-09 09:00:00,20.652
2022-04-09 10:00:00,25.967
2022-04-09 11:00:00,27.506999999999998
2022-04-09 12:00:00,26.400000000000002
2022-04-09 13:00:00,21.977
2022-04-09 14:00:00,19.112000000000002
2022-04-09 15:00:00,15.447
2022-04-09 16:00:00,10.124
2022-04-09 17:00:00,3.919
2022-04-09 18:00:00,0.34400000000000003
2022-04-09 19:00:00,0.0
2022-04-09 20:00:00,0.0
2022-04-09 21:00:00,0.0
2022-04-09 22:00:00,0.0
2022-04-09 23:00:00,0.0
2022-04-10 00:00:00,0.0
2022-04-10 01:00:00,0.0
2022-04-10 02:00:00,0.0
2022-04-10 03:00:00,0.0
2022-04-10 04:00:00,0.0
2022-04-10 05:00:00,0.0
2022-04-10 06:00:00,0.721
2022-04-10 07:00:00,5.163
2022-04-10 08:00:00,12.969000000000001
2022-04-10 09:00:00,20.188
2022-04-10 10:00:00,25.413
2022-04-10 11:00:00,26.857
2022-04-10 12:00:00,26.077
2022-04-10 13:00:00,21.738
2022-04-10 14:00:00,19.036
2022-04-10 15:00:00,13.908
2022-04-10 16:00:00,10.01
2022-04-10 17:00:00,3.8930000000000002
2022-04-10 18:00:00,0.303
2022-04-10 19:00:00,0.0
2022-04-10 20:00:00,0.0
2022-04-10 21:00:00,0.0
2022-04-10 22:00:00,0.0
2022-04-10 23:00:00,0.0
2022-04-11 00:00:00,0.0
2022-04-11 01:00:00,0.0
2022-04-11 02:00:00,0.0
2022-04-11 03:00:00,0.0
2022-04-11 04:00:00,0.0
2022-04-11 05:00:00,0.0
2022-04-11 06:00:00,0.274
2022-04-11 07:00:00,3.1850000000000005
2022-04-11 08:00:00,5.87
2022-04-11 09:00:00,8.916
2022-04-11 10:00:00,15.295
2022-04-11 11:00:00,22.606
2022-04-11 12:00:00,26.563000000000002
2022-04-11 13:00:00,22.465
2022-04-11 14:00:00,19.265
2022-04-11 15:00:00,15.129
2022-04-11 16:00:00,9.597000000000001
2022-04-11 17:00:00,3.776
2022-04-11 18:00:00,0.384
2022-04-11 19:00:00,0.0
2022-04-11 20:00:00,0.0
2022-04-11 21:00:00,0.0
2022-04-11 22:00:00,0.0
2022-04-11 23:00:00,0.0
2022-04-12 00:00:00,0.0
2022-04-12 01:00:00,0.0
2022-04-12 02:00:00,0.0
2022-04-12 03:00:00,0.0
2022-04-12 04:00:00,0.0
2022-04-12 05:00:00,0.0
2022-04-12 06:00:00,0.8
2022-04-12 07:00:00,5.05
2022-04-12 08:00:00,9.921
2022-04-12 09:00:00,20.866
2022-04-12 10:00:00,20.472
2022-04-12 11:00:00,23.669
2022-04-12 12:00:00,26.35
2022-04-12 13:00:00,22.281000000000002
2022-04-12 14:00:00,18.767000000000003
2022-04-12 15:00:00,14.53
2022-04-12 16:00:00,9.589
2022-04-12 17:00:00,3.833
2022-04-12 18:00:00,0.368
2022-04-12 19:00:00,0.0
2022-04-12 20:00:00,0.0
2022-04-12 21:00:00,0.0
2022-04-12 22:00:00,0.0
2022-04-12 23:00:00,0.0
2022-04-13 00:00:00,0.0
2022-04-13 01:00:00,0.0
2022-04-13 02:00:00,0.0
2022-04-13 03:00:00,0.0
2022-04-13 04:00:00,0.0
2022-04-13 05:00:00,0.0
2022-04-13 06:00:00,0.418
2022-04-13 07:00:00,4.04
2022-04-13 08:00:00,7.222
2022-04-13 09:00:00,3.612
2022-04-13 10:00:00,2.547
2022-04-13 11:00:00,8.506
2022-04-13 12:00:00,11.097000000000001
2022-04-13 13:00:00,11.374
2022-04-13 14:00:00,11.347
2022-04-13 15:00:00,15.388000000000002
2022-04-13 16:00:00,10.029
2022-04-13 17:00:00,3.569
2022-04-13 18:00:00,0.28200000000000003
2022-04-13 19:00:00,0.0
2022-04-13 20:00:00,0.0
2022-04-13 21:00:00,0.0
2022-04-13 22:00:00,0.0
2022-04-13 23:00:00,0.0
2022-04-14 00:00:00,0.0
2022-04-14 01:00:00,0.0
2022-04-14 02:00:00,0.0
2022-04-14 03:00:00,0.0
2022-04-14 04:00:00,0.0
2022-04-14 05:00:00,0.0
2022-04-14 06:00:00,0.254
2022-04-14 07:00:00,4.694
2022-04-14 08:00:00,12.792
2022-04-14 09:00:00,19.915
2022-04-14 10:00:00,24.764
2022-04-14 11:00:00,26.247
2022-04-14 12:00:00,25.238
2022-04-14 13:00:00,15.422
2022-04-14 14:00:00,17.906
2022-04-14 15:00:00,8.158
2022-04-14 16:00:00,7.935
2022-04-14 17:00:00,3.839
2022-04-14 18:00:00,0.43799999999999994
2022-04-14 19:00:00,0.0
2022-04-14 20:00:00,0.0
2022-04-14 21:00:00,0.0
2022-04-14 22:00:00,0.0
2022-04-14 23:00:00,0.0
2022-04-15 00:00:00,0.0
2022-04-15 01:00:00,0.0
2022-04-15 02:00:00,0.0
2022-04-15 03:00:00,0.0
2022-04-15 04:00:00,0.0
2022-04-15 05:00:00,0.0
2022-04-15 06:00:00,0.153
2022-04-15 07:00:00,1.305
2022-04-15 08:00:00,3.4
2022-04-15 09:00:00,13.765
2022-04-15 10:00:00,21.449
2022-04-15 11:00:00,26.155
2022-04-15 12:00:00,27.322000000000003
2022-04-15 13:00:00,23.349
2022-04-15 14:00:00,19.546
2022-04-15 15:00:00,15.554
2022-04-15 16:00:00,9.936
2022-04-15 17:00:00,3.958
2022-04-15 18:00:00,0.40700000000000003
2022-04-15 19:00:00,0.0
2022-04-15 20:00:00,0.0
2022-04-15 21:00:00,0.0
2022-04-15 22:00:00,0.0
2022-04-15 23:00:00,0.0
2022-04-16 00:00:00,0.0
2022-04-16 01:00:00,0.0
2022-04-16 02:00:00,0.0
2022-04-16 03:00:00,0.0
2022-04-16 04:00:00,0.0
2022-04-16 05:00:00,0.0
2022-04-16 06:00:00,0.0
2022-04-16 07:00:00,0.214
2022-04-16 08:00:00,0.915
2022-04-16 09:00:00,2.4690000000000003
2022-04-16 10:00:00,3.576
2022-04-16 11:00:00,4.311
2022-04-16 12:00:00,4.84
2022-04-16 13:00:00,6.318
2022-04-16 14:00:00,3.8049999999999997
2022-04-16 15:00:00,1.5330000000000001
2022-04-16 16:00:00,1.7200000000000002
2022-04-16 17:00:00,1.8920000000000001
2022-04-16 18:00:00,0.041
2022-04-16 19:00:00,0.0
2022-04-16 20:00:00,0.0
2022-04-16 21:00:00,0.0
2022-04-16 22:00:00,0.0
2022-04-16 23:00:00,0.0
2022-04-17 00:00:00,0.0
2022-04-17 01:00:00,0.0
2022-04-17 02:00:00,0.0
2022-04-17 03:00:00,0.0
2022-04-17 04:00:00,0.0
2022-04-17 05:00:00,0.0
2022-04-17 06:00:00,0.026
2022-04-17 07:00:00,0.511
2022-04-17 08:00:00,1.8250000000000002
2022-04-17 09:00:00,5.347
2022-04-17 10:00:00,10.323
2022-04-17 11:00:00,15.972
2022-04-17 12:00:00,20.502000000000002
2022-04-17 13:00:00,12.218
2022-04-17 14:00:00,8.530000000000001
2022-04-17 15:00:00,5.112
2022-04-17 16:00:00,3.4530000000000003
2022-04-17 17:00:00,1.683
2022-04-17 18:00:00,0.065
2022-04-17 19:00:00,0.0
2022-04-17 20:00:00,0.0
2022-04-17 21:00:00,0.0
2022-04-17 22:00:00,0.0
2022-04-17 23:00:00,0.0
2022-04-18 00:00:00,0.0
2022-04-18 01:00:00,0.0
2022-04-18 02:00:00,0.0
2022-04-18 03:00:00,0.0
2022-04-18 04:00:00,0.0
2022-04-18 05:00:00,0.0
2022-04-18 06:00:00,0.186
2022-04-18 07:00:00,1.075
2022-04-18 08:00:00,1.7189999999999999
2022-04-18 09:00:00,3.1300000000000003
2022-04-18 10:00:00,4.6899999999999995
2022-04-18 11:00:00,11.863
2022-04-18 12:00:00,6.822
2022-04-18 13:00:00,4.906
2022-04-18 14:00:00,3.342
2022-04-18 15:00:00,2.21
2022-04-18 16:00:00,1.0290000000000001
2022-04-18 17:00:00,0.602
2022-04-18 18:00:00,0.0
2022-04-18 19:00:00,0.0
2022-04-18 20:00:00,0.0
2022-04-18 21:00:00,0.0
2022-04-18 22:00:00,0.0
2022-04-18 23:00:00,0.0
2022-04-19 00:00:00,0.0
2022-04-19 01:00:00,0.0
2022-04-19 02:00:00,0.0
2022-04-19 03:00:00,0.0
2022-04-19 04:00:00,0.0
2022-04-19 05:00:00,0.0
2022-04-19 06:00:00,0.0
2022-04-19 07:00:00,0.21100000000000002
2022-04-19 08:00:00,0.725
2022-04-19 09:00:00,1.7750000000000001
2022-04-19 10:00:00,2.6430000000000002
2022-04-19 11:00:00,2.829
2022-04-19 12:00:00,2.09
2022-04-19 13:00:00,3.273
2022-04-19 14:00:00,4.514
2022-04-19 15:00:00,4.053
2022-04-19 16:00:00,6.606
2022-04-19 17:00:00,1.877
2022-04-19 18:00:00,0.044
2022-04-19 19:00:00,0.0
2022-04-19 20:00:00,0.0
2022-04-19 21:00:00,0.0
2022-04-19 22:00:00,0.0
2022-04-19 23:00:00,0.0
2022-04-20 00:00:00,0.0
2022-04-20 01:00:00,0.0
2022-04-20 02:00:00,0.0
2022-04-20 03:00:00,0.0
2022-04-20 04:00:00,0.0
2022-04-20 05:00:00,0.0
2022-04-20 06:00:00,0.015
2022-04-20 07:00:00,0.519
2022-04-20 08:00:00,1.411
2022-04-20 09:00:00,2.517
2022-04-20 10:00:00,15.238
2022-04-20 11:00:00,21.36
2022-04-20 12:00:00,24.217
2022-04-20 13:00:00,20.146
2022-04-20 14:00:00,15.237
2022-04-20 15:00:00,14.356
2022-04-20 16:00:00,7.725
2022-04-20 17:00:00,3.427
2022-04-20 18:00:00,0.149
2022-04-20 19:00:00,0.0
2022-04-20 20:00:00,0.0
2022-04-20 21:00:00,0.0
2022-04-20 22:00:00,0.0
2022-04-20 23:00:00,0.0
2022-04-21 00:00:00,0.0
2022-04-21 01:00:00,0.0
2022-04-21 02:00:00,0.0
2022-04-21 03:00:00,0.0
2022-04-21 04:00:00,0.0
2022-04-21 05:00:00,0.0
2022-04-21 06:00:00,0.645
2022-04-21 07:00:00,2.568
2022-04-21 08:00:00,5.776
2022-04-21 09:00:00,10.386
2022-04-21 10:00:00,20.023
2022-04-21 11:00:00,21.899
2022-04-21 12:00:00,26.105
2022-04-21 13:00:00,17.552
2022-04-21 14:00:00,20.608
2022-04-21 15:00:00,15.954
2022-04-21 16:00:00,9.772
2022-04-21 17:00:00,3.146
2022-04-21 18:00:00,0.23199999999999998
2022-04-21 19:00:00,0.0
2022-04-21 20:00:00,0.0
2022-04-21 21:00:00,0.0
2022-04-21 22:00:00,0.0
2022-04-21 23:00:00,0.0
2022-04-22 00:00:00,0.0
2022-04-22 01:00:00,0.0
2022-04-22 02:00:00,0.0
2022-04-22 03:00:00,0.0
2022-04-22 04:00:00,0.0
2022-04-22 05:00:00,0.0
2022-04-22 06:00:00,0.061
2022-04-22 07:00:00,1.567
2022-04-22 08:00:00,1.9640000000000002
2022-04-22 09:00:00,4.202
2022-04-22 10:00:00,4.839
2022-04-22 11:00:00,8.055
2022-04-22 12:00:00,12.132
2022-04-22 13:00:00,8.672
2022-04-22 14:00:00,12.685
2022-04-22 15:00:00,10.249
2022-04-22 16:00:00,6.254
2022-04-22 17:00:00,2.012
2022-04-22 18:00:00,0.293
2022-04-22 19:00:00,0.0
2022-04-22 20:00:00,0.0
2022-04-22 21:00:00,0.0
2022-04-22 22:00:00,0.0
2022-04-22 23:00:00,0.0
2022-04-23 00:00:00,0.0
2022-04-23 01:00:00,0.0
2022-04-23 02:00:00,0.0
2022-04-23 03:00:00,0.0
2022-04-23 04:00:00,0.0
2022-04-23 05:00:00,0.0
2022-04-23 06:00:00,0.522
2022-04-23 07:00:00,3.44
2022-04-23 08:00:00,7.549
2022-04-23 09:00:00,18.567
2022-04-23 10:00:00,20.625
2022-04-23 11:00:00,17.813000000000002
2022-04-23 12:00:00,13.698
2022-04-23 13:00:00,13.918
2022-04-23 14:00:00,14.052
2022-04-23 15:00:00,14.144
2022-04-23 16:00:00,8.56
2022-04-23 17:00:00,3.823
2022-04-23 18:00:00,0.368
2022-04-23 19:00:00,0.0
2022-04-23 20:00:00,0.0
2022-04-23 21:00:00,0.0
2022-04-23 22:00:00,0.0
2022-04-23 23:00:00,0.0
2022-04-24 00:00:00,0.0
2022-04-24 01:00:00,0.0
2022-04-24 02:00:00,0.0
2022-04-24 03:00:00,0.0
2022-04-24 04:00:00,0.0
2022-04-24 05:00:00,0.0
2022-04-24 06:00:00,0.6799999999999999
2022-04-24 07:00:00,3.4050000000000002
2022-04-24 08:00:00,12.737
2022-04-24 09:00:00,15.852
2022-04-24 10:00:00,11.726
2022-04-24 11:00:00,17.104
2022-04-24 12:00:00,20.345
2022-04-24 13:00:00,21.431
2022-04-24 14:00:00,13.704
2022-04-24 15:00:00,15.779
2022-04-24 16:00:00,9.012
2022-04-24 17:00:00,3.732
2022-04-24 18:00:00,0.494
2022-04-24 19:00:00,0.0
2022-04-24 20:00:00,0.0
2022-04-24 21:00:00,0.0
2022-04-24 22:00:00,0.0
2022-04-24 23:00:00,0.0
2022-04-25 00:00:00,0.0
2022-04-25 01:00:00,0.0
2022-04-25 02:00:00,0.0
2022-04-25 03:00:00,0.0
2022-04-25 04:00:00,0.0
2022-04-25 05:00:00,0.0
2022-04-25 06:00:00,1.048
2022-04-25 07:00:00,6.079
2022-04-25 08:00:00,9.436
2022-04-25 09:00:00,11.229
2022-04-25 10:00:00,18.536
2022-04-25 11:00:00,25.137
2022-04-25 12:00:00,27.649
2022-04-25 13:00:00,24.75
2022-04-25 14:00:00,20.536
2022-04-25 15:00:00,12.411999999999999
2022-04-25 16:00:00,7.122000000000001
2022-04-25 17:00:00,1.823
2022-04-25 18:00:00,0.494
2022-04-25 19:00:00,0.0
2022-04-25 20:00:00,0.0
2022-04-25 21:00:00,0.0
2022-04-25 22:00:00,0.0
2022-04-25 23:00:00,0.0
2022-04-26 00:00:00,0.0
2022-04-26 01:00:00,0.0
2022-04-26 02:00:00,0.0
2022-04-26 03:00:00,0.0
2022-04-26 04:00:00,0.0
2022-04-26 05:00:00,0.0
2022-04-26 06:00:00,0.28200000000000003
2022-04-26 07:00:00,3.327
2022-04-26 08:00:00,7.314
2022-04-26 09:00:00,11.006
2022-04-26 10:00:00,18.44
2022-04-26 11:00:00,24.697
2022-04-26 12:00:00,22.173000000000002
2022-04-26 13:00:00,13.103000000000002
2022-04-26 14:00:00,12.437
2022-04-26 15:00:00,7.834
2022-04-26 16:00:00,4.5440000000000005
2022-04-26 17:00:00,1.6280000000000001
2022-04-26 18:00:00,0.048
2022-04-26 19:00:00,0.0
2022-04-26 20:00:00,0.0
2022-04-26 21:00:00,0.0
2022-04-26 22:00:00,0.0
2022-04-26 23:00:00,0.0
2022-04-27 00:00:00,0.0
2022-04-27 01:00:00,0.0
2022-04-27 02:00:00,0.0
2022-04-27 03:00:00,0.0
2022-04-27 04:00:00,0.0
2022-04-27 05:00:00,0.0
2022-04-27 06:00:00,1.068
2022-04-27 07:00:00,3.9299999999999997
2022-04-27 08:00:00,15.134
2022-04-27 09:00:00,20.470000000000002
2022-04-27 10:00:00,24.73
2022-04-27 11:00:00,21.527
2022-04-27 12:00:00,23.049
2022-04-27 13:00:00,19.717
2022-04-27 14:00:00,16.214
2022-04-27 15:00:00,10.946000000000002
2022-04-27 16:00:00,6.249
2022-04-27 17:00:00,3.0260000000000002
2022-04-27 18:00:00,0.48000000000000004
2022-04-27 19:00:00,0.0
2022-04-27 20:00:00,0.0
2022-04-27 21:00:00,0.0
2022-04-27 22:00:00,0.0
2022-04-27 23:00:00,0.0
2022-04-28 00:00:00,0.0
2022-04-28 01:00:00,0.0
2022-04-28 02:00:00,0.0
2022-04-28 03:00:00,0.0
2022-04-28 04:00:00,0.0
2022-04-28 05:00:00,0.0
2022-04-28 06:00:00,0.162
2022-04-28 07:00:00,1.744
2022-04-28 08:00:00,3.979
2022-04-28 09:00:00,9.411000000000001
2022-04-28 10:00:00,9.634
2022-04-28 11:00:00,17.391
2022-04-28 12:00:00,10.902000000000001
2022-04-28 13:00:00,13.323
2022-04-28 14:00:00,11.047
2022-04-28 15:00:00,10.703
2022-04-28 16:00:00,5.013
2022-04-28 17:00:00,2.026
2022-04-28 18:00:00,0.13
2022-04-28 19:00:00,0.0
2022-04-28 20:00:00,0.0
2022-04-28 21:00:00,0.0
2022-04-28 22:00:00,0.0
2022-04-28 23:00:00,0.0
2022-04-29 00:00:00,0.0
2022-04-29 01:00:00,0.0
2022-04-29 02:00:00,0.0
2022-04-29 03:00:00,0.0
2022-04-29 04:00:00,0.0
2022-04-29 05:00:00,0.0
2022-04-29 06:00:00,1.444
2022-04-29 07:00:00,6.4750000000000005
2022-04-29 08:00:00,10.938
2022-04-29 09:00:00,15.712
2022-04-29 10:00:00,18.65
2022-04-29 11:00:00,12.027000000000001
2022-04-29 12:00:00,15.834
2022-04-29 13:00:00,16.512
2022-04-29 14:00:00,17.138
2022-04-29 15:00:00,12.485
2022-04-29 16:00:00,7.871
2022-04-29 17:00:00,2.3040000000000003
2022-04-29 18:00:00,0.33
2022-04-29 19:00:00,0.0
2022-04-29 20:00:00,0.0
2022-04-29 21:00:00,0.0
2022-04-29 22:00:00,0.0
2022-04-29 23:00:00,0.0
2022-04-30 00:00:00,0.0
2022-04-30 01:00:00,0.0
2022-04-30 02:00:00,0.0
2022-04-30 03:00:00,0.0
2022-04-30 04:00:00,0.0
2022-04-30 05:00:00,0.0
2022-04-30 06:00:00,0.0
2022-04-30 07:00:00,0.156
2022-04-30 08:00:00,0.555
2022-04-30 09:00:00,1.01
2022-04-30 10:00:00,1.7730000000000001
2022-04-30 11:00:00,1.9449999999999998
2022-04-30 12:00:00,1.643
2022-04-30 13:00:00,1.5
2022-04-30 14:00:00,2.0229999999999997
2022-04-30 15:00:00,1.569
2022-04-30 16:00:00,1.0370000000000001
2022-04-30 17:00:00,0.51
2022-04-30 18:00:00,0.101
2022-04-30 19:00:00,0.0
2022-04-30 20:00:00,0.0
2022-04-30 21:00:00,0.0
2022-04-30 22:00:00,0.0
2022-04-30 23:00:00,0.0
2022-05-01 00:00:00,0.0
2022-05-01 01:00:00,0.0
2022-05-01 02:00:00,0.0
2022-05-01 03:00:00,0.0
2022-05-01 04:00:00,0.0
2022-05-01 05:00:00,0.0
2022-05-01 06:00:00,0.0
2022-05-01 07:00:00,0.44
2022-05-01 08:00:00,1.089
2022-05-01 09:00:00,2.427
2022-05-01 10:00:00,2.974
2022-05-01 11:00:00,6.171
2022-05-01 12:00:00,4.583
2022-05-01 13:00:00,5.145
2022-05-01 14:00:00,3.7670000000000003
2022-05-01 15:00:00,2.308
2022-05-01 16:00:00,1.292
2022-05-01 17:00:00,0.366
2022-05-01 18:00:00,0.0
2022-05-01 19:00:00,0.0
2022-05-01 20:00:00,0.0
2022-05-01 21:00:00,0.0
2022-05-01 22:00:00,0.0
2022-05-01 23:00:00,0.0
2022-05-02 00:00:00,0.0
2022-05-02 01:00:00,0.0
2022-05-02 02:00:00,0.0
2022-05-02 03:00:00,0.0
2022-05-02 04:00:00,0.0
2022-05-02 05:00:00,0.0
2022-05-02 06:00:00,0.154
2022-05-02 07:00:00,1.351
2022-05-02 08:00:00,2.739
2022-05-02 09:00:00,4.390000000000001
2022-05-02 10:00:00,7.601
2022-05-02 11:00:00,10.505
2022-05-02 12:00:00,12.141
2022-05-02 13:00:00,12.124
2022-05-02 14:00:00,11.642
2022-05-02 15:00:00,7.335
2022-05-02 16:00:00,3.331
2022-05-02 17:00:00,1.485
2022-05-02 18:00:00,0.023
2022-05-02 19:00:00,0.0
2022-05-02 20:00:00,0.0
2022-05-02 21:00:00,0.0
2022-05-02 22:00:00,0.0
2022-05-02 23:00:00,0.0
2022-05-03 00:00:00,0.0
2022-05-03 01:00:00,0.0
2022-05-03 02:00:00,0.0
2022-05-03 03:00:00,0.0
2022-05-03 04:00:00,0.0
2022-05-03 05:00:00,0.0
2022-05-03 06:00:00,1.335
2022-05-03 07:00:00,5.920999999999999
2022-05-03 08:00:00,14.45
2022-05-03 09:00:00,19.441000000000003
2022-05-03 10:00:00,25.588
2022-05-03 11:00:00,28.19
2022-05-03 12:00:00,27.379
2022-05-03 13:00:00,24.563000000000002
2022-05-03 14:00:00,20.237000000000002
2022-05-03 15:00:00,13.423
2022-05-03 16:00:00,9.628
2022-05-03 17:00:00,5.777
2022-05-03 18:00:00,0.75
2022-05-03 19:00:00,0.0
2022-05-03 20:00:00,0.0
2022-05-03 21:00:00,0.0
2022-05-03 22:00:00,0.0
2022-05-03 23:00:00,0.0
2022-05-04 00:00:00,0.0
2022-05-04 01:00:00,0.0
2022-05-04 02:00:00,0.0
2022-05-04 03:00:00,0.0
2022-05-04 04:00:00,0.0
2022-05-04 05:00:00,0.0
2022-05-04 06:00:00,1.077
2022-05-04 07:00:00,6.086
2022-05-04 08:00:00,13.092
2022-05-04 09:00:00,20.962
2022-05-04 10:00:00,25.25
2022-05-04 11:00:00,27.92
2022-05-04 12:00:00,27.323
2022-05-04 13:00:00,25.006999999999998
2022-05-04 14:00:00,19.95
2022-05-04 15:00:00,15.911
2022-05-04 16:00:00,11.507
2022-05-04 17:00:00,5.851
2022-05-04 18:00:00,0.923
2022-05-04 19:00:00,0.0
2022-05-04 20:00:00,0.0
2022-05-04 21:00:00,0.0
2022-05-04 22:00:00,0.0
2022-05-04 23:00:00,0.0
2022-05-05 00:00:00,0.0
2022-05-05 01:00:00,0.0
2022-05-05 02:00:00,0.0
2022-05-05 03:00:00,0.0
2022-05-05 04:00:00,0.0
2022-05-05 05:00:00,0.0
2022-05-05 06:00:00,0.832
2022-05-05 07:00:00,5.082000000000001
2022-05-05 08:00:00,8.628
2022-05-05 09:00:00,18.91
2022-05-05 10:00:00,24.242
2022-05-05 11:00:00,24.819000000000003
2022-05-05 12:00:00,25.835
2022-05-05 13:00:00,24.425
2022-05-05 14:00:00,21.067
2022-05-05 15:00:00,15.385000000000002
2022-05-05 16:00:00,10.598
2022-05-05 17:00:00,4.541
2022-05-05 18:00:00,0.5609999999999999
2022-05-05 19:00:00,0.0
2022-05-05 20:00:00,0.0
2022-05-05 21:00:00,0.0
2022-05-05 22:00:00,0.0
2022-05-05 23:00:00,0.0
2022-05-06 00:00:00,0.0
2022-05-06 01:00:00,0.0
2022-05-06 02:00:00,0.0
2022-05-06 03:00:00,0.0
2022-05-06 04:00:00,0.0
2022-05-06 05:00:00,0.0
2022-05-06 06:00:00,1.486
2022-05-06 07:00:00,9.475
2022-05-06 08:00:00,15.757000000000001
2022-05-06 09:00:00,21.017
2022-05-06 10:00:00,22.326
2022-05-06 11:00:00,25.546
2022-05-06 12:00:00,25.303
2022-05-06 13:00:00,25.027
2022-05-06 14:00:00,21.328
2022-05-06 15:00:00,14.756
2022-05-06 16:00:00,9.972
2022-05-06 17:00:00,4.550000000000001
2022-05-06 18:00:00,0.96
2022-05-06 19:00:00,0.0
2022-05-06 20:00:00,0.0
2022-05-06 21:00:00,0.0
2022-05-06 22:00:00,0.0
2022-05-06 23:00:00,0.0
2022-05-07 00:00:00,0.0
2022-05-07 01:00:00,0.0
2022-05-07 02:00:00,0.0
2022-05-07 03:00:00,0.0
2022-05-07 04:00:00,0.0
2022-05-07 05:00:00,0.0
2022-05-07 06:00:00,0.897
2022-05-07 07:00:00,3.1479999999999997
2022-05-07 08:00:00,10.915
2022-05-07 09:00:00,18.442
2022-05-07 10:00:00,20.394000000000002
2022-05-07 11:00:00,20.332
2022-05-07 12:00:00,24.364
2022-05-07 13:00:00,16.023
2022-05-07 14:00:00,5.031
2022-05-07 15:00:00,4.7509999999999994
2022-05-07 16:00:00,3.827
2022-05-07 17:00:00,1.021
2022-05-07 18:00:00,0.21
2022-05-07 19:00:00,0.0
2022-05-07 20:00:00,0.0
2022-05-07 21:00:00,0.0
2022-05-07 22:00:00,0.0
2022-05-07 23:00:00,0.0
2022-05-08 00:00:00,0.0
2022-05-08 01:00:00,0.0
2022-05-08 02:00:00,0.0
2022-05-08 03:00:00,0.0
2022-05-08 04:00:00,0.0
2022-05-08 05:00:00,0.0
2022-05-08 06:00:00,1.294
2022-05-08 07:00:00,5.556
2022-05-08 08:00:00,6.381
2022-05-08 09:00:00,10.468
2022-05-08 10:00:00,10.153
2022-05-08 11:00:00,12.001999999999999
2022-05-08 12:00:00,15.9
2022-05-08 13:00:00,10.022
2022-05-08 14:00:00,7.026
2022-05-08 15:00:00,7.334
2022-05-08 16:00:00,4.927
2022-05-08 17:00:00,1.771
2022-05-08 18:00:00,0.307
2022-05-08 19:00:00,0.0
2022-05-08 20:00:00,0.0
2022-05-08 21:00:00,0.0
2022-05-08 22:00:00,0.0
2022-05-08 23:00:00,0.0
2022-05-09 00:00:00,0.0
2022-05-09 01:00:00,0.0
2022-05-09 02:00:00,0.0
2022-05-09 03:00:00,0.0
2022-05-09 04:00:00,0.0
2022-05-09 05:00:00,0.0
2022-05-09 06:00:00,0.29700000000000004
2022-05-09 07:00:00,1.399
2022-05-09 08:00:00,2.884
2022-05-09 09:00:00,3.7670000000000003
2022-05-09 10:00:00,6.415
2022-05-09 11:00:00,10.964
2022-05-09 12:00:00,17.64
2022-05-09 13:00:00,18.601
2022-05-09 14:00:00,17.117
2022-05-09 15:00:00,10.834
2022-05-09 16:00:00,9.977
2022-05-09 17:00:00,3.8139999999999996
2022-05-09 18:00:00,0.361
2022-05-09 19:00:00,0.0
2022-05-09 20:00:00,0.0
2022-05-09 21:00:00,0.0
2022-05-09 22:00:00,0.0
2022-05-09 23:00:00,0.0
2022-05-10 00:00:00,0.0
2022-05-10 01:00:00,0.0
2022-05-10 02:00:00,0.0
2022-05-10 03:00:00,0.0
2022-05-10 04:00:00,0.0
2022-05-10 05:00:00,0.0
2022-05-10 06:00:00,0.073
2022-05-10 07:00:00,0.9729999999999999
2022-05-10 08:00:00,0.774
2022-05-10 09:00:00,0.594
2022-05-10 10:00:00,1.168
2022-05-10 11:00:00,1.6520000000000001
2022-05-10 12:00:00,1.7690000000000001
2022-05-10 13:00:00,4.485
2022-05-10 14:00:00,3.6630000000000003
2022-05-10 15:00:00,2.2030000000000003
2022-05-10 16:00:00,1.017
2022-05-10 17:00:00,0.923
2022-05-10 18:00:00,0.036
2022-05-10 19:00:00,0.0
2022-05-10 20:00:00,0.0
2022-05-10 21:00:00,0.0
2022-05-10 22:00:00,0.0
2022-05-10 23:00:00,0.0
2022-05-11 00:00:00,0.0
2022-05-11 01:00:00,0.0
2022-05-11 02:00:00,0.0
2022-05-11 03:00:00,0.0
2022-05-11 04:00:00,0.0
2022-05-11 05:00:00,0.0
2022-05-11 06:00:00,0.14
2022-05-11 07:00:00,0.519
2022-05-11 08:00:00,0.86
2022-05-11 09:00:00,0.956
2022-05-11 10:00:00,0.40900000000000003
2022-05-11 11:00:00,0.565
2022-05-11 12:00:00,0.915
2022-05-11 13:00:00,0.679
2022-05-11 14:00:00,2.664
2022-05-11 15:00:00,2.5860000000000003
2022-05-11 16:00:00,1.644
2022-05-11 17:00:00,1.01
2022-05-11 18:00:00,0.0
2022-05-11 19:00:00,0.0
2022-05-11 20:00:00,0.0
2022-05-11 21:00:00,0.0
2022-05-11 22:00:00,0.0
2022-05-11 23:00:00,0.0
2022-05-12 00:00:00,0.0
2022-05-12 01:00:00,0.0
2022-05-12 02:00:00,0.0
2022-05-12 03:00:00,0.0
2022-05-12 04:00:00,0.0
2022-05-12 05:00:00,0.0
2022-05-12 06:00:00,0.0
2022-05-12 07:00:00,0.384
2022-05-12 08:00:00,1.613
2022-05-12 09:00:00,1.141
2022-05-12 10:00:00,0.223
2022-05-12 11:00:00,0.11599999999999999
2022-05-12 12:00:00,0.23199999999999998
2022-05-12 13:00:00,0.767
2022-05-12 14:00:00,0.11800000000000001
2022-05-12 15:00:00,0.093
2022-05-12 16:00:00,0.13999999999999999
2022-05-12 17:00:00,0.0
2022-05-12 18:00:00,0.0
2022-05-12 19:00:00,0.0
2022-05-12 20:00:00,0.0
2022-05-12 21:00:00,0.0
2022-05-12 22:00:00,0.0
2022-05-12 23:00:00,0.0
2022-05-13 00:00:00,0.0
2022-05-13 01:00:00,0.0
2022-05-13 02:00:00,0.0
2022-05-13 03:00:00,0.0
2022-05-13 04:00:00,0.0
2022-05-13 05:00:00,0.0
2022-05-13 06:00:00,0.0
2022-05-13 07:00:00,0.14100000000000001
2022-05-13 08:00:00,1.9729999999999999
2022-05-13 09:00:00,1.8119999999999998
2022-05-13 10:00:00,2.584
2022-05-13 11:00:00,6.537
2022-05-13 12:00:00,10.568999999999999
2022-05-13 13:00:00,11.472
2022-05-13 14:00:00,7.014
2022-05-13 15:00:00,5.614
2022-05-13 16:00:00,2.302
2022-05-13 17:00:00,0.835
2022-05-13 18:00:00,0.0
2022-05-13 19:00:00,0.0
2022-05-13 20:00:00,0.0
2022-05-13 21:00:00,0.0
2022-05-13 22:00:00,0.0
2022-05-13 23:00:00,0.0
2022-05-14 00:00:00,0.0
2022-05-14 01:00:00,0.0
2022-05-14 02:00:00,0.0
2022-05-14 03:00:00,0.0
2022-05-14 04:00:00,0.0
2022-05-14 05:00:00,0.0
2022-05-14 06:00:00,0.302
2022-05-14 07:00:00,1.412
2022-05-14 08:00:00,4.08
2022-05-14 09:00:00,6.415000000000001
2022-05-14 10:00:00,3.615
2022-05-14 11:00:00,5.014
2022-05-14 12:00:00,3.3840000000000003
2022-05-14 13:00:00,2.8680000000000003
2022-05-14 14:00:00,2.5730000000000004
2022-05-14 15:00:00,1.68
2022-05-14 16:00:00,0.859
2022-05-14 17:00:00,0.301
2022-05-14 18:00:00,0.019
2022-05-14 19:00:00,0.0
2022-05-14 20:00:00,0.0
2022-05-14 21:00:00,0.0
2022-05-14 22:00:00,0.0
2022-05-14 23:00:00,0.0
2022-05-15 00:00:00,0.0
2022-05-15 01:00:00,0.0
2022-05-15 02:00:00,0.0
2022-05-15 03:00:00,0.0
2022-05-15 04:00:00,0.0
2022-05-15 05:00:00,0.0
2022-05-15 06:00:00,0.0
2022-05-15 07:00:00,0.11299999999999999
2022-05-15 08:00:00,0.862
2022-05-15 09:00:00,1.687
2022-05-15 10:00:00,2.162
2022-05-15 11:00:00,3.974
2022-05-15 12:00:00,10.77
2022-05-15 13:00:00,12.415
2022-05-15 14:00:00,6.641
2022-05-15 15:00:00,2.635
2022-05-15 16:00:00,2.949
2022-05-15 17:00:00,0.6859999999999999
2022-05-15 18:00:00,0.04
2022-05-15 19:00:00,0.0
2022-05-15 20:00:00,0.0
2022-05-15 21:00:00,0.0
2022-05-15 22:00:00,0.0
2022-05-15 23:00:00,0.0
2022-05-16 00:00:00,0.0
2022-05-16 01:00:00,0.0
2022-05-16 02:00:00,0.0
2022-05-16 03:00:00,0.0
2022-05-16 04:00:00,0.0
2022-05-16 05:00:00,0.0
2022-05-16 06:00:00,0.038
2022-05-16 07:00:00,0.636
2022-05-16 08:00:00,2.325
2022-05-16 09:00:00,2.597
2022-05-16 10:00:00,4.043
2022-05-16 11:00:00,5.125
2022-05-16 12:00:00,5.329
2022-05-16 13:00:00,9.803
2022-05-16 14:00:00,8.175
2022-05-16 15:00:00,4.452
2022-05-16 16:00:00,2.784
2022-05-16 17:00:00,2.325
2022-05-16 18:00:00,0.136
2022-05-16 19:00:00,0.0
2022-05-16 20:00:00,0.0
2022-05-16 21:00:00,0.0
2022-05-16 22:00:00,0.0
2022-05-16 23:00:00,0.0
2022-05-17 00:00:00,0.0
2022-05-17 01:00:00,0.0
2022-05-17 02:00:00,0.0
2022-05-17 03:00:00,0.0
2022-05-17 04:00:00,0.0
2022-05-17 05:00:00,0.0
2022-05-17 06:00:00,0.214
2022-05-17 07:00:00,3.3529999999999998
2022-05-17 08:00:00,6.176
2022-05-17 09:00:00,14.821
2022-05-17 10:00:00,23.897
2022-05-17 11:00:00,28.428
2022-05-17 12:00:00,28.242
2022-05-17 13:00:00,26.912
2022-05-17 14:00:00,20.118000000000002
2022-05-17 15:00:00,16.959
2022-05-17 16:00:00,11.541
2022-05-17 17:00:00,5.11
2022-05-17 18:00:00,0.327
2022-05-17 19:00:00,0.0
2022-05-17 20:00:00,0.0
2022-05-17 21:00:00,0.0
2022-05-17 22:00:00,0.0
2022-05-17 23:00:00,0.0
2022-05-18 00:00:00,0.0
2022-05-18 01:00:00,0.0
2022-05-18 02:00:00,0.0
2022-05-18 03:00:00,0.0
2022-05-18 04:00:00,0.0
2022-05-18 05:00:00,0.013
2022-05-18 06:00:00,0.967
2022-05-18 07:00:00,5.477
2022-05-18 08:00:00,15.873000000000001
2022-05-18 09:00:00,21.758
2022-05-18 10:00:00,21.585
2022-05-18 11:00:00,24.912000000000003
2022-05-18 12:00:00,23.058
2022-05-18 13:00:00,19.689
2022-05-18 14:00:00,13.440000000000001
2022-05-18 15:00:00,9.079
2022-05-18 16:00:00,6.358
2022-05-18 17:00:00,3.052
2022-05-18 18:00:00,0.496
2022-05-18 19:00:00,0.0
2022-05-18 20:00:00,0.0
2022-05-18 21:00:00,0.0
2022-05-18 22:00:00,0.0
2022-05-18 23:00:00,0.0
2022-05-19 00:00:00,0.0
2022-05-19 01:00:00,0.0
2022-05-19 02:00:00,0.0
2022-05-19 03:00:00,0.0
2022-05-19 04:00:00,0.0
2022-05-19 05:00:00,0.003
2022-05-19 06:00:00,1.474
2022-05-19 07:00:00,3.445
2022-05-19 08:00:00,7.598
2022-05-19 09:00:00,14.775
2022-05-19 10:00:00,15.968
2022-05-19 11:00:00,22.665
2022-05-19 12:00:00,25.407
2022-05-19 13:00:00,26.03
2022-05-19 14:00:00,20.71
2022-05-19 15:00:00,18.101
2022-05-19 16:00:00,12.851
2022-05-19 17:00:00,3.826
2022-05-19 18:00:00,0.666
2022-05-19 19:00:00,0.0
2022-05-19 20:00:00,0.0
2022-05-19 21:00:00,0.0
2022-05-19 22:00:00,0.0
2022-05-19 23:00:00,0.0
2022-05-20 00:00:00,0.0
2022-05-20 01:00:00,0.0
2022-05-20 02:00:00,0.0
2022-05-20 03:00:00,0.0
2022-05-20 04:00:00,0.0
2022-05-20 05:00:00,0.0
2022-05-20 06:00:00,1.314
2022-05-20 07:00:00,3.919
2022-05-20 08:00:00,13.547
2022-05-20 09:00:00,19.715
2022-05-20 10:00:00,26.297
2022-05-20 11:00:00,26.249000000000002
2022-05-20 12:00:00,25.029
2022-05-20 13:00:00,25.35
2022-05-20 14:00:00,22.116
2022-05-20 15:00:00,12.309000000000001
2022-05-20 16:00:00,10.672
2022-05-20 17:00:00,4.561
2022-05-20 18:00:00,0.794
2022-05-20 19:00:00,0.0
2022-05-20 20:00:00,0.0
2022-05-20 21:00:00,0.0
2022-05-20 22:00:00,0.0
2022-05-20 23:00:00,0.0
2022-05-21 00:00:00,0.0
2022-05-21 01:00:00,0.0
2022-05-21 02:00:00,0.0
2022-05-21 03:00:00,0.0
2022-05-21 04:00:00,0.0
2022-05-21 05:00:00,0.0
2022-05-21 06:00:00,1.587
2022-05-21 07:00:00,6.146
2022-05-21 08:00:00,8.789
2022-05-21 09:00:00,18.437
2022-05-21 10:00:00,22.371000000000002
2022-05-21 11:00:00,22.28
2022-05-21 12:00:00,25.282
2022-05-21 13:00:00,23.221
2022-05-21 14:00:00,19.612000000000002
2022-05-21 15:00:00,11.673
2022-05-21 16:00:00,5.745
2022-05-21 17:00:00,3.747
2022-05-21 18:00:00,0.564
2022-05-21 19:00:00,0.0
2022-05-21 20:00:00,0.0
2022-05-21 21:00:00,0.0
2022-05-21 22:00:00,0.0
2022-05-21 23:00:00,0.0
2022-05-22 00:00:00,0.0
2022-05-22 01:00:00,0.0
2022-05-22 02:00:00,0.0
2022-05-22 03:00:00,0.0
2022-05-22 04:00:00,0.0
2022-05-22 05:00:00,0.0
2022-05-22 06:00:00,0.019
2022-05-22 07:00:00,0.6890000000000001
2022-05-22 08:00:00,1.843
2022-05-22 09:00:00,2.033
2022-05-22 10:00:00,2.349
2022-05-22 11:00:00,3.1710000000000003
2022-05-22 12:00:00,4.587
2022-05-22 13:00:00,3.7030000000000003
2022-05-22 14:00:00,3.44
2022-05-22 15:00:00,2.686
2022-05-22 16:00:00,2.057
2022-05-22 17:00:00,1.565
2022-05-22 18:00:00,0.287
2022-05-22 19:00:00,0.0
2022-05-22 20:00:00,0.0
2022-05-22 21:00:00,0.0
2022-05-22 22:00:00,0.0
2022-05-22 23:00:00,0.0
2022-05-23 00:00:00,0.0
2022-05-23 01:00:00,0.0
2022-05-23 02:00:00,0.0
2022-05-23 03:00:00,0.0
2022-05-23 04:00:00,0.0
2022-05-23 05:00:00,0.0
2022-05-23 06:00:00,0.0
2022-05-23 07:00:00,0.10699999999999998
2022-05-23 08:00:00,0.387
2022-05-23 09:00:00,0.927
2022-05-23 10:00:00,1.343
2022-05-23 11:00:00,1.617
2022-05-23 12:00:00,1.738
2022-05-23 13:00:00,1.925
2022-05-23 14:00:00,1.588
2022-05-23 15:00:00,1.242
2022-05-23 16:00:00,0.536
2022-05-23 17:00:00,0.123
2022-05-23 18:00:00,0.039
2022-05-23 19:00:00,0.0
2022-05-23 20:00:00,0.0
2022-05-23 21:00:00,0.0
2022-05-23 22:00:00,0.0
2022-05-23 23:00:00,0.0
2022-05-24 00:00:00,0.0
2022-05-24 01:00:00,0.0
2022-05-24 02:00:00,0.0
2022-05-24 03:00:00,0.0
2022-05-24 04:00:00,0.0
2022-05-24 05:00:00,0.0
2022-05-24 06:00:00,0.0
2022-05-24 07:00:00,0.132
2022-05-24 08:00:00,0.587
2022-05-24 09:00:00,0.8049999999999999
2022-05-24 10:00:00,1.236
2022-05-24 11:00:00,1.585
2022-05-24 12:00:00,4.323
2022-05-24 13:00:00,3.063
2022-05-24 14:00:00,1.529
2022-05-24 15:00:00,1.066
2022-05-24 16:00:00,1.085
2022-05-24 17:00:00,0.383
2022-05-24 18:00:00,0.051000000000000004
2022-05-24 19:00:00,0.0
2022-05-24 20:00:00,0.0
2022-05-24 21:00:00,0.0
2022-05-24 22:00:00,0.0
2022-05-24 23:00:00,0.0
2022-05-25 00:00:00,0.0
2022-05-25 01:00:00,0.0
2022-05-25 02:00:00,0.0
2022-05-25 03:00:00,0.0
2022-05-25 04:00:00,0.0
2022-05-25 05:00:00,0.0
2022-05-25 06:00:00,0.0
2022-05-25 07:00:00,0.399
2022-05-25 08:00:00,1.542
2022-05-25 09:00:00,2.6189999999999998
2022-05-25 10:00:00,4.287
2022-05-25 11:00:00,7.7940000000000005
2022-05-25 12:00:00,8.984
2022-05-25 13:00:00,12.393
2022-05-25 14:00:00,9.53
2022-05-25 15:00:00,5.25
2022-05-25 16:00:00,3.848
2022-05-25 17:00:00,1.0050000000000001
2022-05-25 18:00:00,0.108
2022-05-25 19:00:00,0.0
2022-05-25 20:00:00,0.0
2022-05-25 21:00:00,0.0
2022-05-25 22:00:00,0.0
2022-05-25 23:00:00,0.0
2022-05-26 00:00:00,0.0
2022-05-26 01:00:00,0.0
2022-05-26 02:00:00,0.0
2022-05-26 03:00:00,0.0
2022-05-26 04:00:00,0.0
2022-05-26 05:00:00,0.0
2022-05-26 06:00:00,0.062
2022-05-26 07:00:00,1.695
2022-05-26 08:00:00,4.338
2022-05-26 09:00:00,4.871
2022-05-26 10:00:00,6.202
2022-05-26 11:00:00,8.190999999999999
2022-05-26 12:00:00,8.1
2022-05-26 13:00:00,6.696
2022-05-26 14:00:00,2.041
2022-05-26 15:00:00,1.115
2022-05-26 16:00:00,2.589
2022-05-26 17:00:00,1.0030000000000001
2022-05-26 18:00:00,0.52
2022-05-26 19:00:00,0.0
2022-05-26 20:00:00,0.0
2022-05-26 21:00:00,0.0
2022-05-26 22:00:00,0.0
2022-05-26 23:00:00,0.0
2022-05-27 00:00:00,0.0
2022-05-27 01:00:00,0.0
2022-05-27 02:00:00,0.0
2022-05-27 03:00:00,0.0
2022-05-27 04:00:00,0.0
2022-05-27 05:00:00,0.0
2022-05-27 06:00:00,0.2
2022-05-27 07:00:00,1.264
2022-05-27 08:00:00,2.654
2022-05-27 09:00:00,4.245
2022-05-27 10:00:00,4.479
2022-05-27 11:00:00,2.74
2022-05-27 12:00:00,2.928
2022-05-27 13:00:00,3.201
2022-05-27 14:00:00,1.641
2022-05-27 15:00:00,1.413
2022-05-27 16:00:00,2.021
2022-05-27 17:00:00,1.008
2022-05-27 18:00:00,0.413
2022-05-27 19:00:00,0.0
2022-05-27 20:00:00,0.0
2022-05-27 21:00:00,0.0
2022-05-27 22:00:00,0.0
2022-05-27 23:00:00,0.0
2022-05-28 00:00:00,0.0
2022-05-28 01:00:00,0.0
2022-05-28 02:00:00,0.0
2022-05-28 03:00:00,0.0
2022-05-28 04:00:00,0.0
2022-05-28 05:00:00,0.0
2022-05-28 06:00:00,1.163
2022-05-28 07:00:00,3.021
2022-05-28 08:00:00,8.105
2022-05-28 09:00:00,11.904
2022-05-28 10:00:00,16.748
2022-05-28 11:00:00,23.214
2022-05-28 12:00:00,15.911000000000001
2022-05-28 13:00:00,12.931000000000001
2022-05-28 14:00:00,14.603
2022-05-28 15:00:00,9.757
2022-05-28 16:00:00,5.964
2022-05-28 17:00:00,2.175
2022-05-28 18:00:00,0.146
2022-05-28 19:00:00,0.0
2022-05-28 20:00:00,0.0
2022-05-28 21:00:00,0.0
2022-05-28 22:00:00,0.0
2022-05-28 23:00:00,0.0
2022-05-29 00:00:00,0.0
2022-05-29 01:00:00,0.0
2022-05-29 02:00:00,0.0
2022-05-29 03:00:00,0.0
2022-05-29 04:00:00,0.0
2022-05-29 05:00:00,0.012
2022-05-29 06:00:00,1.521
2022-05-29 07:00:00,7.798
2022-05-29 08:00:00,10.828
2022-05-29 09:00:00,7.901
2022-05-29 10:00:00,19.697000000000003
2022-05-29 11:00:00,23.298000000000002
2022-05-29 12:00:00,15.822
2022-05-29 13:00:00,21.78
2022-05-29 14:00:00,20.846
2022-05-29 15:00:00,18.066000000000003
2022-05-29 16:00:00,8.408
2022-05-29 17:00:00,1.856
2022-05-29 18:00:00,0.967
2022-05-29 19:00:00,0.0
2022-05-29 20:00:00,0.0
2022-05-29 21:00:00,0.0
2022-05-29 22:00:00,0.0
2022-05-29 23:00:00,0.0
2022-05-30 00:00:00,0.0
2022-05-30 01:00:00,0.0
2022-05-30 02:00:00,0.0
2022-05-30 03:00:00,0.0
2022-05-30 04:00:00,0.0
2022-05-30 05:00:00,0.005
2022-05-30 06:00:00,1.222
2022-05-30 07:00:00,2.354
2022-05-30 08:00:00,2.979
2022-05-30 09:00:00,6.649
2022-05-30 10:00:00,10.67
2022-05-30 11:00:00,13.339
2022-05-30 12:00:00,7.204999999999999
2022-05-30 13:00:00,17.65
2022-05-30 14:00:00,20.283
2022-05-30 15:00:00,15.84
2022-05-30 16:00:00,10.805
2022-05-30 17:00:00,5.742
2022-05-30 18:00:00,0.98
2022-05-30 19:00:00,0.0
2022-05-30 20:00:00,0.0
2022-05-30 21:00:00,0.0
2022-05-30 22:00:00,0.0
2022-05-30 23:00:00,0.0
2022-05-31 00:00:00,0.0
2022-05-31 01:00:00,0.0
2022-05-31 02:00:00,0.0
2022-05-31 03:00:00,0.0
2022-05-31 04:00:00,0.0
2022-05-31 05:00:00,0.029
2022-05-31 06:00:00,1.808
2022-05-31 07:00:00,6.156000000000001
2022-05-31 08:00:00,13.699
2022-05-31 09:00:00,16.259
2022-05-31 10:00:00,20.205
2022-05-31 11:00:00,10.683
2022-05-31 12:00:00,5.317
2022-05-31 13:00:00,12.879
2022-05-31 14:00:00,7.088
2022-05-31 15:00:00,4.678
2022-05-31 16:00:00,4.319
2022-05-31 17:00:00,2.9080000000000004
2022-05-31 18:00:00,0.61
2022-05-31 19:00:00,0.0
2022-05-31 20:00:00,0.0
2022-05-31 21:00:00,0.0
2022-05-31 22:00:00,0.0
2022-05-31 23:00:00,0.0
2022-06-01 00:00:00,0.0
2022-06-01 01:00:00,0.0
2022-06-01 02:00:00,0.0
2022-06-01 03:00:00,0.0
2022-06-01 04:00:00,0.0
2022-06-01 05:00:00,0.0
2022-06-01 06:00:00,0.8799999999999999
2022-06-01 07:00:00,3.377
2022-06-01 08:00:00,8.543
2022-06-01 09:00:00,10.282
2022-06-01 10:00:00,17.621
2022-06-01 11:00:00,16.744
2022-06-01 12:00:00,15.133000000000001
2022-06-01 13:00:00,16.241
2022-06-01 14:00:00,7.382
2022-06-01 15:00:00,7.896
2022-06-01 16:00:00,5.783
2022-06-01 17:00:00,2.824
2022-06-01 18:00:00,0.75
2022-06-01 19:00:00,0.0
2022-06-01 20:00:00,0.0
2022-06-01 21:00:00,0.0
2022-06-01 22:00:00,0.0
2022-06-01 23:00:00,0.0
2022-06-02 00:00:00,0.0
2022-06-02 01:00:00,0.0
2022-06-02 02:00:00,0.0
2022-06-02 03:00:00,0.0
2022-06-02 04:00:00,0.0
2022-06-02 05:00:00,0.0
2022-06-02 06:00:00,1.052
2022-06-02 07:00:00,4.114
2022-06-02 08:00:00,11.265
2022-06-02 09:00:00,16.368000000000002
2022-06-02 10:00:00,14.1
2022-06-02 11:00:00,10.616
2022-06-02 12:00:00,16.829
2022-06-02 13:00:00,17.594
2022-06-02 14:00:00,18.055
2022-06-02 15:00:00,9.918
2022-06-02 16:00:00,7.727
2022-06-02 17:00:00,5.425
2022-06-02 18:00:00,0.891
2022-06-02 19:00:00,0.0
2022-06-02 20:00:00,0.0
2022-06-02 21:00:00,0.0
2022-06-02 22:00:00,0.0
2022-06-02 23:00:00,0.0
2022-06-03 00:00:00,0.0
2022-06-03 01:00:00,0.0
2022-06-03 02:00:00,0.0
2022-06-03 03:00:00,0.0
2022-06-03 04:00:00,0.0
2022-06-03 05:00:00,0.0
2022-06-03 06:00:00,1.147
2022-06-03 07:00:00,6.288
2022-06-03 08:00:00,9.592
2022-06-03 09:00:00,12.167
2022-06-03 10:00:00,14.309999999999999
2022-06-03 11:00:00,11.767000000000001
2022-06-03 12:00:00,10.462
2022-06-03 13:00:00,8.946000000000002
2022-06-03 14:00:00,4.131
2022-06-03 15:00:00,4.714
2022-06-03 16:00:00,3.031
2022-06-03 17:00:00,2.334
2022-06-03 18:00:00,0.396
2022-06-03 19:00:00,0.0
2022-06-03 20:00:00,0.0
2022-06-03 21:00:00,0.0
2022-06-03 22:00:00,0.0
2022-06-03 23:00:00,0.0
2022-06-04 00:00:00,0.0
2022-06-04 01:00:00,0.0
2022-06-04 02:00:00,0.0
2022-06-04 03:00:00,0.0
2022-06-04 04:00:00,0.0
2022-06-04 05:00:00,0.034
2022-06-04 06:00:00,1.903
2022-06-04 07:00:00,7.253
2022-06-04 08:00:00,9.844000000000001
2022-06-04 09:00:00,14.238
2022-06-04 10:00:00,16.675
2022-06-04 11:00:00,15.988000000000001
2022-06-04 12:00:00,13.629000000000001
2022-06-04 13:00:00,12.78
2022-06-04 14:00:00,16.19
2022-06-04 15:00:00,9.091000000000001
2022-06-04 16:00:00,3.8499999999999996
2022-06-04 17:00:00,1.246
2022-06-04 18:00:00,0.379
2022-06-04 19:00:00,0.0
2022-06-04 20:00:00,0.0
2022-06-04 21:00:00,0.0
2022-06-04 22:00:00,0.0
2022-06-04 23:00:00,0.0
2022-06-05 00:00:00,0.0
2022-06-05 01:00:00,0.0
2022-06-05 02:00:00,0.0
2022-06-05 03:00:00,0.0
2022-06-05 04:00:00,0.0
2022-06-05 05:00:00,0.004
2022-06-05 06:00:00,1.887
2022-06-05 07:00:00,6.309
2022-06-05 08:00:00,8.966999999999999
2022-06-05 09:00:00,10.384
2022-06-05 10:00:00,14.71
2022-06-05 11:00:00,14.869
2022-06-05 12:00:00,14.61
2022-06-05 13:00:00,15.955
2022-06-05 14:00:00,17.797
2022-06-05 15:00:00,11.115
2022-06-05 16:00:00,7.737
2022-06-05 17:00:00,2.313
2022-06-05 18:00:00,0.503
2022-06-05 19:00:00,0.0
2022-06-05 20:00:00,0.0
2022-06-05 21:00:00,0.0
2022-06-05 22:00:00,0.0
2022-06-05 23:00:00,0.0
2022-06-06 00:00:00,0.0
2022-06-06 01:00:00,0.0
2022-06-06 02:00:00,0.0
2022-06-06 03:00:00,0.0
2022-06-06 04:00:00,0.0
2022-06-06 05:00:00,0.007
2022-06-06 06:00:00,2.274
2022-06-06 07:00:00,5.508
2022-06-06 08:00:00,8.305
2022-06-06 09:00:00,4.277
2022-06-06 10:00:00,13.047
2022-06-06 11:00:00,17.934
2022-06-06 12:00:00,9.752
2022-06-06 13:00:00,1.96
2022-06-06 14:00:00,1.518
2022-06-06 15:00:00,1.642
2022-06-06 16:00:00,2.002
2022-06-06 17:00:00,1.421
2022-06-06 18:00:00,0.009
2022-06-06 19:00:00,0.0
2022-06-06 20:00:00,0.0
2022-06-06 21:00:00,0.0
2022-06-06 22:00:00,0.0
2022-06-06 23:00:00,0.0
2022-06-07 00:00:00,0.0
2022-06-07 01:00:00,0.0
2022-06-07 02:00:00,0.0
2022-06-07 03:00:00,0.0
2022-06-07 04:00:00,0.0
2022-06-07 05:00:00,0.0
2022-06-07 06:00:00,0.0
2022-06-07 07:00:00,0.772
2022-06-07 08:00:00,1.937
2022-06-07 09:00:00,3.723
2022-06-07 10:00:00,8.358
2022-06-07 11:00:00,11.451
2022-06-07 12:00:00,5.055
2022-06-07 13:00:00,10.369
2022-06-07 14:00:00,2.918
2022-06-07 15:00:00,2.396
2022-06-07 16:00:00,3.244
2022-06-07 17:00:00,0.9730000000000001
2022-06-07 18:00:00,0.033
2022-06-07 19:00:00,0.0
2022-06-07 20:00:00,0.0
2022-06-07 21:00:00,0.0
2022-06-07 22:00:00,0.0
2022-06-07 23:00:00,0.0
2022-06-08 00:00:00,0.0
2022-06-08 01:00:00,0.0
2022-06-08 02:00:00,0.0
2022-06-08 03:00:00,0.0
2022-06-08 04:00:00,0.0
2022-06-08 05:00:00,0.0
2022-06-08 06:00:00,0.06999999999999999
2022-06-08 07:00:00,0.40700000000000003
2022-06-08 08:00:00,0.662
2022-06-08 09:00:00,1.645
2022-06-08 10:00:00,0.35700000000000004
2022-06-08 11:00:00,0.0
2022-06-08 12:00:00,0.195
2022-06-08 13:00:00,0.659
2022-06-08 14:00:00,0.248
2022-06-08 15:00:00,0.016
2022-06-08 16:00:00,0.409
2022-06-08 17:00:00,0.745
2022-06-08 18:00:00,0.028
2022-06-08 19:00:00,0.0
2022-06-08 20:00:00,0.0
2022-06-08 21:00:00,0.0
2022-06-08 22:00:00,0.0
2022-06-08 23:00:00,0.0
2022-06-09 00:00:00,0.0
2022-06-09 01:00:00,0.0
2022-06-09 02:00:00,0.0
2022-06-09 03:00:00,0.0
2022-06-09 04:00:00,0.0
2022-06-09 05:00:00,0.014
2022-06-09 06:00:00,2.318
2022-06-09 07:00:00,3.016
2022-06-09 08:00:00,3.342
2022-06-09 09:00:00,3.26
2022-06-09 10:00:00,1.6920000000000002
2022-06-09 11:00:00,4.242
2022-06-09 12:00:00,10.483
2022-06-09 13:00:00,1.826
2022-06-09 14:00:00,5.187
2022-06-09 15:00:00,5.034
2022-06-09 16:00:00,3.307
2022-06-09 17:00:00,2.327
2022-06-09 18:00:00,0.598
2022-06-09 19:00:00,0.0
2022-06-09 20:00:00,0.0
2022-06-09 21:00:00,0.0
2022-06-09 22:00:00,0.0
2022-06-09 23:00:00,0.0
2022-06-10 00:00:00,0.0
2022-06-10 01:00:00,0.0
2022-06-10 02:00:00,0.0
2022-06-10 03:00:00,0.0
2022-06-10 04:00:00,0.0
2022-06-10 05:00:00,0.0
2022-06-10 06:00:00,0.185
2022-06-10 07:00:00,1.651
2022-06-10 08:00:00,6.335
2022-06-10 09:00:00,6.68
2022-06-10 10:00:00,5.107
2022-06-10 11:00:00,5.267
2022-06-10 12:00:00,6.313000000000001
2022-06-10 13:00:00,7.673
2022-06-10 14:00:00,6.609999999999999
2022-06-10 15:00:00,8.592
2022-06-10 16:00:00,2.509
2022-06-10 17:00:00,1.764
2022-06-10 18:00:00,0.47400000000000003
2022-06-10 19:00:00,0.0
2022-06-10 20:00:00,0.0
2022-06-10 21:00:00,0.0
2022-06-10 22:00:00,0.0
2022-06-10 23:00:00,0.0
2022-06-11 00:00:00,0.0
2022-06-11 01:00:00,0.0
2022-06-11 02:00:00,0.0
2022-06-11 03:00:00,0.0
2022-06-11 04:00:00,0.0
2022-06-11 05:00:00,0.0
2022-06-11 06:00:00,0.17
2022-06-11 07:00:00,0.392
2022-06-11 08:00:00,1.8290000000000002
2022-06-11 09:00:00,7.089
2022-06-11 10:00:00,7.8870000000000005
2022-06-11 11:00:00,8.862
2022-06-11 12:00:00,6.164
2022-06-11 13:00:00,2.114
2022-06-11 14:00:00,1.08
2022-06-11 15:00:00,0.422
2022-06-11 16:00:00,1.422
2022-06-11 17:00:00,1.319
2022-06-11 18:00:00,0.238
2022-06-11 19:00:00,0.0
2022-06-11 20:00:00,0.0
2022-06-11 21:00:00,0.0
2022-06-11 22:00:00,0.0
2022-06-11 23:00:00,0.0
2022-06-12 00:00:00,0.0
2022-06-12 01:00:00,0.0
2022-06-12 02:00:00,0.0
2022-06-12 03:00:00,0.0
2022-06-12 04:00:00,0.0
2022-06-12 05:00:00,0.0
2022-06-12 06:00:00,0.0
2022-06-12 07:00:00,0.34099999999999997
2022-06-12 08:00:00,2.364
2022-06-12 09:00:00,5.356
2022-06-12 10:00:00,3.8939999999999997
2022-06-12 11:00:00,3.567
2022-06-12 12:00:00,12.474
2022-06-12 13:00:00,13.684000000000001
2022-06-12 14:00:00,7.968
2022-06-12 15:00:00,4.593
2022-06-12 16:00:00,4.963
2022-06-12 17:00:00,2.515
2022-06-12 18:00:00,0.372
2022-06-12 19:00:00,0.0
2022-06-12 20:00:00,0.0
2022-06-12 21:00:00,0.0
2022-06-12 22:00:00,0.0
2022-06-12 23:00:00,0.0
2022-06-13 00:00:00,0.0
2022-06-13 01:00:00,0.0
2022-06-13 02:00:00,0.0
2022-06-13 03:00:00,0.0
2022-06-13 04:00:00,0.0
2022-06-13 05:00:00,0.0
2022-06-13 06:00:00,0.835
2022-06-13 07:00:00,3.684
2022-06-13 08:00:00,10.213000000000001
2022-06-13 09:00:00,13.85
2022-06-13 10:00:00,14.347999999999999
2022-06-13 11:00:00,14.121
2022-06-13 12:00:00,10.355
2022-06-13 13:00:00,10.134
2022-06-13 14:00:00,8.615
2022-06-13 15:00:00,5.891
2022-06-13 16:00:00,2.653
2022-06-13 17:00:00,1.496
2022-06-13 18:00:00,0.153
2022-06-13 19:00:00,0.0
2022-06-13 20:00:00,0.0
2022-06-13 21:00:00,0.0
2022-06-13 22:00:00,0.0
2022-06-13 23:00:00,0.0
2022-06-14 00:00:00,0.0
2022-06-14 01:00:00,0.0
2022-06-14 02:00:00,0.0
2022-06-14 03:00:00,0.0
2022-06-14 04:00:00,0.0
2022-06-14 05:00:00,0.0
2022-06-14 06:00:00,0.841
2022-06-14 07:00:00,4.354
2022-06-14 08:00:00,5.746
2022-06-14 09:00:00,4.495
2022-06-14 10:00:00,2.472
2022-06-14 11:00:00,0.792
2022-06-14 12:00:00,3.5389999999999997
2022-06-14 13:00:00,2.242
2022-06-14 14:00:00,0.56
2022-06-14 15:00:00,0.314
2022-06-14 16:00:00,1.341
2022-06-14 17:00:00,1.022
2022-06-14 18:00:00,0.29500000000000004
2022-06-14 19:00:00,0.0
2022-06-14 20:00:00,0.0
2022-06-14 21:00:00,0.0
2022-06-14 22:00:00,0.0
2022-06-14 23:00:00,0.0
2022-06-15 00:00:00,0.0
2022-06-15 01:00:00,0.0
2022-06-15 02:00:00,0.0
2022-06-15 03:00:00,0.0
2022-06-15 04:00:00,0.0
2022-06-15 05:00:00,0.0
2022-06-15 06:00:00,1.265
2022-06-15 07:00:00,3.123
2022-06-15 08:00:00,6.247
2022-06-15 09:00:00,8.644
2022-06-15 10:00:00,10.022
2022-06-15 11:00:00,4.768000000000001
2022-06-15 12:00:00,11.298
2022-06-15 13:00:00,9.857
2022-06-15 14:00:00,12.788
2022-06-15 15:00:00,12.629000000000001
2022-06-15 16:00:00,3.04
2022-06-15 17:00:00,0.8130000000000001
2022-06-15 18:00:00,0.034
2022-06-15 19:00:00,0.0
2022-06-15 20:00:00,0.0
2022-06-15 21:00:00,0.0
2022-06-15 22:00:00,0.0
2022-06-15 23:00:00,0.0
2022-06-16 00:00:00,0.0
2022-06-16 01:00:00,0.0
2022-06-16 02:00:00,0.0
2022-06-16 03:00:00,0.0
2022-06-16 04:00:00,0.0
2022-06-16 05:00:00,0.0
2022-06-16 06:00:00,0.354
2022-06-16 07:00:00,1.48
2022-06-16 08:00:00,3.353
2022-06-16 09:00:00,3.968
2022-06-16 10:00:00,3.141
2022-06-16 11:00:00,11.586
2022-06-16 12:00:00,13.313
2022-06-16 13:00:00,13.89
2022-06-16 14:00:00,16.359
2022-06-16 15:00:00,8.665000000000001
2022-06-16 16:00:00,4.3469999999999995
2022-06-16 17:00:00,2.372
2022-06-16 18:00:00,0.882
2022-06-16 19:00:00,0.0
2022-06-16 20:00:00,0.0
2022-06-16 21:00:00,0.0
2022-06-16 22:00:00,0.0
2022-06-16 23:00:00,0.0
2022-06-17 00:00:00,0.0
2022-06-17 01:00:00,0.0
2022-06-17 02:00:00,0.0
2022-06-17 03:00:00,0.0
2022-06-17 04:00:00,0.0
2022-06-17 05:00:00,0.0
2022-06-17 06:00:00,0.9279999999999999
2022-06-17 07:00:00,1.911
2022-06-17 08:00:00,12.505
2022-06-17 09:00:00,19.654
2022-06-17 10:00:00,18.052
2022-06-17 11:00:00,18.498
2022-06-17 12:00:00,12.597
2022-06-17 13:00:00,18.401
2022-06-17 14:00:00,18.973
2022-06-17 15:00:00,10.857
2022-06-17 16:00:00,5.232
2022-06-17 17:00:00,2.429
2022-06-17 18:00:00,0.576
2022-06-17 19:00:00,0.0
2022-06-17 20:00:00,0.0
2022-06-17 21:00:00,0.0
2022-06-17 22:00:00,0.0
2022-06-17 23:00:00,0.0
2022-06-18 00:00:00,0.0
2022-06-18 01:00:00,0.0
2022-06-18 02:00:00,0.0
2022-06-18 03:00:00,0.0
2022-06-18 04:00:00,0.0
2022-06-18 05:00:00,0.001
2022-06-18 06:00:00,0.724
2022-06-18 07:00:00,3.215
2022-06-18 08:00:00,4.414000000000001
2022-06-18 09:00:00,7.848000000000001
2022-06-18 10:00:00,6.983
2022-06-18 11:00:00,9.053
2022-06-18 12:00:00,10.497
2022-06-18 13:00:00,11.030000000000001
2022-06-18 14:00:00,6.563
2022-06-18 15:00:00,6.217
2022-06-18 16:00:00,5.24
2022-06-18 17:00:00,2.396
2022-06-18 18:00:00,0.529
2022-06-18 19:00:00,0.0
2022-06-18 20:00:00,0.0
2022-06-18 21:00:00,0.0
2022-06-18 22:00:00,0.0
2022-06-18 23:00:00,0.0
2022-06-19 00:00:00,0.0
2022-06-19 01:00:00,0.0
2022-06-19 02:00:00,0.0
2022-06-19 03:00:00,0.0
2022-06-19 04:00:00,0.0
2022-06-19 05:00:00,0.0
2022-06-19 06:00:00,2.1879999999999997
2022-06-19 07:00:00,4.427
2022-06-19 08:00:00,5.845000000000001
2022-06-19 09:00:00,6.285
2022-06-19 10:00:00,9.231
2022-06-19 11:00:00,8.004
2022-06-19 12:00:00,10.402
2022-06-19 13:00:00,10.143
2022-06-19 14:00:00,9.119
2022-06-19 15:00:00,6.12
2022-06-19 16:00:00,4.912
2022-06-19 17:00:00,3.076
2022-06-19 18:00:00,1.007
2022-06-19 19:00:00,0.0
2022-06-19 20:00:00,0.0
2022-06-19 21:00:00,0.0
2022-06-19 22:00:00,0.0
2022-06-19 23:00:00,0.0
2022-06-20 00:00:00,0.0
2022-06-20 01:00:00,0.0
2022-06-20 02:00:00,0.0
2022-06-20 03:00:00,0.0
2022-06-20 04:00:00,0.0
2022-06-20 05:00:00,0.0
2022-06-20 06:00:00,1.996
2022-06-20 07:00:00,3.588
2022-06-20 08:00:00,8.83
2022-06-20 09:00:00,11.903
2022-06-20 10:00:00,11.656
2022-06-20 11:00:00,9.486
2022-06-20 12:00:00,14.105
2022-06-20 13:00:00,12.350000000000001
2022-06-20 14:00:00,11.615
2022-06-20 15:00:00,6.945
2022-06-20 16:00:00,5.873
2022-06-20 17:00:00,2.036
2022-06-20 18:00:00,0.603
2022-06-20 19:00:00,0.0
2022-06-20 20:00:00,0.0
2022-06-20 21:00:00,0.0
2022-06-20 22:00:00,0.0
2022-06-20 23:00:00,0.0
2022-06-21 00:00:00,0.0
2022-06-21 01:00:00,0.0
2022-06-21 02:00:00,0.0
2022-06-21 03:00:00,0.0
2022-06-21 04:00:00,0.0
2022-06-21 05:00:00,0.0
2022-06-21 06:00:00,0.881
2022-06-21 07:00:00,2.565
2022-06-21 08:00:00,4.9399999999999995
2022-06-21 09:00:00,9.032
2022-06-21 10:00:00,9.906
2022-06-21 11:00:00,9.133
2022-06-21 12:00:00,8.886000000000001
2022-06-21 13:00:00,8.956
2022-06-21 14:00:00,7.581
2022-06-21 15:00:00,5.852
2022-06-21 16:00:00,4.271
2022-06-21 17:00:00,2.2439999999999998
2022-06-21 18:00:00,0.694
2022-06-21 19:00:00,0.0
2022-06-21 20:00:00,0.0
2022-06-21 21:00:00,0.0
2022-06-21 22:00:00,0.0
2022-06-21 23:00:00,0.0
2022-06-22 00:00:00,0.0
2022-06-22 01:00:00,0.0
2022-06-22 02:00:00,0.0
2022-06-22 03:00:00,0.0
2022-06-22 04:00:00,0.0
2022-06-22 05:00:00,0.056
2022-06-22 06:00:00,1.9180000000000001
2022-06-22 07:00:00,7.159000000000001
2022-06-22 08:00:00,9.236
2022-06-22 09:00:00,14.245
2022-06-22 10:00:00,17.676000000000002
2022-06-22 11:00:00,15.212
2022-06-22 12:00:00,15.456
2022-06-22 13:00:00,11.339
2022-06-22 14:00:00,15.618
2022-06-22 15:00:00,12.666
2022-06-22 16:00:00,7.345000000000001
2022-06-22 17:00:00,5.27
2022-06-22 18:00:00,1.315
2022-06-22 19:00:00,0.0
2022-06-22 20:00:00,0.0
2022-06-22 21:00:00,0.0
2022-06-22 22:00:00,0.0
2022-06-22 23:00:00,0.0
2022-06-23 00:00:00,0.0
2022-06-23 01:00:00,0.0
2022-06-23 02:00:00,0.0
2022-06-23 03:00:00,0.0
2022-06-23 04:00:00,0.0
2022-06-23 05:00:00,0.002
2022-06-23 06:00:00,2.161
2022-06-23 07:00:00,6.239
2022-06-23 08:00:00,15.324
2022-06-23 09:00:00,17.363
2022-06-23 10:00:00,18.54
2022-06-23 11:00:00,23.781
2022-06-23 12:00:00,27.336
2022-06-23 13:00:00,26.005000000000003
2022-06-23 14:00:00,23.131
2022-06-23 15:00:00,18.133
2022-06-23 16:00:00,12.126
2022-06-23 17:00:00,5.965
2022-06-23 18:00:00,1.327
2022-06-23 19:00:00,0.0
2022-06-23 20:00:00,0.0
2022-06-23 21:00:00,0.0
2022-06-23 22:00:00,0.0
2022-06-23 23:00:00,0.0
2022-06-24 00:00:00,0.0
2022-06-24 01:00:00,0.0
2022-06-24 02:00:00,0.0
2022-06-24 03:00:00,0.0
2022-06-24 04:00:00,0.0
2022-06-24 05:00:00,0.018
2022-06-24 06:00:00,2.152
2022-06-24 07:00:00,8.34
2022-06-24 08:00:00,14.988
2022-06-24 09:00:00,21.113
2022-06-24 10:00:00,25.238
2022-06-24 11:00:00,25.039
2022-06-24 12:00:00,19.833
2022-06-24 13:00:00,25.081
2022-06-24 14:00:00,23.378999999999998
2022-06-24 15:00:00,18.215
2022-06-24 16:00:00,11.949
2022-06-24 17:00:00,5.787
2022-06-24 18:00:00,1.287
2022-06-24 19:00:00,0.0
2022-06-24 20:00:00,0.0
2022-06-24 21:00:00,0.0
2022-06-24 22:00:00,0.0
2022-06-24 23:00:00,0.0
2022-06-25 00:00:00,0.0
2022-06-25 01:00:00,0.0
2022-06-25 02:00:00,0.0
2022-06-25 03:00:00,0.0
2022-06-25 04:00:00,0.0
2022-06-25 05:00:00,0.024
2022-06-25 06:00:00,2.446
2022-06-25 07:00:00,6.918000000000001
2022-06-25 08:00:00,13.388
2022-06-25 09:00:00,14.071
2022-06-25 10:00:00,17.625
2022-06-25 11:00:00,25.594
2022-06-25 12:00:00,27.434
2022-06-25 13:00:00,26.472
2022-06-25 14:00:00,24.562
2022-06-25 15:00:00,8.188
2022-06-25 16:00:00,5.622
2022-06-25 17:00:00,4.899
2022-06-25 18:00:00,1.725
2022-06-25 19:00:00,0.017
2022-06-25 20:00:00,0.0
2022-06-25 21:00:00,0.0
2022-06-25 22:00:00,0.0
2022-06-25 23:00:00,0.0
2022-06-26 00:00:00,0.0
2022-06-26 01:00:00,0.0
2022-06-26 02:00:00,0.0
2022-06-26 03:00:00,0.0
2022-06-26 04:00:00,0.0
2022-06-26 05:00:00,0.001
2022-06-26 06:00:00,1.088
2022-06-26 07:00:00,4.106
2022-06-26 08:00:00,12.597
2022-06-26 09:00:00,17.18
2022-06-26 10:00:00,14.143
2022-06-26 11:00:00,17.714
2022-06-26 12:00:00,23.678
2022-06-26 13:00:00,22.923000000000002
2022-06-26 14:00:00,20.489
2022-06-26 15:00:00,17.374000000000002
2022-06-26 16:00:00,11.325
2022-06-26 17:00:00,6.1419999999999995
2022-06-26 18:00:00,0.697
2022-06-26 19:00:00,0.0
2022-06-26 20:00:00,0.0
2022-06-26 21:00:00,0.0
2022-06-26 22:00:00,0.0
2022-06-26 23:00:00,0.0
2022-06-27 00:00:00,0.0
2022-06-27 01:00:00,0.0
2022-06-27 02:00:00,0.0
2022-06-27 03:00:00,0.0
2022-06-27 04:00:00,0.0
2022-06-27 05:00:00,0.001
2022-06-27 06:00:00,1.374
2022-06-27 07:00:00,6.58
2022-06-27 08:00:00,14.991
2022-06-27 09:00:00,20.252000000000002
2022-06-27 10:00:00,25.557
2022-06-27 11:00:00,27.315
2022-06-27 12:00:00,22.552
2022-06-27 13:00:00,24.062
2022-06-27 14:00:00,23.188000000000002
2022-06-27 15:00:00,18.426000000000002
2022-06-27 16:00:00,12.66
2022-06-27 17:00:00,6.359
2022-06-27 18:00:00,1.087
2022-06-27 19:00:00,0.0
2022-06-27 20:00:00,0.0
2022-06-27 21:00:00,0.0
2022-06-27 22:00:00,0.0
2022-06-27 23:00:00,0.0
2022-06-28 00:00:00,0.0
2022-06-28 01:00:00,0.0
2022-06-28 02:00:00,0.0
2022-06-28 03:00:00,0.0
2022-06-28 04:00:00,0.0
2022-06-28 05:00:00,0.009
2022-06-28 06:00:00,1.8030000000000002
2022-06-28 07:00:00,4.293
2022-06-28 08:00:00,13.661999999999999
2022-06-28 09:00:00,20.692
2022-06-28 10:00:00,25.915
2022-06-28 11:00:00,26.972
2022-06-28 12:00:00,22.563
2022-06-28 13:00:00,18.891
2022-06-28 14:00:00,21.867
2022-06-28 15:00:00,17.983
2022-06-28 16:00:00,12.089
2022-06-28 17:00:00,6.035
2022-06-28 18:00:00,1.367
2022-06-28 19:00:00,0.0
2022-06-28 20:00:00,0.0
2022-06-28 21:00:00,0.0
2022-06-28 22:00:00,0.0
2022-06-28 23:00:00,0.0
2022-06-29 00:00:00,0.0
2022-06-29 01:00:00,0.0
2022-06-29 02:00:00,0.0
2022-06-29 03:00:00,0.0
2022-06-29 04:00:00,0.0
2022-06-29 05:00:00,0.0
2022-06-29 06:00:00,1.575
2022-06-29 07:00:00,4.7490000000000006
2022-06-29 08:00:00,7.881
2022-06-29 09:00:00,16.006
2022-06-29 10:00:00,18.03
2022-06-29 11:00:00,24.735
2022-06-29 12:00:00,27.428
2022-06-29 13:00:00,24.806
2022-06-29 14:00:00,4.862
2022-06-29 15:00:00,11.272
2022-06-29 16:00:00,8.059000000000001
2022-06-29 17:00:00,4.539
2022-06-29 18:00:00,1.551
2022-06-29 19:00:00,0.0
2022-06-29 20:00:00,0.0
2022-06-29 21:00:00,0.0
2022-06-29 22:00:00,0.0
2022-06-29 23:00:00,0.0
2022-06-30 00:00:00,0.0
2022-06-30 01:00:00,0.0
2022-06-30 02:00:00,0.0
2022-06-30 03:00:00,0.0
2022-06-30 04:00:00,0.0
2022-06-30 05:00:00,0.0
2022-06-30 06:00:00,1.002
2022-06-30 07:00:00,4.3870000000000005
2022-06-30 08:00:00,3.2520000000000002
2022-06-30 09:00:00,2.1870000000000003
2022-06-30 10:00:00,4.7170000000000005
2022-06-30 11:00:00,4.346
2022-06-30 12:00:00,2.843
2022-06-30 13:00:00,4.128
2022-06-30 14:00:00,0.804
2022-06-30 15:00:00,2.401
2022-06-30 16:00:00,4.034000000000001
2022-06-30 17:00:00,0.702
2022-06-30 18:00:00,0.109
2022-06-30 19:00:00,0.0
2022-06-30 20:00:00,0.0
2022-06-30 21:00:00,0.0
2022-06-30 22:00:00,0.0
2022-06-30 23:00:00,0.0
2022-07-01 00:00:00,0.0
2022-07-01 01:00:00,0.0
2022-07-01 02:00:00,0.0
2022-07-01 03:00:00,0.0
2022-07-01 04:00:00,0.0
2022-07-01 05:00:00,0.0
2022-07-01 06:00:00,0.191
2022-07-01 07:00:00,2.6710000000000003
2022-07-01 08:00:00,5.903
2022-07-01 09:00:00,19.059
2022-07-01 10:00:00,24.245
2022-07-01 11:00:00,16.42
2022-07-01 12:00:00,12.054
2022-07-01 13:00:00,1.456
2022-07-01 14:00:00,2.051
2022-07-01 15:00:00,0.3
2022-07-01 16:00:00,0.606
2022-07-01 17:00:00,0.932
2022-07-01 18:00:00,0.16799999999999998
2022-07-01 19:00:00,0.0
2022-07-01 20:00:00,0.0
2022-07-01 21:00:00,0.0
2022-07-01 22:00:00,0.0
2022-07-01 23:00:00,0.0
2022-07-02 00:00:00,0.0
2022-07-02 01:00:00,0.0
2022-07-02 02:00:00,0.0
2022-07-02 03:00:00,0.0
2022-07-02 04:00:00,0.0
2022-07-02 05:00:00,0.0
2022-07-02 06:00:00,0.32599999999999996
2022-07-02 07:00:00,0.933
2022-07-02 08:00:00,0.851
2022-07-02 09:00:00,1.41
2022-07-02 10:00:00,0.904
2022-07-02 11:00:00,0.756
2022-07-02 12:00:00,1.608
2022-07-02 13:00:00,1.032
2022-07-02 14:00:00,2.9290000000000003
2022-07-02 15:00:00,2.303
2022-07-02 16:00:00,0.9019999999999999
2022-07-02 17:00:00,0.424
2022-07-02 18:00:00,0.0
2022-07-02 19:00:00,0.0
2022-07-02 20:00:00,0.0
2022-07-02 21:00:00,0.0
2022-07-02 22:00:00,0.0
2022-07-02 23:00:00,0.0
2022-07-03 00:00:00,0.0
2022-07-03 01:00:00,0.0
2022-07-03 02:00:00,0.0
2022-07-03 03:00:00,0.0
2022-07-03 04:00:00,0.0
2022-07-03 05:00:00,0.0
2022-07-03 06:00:00,0.22599999999999998
2022-07-03 07:00:00,2.1500000000000004
2022-07-03 08:00:00,4.547000000000001
2022-07-03 09:00:00,8.321
2022-07-03 10:00:00,8.681000000000001
2022-07-03 11:00:00,12.365
2022-07-03 12:00:00,7.998
2022-07-03 13:00:00,7.751
2022-07-03 14:00:00,5.1739999999999995
2022-07-03 15:00:00,5.668
2022-07-03 16:00:00,2.234
2022-07-03 17:00:00,1.391
2022-07-03 18:00:00,0.369
2022-07-03 19:00:00,0.0
2022-07-03 20:00:00,0.0
2022-07-03 21:00:00,0.0
2022-07-03 22:00:00,0.0
2022-07-03 23:00:00,0.0
2022-07-04 00:00:00,0.0
2022-07-04 01:00:00,0.0
2022-07-04 02:00:00,0.0
2022-07-04 03:00:00,0.0
2022-07-04 04:00:00,0.0
2022-07-04 05:00:00,0.0
2022-07-04 06:00:00,0.234
2022-07-04 07:00:00,1.0790000000000002
2022-07-04 08:00:00,3.806
2022-07-04 09:00:00,2.3729999999999998
2022-07-04 10:00:00,3.277
2022-07-04 11:00:00,6.867
2022-07-04 12:00:00,7.4399999999999995
2022-07-04 13:00:00,3.828
2022-07-04 14:00:00,6.088
2022-07-04 15:00:00,5.566
2022-07-04 16:00:00,2.697
2022-07-04 17:00:00,0.634
2022-07-04 18:00:00,0.224
2022-07-04 19:00:00,0.0
2022-07-04 20:00:00,0.0
2022-07-04 21:00:00,0.0
2022-07-04 22:00:00,0.0
2022-07-04 23:00:00,0.0
2022-07-05 00:00:00,0.0
2022-07-05 01:00:00,0.0
2022-07-05 02:00:00,0.0
2022-07-05 03:00:00,0.0
2022-07-05 04:00:00,0.0
2022-07-05 05:00:00,0.0
2022-07-05 06:00:00,0.008
2022-07-05 07:00:00,1.958
2022-07-05 08:00:00,1.842
2022-07-05 09:00:00,2.789
2022-07-05 10:00:00,4.7620000000000005
2022-07-05 11:00:00,8.738
2022-07-05 12:00:00,8.893
2022-07-05 13:00:00,4.684
2022-07-05 14:00:00,7.006
2022-07-05 15:00:00,2.45
2022-07-05 16:00:00,0.755
2022-07-05 17:00:00,0.29700000000000004
2022-07-05 18:00:00,0.101
2022-07-05 19:00:00,0.0
2022-07-05 20:00:00,0.0
2022-07-05 21:00:00,0.0
2022-07-05 22:00:00,0.0
2022-07-05 23:00:00,0.0
2022-07-06 00:00:00,0.0
2022-07-06 01:00:00,0.0
2022-07-06 02:00:00,0.0
2022-07-06 03:00:00,0.0
2022-07-06 04:00:00,0.0
2022-07-06 05:00:00,0.001
2022-07-06 06:00:00,1.251
2022-07-06 07:00:00,5.289
2022-07-06 08:00:00,7.5440000000000005
2022-07-06 09:00:00,7.286
2022-07-06 10:00:00,6.101
2022-07-06 11:00:00,5.864
2022-07-06 12:00:00,10.452
2022-07-06 13:00:00,7.054
2022-07-06 14:00:00,7.6000000000000005
2022-07-06 15:00:00,8.187000000000001
2022-07-06 16:00:00,5.42
2022-07-06 17:00:00,3.293
2022-07-06 18:00:00,0.93
2022-07-06 19:00:00,0.0
2022-07-06 20:00:00,0.0
2022-07-06 21:00:00,0.0
2022-07-06 22:00:00,0.0
2022-07-06 23:00:00,0.0
2022-07-07 00:00:00,0.0
2022-07-07 01:00:00,0.0
2022-07-07 02:00:00,0.0
2022-07-07 03:00:00,0.0
2022-07-07 04:00:00,0.0
2022-07-07 05:00:00,0.0
2022-07-07 06:00:00,0.436
2022-07-07 07:00:00,0.925
2022-07-07 08:00:00,3.989
2022-07-07 09:00:00,4.33
2022-07-07 10:00:00,16.024
2022-07-07 11:00:00,6.748
2022-07-07 12:00:00,7.7540000000000004
2022-07-07 13:00:00,10.027000000000001
2022-07-07 14:00:00,4.884
2022-07-07 15:00:00,2.414
2022-07-07 16:00:00,2.987
2022-07-07 17:00:00,0.993
2022-07-07 18:00:00,0.321
2022-07-07 19:00:00,0.0
2022-07-07 20:00:00,0.0
2022-07-07 21:00:00,0.0
2022-07-07 22:00:00,0.0
2022-07-07 23:00:00,0.0
2022-07-08 00:00:00,0.0
2022-07-08 01:00:00,0.0
2022-07-08 02:00:00,0.0
2022-07-08 03:00:00,0.0
2022-07-08 04:00:00,0.0
2022-07-08 05:00:00,0.03
2022-07-08 06:00:00,3.29
2022-07-08 07:00:00,9.394
2022-07-08 08:00:00,13.539000000000001
2022-07-08 09:00:00,19.86
2022-07-08 10:00:00,26.204
2022-07-08 11:00:00,27.846
2022-07-08 12:00:00,27.591
2022-07-08 13:00:00,25.918
2022-07-08 14:00:00,23.073999999999998
2022-07-08 15:00:00,17.865000000000002
2022-07-08 16:00:00,10.48
2022-07-08 17:00:00,2.829
2022-07-08 18:00:00,0.847
2022-07-08 19:00:00,0.0
2022-07-08 20:00:00,0.0
2022-07-08 21:00:00,0.0
2022-07-08 22:00:00,0.0
2022-07-08 23:00:00,0.0
2022-07-09 00:00:00,0.0
2022-07-09 01:00:00,0.0
2022-07-09 02:00:00,0.0
2022-07-09 03:00:00,0.0
2022-07-09 04:00:00,0.0
2022-07-09 05:00:00,0.0
2022-07-09 06:00:00,1.734
2022-07-09 07:00:00,5.24
2022-07-09 08:00:00,10.147
2022-07-09 09:00:00,12.692
2022-07-09 10:00:00,17.712
2022-07-09 11:00:00,19.791
2022-07-09 12:00:00,25.306
2022-07-09 13:00:00,23.935000000000002
2022-07-09 14:00:00,12.416
2022-07-09 15:00:00,6.292
2022-07-09 16:00:00,2.111
2022-07-09 17:00:00,1.504
2022-07-09 18:00:00,0.625
2022-07-09 19:00:00,0.0
2022-07-09 20:00:00,0.0
2022-07-09 21:00:00,0.0
2022-07-09 22:00:00,0.0
2022-07-09 23:00:00,0.0
2022-07-10 00:00:00,0.0
2022-07-10 01:00:00,0.0
2022-07-10 02:00:00,0.0
2022-07-10 03:00:00,0.0
2022-07-10 04:00:00,0.0
2022-07-10 05:00:00,0.0
2022-07-10 06:00:00,2.396
2022-07-10 07:00:00,8.445
2022-07-10 08:00:00,13.597000000000001
2022-07-10 09:00:00,18.087
2022-07-10 10:00:00,24.489
2022-07-10 11:00:00,27.582
2022-07-10 12:00:00,27.771
2022-07-10 13:00:00,26.247
2022-07-10 14:00:00,23.189999999999998
2022-07-10 15:00:00,18.282
2022-07-10 16:00:00,12.553
2022-07-10 17:00:00,6.277
2022-07-10 18:00:00,1.161
2022-07-10 19:00:00,0.0
2022-07-10 20:00:00,0.0
2022-07-10 21:00:00,0.0
2022-07-10 22:00:00,0.0
2022-07-10 23:00:00,0.0
2022-07-11 00:00:00,0.0
2022-07-11 01:00:00,0.0
2022-07-11 02:00:00,0.0
2022-07-11 03:00:00,0.0
2022-07-11 04:00:00,0.0
2022-07-11 05:00:00,0.0
2022-07-11 06:00:00,0.9730000000000001
2022-07-11 07:00:00,4.52
2022-07-11 08:00:00,15.513
2022-07-11 09:00:00,20.258000000000003
2022-07-11 10:00:00,25.124000000000002
2022-07-11 11:00:00,27.432000000000002
2022-07-11 12:00:00,27.5
2022-07-11 13:00:00,26.017000000000003
2022-07-11 14:00:00,23.142
2022-07-11 15:00:00,17.812
2022-07-11 16:00:00,12.267
2022-07-11 17:00:00,6.278
2022-07-11 18:00:00,1.4380000000000002
2022-07-11 19:00:00,0.0
2022-07-11 20:00:00,0.0
2022-07-11 21:00:00,0.0
2022-07-11 22:00:00,0.0
2022-07-11 23:00:00,0.0
2022-07-12 00:00:00,0.0
2022-07-12 01:00:00,0.0
2022-07-12 02:00:00,0.0
2022-07-12 03:00:00,0.0
2022-07-12 04:00:00,0.0
2022-07-12 05:00:00,0.0
2022-07-12 06:00:00,1.311
2022-07-12 07:00:00,6.058
2022-07-12 08:00:00,8.317
2022-07-12 09:00:00,20.843
2022-07-12 10:00:00,25.434
2022-07-12 11:00:00,27.771
2022-07-12 12:00:00,27.599
2022-07-12 13:00:00,26.334000000000003
2022-07-12 14:00:00,23.594
2022-07-12 15:00:00,17.828
2022-07-12 16:00:00,12.208
2022-07-12 17:00:00,6.302
2022-07-12 18:00:00,1.443
2022-07-12 19:00:00,0.0
2022-07-12 20:00:00,0.0
2022-07-12 21:00:00,0.0
2022-07-12 22:00:00,0.0
2022-07-12 23:00:00,0.0
2022-07-13 00:00:00,0.0
2022-07-13 01:00:00,0.0
2022-07-13 02:00:00,0.0
2022-07-13 03:00:00,0.0
2022-07-13 04:00:00,0.0
2022-07-13 05:00:00,0.0
2022-07-13 06:00:00,0.903
2022-07-13 07:00:00,5.2010000000000005
2022-07-13 08:00:00,13.567
2022-07-13 09:00:00,19.751
2022-07-13 10:00:00,24.738
2022-07-13 11:00:00,27.288
2022-07-13 12:00:00,27.197
2022-07-13 13:00:00,26.095
2022-07-13 14:00:00,23.212
2022-07-13 15:00:00,17.625
2022-07-13 16:00:00,12.114
2022-07-13 17:00:00,6.178
2022-07-13 18:00:00,1.409
2022-07-13 19:00:00,0.0
2022-07-13 20:00:00,0.0
2022-07-13 21:00:00,0.0
2022-07-13 22:00:00,0.0
2022-07-13 23:00:00,0.0
2022-07-14 00:00:00,0.0
2022-07-14 01:00:00,0.0
2022-07-14 02:00:00,0.0
2022-07-14 03:00:00,0.0
2022-07-14 04:00:00,0.0
2022-07-14 05:00:00,0.002
2022-07-14 06:00:00,1.313
2022-07-14 07:00:00,4.791
2022-07-14 08:00:00,10.17
2022-07-14 09:00:00,18.433
2022-07-14 10:00:00,20.962
2022-07-14 11:00:00,20.03
2022-07-14 12:00:00,25.302
2022-07-14 13:00:00,22.231
2022-07-14 14:00:00,15.327
2022-07-14 15:00:00,14.402000000000001
2022-07-14 16:00:00,8.159
2022-07-14 17:00:00,3.689
2022-07-14 18:00:00,0.6659999999999999
2022-07-14 19:00:00,0.0
2022-07-14 20:00:00,0.0
2022-07-14 21:00:00,0.0
2022-07-14 22:00:00,0.0
2022-07-14 23:00:00,0.0
2022-07-15 00:00:00,0.0
2022-07-15 01:00:00,0.0
2022-07-15 02:00:00,0.0
2022-07-15 03:00:00,0.0
2022-07-15 04:00:00,0.0
2022-07-15 05:00:00,0.0
2022-07-15 06:00:00,1.471
2022-07-15 07:00:00,6.747
2022-07-15 08:00:00,9.384
2022-07-15 09:00:00,6.852
2022-07-15 10:00:00,14.404
2022-07-15 11:00:00,21.796
2022-07-15 12:00:00,23.584
2022-07-15 13:00:00,25.226
2022-07-15 14:00:00,16.948
2022-07-15 15:00:00,14.484
2022-07-15 16:00:00,6.781000000000001
2022-07-15 17:00:00,3.238
2022-07-15 18:00:00,0.588
2022-07-15 19:00:00,0.0
2022-07-15 20:00:00,0.0
2022-07-15 21:00:00,0.0
2022-07-15 22:00:00,0.0
2022-07-15 23:00:00,0.0
2022-07-16 00:00:00,0.0
2022-07-16 01:00:00,0.0
2022-07-16 02:00:00,0.0
2022-07-16 03:00:00,0.0
2022-07-16 04:00:00,0.0
2022-07-16 05:00:00,0.0
2022-07-16 06:00:00,2.043
2022-07-16 07:00:00,3.911
2022-07-16 08:00:00,2.4850000000000003
2022-07-16 09:00:00,3.415
2022-07-16 10:00:00,19.64
2022-07-16 11:00:00,17.175
2022-07-16 12:00:00,24.975
2022-07-16 13:00:00,23.009999999999998
2022-07-16 14:00:00,18.371000000000002
2022-07-16 15:00:00,19.052
2022-07-16 16:00:00,12.779
2022-07-16 17:00:00,5.071
2022-07-16 18:00:00,1.107
2022-07-16 19:00:00,0.0
2022-07-16 20:00:00,0.0
2022-07-16 21:00:00,0.0
2022-07-16 22:00:00,0.0
2022-07-16 23:00:00,0.0
2022-07-17 00:00:00,0.0
2022-07-17 01:00:00,0.0
2022-07-17 02:00:00,0.0
2022-07-17 03:00:00,0.0
2022-07-17 04:00:00,0.0
2022-07-17 05:00:00,0.0
2022-07-17 06:00:00,0.917
2022-07-17 07:00:00,5.828
2022-07-17 08:00:00,10.516
2022-07-17 09:00:00,19.131999999999998
2022-07-17 10:00:00,16.126
2022-07-17 11:00:00,17.560000000000002
2022-07-17 12:00:00,22.613
2022-07-17 13:00:00,23.591
2022-07-17 14:00:00,17.984
2022-07-17 15:00:00,15.443000000000001
2022-07-17 16:00:00,13.212
2022-07-17 17:00:00,5.527
2022-07-17 18:00:00,1.072
2022-07-17 19:00:00,0.0
2022-07-17 20:00:00,0.0
2022-07-17 21:00:00,0.0
2022-07-17 22:00:00,0.0
2022-07-17 23:00:00,0.0
2022-07-18 00:00:00,0.0
2022-07-18 01:00:00,0.0
2022-07-18 02:00:00,0.0
2022-07-18 03:00:00,0.0
2022-07-18 04:00:00,0.0
2022-07-18 05:00:00,0.0
2022-07-18 06:00:00,1.119
2022-07-18 07:00:00,5.584
2022-07-18 08:00:00,9.774000000000001
2022-07-18 09:00:00,19.71
2022-07-18 10:00:00,22.374
2022-07-18 11:00:00,24.758
2022-07-18 12:00:00,18.145
2022-07-18 13:00:00,16.491
2022-07-18 14:00:00,18.437
2022-07-18 15:00:00,13.98
2022-07-18 16:00:00,9.467
2022-07-18 17:00:00,4.475
2022-07-18 18:00:00,1.154
2022-07-18 19:00:00,0.0
2022-07-18 20:00:00,0.0
2022-07-18 21:00:00,0.0
2022-07-18 22:00:00,0.0
2022-07-18 23:00:00,0.0
2022-07-19 00:00:00,0.0
2022-07-19 01:00:00,0.0
2022-07-19 02:00:00,0.0
2022-07-19 03:00:00,0.0
2022-07-19 04:00:00,0.0
2022-07-19 05:00:00,0.0
2022-07-19 06:00:00,0.899
2022-07-19 07:00:00,3.582
2022-07-19 08:00:00,9.089
2022-07-19 09:00:00,17.039
2022-07-19 10:00:00,13.999
2022-07-19 11:00:00,22.662
2022-07-19 12:00:00,22.243
2022-07-19 13:00:00,19.169
2022-07-19 14:00:00,16.84
2022-07-19 15:00:00,10.442
2022-07-19 16:00:00,11.556000000000001
2022-07-19 17:00:00,5.364
2022-07-19 18:00:00,1.652
2022-07-19 19:00:00,0.0
2022-07-19 20:00:00,0.0
2022-07-19 21:00:00,0.0
2022-07-19 22:00:00,0.0
2022-07-19 23:00:00,0.0
2022-07-20 00:00:00,0.0
2022-07-20 01:00:00,0.0
2022-07-20 02:00:00,0.0
2022-07-20 03:00:00,0.0
2022-07-20 04:00:00,0.0
2022-07-20 05:00:00,0.0
2022-07-20 06:00:00,0.9490000000000001
2022-07-20 07:00:00,3.452
2022-07-20 08:00:00,12.301
2022-07-20 09:00:00,21.828
2022-07-20 10:00:00,17.259999999999998
2022-07-20 11:00:00,12.437999999999999
2022-07-20 12:00:00,16.127
2022-07-20 13:00:00,13.926
2022-07-20 14:00:00,14.248999999999999
2022-07-20 15:00:00,8.116
2022-07-20 16:00:00,7.397
2022-07-20 17:00:00,2.45
2022-07-20 18:00:00,0.675
2022-07-20 19:00:00,0.0
2022-07-20 20:00:00,0.0
2022-07-20 21:00:00,0.0
2022-07-20 22:00:00,0.0
2022-07-20 23:00:00,0.0
2022-07-21 00:00:00,0.0
2022-07-21 01:00:00,0.0
2022-07-21 02:00:00,0.0
2022-07-21 03:00:00,0.0
2022-07-21 04:00:00,0.0
2022-07-21 05:00:00,0.0
2022-07-21 06:00:00,0.998
2022-07-21 07:00:00,5.864
2022-07-21 08:00:00,11.208
2022-07-21 09:00:00,17.284
2022-07-21 10:00:00,19.399
2022-07-21 11:00:00,11.14
2022-07-21 12:00:00,18.605
2022-07-21 13:00:00,13.368
2022-07-21 14:00:00,13.861999999999998
2022-07-21 15:00:00,9.661000000000001
2022-07-21 16:00:00,9.943
2022-07-21 17:00:00,6.513
2022-07-21 18:00:00,1.123
2022-07-21 19:00:00,0.0
2022-07-21 20:00:00,0.0
2022-07-21 21:00:00,0.0
2022-07-21 22:00:00,0.0
2022-07-21 23:00:00,0.0
2022-07-22 00:00:00,0.0
2022-07-22 01:00:00,0.0
2022-07-22 02:00:00,0.0
2022-07-22 03:00:00,0.0
2022-07-22 04:00:00,0.0
2022-07-22 05:00:00,0.0
2022-07-22 06:00:00,0.873
2022-07-22 07:00:00,4.726
2022-07-22 08:00:00,13.144
2022-07-22 09:00:00,19.401
2022-07-22 10:00:00,24.207
2022-07-22 11:00:00,26.678
2022-07-22 12:00:00,26.633
2022-07-22 13:00:00,25.118000000000002
2022-07-22 14:00:00,21.146
2022-07-22 15:00:00,17.442
2022-07-22 16:00:00,11.414
2022-07-22 17:00:00,5.739
2022-07-22 18:00:00,1.252
2022-07-22 19:00:00,0.0
2022-07-22 20:00:00,0.0
2022-07-22 21:00:00,0.0
2022-07-22 22:00:00,0.0
2022-07-22 23:00:00,0.0
2022-07-23 00:00:00,0.0
2022-07-23 01:00:00,0.0
2022-07-23 02:00:00,0.0
2022-07-23 03:00:00,0.0
2022-07-23 04:00:00,0.0
2022-07-23 05:00:00,0.0
2022-07-23 06:00:00,0.946
2022-07-23 07:00:00,4.976
2022-07-23 08:00:00,13.326
2022-07-23 09:00:00,20.396
2022-07-23 10:00:00,25.609
2022-07-23 11:00:00,24.095
2022-07-23 12:00:00,14.745
2022-07-23 13:00:00,22.812
2022-07-23 14:00:00,17.565
2022-07-23 15:00:00,15.329
2022-07-23 16:00:00,11.448
2022-07-23 17:00:00,5.804
2022-07-23 18:00:00,1.36
2022-07-23 19:00:00,0.0
2022-07-23 20:00:00,0.0
2022-07-23 21:00:00,0.0
2022-07-23 22:00:00,0.0
2022-07-23 23:00:00,0.0
2022-07-24 00:00:00,0.0
2022-07-24 01:00:00,0.0
2022-07-24 02:00:00,0.0
2022-07-24 03:00:00,0.0
2022-07-24 04:00:00,0.0
2022-07-24 05:00:00,0.0
2022-07-24 06:00:00,1.162
2022-07-24 07:00:00,5.471
2022-07-24 08:00:00,12.252
2022-07-24 09:00:00,18.506
2022-07-24 10:00:00,23.305
2022-07-24 11:00:00,25.762
2022-07-24 12:00:00,26.18
2022-07-24 13:00:00,19.593
2022-07-24 14:00:00,20.684
2022-07-24 15:00:00,16.813000000000002
2022-07-24 16:00:00,11.484
2022-07-24 17:00:00,5.723
2022-07-24 18:00:00,1.37
2022-07-24 19:00:00,0.0
2022-07-24 20:00:00,0.0
2022-07-24 21:00:00,0.0
2022-07-24 22:00:00,0.0
2022-07-24 23:00:00,0.0
2022-07-25 00:00:00,0.0
2022-07-25 01:00:00,0.0
2022-07-25 02:00:00,0.0
2022-07-25 03:00:00,0.0
2022-07-25 04:00:00,0.0
2022-07-25 05:00:00,0.0
2022-07-25 06:00:00,1.072
2022-07-25 07:00:00,5.427
2022-07-25 08:00:00,12.207
2022-07-25 09:00:00,18.762
2022-07-25 10:00:00,23.866
2022-07-25 11:00:00,26.559
2022-07-25 12:00:00,26.364
2022-07-25 13:00:00,14.357
2022-07-25 14:00:00,16.234
2022-07-25 15:00:00,14.736
2022-07-25 16:00:00,11.615
2022-07-25 17:00:00,5.763999999999999
2022-07-25 18:00:00,1.2850000000000001
2022-07-25 19:00:00,0.0
2022-07-25 20:00:00,0.0
2022-07-25 21:00:00,0.0
2022-07-25 22:00:00,0.0
2022-07-25 23:00:00,0.0
2022-07-26 00:00:00,0.0
2022-07-26 01:00:00,0.0
2022-07-26 02:00:00,0.0
2022-07-26 03:00:00,0.0
2022-07-26 04:00:00,0.0
2022-07-26 05:00:00,0.0
2022-07-26 06:00:00,0.968
2022-07-26 07:00:00,5.602
2022-07-26 08:00:00,9.786999999999999
2022-07-26 09:00:00,16.254
2022-07-26 10:00:00,18.548000000000002
2022-07-26 11:00:00,18.253999999999998
2022-07-26 12:00:00,26.488
2022-07-26 13:00:00,25.967
2022-07-26 14:00:00,21.316
2022-07-26 15:00:00,17.225
2022-07-26 16:00:00,11.876999999999999
2022-07-26 17:00:00,5.885
2022-07-26 18:00:00,1.308
2022-07-26 19:00:00,0.0
2022-07-26 20:00:00,0.0
2022-07-26 21:00:00,0.0
2022-07-26 22:00:00,0.0
2022-07-26 23:00:00,0.0
2022-07-27 00:00:00,0.0
2022-07-27 01:00:00,0.0
2022-07-27 02:00:00,0.0
2022-07-27 03:00:00,0.0
2022-07-27 04:00:00,0.0
2022-07-27 05:00:00,0.0
2022-07-27 06:00:00,1.013
2022-07-27 07:00:00,6.19
2022-07-27 08:00:00,12.027
2022-07-27 09:00:00,14.284
2022-07-27 10:00:00,21.335
2022-07-27 11:00:00,26.883
2022-07-27 12:00:00,26.588
2022-07-27 13:00:00,19.929000000000002
2022-07-27 14:00:00,18.345000000000002
2022-07-27 15:00:00,16.037
2022-07-27 16:00:00,11.438
2022-07-27 17:00:00,5.813
2022-07-27 18:00:00,1.282
2022-07-27 19:00:00,0.0
2022-07-27 20:00:00,0.0
2022-07-27 21:00:00,0.0
2022-07-27 22:00:00,0.0
2022-07-27 23:00:00,0.0
2022-07-28 00:00:00,0.0
2022-07-28 01:00:00,0.0
2022-07-28 02:00:00,0.0
2022-07-28 03:00:00,0.0
2022-07-28 04:00:00,0.0
2022-07-28 05:00:00,0.0
2022-07-28 06:00:00,0.966
2022-07-28 07:00:00,5.054
2022-07-28 08:00:00,13.961
2022-07-28 09:00:00,19.61
2022-07-28 10:00:00,24.064
2022-07-28 11:00:00,26.254
2022-07-28 12:00:00,26.095
2022-07-28 13:00:00,24.549
2022-07-28 14:00:00,20.245
2022-07-28 15:00:00,16.848
2022-07-28 16:00:00,10.849
2022-07-28 17:00:00,5.288
2022-07-28 18:00:00,1.2530000000000001
2022-07-28 19:00:00,0.0
2022-07-28 20:00:00,0.0
2022-07-28 21:00:00,0.0
2022-07-28 22:00:00,0.0
2022-07-28 23:00:00,0.0
2022-07-29 00:00:00,0.0
2022-07-29 01:00:00,0.0
2022-07-29 02:00:00,0.0
2022-07-29 03:00:00,0.0
2022-07-29 04:00:00,0.0
2022-07-29 05:00:00,0.0
2022-07-29 06:00:00,1.349
2022-07-29 07:00:00,5.586
2022-07-29 08:00:00,11.06
2022-07-29 09:00:00,17.017
2022-07-29 10:00:00,22.623
2022-07-29 11:00:00,24.249000000000002
2022-07-29 12:00:00,22.6
2022-07-29 13:00:00,22.434
2022-07-29 14:00:00,20.268
2022-07-29 15:00:00,14.033
2022-07-29 16:00:00,6.7170000000000005
2022-07-29 17:00:00,4.103
2022-07-29 18:00:00,0.55
2022-07-29 19:00:00,0.0
2022-07-29 20:00:00,0.0
2022-07-29 21:00:00,0.0
2022-07-29 22:00:00,0.0
2022-07-29 23:00:00,0.0
2022-07-30 00:00:00,0.0
2022-07-30 01:00:00,0.0
2022-07-30 02:00:00,0.0
2022-07-30 03:00:00,0.0
2022-07-30 04:00:00,0.0
2022-07-30 05:00:00,0.0
2022-07-30 06:00:00,0.6779999999999999
2022-07-30 07:00:00,4.045999999999999
2022-07-30 08:00:00,8.411
2022-07-30 09:00:00,2.2230000000000003
2022-07-30 10:00:00,0.856
2022-07-30 11:00:00,1.133
2022-07-30 12:00:00,1.851
2022-07-30 13:00:00,4.961
2022-07-30 14:00:00,7.414
2022-07-30 15:00:00,8.084999999999999
2022-07-30 16:00:00,5.226
2022-07-30 17:00:00,3.457
2022-07-30 18:00:00,0.8220000000000001
2022-07-30 19:00:00,0.0
2022-07-30 20:00:00,0.0
2022-07-30 21:00:00,0.0
2022-07-30 22:00:00,0.0
2022-07-30 23:00:00,0.0
2022-07-31 00:00:00,0.0
2022-07-31 01:00:00,0.0
2022-07-31 02:00:00,0.0
2022-07-31 03:00:00,0.0
2022-07-31 04:00:00,0.0
2022-07-31 05:00:00,0.0
2022-07-31 06:00:00,1.115
2022-07-31 07:00:00,6.957000000000001
2022-07-31 08:00:00,7.365
2022-07-31 09:00:00,18.479
2022-07-31 10:00:00,16.06
2022-07-31 11:00:00,14.651
2022-07-31 12:00:00,11.777
2022-07-31 13:00:00,18.823
2022-07-31 14:00:00,14.524
2022-07-31 15:00:00,16.195
2022-07-31 16:00:00,10.899000000000001
2022-07-31 17:00:00,5.329
2022-07-31 18:00:00,1.154
2022-07-31 19:00:00,0.0
2022-07-31 20:00:00,0.0
2022-07-31 21:00:00,0.0
2022-07-31 22:00:00,0.0
2022-07-31 23:00:00,0.0
2022-08-01 00:00:00,0.0
2022-08-01 01:00:00,0.0
2022-08-01 02:00:00,0.0
2022-08-01 03:00:00,0.0
2022-08-01 04:00:00,0.0
2022-08-01 05:00:00,0.0
2022-08-01 06:00:00,1.001
2022-08-01 07:00:00,5.045
2022-08-01 08:00:00,12.653
2022-08-01 09:00:00,19.069
2022-08-01 10:00:00,21.455000000000002
2022-08-01 11:00:00,22.63
2022-08-01 12:00:00,24.405
2022-08-01 13:00:00,23.737000000000002
2022-08-01 14:00:00,20.698
2022-08-01 15:00:00,16.481
2022-08-01 16:00:00,11.283
2022-08-01 17:00:00,5.5729999999999995
2022-08-01 18:00:00,1.086
2022-08-01 19:00:00,0.0
2022-08-01 20:00:00,0.0
2022-08-01 21:00:00,0.0
2022-08-01 22:00:00,0.0
2022-08-01 23:00:00,0.0
2022-08-02 00:00:00,0.0
2022-08-02 01:00:00,0.0
2022-08-02 02:00:00,0.0
2022-08-02 03:00:00,0.0
2022-08-02 04:00:00,0.0
2022-08-02 05:00:00,0.0
2022-08-02 06:00:00,0.907
2022-08-02 07:00:00,5.389
2022-08-02 08:00:00,14.072000000000001
2022-08-02 09:00:00,19.386
2022-08-02 10:00:00,22.011000000000003
2022-08-02 11:00:00,26.133000000000003
2022-08-02 12:00:00,23.899
2022-08-02 13:00:00,23.630000000000003
2022-08-02 14:00:00,19.630000000000003
2022-08-02 15:00:00,16.027
2022-08-02 16:00:00,8.591000000000001
2022-08-02 17:00:00,6.5200000000000005
2022-08-02 18:00:00,0.625
2022-08-02 19:00:00,0.0
2022-08-02 20:00:00,0.0
2022-08-02 21:00:00,0.0
2022-08-02 22:00:00,0.0
2022-08-02 23:00:00,0.0
2022-08-03 00:00:00,0.0
2022-08-03 01:00:00,0.0
2022-08-03 02:00:00,0.0
2022-08-03 03:00:00,0.0
2022-08-03 04:00:00,0.0
2022-08-03 05:00:00,0.0
2022-08-03 06:00:00,0.5680000000000001
2022-08-03 07:00:00,1.1909999999999998
2022-08-03 08:00:00,2.423
2022-08-03 09:00:00,4.582
2022-08-03 10:00:00,12.672
2022-08-03 11:00:00,11.344
2022-08-03 12:00:00,15.187000000000001
2022-08-03 13:00:00,16.195999999999998
2022-08-03 14:00:00,5.035
2022-08-03 15:00:00,0.28400000000000003
2022-08-03 16:00:00,2.091
2022-08-03 17:00:00,3.076
2022-08-03 18:00:00,0.5630000000000001
2022-08-03 19:00:00,0.0
2022-08-03 20:00:00,0.0
2022-08-03 21:00:00,0.0
2022-08-03 22:00:00,0.0
2022-08-03 23:00:00,0.0
2022-08-04 00:00:00,0.0
2022-08-04 01:00:00,0.0
2022-08-04 02:00:00,0.0
2022-08-04 03:00:00,0.0
2022-08-04 04:00:00,0.0
2022-08-04 05:00:00,0.0
2022-08-04 06:00:00,0.122
2022-08-04 07:00:00,0.475
2022-08-04 08:00:00,0.32499999999999996
2022-08-04 09:00:00,0.486
2022-08-04 10:00:00,1.475
2022-08-04 11:00:00,2.386
2022-08-04 12:00:00,2.2889999999999997
2022-08-04 13:00:00,7.484999999999999
2022-08-04 14:00:00,11.389
2022-08-04 15:00:00,4.9399999999999995
2022-08-04 16:00:00,1.9020000000000001
2022-08-04 17:00:00,1.334
2022-08-04 18:00:00,0.256
2022-08-04 19:00:00,0.0
2022-08-04 20:00:00,0.0
2022-08-04 21:00:00,0.0
2022-08-04 22:00:00,0.0
2022-08-04 23:00:00,0.0
2022-08-05 00:00:00,0.0
2022-08-05 01:00:00,0.0
2022-08-05 02:00:00,0.0
2022-08-05 03:00:00,0.0
2022-08-05 04:00:00,0.0
2022-08-05 05:00:00,0.0
2022-08-05 06:00:00,1.563
2022-08-05 07:00:00,1.255
2022-08-05 08:00:00,6.686
2022-08-05 09:00:00,13.809000000000001
2022-08-05 10:00:00,22.076999999999998
2022-08-05 11:00:00,11.612
2022-08-05 12:00:00,14.157
2022-08-05 13:00:00,4.399
2022-08-05 14:00:00,5.670999999999999
2022-08-05 15:00:00,1.3900000000000001
2022-08-05 16:00:00,0.037
2022-08-05 17:00:00,0.017
2022-08-05 18:00:00,0.08099999999999999
2022-08-05 19:00:00,0.0
2022-08-05 20:00:00,0.0
2022-08-05 21:00:00,0.0
2022-08-05 22:00:00,0.0
2022-08-05 23:00:00,0.0
2022-08-06 00:00:00,0.0
2022-08-06 01:00:00,0.0
2022-08-06 02:00:00,0.0
2022-08-06 03:00:00,0.0
2022-08-06 04:00:00,0.0
2022-08-06 05:00:00,0.0
2022-08-06 06:00:00,0.266
2022-08-06 07:00:00,2.337
2022-08-06 08:00:00,7.625
2022-08-06 09:00:00,8.804
2022-08-06 10:00:00,7.478
2022-08-06 11:00:00,20.059
2022-08-06 12:00:00,16.353
2022-08-06 13:00:00,12.106
2022-08-06 14:00:00,15.001000000000001
2022-08-06 15:00:00,3.918
2022-08-06 16:00:00,3.153
2022-08-06 17:00:00,1.508
2022-08-06 18:00:00,0.59
2022-08-06 19:00:00,0.0
2022-08-06 20:00:00,0.0
2022-08-06 21:00:00,0.0
2022-08-06 22:00:00,0.0
2022-08-06 23:00:00,0.0
2022-08-07 00:00:00,0.0
2022-08-07 01:00:00,0.0
2022-08-07 02:00:00,0.0
2022-08-07 03:00:00,0.0
2022-08-07 04:00:00,0.0
2022-08-07 05:00:00,0.0
2022-08-07 06:00:00,1.137
2022-08-07 07:00:00,6.263
2022-08-07 08:00:00,11.318
2022-08-07 09:00:00,20.304000000000002
2022-08-07 10:00:00,21.191
2022-08-07 11:00:00,23.683
2022-08-07 12:00:00,21.527
2022-08-07 13:00:00,19.392000000000003
2022-08-07 14:00:00,14.766
2022-08-07 15:00:00,12.870000000000001
2022-08-07 16:00:00,7.907
2022-08-07 17:00:00,2.618
2022-08-07 18:00:00,0.409
2022-08-07 19:00:00,0.0
2022-08-07 20:00:00,0.0
2022-08-07 21:00:00,0.0
2022-08-07 22:00:00,0.0
2022-08-07 23:00:00,0.0
2022-08-08 00:00:00,0.0
2022-08-08 01:00:00,0.0
2022-08-08 02:00:00,0.0
2022-08-08 03:00:00,0.0
2022-08-08 04:00:00,0.0
2022-08-08 05:00:00,0.0
2022-08-08 06:00:00,0.078
2022-08-08 07:00:00,0.485
2022-08-08 08:00:00,0.869
2022-08-08 09:00:00,3.431
2022-08-08 10:00:00,1.8050000000000002
2022-08-08 11:00:00,3.593
2022-08-08 12:00:00,7.593
2022-08-08 13:00:00,15.858
2022-08-08 14:00:00,17.801
2022-08-08 15:00:00,14.079
2022-08-08 16:00:00,3.925
2022-08-08 17:00:00,2.244
2022-08-08 18:00:00,0.295
2022-08-08 19:00:00,0.0
2022-08-08 20:00:00,0.0
2022-08-08 21:00:00,0.0
2022-08-08 22:00:00,0.0
2022-08-08 23:00:00,0.0
2022-08-09 00:00:00,0.0
2022-08-09 01:00:00,0.0
2022-08-09 02:00:00,0.0
2022-08-09 03:00:00,0.0
2022-08-09 04:00:00,0.0
2022-08-09 05:00:00,0.0
2022-08-09 06:00:00,0.32999999999999996
2022-08-09 07:00:00,0.746
2022-08-09 08:00:00,3.718
2022-08-09 09:00:00,6.403
2022-08-09 10:00:00,5.895
2022-08-09 11:00:00,3.597
2022-08-09 12:00:00,7.654
2022-08-09 13:00:00,3.782
2022-08-09 14:00:00,3.0140000000000002
2022-08-09 15:00:00,4.0280000000000005
2022-08-09 16:00:00,3.151
2022-08-09 17:00:00,1.2269999999999999
2022-08-09 18:00:00,0.068
2022-08-09 19:00:00,0.0
2022-08-09 20:00:00,0.0
2022-08-09 21:00:00,0.0
2022-08-09 22:00:00,0.0
2022-08-09 23:00:00,0.0
2022-08-10 00:00:00,0.0
2022-08-10 01:00:00,0.0
2022-08-10 02:00:00,0.0
2022-08-10 03:00:00,0.0
2022-08-10 04:00:00,0.0
2022-08-10 05:00:00,0.0
2022-08-10 06:00:00,0.077
2022-08-10 07:00:00,3.9240000000000004
2022-08-10 08:00:00,13.44
2022-08-10 09:00:00,3.701
2022-08-10 10:00:00,2.83
2022-08-10 11:00:00,5.767
2022-08-10 12:00:00,10.58
2022-08-10 13:00:00,7.611
2022-08-10 14:00:00,6.813000000000001
2022-08-10 15:00:00,5.6690000000000005
2022-08-10 16:00:00,1.395
2022-08-10 17:00:00,0.227
2022-08-10 18:00:00,0.0
2022-08-10 19:00:00,0.0
2022-08-10 20:00:00,0.0
2022-08-10 21:00:00,0.0
2022-08-10 22:00:00,0.0
2022-08-10 23:00:00,0.0
2022-08-11 00:00:00,0.0
2022-08-11 01:00:00,0.0
2022-08-11 02:00:00,0.0
2022-08-11 03:00:00,0.0
2022-08-11 04:00:00,0.0
2022-08-11 05:00:00,0.0
2022-08-11 06:00:00,0.491
2022-08-11 07:00:00,3.608
2022-08-11 08:00:00,7.703
2022-08-11 09:00:00,20.478
2022-08-11 10:00:00,10.644
2022-08-11 11:00:00,6.591
2022-08-11 12:00:00,3.374
2022-08-11 13:00:00,1.438
2022-08-11 14:00:00,6.223000000000001
2022-08-11 15:00:00,2.5069999999999997
2022-08-11 16:00:00,1.589
2022-08-11 17:00:00,1.185
2022-08-11 18:00:00,0.639
2022-08-11 19:00:00,0.0
2022-08-11 20:00:00,0.0
2022-08-11 21:00:00,0.0
2022-08-11 22:00:00,0.0
2022-08-11 23:00:00,0.0
2022-08-12 00:00:00,0.0
2022-08-12 01:00:00,0.0
2022-08-12 02:00:00,0.0
2022-08-12 03:00:00,0.0
2022-08-12 04:00:00,0.0
2022-08-12 05:00:00,0.0
2022-08-12 06:00:00,0.265
2022-08-12 07:00:00,3.033
2022-08-12 08:00:00,3.074
2022-08-12 09:00:00,9.403
2022-08-12 10:00:00,1.784
2022-08-12 11:00:00,0.338
2022-08-12 12:00:00,0.25
2022-08-12 13:00:00,1.755
2022-08-12 14:00:00,5.349
2022-08-12 15:00:00,8.238
2022-08-12 16:00:00,6.927
2022-08-12 17:00:00,4.047000000000001
2022-08-12 18:00:00,1.078
2022-08-12 19:00:00,0.0
2022-08-12 20:00:00,0.0
2022-08-12 21:00:00,0.0
2022-08-12 22:00:00,0.0
2022-08-12 23:00:00,0.0
2022-08-13 00:00:00,0.0
2022-08-13 01:00:00,0.0
2022-08-13 02:00:00,0.0
2022-08-13 03:00:00,0.0
2022-08-13 04:00:00,0.0
2022-08-13 05:00:00,0.0
2022-08-13 06:00:00,0.766
2022-08-13 07:00:00,4.991
2022-08-13 08:00:00,15.620000000000001
2022-08-13 09:00:00,23.268
2022-08-13 10:00:00,12.785
2022-08-13 11:00:00,14.359
2022-08-13 12:00:00,21.675
2022-08-13 13:00:00,9.357
2022-08-13 14:00:00,11.206
2022-08-13 15:00:00,17.349
2022-08-13 16:00:00,9.453
2022-08-13 17:00:00,5.9399999999999995
2022-08-13 18:00:00,0.516
2022-08-13 19:00:00,0.0
2022-08-13 20:00:00,0.0
2022-08-13 21:00:00,0.0
2022-08-13 22:00:00,0.0
2022-08-13 23:00:00,0.0
2022-08-14 00:00:00,0.0
2022-08-14 01:00:00,0.0
2022-08-14 02:00:00,0.0
2022-08-14 03:00:00,0.0
2022-08-14 04:00:00,0.0
2022-08-14 05:00:00,0.0
2022-08-14 06:00:00,0.844
2022-08-14 07:00:00,5.222
2022-08-14 08:00:00,12.577
2022-08-14 09:00:00,18.518
2022-08-14 10:00:00,24.531
2022-08-14 11:00:00,27.741
2022-08-14 12:00:00,26.157
2022-08-14 13:00:00,17.18
2022-08-14 14:00:00,17.537
2022-08-14 15:00:00,8.108
2022-08-14 16:00:00,6.4559999999999995
2022-08-14 17:00:00,4.063000000000001
2022-08-14 18:00:00,0.5589999999999999
2022-08-14 19:00:00,0.0
2022-08-14 20:00:00,0.0
2022-08-14 21:00:00,0.0
2022-08-14 22:00:00,0.0
2022-08-14 23:00:00,0.0
2022-08-15 00:00:00,0.0
2022-08-15 01:00:00,0.0
2022-08-15 02:00:00,0.0
2022-08-15 03:00:00,0.0
2022-08-15 04:00:00,0.0
2022-08-15 05:00:00,0.0
2022-08-15 06:00:00,0.8009999999999999
2022-08-15 07:00:00,4.945
2022-08-15 08:00:00,13.834
2022-08-15 09:00:00,18.655
2022-08-15 10:00:00,14.331
2022-08-15 11:00:00,26.997
2022-08-15 12:00:00,26.751
2022-08-15 13:00:00,24.385
2022-08-15 14:00:00,20.234
2022-08-15 15:00:00,16.09
2022-08-15 16:00:00,9.884
2022-08-15 17:00:00,4.758
2022-08-15 18:00:00,1.104
2022-08-15 19:00:00,0.0
2022-08-15 20:00:00,0.0
2022-08-15 21:00:00,0.0
2022-08-15 22:00:00,0.0
2022-08-15 23:00:00,0.0
2022-08-16 00:00:00,0.0
2022-08-16 01:00:00,0.0
2022-08-16 02:00:00,0.0
2022-08-16 03:00:00,0.0
2022-08-16 04:00:00,0.0
2022-08-16 05:00:00,0.0
2022-08-16 06:00:00,0.8460000000000001
2022-08-16 07:00:00,5.196
2022-08-16 08:00:00,10.062
2022-08-16 09:00:00,19.817
2022-08-16 10:00:00,10.806000000000001
2022-08-16 11:00:00,12.617
2022-08-16 12:00:00,15.417
2022-08-16 13:00:00,22.621000000000002
2022-08-16 14:00:00,18.819000000000003
2022-08-16 15:00:00,15.268
2022-08-16 16:00:00,10.298
2022-08-16 17:00:00,3.955
2022-08-16 18:00:00,0.552
2022-08-16 19:00:00,0.0
2022-08-16 20:00:00,0.0
2022-08-16 21:00:00,0.0
2022-08-16 22:00:00,0.0
2022-08-16 23:00:00,0.0
2022-08-17 00:00:00,0.0
2022-08-17 01:00:00,0.0
2022-08-17 02:00:00,0.0
2022-08-17 03:00:00,0.0
2022-08-17 04:00:00,0.0
2022-08-17 05:00:00,0.0
2022-08-17 06:00:00,1.241
2022-08-17 07:00:00,5.840999999999999
2022-08-17 08:00:00,7.748
2022-08-17 09:00:00,14.715
2022-08-17 10:00:00,11.295
2022-08-17 11:00:00,11.341999999999999
2022-08-17 12:00:00,14.552
2022-08-17 13:00:00,8.885
2022-08-17 14:00:00,7.329
2022-08-17 15:00:00,6.182
2022-08-17 16:00:00,1.491
2022-08-17 17:00:00,1.059
2022-08-17 18:00:00,0.155
2022-08-17 19:00:00,0.0
2022-08-17 20:00:00,0.0
2022-08-17 21:00:00,0.0
2022-08-17 22:00:00,0.0
2022-08-17 23:00:00,0.0
2022-08-18 00:00:00,0.0
2022-08-18 01:00:00,0.0
2022-08-18 02:00:00,0.0
2022-08-18 03:00:00,0.0
2022-08-18 04:00:00,0.0
2022-08-18 05:00:00,0.0
2022-08-18 06:00:00,0.81
2022-08-18 07:00:00,2.428
2022-08-18 08:00:00,8.794
2022-08-18 09:00:00,7.896000000000001
2022-08-18 10:00:00,20.67
2022-08-18 11:00:00,11.998999999999999
2022-08-18 12:00:00,6.827
2022-08-18 13:00:00,8.881
2022-08-18 14:00:00,15.396999999999998
2022-08-18 15:00:00,15.616999999999999
2022-08-18 16:00:00,8.87
2022-08-18 17:00:00,2.561
2022-08-18 18:00:00,0.767
2022-08-18 19:00:00,0.0
2022-08-18 20:00:00,0.0
2022-08-18 21:00:00,0.0
2022-08-18 22:00:00,0.0
2022-08-18 23:00:00,0.0
2022-08-19 00:00:00,0.0
2022-08-19 01:00:00,0.0
2022-08-19 02:00:00,0.0
2022-08-19 03:00:00,0.0
2022-08-19 04:00:00,0.0
2022-08-19 05:00:00,0.0
2022-08-19 06:00:00,0.586
2022-08-19 07:00:00,2.603
2022-08-19 08:00:00,1.792
2022-08-19 09:00:00,5.674
2022-08-19 10:00:00,13.719999999999999
2022-08-19 11:00:00,23.587
2022-08-19 12:00:00,25.813000000000002
2022-08-19 13:00:00,19.279
2022-08-19 14:00:00,5.031
2022-08-19 15:00:00,5.3629999999999995
2022-08-19 16:00:00,4.859
2022-08-19 17:00:00,3.075
2022-08-19 18:00:00,0.46
2022-08-19 19:00:00,0.0
2022-08-19 20:00:00,0.0
2022-08-19 21:00:00,0.0
2022-08-19 22:00:00,0.0
2022-08-19 23:00:00,0.0
2022-08-20 00:00:00,0.0
2022-08-20 01:00:00,0.0
2022-08-20 02:00:00,0.0
2022-08-20 03:00:00,0.0
2022-08-20 04:00:00,0.0
2022-08-20 05:00:00,0.0
2022-08-20 06:00:00,0.494
2022-08-20 07:00:00,5.186999999999999
2022-08-20 08:00:00,13.003
2022-08-20 09:00:00,14.496
2022-08-20 10:00:00,22.49
2022-08-20 11:00:00,20.161
2022-08-20 12:00:00,16.308
2022-08-20 13:00:00,21.0
2022-08-20 14:00:00,15.859000000000002
2022-08-20 15:00:00,10.059000000000001
2022-08-20 16:00:00,11.56
2022-08-20 17:00:00,3.7479999999999998
2022-08-20 18:00:00,0.485
2022-08-20 19:00:00,0.0
2022-08-20 20:00:00,0.0
2022-08-20 21:00:00,0.0
2022-08-20 22:00:00,0.0
2022-08-20 23:00:00,0.0
2022-08-21 00:00:00,0.0
2022-08-21 01:00:00,0.0
2022-08-21 02:00:00,0.0
2022-08-21 03:00:00,0.0
2022-08-21 04:00:00,0.0
2022-08-21 05:00:00,0.0
2022-08-21 06:00:00,0.746
2022-08-21 07:00:00,3.86
2022-08-21 08:00:00,12.190999999999999
2022-08-21 09:00:00,13.943999999999999
2022-08-21 10:00:00,13.421
2022-08-21 11:00:00,12.541
2022-08-21 12:00:00,9.777000000000001
2022-08-21 13:00:00,9.489
2022-08-21 14:00:00,12.275
2022-08-21 15:00:00,7.288
2022-08-21 16:00:00,4.037
2022-08-21 17:00:00,2.317
2022-08-21 18:00:00,0.428
2022-08-21 19:00:00,0.0
2022-08-21 20:00:00,0.0
2022-08-21 21:00:00,0.0
2022-08-21 22:00:00,0.0
2022-08-21 23:00:00,0.0
2022-08-22 00:00:00,0.0
2022-08-22 01:00:00,0.0
2022-08-22 02:00:00,0.0
2022-08-22 03:00:00,0.0
2022-08-22 04:00:00,0.0
2022-08-22 05:00:00,0.0
2022-08-22 06:00:00,0.9450000000000001
2022-08-22 07:00:00,5.825
2022-08-22 08:00:00,12.422
2022-08-22 09:00:00,14.969000000000001
2022-08-22 10:00:00,13.504999999999999
2022-08-22 11:00:00,10.728
2022-08-22 12:00:00,12.823
2022-08-22 13:00:00,12.842
2022-08-22 14:00:00,18.472
2022-08-22 15:00:00,17.101
2022-08-22 16:00:00,11.239
2022-08-22 17:00:00,4.648
2022-08-22 18:00:00,0.621
2022-08-22 19:00:00,0.0
2022-08-22 20:00:00,0.0
2022-08-22 21:00:00,0.0
2022-08-22 22:00:00,0.0
2022-08-22 23:00:00,0.0
2022-08-23 00:00:00,0.0
2022-08-23 01:00:00,0.0
2022-08-23 02:00:00,0.0
2022-08-23 03:00:00,0.0
2022-08-23 04:00:00,0.0
2022-08-23 05:00:00,0.0
2022-08-23 06:00:00,0.937
2022-08-23 07:00:00,4.6899999999999995
2022-08-23 08:00:00,12.492
2022-08-23 09:00:00,18.887
2022-08-23 10:00:00,19.566000000000003
2022-08-23 11:00:00,26.076999999999998
2022-08-23 12:00:00,19.075
2022-08-23 13:00:00,20.553
2022-08-23 14:00:00,18.147
2022-08-23 15:00:00,14.458
2022-08-23 16:00:00,8.842
2022-08-23 17:00:00,3.471
2022-08-23 18:00:00,0.554
2022-08-23 19:00:00,0.0
2022-08-23 20:00:00,0.0
2022-08-23 21:00:00,0.0
2022-08-23 22:00:00,0.0
2022-08-23 23:00:00,0.0
2022-08-24 00:00:00,0.0
2022-08-24 01:00:00,0.0
2022-08-24 02:00:00,0.0
2022-08-24 03:00:00,0.0
2022-08-24 04:00:00,0.0
2022-08-24 05:00:00,0.0
2022-08-24 06:00:00,0.43
2022-08-24 07:00:00,2.417
2022-08-24 08:00:00,12.114
2022-08-24 09:00:00,14.23
2022-08-24 10:00:00,13.924
2022-08-24 11:00:00,19.367
2022-08-24 12:00:00,21.247
2022-08-24 13:00:00,14.11
2022-08-24 14:00:00,12.715
2022-08-24 15:00:00,11.215
2022-08-24 16:00:00,4.212
2022-08-24 17:00:00,2.924
2022-08-24 18:00:00,0.386
2022-08-24 19:00:00,0.0
2022-08-24 20:00:00,0.0
2022-08-24 21:00:00,0.0
2022-08-24 22:00:00,0.0
2022-08-24 23:00:00,0.0
2022-08-25 00:00:00,0.0
2022-08-25 01:00:00,0.0
2022-08-25 02:00:00,0.0
2022-08-25 03:00:00,0.0
2022-08-25 04:00:00,0.0
2022-08-25 05:00:00,0.0
2022-08-25 06:00:00,0.005
2022-08-25 07:00:00,0.59
2022-08-25 08:00:00,1.232
2022-08-25 09:00:00,6.206
2022-08-25 10:00:00,8.431
2022-08-25 11:00:00,5.618
2022-08-25 12:00:00,5.414
2022-08-25 13:00:00,17.997999999999998
2022-08-25 14:00:00,12.35
2022-08-25 15:00:00,4.372
2022-08-25 16:00:00,1.438
2022-08-25 17:00:00,0.109
2022-08-25 18:00:00,0.0
2022-08-25 19:00:00,0.0
2022-08-25 20:00:00,0.0
2022-08-25 21:00:00,0.0
2022-08-25 22:00:00,0.0
2022-08-25 23:00:00,0.0
2022-08-26 00:00:00,0.0
2022-08-26 01:00:00,0.0
2022-08-26 02:00:00,0.0
2022-08-26 03:00:00,0.0
2022-08-26 04:00:00,0.0
2022-08-26 05:00:00,0.0
2022-08-26 06:00:00,1.34
2022-08-26 07:00:00,4.458
2022-08-26 08:00:00,11.586
2022-08-26 09:00:00,17.713
2022-08-26 10:00:00,16.674
2022-08-26 11:00:00,14.348
2022-08-26 12:00:00,7.659
2022-08-26 13:00:00,8.555
2022-08-26 14:00:00,13.747
2022-08-26 15:00:00,19.152
2022-08-26 16:00:00,10.516
2022-08-26 17:00:00,2.824
2022-08-26 18:00:00,0.271
2022-08-26 19:00:00,0.0
2022-08-26 20:00:00,0.0
2022-08-26 21:00:00,0.0
2022-08-26 22:00:00,0.0
2022-08-26 23:00:00,0.0
2022-08-27 00:00:00,0.0
2022-08-27 01:00:00,0.0
2022-08-27 02:00:00,0.0
2022-08-27 03:00:00,0.0
2022-08-27 04:00:00,0.0
2022-08-27 05:00:00,0.0
2022-08-27 06:00:00,0.8759999999999999
2022-08-27 07:00:00,4.966
2022-08-27 08:00:00,11.561
2022-08-27 09:00:00,18.11
2022-08-27 10:00:00,20.564999999999998
2022-08-27 11:00:00,23.353
2022-08-27 12:00:00,15.615
2022-08-27 13:00:00,13.829
2022-08-27 14:00:00,15.229
2022-08-27 15:00:00,12.174
2022-08-27 16:00:00,8.652000000000001
2022-08-27 17:00:00,3.771
2022-08-27 18:00:00,0.393
2022-08-27 19:00:00,0.0
2022-08-27 20:00:00,0.0
2022-08-27 21:00:00,0.0
2022-08-27 22:00:00,0.0
2022-08-27 23:00:00,0.0
2022-08-28 00:00:00,0.0
2022-08-28 01:00:00,0.0
2022-08-28 02:00:00,0.0
2022-08-28 03:00:00,0.0
2022-08-28 04:00:00,0.0
2022-08-28 05:00:00,0.0
2022-08-28 06:00:00,0.607
2022-08-28 07:00:00,4.7780000000000005
2022-08-28 08:00:00,12.132
2022-08-28 09:00:00,18.743000000000002
2022-08-28 10:00:00,23.619
2022-08-28 11:00:00,25.691000000000003
2022-08-28 12:00:00,25.289
2022-08-28 13:00:00,21.798000000000002
2022-08-28 14:00:00,18.157
2022-08-28 15:00:00,14.792
2022-08-28 16:00:00,6.333
2022-08-28 17:00:00,1.116
2022-08-28 18:00:00,0.013
2022-08-28 19:00:00,0.0
2022-08-28 20:00:00,0.0
2022-08-28 21:00:00,0.0
2022-08-28 22:00:00,0.0
2022-08-28 23:00:00,0.0
2022-08-29 00:00:00,0.0
2022-08-29 01:00:00,0.0
2022-08-29 02:00:00,0.0
2022-08-29 03:00:00,0.0
2022-08-29 04:00:00,0.0
2022-08-29 05:00:00,0.0
2022-08-29 06:00:00,0.127
2022-08-29 07:00:00,1.226
2022-08-29 08:00:00,2.643
2022-08-29 09:00:00,6.668
2022-08-29 10:00:00,15.343
2022-08-29 11:00:00,17.543
2022-08-29 12:00:00,20.849
2022-08-29 13:00:00,22.039
2022-08-29 14:00:00,17.986
2022-08-29 15:00:00,13.901
2022-08-29 16:00:00,4.215
2022-08-29 17:00:00,1.762
2022-08-29 18:00:00,0.30000000000000004
2022-08-29 19:00:00,0.0
2022-08-29 20:00:00,0.0
2022-08-29 21:00:00,0.0
2022-08-29 22:00:00,0.0
2022-08-29 23:00:00,0.0
2022-08-30 00:00:00,0.0
2022-08-30 01:00:00,0.0
2022-08-30 02:00:00,0.0
2022-08-30 03:00:00,0.0
2022-08-30 04:00:00,0.0
2022-08-30 05:00:00,0.0
2022-08-30 06:00:00,0.724
2022-08-30 07:00:00,4.52
2022-08-30 08:00:00,12.193
2022-08-30 09:00:00,19.281
2022-08-30 10:00:00,24.621000000000002
2022-08-30 11:00:00,26.794
2022-08-30 12:00:00,25.923000000000002
2022-08-30 13:00:00,15.641
2022-08-30 14:00:00,5.99
2022-08-30 15:00:00,2.254
2022-08-30 16:00:00,6.052
2022-08-30 17:00:00,3.107
2022-08-30 18:00:00,0.162
2022-08-30 19:00:00,0.0
2022-08-30 20:00:00,0.0
2022-08-30 21:00:00,0.0
2022-08-30 22:00:00,0.0
2022-08-30 23:00:00,0.0
2022-08-31 00:00:00,0.0
2022-08-31 01:00:00,0.0
2022-08-31 02:00:00,0.0
2022-08-31 03:00:00,0.0
2022-08-31 04:00:00,0.0
2022-08-31 05:00:00,0.0
2022-08-31 06:00:00,0.6460000000000001
2022-08-31 07:00:00,4.429
2022-08-31 08:00:00,11.5
2022-08-31 09:00:00,17.698999999999998
2022-08-31 10:00:00,17.564
2022-08-31 11:00:00,24.582
2022-08-31 12:00:00,23.727
2022-08-31 13:00:00,24.246000000000002
2022-08-31 14:00:00,13.562999999999999
2022-08-31 15:00:00,3.566
2022-08-31 16:00:00,2.924
2022-08-31 17:00:00,1.653
2022-08-31 18:00:00,0.14300000000000002
2022-08-31 19:00:00,0.0
2022-08-31 20:00:00,0.0
2022-08-31 21:00:00,0.0
2022-08-31 22:00:00,0.0
2022-08-31 23:00:00,0.0
2022-09-01 00:00:00,0.0
2022-09-01 01:00:00,0.0
2022-09-01 02:00:00,0.0
2022-09-01 03:00:00,0.0
2022-09-01 04:00:00,0.0
2022-09-01 05:00:00,0.0
2022-09-01 06:00:00,0.591
2022-09-01 07:00:00,4.793
2022-09-01 08:00:00,12.078
2022-09-01 09:00:00,17.397
2022-09-01 10:00:00,22.995
2022-09-01 11:00:00,24.641000000000002
2022-09-01 12:00:00,24.442
2022-09-01 13:00:00,19.83
2022-09-01 14:00:00,15.372
2022-09-01 15:00:00,8.115
2022-09-01 16:00:00,1.3359999999999999
2022-09-01 17:00:00,1.5510000000000002
2022-09-01 18:00:00,0.192
2022-09-01 19:00:00,0.0
2022-09-01 20:00:00,0.0
2022-09-01 21:00:00,0.0
2022-09-01 22:00:00,0.0
2022-09-01 23:00:00,0.0
2022-09-02 00:00:00,0.0
2022-09-02 01:00:00,0.0
2022-09-02 02:00:00,0.0
2022-09-02 03:00:00,0.0
2022-09-02 04:00:00,0.0
2022-09-02 05:00:00,0.0
2022-09-02 06:00:00,0.599
2022-09-02 07:00:00,3.031
2022-09-02 08:00:00,8.143
2022-09-02 09:00:00,13.116
2022-09-02 10:00:00,16.097
2022-09-02 11:00:00,20.876
2022-09-02 12:00:00,17.528
2022-09-02 13:00:00,18.283
2022-09-02 14:00:00,17.79
2022-09-02 15:00:00,14.942
2022-09-02 16:00:00,9.204
2022-09-02 17:00:00,4.051
2022-09-02 18:00:00,0.395
2022-09-02 19:00:00,0.0
2022-09-02 20:00:00,0.0
2022-09-02 21:00:00,0.0
2022-09-02 22:00:00,0.0
2022-09-02 23:00:00,0.0
2022-09-03 00:00:00,0.0
2022-09-03 01:00:00,0.0
2022-09-03 02:00:00,0.0
2022-09-03 03:00:00,0.0
2022-09-03 04:00:00,0.0
2022-09-03 05:00:00,0.0
2022-09-03 06:00:00,0.708
2022-09-03 07:00:00,5.076
2022-09-03 08:00:00,12.543
2022-09-03 09:00:00,19.424
2022-09-03 10:00:00,23.86
2022-09-03 11:00:00,25.519
2022-09-03 12:00:00,24.703
2022-09-03 13:00:00,21.087
2022-09-03 14:00:00,18.224
2022-09-03 15:00:00,14.308
2022-09-03 16:00:00,9.137
2022-09-03 17:00:00,3.246
2022-09-03 18:00:00,0.24
2022-09-03 19:00:00,0.0
2022-09-03 20:00:00,0.0
2022-09-03 21:00:00,0.0
2022-09-03 22:00:00,0.0
2022-09-03 23:00:00,0.0
2022-09-04 00:00:00,0.0
2022-09-04 01:00:00,0.0
2022-09-04 02:00:00,0.0
2022-09-04 03:00:00,0.0
2022-09-04 04:00:00,0.0
2022-09-04 05:00:00,0.0
2022-09-04 06:00:00,0.651
2022-09-04 07:00:00,4.973
2022-09-04 08:00:00,12.927
2022-09-04 09:00:00,19.94
2022-09-04 10:00:00,24.593
2022-09-04 11:00:00,25.917
2022-09-04 12:00:00,24.402
2022-09-04 13:00:00,19.933
2022-09-04 14:00:00,17.545
2022-09-04 15:00:00,14.066
2022-09-04 16:00:00,9.166
2022-09-04 17:00:00,3.217
2022-09-04 18:00:00,0.249
2022-09-04 19:00:00,0.0
2022-09-04 20:00:00,0.0
2022-09-04 21:00:00,0.0
2022-09-04 22:00:00,0.0
2022-09-04 23:00:00,0.0
2022-09-05 00:00:00,0.0
2022-09-05 01:00:00,0.0
2022-09-05 02:00:00,0.0
2022-09-05 03:00:00,0.0
2022-09-05 04:00:00,0.0
2022-09-05 05:00:00,0.0
2022-09-05 06:00:00,0.31999999999999995
2022-09-05 07:00:00,2.682
2022-09-05 08:00:00,9.33
2022-09-05 09:00:00,11.11
2022-09-05 10:00:00,18.736
2022-09-05 11:00:00,25.571
2022-09-05 12:00:00,23.945
2022-09-05 13:00:00,19.842
2022-09-05 14:00:00,17.295
2022-09-05 15:00:00,11.883000000000001
2022-09-05 16:00:00,7.582
2022-09-05 17:00:00,3.0170000000000003
2022-09-05 18:00:00,0.277
2022-09-05 19:00:00,0.0
2022-09-05 20:00:00,0.0
2022-09-05 21:00:00,0.0
2022-09-05 22:00:00,0.0
2022-09-05 23:00:00,0.0
2022-09-06 00:00:00,0.0
2022-09-06 01:00:00,0.0
2022-09-06 02:00:00,0.0
2022-09-06 03:00:00,0.0
2022-09-06 04:00:00,0.0
2022-09-06 05:00:00,0.0
2022-09-06 06:00:00,0.513
2022-09-06 07:00:00,2.894
2022-09-06 08:00:00,7.617000000000001
2022-09-06 09:00:00,18.825
2022-09-06 10:00:00,22.972
2022-09-06 11:00:00,24.151
2022-09-06 12:00:00,22.126
2022-09-06 13:00:00,21.517
2022-09-06 14:00:00,18.497999999999998
2022-09-06 15:00:00,15.159
2022-09-06 16:00:00,8.776
2022-09-06 17:00:00,2.5869999999999997
2022-09-06 18:00:00,0.187
2022-09-06 19:00:00,0.0
2022-09-06 20:00:00,0.0
2022-09-06 21:00:00,0.0
2022-09-06 22:00:00,0.0
2022-09-06 23:00:00,0.0
2022-09-07 00:00:00,0.0
2022-09-07 01:00:00,0.0
2022-09-07 02:00:00,0.0
2022-09-07 03:00:00,0.0
2022-09-07 04:00:00,0.0
2022-09-07 05:00:00,0.0
2022-09-07 06:00:00,0.0
2022-09-07 07:00:00,0.186
2022-09-07 08:00:00,1.225
2022-09-07 09:00:00,3.216
2022-09-07 10:00:00,3.511
2022-09-07 11:00:00,2.617
2022-09-07 12:00:00,2.363
2022-09-07 13:00:00,3.879
2022-09-07 14:00:00,4.548
2022-09-07 15:00:00,3.9339999999999997
2022-09-07 16:00:00,2.317
2022-09-07 17:00:00,1.047
2022-09-07 18:00:00,0.0
2022-09-07 19:00:00,0.0
2022-09-07 20:00:00,0.0
2022-09-07 21:00:00,0.0
2022-09-07 22:00:00,0.0
2022-09-07 23:00:00,0.0
2022-09-08 00:00:00,0.0
2022-09-08 01:00:00,0.0
2022-09-08 02:00:00,0.0
2022-09-08 03:00:00,0.0
2022-09-08 04:00:00,0.0
2022-09-08 05:00:00,0.0
2022-09-08 06:00:00,0.8730000000000001
2022-09-08 07:00:00,4.954
2022-09-08 08:00:00,12.135
2022-09-08 09:00:00,18.898
2022-09-08 10:00:00,23.377
2022-09-08 11:00:00,25.383
2022-09-08 12:00:00,24.532
2022-09-08 13:00:00,20.932000000000002
2022-09-08 14:00:00,17.641
2022-09-08 15:00:00,14.089
2022-09-08 16:00:00,7.880000000000001
2022-09-08 17:00:00,1.505
2022-09-08 18:00:00,0.041
2022-09-08 19:00:00,0.0
2022-09-08 20:00:00,0.0
2022-09-08 21:00:00,0.0
2022-09-08 22:00:00,0.0
2022-09-08 23:00:00,0.0
2022-09-09 00:00:00,0.0
2022-09-09 01:00:00,0.0
2022-09-09 02:00:00,0.0
2022-09-09 03:00:00,0.0
2022-09-09 04:00:00,0.0
2022-09-09 05:00:00,0.0
2022-09-09 06:00:00,0.7090000000000001
2022-09-09 07:00:00,4.942
2022-09-09 08:00:00,12.352
2022-09-09 09:00:00,19.379
2022-09-09 10:00:00,23.841
2022-09-09 11:00:00,25.037
2022-09-09 12:00:00,23.616
2022-09-09 13:00:00,19.972
2022-09-09 14:00:00,17.628
2022-09-09 15:00:00,14.040000000000001
2022-09-09 16:00:00,8.368
2022-09-09 17:00:00,2.995
2022-09-09 18:00:00,0.16399999999999998
2022-09-09 19:00:00,0.0
2022-09-09 20:00:00,0.0
2022-09-09 21:00:00,0.0
2022-09-09 22:00:00,0.0
2022-09-09 23:00:00,0.0
2022-09-10 00:00:00,0.0
2022-09-10 01:00:00,0.0
2022-09-10 02:00:00,0.0
2022-09-10 03:00:00,0.0
2022-09-10 04:00:00,0.0
2022-09-10 05:00:00,0.0
2022-09-10 06:00:00,0.511
2022-09-10 07:00:00,4.664
2022-09-10 08:00:00,9.911
2022-09-10 09:00:00,8.647
2022-09-10 10:00:00,21.842
2022-09-10 11:00:00,23.855
2022-09-10 12:00:00,23.773000000000003
2022-09-10 13:00:00,21.484
2022-09-10 14:00:00,17.226
2022-09-10 15:00:00,9.244
2022-09-10 16:00:00,5.125
2022-09-10 17:00:00,1.816
2022-09-10 18:00:00,0.049
2022-09-10 19:00:00,0.0
2022-09-10 20:00:00,0.0
2022-09-10 21:00:00,0.0
2022-09-10 22:00:00,0.0
2022-09-10 23:00:00,0.0
2022-09-11 00:00:00,0.0
2022-09-11 01:00:00,0.0
2022-09-11 02:00:00,0.0
2022-09-11 03:00:00,0.0
2022-09-11 04:00:00,0.0
2022-09-11 05:00:00,0.0
2022-09-11 06:00:00,0.5229999999999999
2022-09-11 07:00:00,3.917
2022-09-11 08:00:00,8.051
2022-09-11 09:00:00,14.96
2022-09-11 10:00:00,17.02
2022-09-11 11:00:00,14.338000000000001
2022-09-11 12:00:00,19.807
2022-09-11 13:00:00,17.125
2022-09-11 14:00:00,11.861
2022-09-11 15:00:00,8.559000000000001
2022-09-11 16:00:00,9.399000000000001
2022-09-11 17:00:00,2.312
2022-09-11 18:00:00,0.024
2022-09-11 19:00:00,0.0
2022-09-11 20:00:00,0.0
2022-09-11 21:00:00,0.0
2022-09-11 22:00:00,0.0
2022-09-11 23:00:00,0.0
2022-09-12 00:00:00,0.0
2022-09-12 01:00:00,0.0
2022-09-12 02:00:00,0.0
2022-09-12 03:00:00,0.0
2022-09-12 04:00:00,0.0
2022-09-12 05:00:00,0.0
2022-09-12 06:00:00,0.5700000000000001
2022-09-12 07:00:00,4.705
2022-09-12 08:00:00,11.375
2022-09-12 09:00:00,18.144
2022-09-12 10:00:00,22.606
2022-09-12 11:00:00,23.799
2022-09-12 12:00:00,22.582
2022-09-12 13:00:00,19.68
2022-09-12 14:00:00,15.117
2022-09-12 15:00:00,12.16
2022-09-12 16:00:00,6.9239999999999995
2022-09-12 17:00:00,2.333
2022-09-12 18:00:00,0.127
2022-09-12 19:00:00,0.0
2022-09-12 20:00:00,0.0
2022-09-12 21:00:00,0.0
2022-09-12 22:00:00,0.0
2022-09-12 23:00:00,0.0
2022-09-13 00:00:00,0.0
2022-09-13 01:00:00,0.0
2022-09-13 02:00:00,0.0
2022-09-13 03:00:00,0.0
2022-09-13 04:00:00,0.0
2022-09-13 05:00:00,0.0
2022-09-13 06:00:00,0.618
2022-09-13 07:00:00,4.772
2022-09-13 08:00:00,11.375
2022-09-13 09:00:00,18.051000000000002
2022-09-13 10:00:00,22.542
2022-09-13 11:00:00,23.811
2022-09-13 12:00:00,23.275
2022-09-13 13:00:00,19.477
2022-09-13 14:00:00,16.286
2022-09-13 15:00:00,12.648
2022-09-13 16:00:00,7.487
2022-09-13 17:00:00,2.465
2022-09-13 18:00:00,0.129
2022-09-13 19:00:00,0.0
2022-09-13 20:00:00,0.0
2022-09-13 21:00:00,0.0
2022-09-13 22:00:00,0.0
2022-09-13 23:00:00,0.0
2022-09-14 00:00:00,0.0
2022-09-14 01:00:00,0.0
2022-09-14 02:00:00,0.0
2022-09-14 03:00:00,0.0
2022-09-14 04:00:00,0.0
2022-09-14 05:00:00,0.0
2022-09-14 06:00:00,0.532
2022-09-14 07:00:00,4.195
2022-09-14 08:00:00,10.927
2022-09-14 09:00:00,17.77
2022-09-14 10:00:00,22.315
2022-09-14 11:00:00,24.099
2022-09-14 12:00:00,23.316000000000003
2022-09-14 13:00:00,19.756
2022-09-14 14:00:00,16.729
2022-09-14 15:00:00,12.950000000000001
2022-09-14 16:00:00,7.769
2022-09-14 17:00:00,2.319
2022-09-14 18:00:00,0.115
2022-09-14 19:00:00,0.0
2022-09-14 20:00:00,0.0
2022-09-14 21:00:00,0.0
2022-09-14 22:00:00,0.0
2022-09-14 23:00:00,0.0
2022-09-15 00:00:00,0.0
2022-09-15 01:00:00,0.0
2022-09-15 02:00:00,0.0
2022-09-15 03:00:00,0.0
2022-09-15 04:00:00,0.0
2022-09-15 05:00:00,0.0
2022-09-15 06:00:00,0.605
2022-09-15 07:00:00,4.853
2022-09-15 08:00:00,11.693
2022-09-15 09:00:00,18.657
2022-09-15 10:00:00,22.990000000000002
2022-09-15 11:00:00,24.151
2022-09-15 12:00:00,23.209
2022-09-15 13:00:00,19.433
2022-09-15 14:00:00,13.369
2022-09-15 15:00:00,10.995000000000001
2022-09-15 16:00:00,7.132
2022-09-15 17:00:00,2.4450000000000003
2022-09-15 18:00:00,0.117
2022-09-15 19:00:00,0.0
2022-09-15 20:00:00,0.0
2022-09-15 21:00:00,0.0
2022-09-15 22:00:00,0.0
2022-09-15 23:00:00,0.0
2022-09-16 00:00:00,0.0
2022-09-16 01:00:00,0.0
2022-09-16 02:00:00,0.0
2022-09-16 03:00:00,0.0
2022-09-16 04:00:00,0.0
2022-09-16 05:00:00,0.0
2022-09-16 06:00:00,0.778
2022-09-16 07:00:00,4.668
2022-09-16 08:00:00,12.564
2022-09-16 09:00:00,16.318
2022-09-16 10:00:00,20.502
2022-09-16 11:00:00,23.559
2022-09-16 12:00:00,17.115000000000002
2022-09-16 13:00:00,12.079
2022-09-16 14:00:00,9.878
2022-09-16 15:00:00,8.218
2022-09-16 16:00:00,3.872
2022-09-16 17:00:00,1.843
2022-09-16 18:00:00,0.098
2022-09-16 19:00:00,0.0
2022-09-16 20:00:00,0.0
2022-09-16 21:00:00,0.0
2022-09-16 22:00:00,0.0
2022-09-16 23:00:00,0.0
2022-09-17 00:00:00,0.0
2022-09-17 01:00:00,0.0
2022-09-17 02:00:00,0.0
2022-09-17 03:00:00,0.0
2022-09-17 04:00:00,0.0
2022-09-17 05:00:00,0.0
2022-09-17 06:00:00,0.5389999999999999
2022-09-17 07:00:00,4.475
2022-09-17 08:00:00,10.741
2022-09-17 09:00:00,16.826999999999998
2022-09-17 10:00:00,21.113
2022-09-17 11:00:00,23.174
2022-09-17 12:00:00,21.386
2022-09-17 13:00:00,14.072
2022-09-17 14:00:00,11.052
2022-09-17 15:00:00,6.938
2022-09-17 16:00:00,5.26
2022-09-17 17:00:00,2.199
2022-09-17 18:00:00,0.079
2022-09-17 19:00:00,0.0
2022-09-17 20:00:00,0.0
2022-09-17 21:00:00,0.0
2022-09-17 22:00:00,0.0
2022-09-17 23:00:00,0.0
2022-09-18 00:00:00,0.0
2022-09-18 01:00:00,0.0
2022-09-18 02:00:00,0.0
2022-09-18 03:00:00,0.0
2022-09-18 04:00:00,0.0
2022-09-18 05:00:00,0.0
2022-09-18 06:00:00,0.368
2022-09-18 07:00:00,2.732
2022-09-18 08:00:00,7.7170000000000005
2022-09-18 09:00:00,15.897
2022-09-18 10:00:00,18.984
2022-09-18 11:00:00,16.008
2022-09-18 12:00:00,10.919
2022-09-18 13:00:00,19.014
2022-09-18 14:00:00,16.421
2022-09-18 15:00:00,8.794
2022-09-18 16:00:00,1.1280000000000001
2022-09-18 17:00:00,0.662
2022-09-18 18:00:00,0.021
2022-09-18 19:00:00,0.0
2022-09-18 20:00:00,0.0
2022-09-18 21:00:00,0.0
2022-09-18 22:00:00,0.0
2022-09-18 23:00:00,0.0
2022-09-19 00:00:00,0.0
2022-09-19 01:00:00,0.0
2022-09-19 02:00:00,0.0
2022-09-19 03:00:00,0.0
2022-09-19 04:00:00,0.0
2022-09-19 05:00:00,0.0
2022-09-19 06:00:00,0.006
2022-09-19 07:00:00,1.267
2022-09-19 08:00:00,8.516
2022-09-19 09:00:00,10.556999999999999
2022-09-19 10:00:00,15.641
2022-09-19 11:00:00,14.971
2022-09-19 12:00:00,20.603
2022-09-19 13:00:00,19.547
2022-09-19 14:00:00,16.150000000000002
2022-09-19 15:00:00,11.586
2022-09-19 16:00:00,7.224
2022-09-19 17:00:00,1.856
2022-09-19 18:00:00,0.0
2022-09-19 19:00:00,0.0
2022-09-19 20:00:00,0.0
2022-09-19 21:00:00,0.0
2022-09-19 22:00:00,0.0
2022-09-19 23:00:00,0.0
2022-09-20 00:00:00,0.0
2022-09-20 01:00:00,0.0
2022-09-20 02:00:00,0.0
2022-09-20 03:00:00,0.0
2022-09-20 04:00:00,0.0
2022-09-20 05:00:00,0.0
2022-09-20 06:00:00,0.08
2022-09-20 07:00:00,1.105
2022-09-20 08:00:00,4.279
2022-09-20 09:00:00,4.431
2022-09-20 10:00:00,9.286
2022-09-20 11:00:00,1.703
2022-09-20 12:00:00,6.890000000000001
2022-09-20 13:00:00,9.799
2022-09-20 14:00:00,9.393
2022-09-20 15:00:00,7.978
2022-09-20 16:00:00,2.862
2022-09-20 17:00:00,1.185
2022-09-20 18:00:00,0.021
2022-09-20 19:00:00,0.0
2022-09-20 20:00:00,0.0
2022-09-20 21:00:00,0.0
2022-09-20 22:00:00,0.0
2022-09-20 23:00:00,0.0
2022-09-21 00:00:00,0.0
2022-09-21 01:00:00,0.0
2022-09-21 02:00:00,0.0
2022-09-21 03:00:00,0.0
2022-09-21 04:00:00,0.0
2022-09-21 05:00:00,0.0
2022-09-21 06:00:00,0.256
2022-09-21 07:00:00,2.993
2022-09-21 08:00:00,11.169
2022-09-21 09:00:00,17.739
2022-09-21 10:00:00,24.153000000000002
2022-09-21 11:00:00,23.826
2022-09-21 12:00:00,21.486
2022-09-21 13:00:00,16.711000000000002
2022-09-21 14:00:00,17.466
2022-09-21 15:00:00,15.047
2022-09-21 16:00:00,7.678
2022-09-21 17:00:00,1.8840000000000001
2022-09-21 18:00:00,0.063
2022-09-21 19:00:00,0.0
2022-09-21 20:00:00,0.0
2022-09-21 21:00:00,0.0
2022-09-21 22:00:00,0.0
2022-09-21 23:00:00,0.0
2022-09-22 00:00:00,0.0
2022-09-22 01:00:00,0.0
2022-09-22 02:00:00,0.0
2022-09-22 03:00:00,0.0
2022-09-22 04:00:00,0.0
2022-09-22 05:00:00,0.0
2022-09-22 06:00:00,0.492
2022-09-22 07:00:00,4.619
2022-09-22 08:00:00,10.147
2022-09-22 09:00:00,17.47
2022-09-22 10:00:00,18.404
2022-09-22 11:00:00,15.932000000000002
2022-09-22 12:00:00,20.842
2022-09-22 13:00:00,17.11
2022-09-22 14:00:00,17.493
2022-09-22 15:00:00,12.334
2022-09-22 16:00:00,6.841
2022-09-22 17:00:00,1.937
2022-09-22 18:00:00,0.051
2022-09-22 19:00:00,0.0
2022-09-22 20:00:00,0.0
2022-09-22 21:00:00,0.0
2022-09-22 22:00:00,0.0
2022-09-22 23:00:00,0.0
2022-09-23 00:00:00,0.0
2022-09-23 01:00:00,0.0
2022-09-23 02:00:00,0.0
2022-09-23 03:00:00,0.0
2022-09-23 04:00:00,0.0
2022-09-23 05:00:00,0.0
2022-09-23 06:00:00,0.496
2022-09-23 07:00:00,4.536
2022-09-23 08:00:00,10.675
2022-09-23 09:00:00,16.516
2022-09-23 10:00:00,21.089
2022-09-23 11:00:00,22.628
2022-09-23 12:00:00,16.133
2022-09-23 13:00:00,13.052
2022-09-23 14:00:00,16.263
2022-09-23 15:00:00,12.531
2022-09-23 16:00:00,6.338
2022-09-23 17:00:00,0.636
2022-09-23 18:00:00,0.0
2022-09-23 19:00:00,0.0
2022-09-23 20:00:00,0.0
2022-09-23 21:00:00,0.0
2022-09-23 22:00:00,0.0
2022-09-23 23:00:00,0.0
2022-09-24 00:00:00,0.0
2022-09-24 01:00:00,0.0
2022-09-24 02:00:00,0.0
2022-09-24 03:00:00,0.0
2022-09-24 04:00:00,0.0
2022-09-24 05:00:00,0.0
2022-09-24 06:00:00,0.10400000000000001
2022-09-24 07:00:00,1.2770000000000001
2022-09-24 08:00:00,4.018
2022-09-24 09:00:00,11.945
2022-09-24 10:00:00,15.184000000000001
2022-09-24 11:00:00,22.436999999999998
2022-09-24 12:00:00,21.051000000000002
2022-09-24 13:00:00,19.807
2022-09-24 14:00:00,12.641
2022-09-24 15:00:00,9.327
2022-09-24 16:00:00,5.958
2022-09-24 17:00:00,1.85
2022-09-24 18:00:00,0.0
2022-09-24 19:00:00,0.0
2022-09-24 20:00:00,0.0
2022-09-24 21:00:00,0.0
2022-09-24 22:00:00,0.0
2022-09-24 23:00:00,0.0
2022-09-25 00:00:00,0.0
2022-09-25 01:00:00,0.0
2022-09-25 02:00:00,0.0
2022-09-25 03:00:00,0.0
2022-09-25 04:00:00,0.0
2022-09-25 05:00:00,0.0
2022-09-25 06:00:00,0.359
2022-09-25 07:00:00,5.404
2022-09-25 08:00:00,10.143
2022-09-25 09:00:00,17.573
2022-09-25 10:00:00,21.936
2022-09-25 11:00:00,23.306
2022-09-25 12:00:00,22.364
2022-09-25 13:00:00,18.522
2022-09-25 14:00:00,16.03
2022-09-25 15:00:00,12.109
2022-09-25 16:00:00,6.6819999999999995
2022-09-25 17:00:00,1.694
2022-09-25 18:00:00,0.04
2022-09-25 19:00:00,0.0
2022-09-25 20:00:00,0.0
2022-09-25 21:00:00,0.0
2022-09-25 22:00:00,0.0
2022-09-25 23:00:00,0.0
2022-09-26 00:00:00,0.0
2022-09-26 01:00:00,0.0
2022-09-26 02:00:00,0.0
2022-09-26 03:00:00,0.0
2022-09-26 04:00:00,0.0
2022-09-26 05:00:00,0.0
2022-09-26 06:00:00,0.478
2022-09-26 07:00:00,4.5280000000000005
2022-09-26 08:00:00,11.323
2022-09-26 09:00:00,18.048
2022-09-26 10:00:00,20.303
2022-09-26 11:00:00,22.864
2022-09-26 12:00:00,21.498
2022-09-26 13:00:00,17.939
2022-09-26 14:00:00,15.936
2022-09-26 15:00:00,12.407
2022-09-26 16:00:00,6.193
2022-09-26 17:00:00,1.356
2022-09-26 18:00:00,0.0
2022-09-26 19:00:00,0.0
2022-09-26 20:00:00,0.0
2022-09-26 21:00:00,0.0
2022-09-26 22:00:00,0.0
2022-09-26 23:00:00,0.0
2022-09-27 00:00:00,0.0
2022-09-27 01:00:00,0.0
2022-09-27 02:00:00,0.0
2022-09-27 03:00:00,0.0
2022-09-27 04:00:00,0.0
2022-09-27 05:00:00,0.0
2022-09-27 06:00:00,0.109
2022-09-27 07:00:00,3.833
2022-09-27 08:00:00,8.743
2022-09-27 09:00:00,11.577
2022-09-27 10:00:00,17.038
2022-09-27 11:00:00,22.45
2022-09-27 12:00:00,12.039
2022-09-27 13:00:00,11.486
2022-09-27 14:00:00,12.937
2022-09-27 15:00:00,3.532
2022-09-27 16:00:00,1.698
2022-09-27 17:00:00,0.419
2022-09-27 18:00:00,0.0
2022-09-27 19:00:00,0.0
2022-09-27 20:00:00,0.0
2022-09-27 21:00:00,0.0
2022-09-27 22:00:00,0.0
2022-09-27 23:00:00,0.0
2022-09-28 00:00:00,0.0
2022-09-28 01:00:00,0.0
2022-09-28 02:00:00,0.0
2022-09-28 03:00:00,0.0
2022-09-28 04:00:00,0.0
2022-09-28 05:00:00,0.0
2022-09-28 06:00:00,0.267
2022-09-28 07:00:00,2.9480000000000004
2022-09-28 08:00:00,8.374
2022-09-28 09:00:00,14.385
2022-09-28 10:00:00,16.017
2022-09-28 11:00:00,16.934
2022-09-28 12:00:00,10.558
2022-09-28 13:00:00,18.253999999999998
2022-09-28 14:00:00,11.818000000000001
2022-09-28 15:00:00,9.614
2022-09-28 16:00:00,5.276
2022-09-28 17:00:00,1.555
2022-09-28 18:00:00,0.018
2022-09-28 19:00:00,0.0
2022-09-28 20:00:00,0.0
2022-09-28 21:00:00,0.0
2022-09-28 22:00:00,0.0
2022-09-28 23:00:00,0.0
2022-09-29 00:00:00,0.0
2022-09-29 01:00:00,0.0
2022-09-29 02:00:00,0.0
2022-09-29 03:00:00,0.0
2022-09-29 04:00:00,0.0
2022-09-29 05:00:00,0.0
2022-09-29 06:00:00,0.293
2022-09-29 07:00:00,1.215
2022-09-29 08:00:00,1.065
2022-09-29 09:00:00,1.454
2022-09-29 10:00:00,3.532
2022-09-29 11:00:00,7.543
2022-09-29 12:00:00,9.485
2022-09-29 13:00:00,5.507
2022-09-29 14:00:00,6.634
2022-09-29 15:00:00,5.596
2022-09-29 16:00:00,3.259
2022-09-29 17:00:00,1.07
2022-09-29 18:00:00,0.0
2022-09-29 19:00:00,0.0
2022-09-29 20:00:00,0.0
2022-09-29 21:00:00,0.0
2022-09-29 22:00:00,0.0
2022-09-29 23:00:00,0.0
2022-09-30 00:00:00,0.0
2022-09-30 01:00:00,0.0
2022-09-30 02:00:00,0.0
2022-09-30 03:00:00,0.0
2022-09-30 04:00:00,0.0
2022-09-30 05:00:00,0.0
2022-09-30 06:00:00,0.032
2022-09-30 07:00:00,0.895
2022-09-30 08:00:00,4.577
2022-09-30 09:00:00,3.742
2022-09-30 10:00:00,1.878
2022-09-30 11:00:00,0.433
2022-09-30 12:00:00,0.213
2022-09-30 13:00:00,0.20299999999999999
2022-09-30 14:00:00,0.714
2022-09-30 15:00:00,0.588
2022-09-30 16:00:00,0.002
2022-09-30 17:00:00,0.0
2022-09-30 18:00:00,0.0
2022-09-30 19:00:00,0.0
2022-09-30 20:00:00,0.0
2022-09-30 21:00:00,0.0
2022-09-30 22:00:00,0.0
2022-09-30 23:00:00,0.0
2022-10-01 00:00:00,0.0
2022-10-01 01:00:00,0.0
2022-10-01 02:00:00,0.0
2022-10-01 03:00:00,0.0
2022-10-01 04:00:00,0.0
2022-10-01 05:00:00,0.0
2022-10-01 06:00:00,0.715
2022-10-01 07:00:00,4.23
2022-10-01 08:00:00,6.725
2022-10-01 09:00:00,11.275
2022-10-01 10:00:00,13.032
2022-10-01 11:00:00,17.433
2022-10-01 12:00:00,10.929
2022-10-01 13:00:00,13.241999999999999
2022-10-01 14:00:00,5.438000000000001
2022-10-01 15:00:00,1.639
2022-10-01 16:00:00,0.61
2022-10-01 17:00:00,0.322
2022-10-01 18:00:00,0.0
2022-10-01 19:00:00,0.0
2022-10-01 20:00:00,0.0
2022-10-01 21:00:00,0.0
2022-10-01 22:00:00,0.0
2022-10-01 23:00:00,0.0
2022-10-02 00:00:00,0.0
2022-10-02 01:00:00,0.0
2022-10-02 02:00:00,0.0
2022-10-02 03:00:00,0.0
2022-10-02 04:00:00,0.0
2022-10-02 05:00:00,0.0
2022-10-02 06:00:00,0.73
2022-10-02 07:00:00,3.69
2022-10-02 08:00:00,5.33
2022-10-02 09:00:00,7.004
2022-10-02 10:00:00,9.973
2022-10-02 11:00:00,13.061
2022-10-02 12:00:00,16.284
2022-10-02 13:00:00,16.642
2022-10-02 14:00:00,12.689
2022-10-02 15:00:00,4.883
2022-10-02 16:00:00,2.204
2022-10-02 17:00:00,0.69
2022-10-02 18:00:00,0.0
2022-10-02 19:00:00,0.0
2022-10-02 20:00:00,0.0
2022-10-02 21:00:00,0.0
2022-10-02 22:00:00,0.0
2022-10-02 23:00:00,0.0
2022-10-03 00:00:00,0.0
2022-10-03 01:00:00,0.0
2022-10-03 02:00:00,0.0
2022-10-03 03:00:00,0.0
2022-10-03 04:00:00,0.0
2022-10-03 05:00:00,0.0
2022-10-03 06:00:00,0.426
2022-10-03 07:00:00,3.682
2022-10-03 08:00:00,10.933
2022-10-03 09:00:00,18.712
2022-10-03 10:00:00,22.511
2022-10-03 11:00:00,23.473
2022-10-03 12:00:00,19.459
2022-10-03 13:00:00,17.658
2022-10-03 14:00:00,15.495999999999999
2022-10-03 15:00:00,11.671
2022-10-03 16:00:00,6.393000000000001
2022-10-03 17:00:00,0.741
2022-10-03 18:00:00,0.0
2022-10-03 19:00:00,0.0
2022-10-03 20:00:00,0.0
2022-10-03 21:00:00,0.0
2022-10-03 22:00:00,0.0
2022-10-03 23:00:00,0.0
2022-10-04 00:00:00,0.0
2022-10-04 01:00:00,0.0
2022-10-04 02:00:00,0.0
2022-10-04 03:00:00,0.0
2022-10-04 04:00:00,0.0
2022-10-04 05:00:00,0.0
2022-10-04 06:00:00,0.326
2022-10-04 07:00:00,3.726
2022-10-04 08:00:00,7.78
2022-10-04 09:00:00,18.547
2022-10-04 10:00:00,21.89
2022-10-04 11:00:00,23.108
2022-10-04 12:00:00,21.353
2022-10-04 13:00:00,18.843
2022-10-04 14:00:00,15.408
2022-10-04 15:00:00,11.202
2022-10-04 16:00:00,5.81
2022-10-04 17:00:00,1.2770000000000001
2022-10-04 18:00:00,0.0
2022-10-04 19:00:00,0.0
2022-10-04 20:00:00,0.0
2022-10-04 21:00:00,0.0
2022-10-04 22:00:00,0.0
2022-10-04 23:00:00,0.0
2022-10-05 00:00:00,0.0
2022-10-05 01:00:00,0.0
2022-10-05 02:00:00,0.0
2022-10-05 03:00:00,0.0
2022-10-05 04:00:00,0.0
2022-10-05 05:00:00,0.0
2022-10-05 06:00:00,0.40800000000000003
2022-10-05 07:00:00,4.05
2022-10-05 08:00:00,3.261
2022-10-05 09:00:00,12.446000000000002
2022-10-05 10:00:00,22.774
2022-10-05 11:00:00,22.201
2022-10-05 12:00:00,16.376
2022-10-05 13:00:00,17.085
2022-10-05 14:00:00,15.933000000000002
2022-10-05 15:00:00,8.145
2022-10-05 16:00:00,4.446
2022-10-05 17:00:00,0.9710000000000001
2022-10-05 18:00:00,0.0
2022-10-05 19:00:00,0.0
2022-10-05 20:00:00,0.0
2022-10-05 21:00:00,0.0
2022-10-05 22:00:00,0.0
2022-10-05 23:00:00,0.0
2022-10-06 00:00:00,0.0
2022-10-06 01:00:00,0.0
2022-10-06 02:00:00,0.0
2022-10-06 03:00:00,0.0
2022-10-06 04:00:00,0.0
2022-10-06 05:00:00,0.0
2022-10-06 06:00:00,0.47400000000000003
2022-10-06 07:00:00,6.359999999999999
2022-10-06 08:00:00,7.113
2022-10-06 09:00:00,14.89
2022-10-06 10:00:00,22.279
2022-10-06 11:00:00,24.873
2022-10-06 12:00:00,19.387
2022-10-06 13:00:00,18.065
2022-10-06 14:00:00,15.378
2022-10-06 15:00:00,10.769
2022-10-06 16:00:00,5.3309999999999995
2022-10-06 17:00:00,0.905
2022-10-06 18:00:00,0.0
2022-10-06 19:00:00,0.0
2022-10-06 20:00:00,0.0
2022-10-06 21:00:00,0.0
2022-10-06 22:00:00,0.0
2022-10-06 23:00:00,0.0
2022-10-07 00:00:00,0.0
2022-10-07 01:00:00,0.0
2022-10-07 02:00:00,0.0
2022-10-07 03:00:00,0.0
2022-10-07 04:00:00,0.0
2022-10-07 05:00:00,0.0
2022-10-07 06:00:00,0.181
2022-10-07 07:00:00,4.237
2022-10-07 08:00:00,10.406
2022-10-07 09:00:00,12.414
2022-10-07 10:00:00,17.906
2022-10-07 11:00:00,23.37
2022-10-07 12:00:00,18.573
2022-10-07 13:00:00,17.872
2022-10-07 14:00:00,15.328
2022-10-07 15:00:00,11.244
2022-10-07 16:00:00,5.859999999999999
2022-10-07 17:00:00,1.018
2022-10-07 18:00:00,0.0
2022-10-07 19:00:00,0.0
2022-10-07 20:00:00,0.0
2022-10-07 21:00:00,0.0
2022-10-07 22:00:00,0.0
2022-10-07 23:00:00,0.0
2022-10-08 00:00:00,0.0
2022-10-08 01:00:00,0.0
2022-10-08 02:00:00,0.0
2022-10-08 03:00:00,0.0
2022-10-08 04:00:00,0.0
2022-10-08 05:00:00,0.0
2022-10-08 06:00:00,0.12
2022-10-08 07:00:00,3.3200000000000003
2022-10-08 08:00:00,7.103
2022-10-08 09:00:00,16.042
2022-10-08 10:00:00,18.241
2022-10-08 11:00:00,14.174
2022-10-08 12:00:00,14.634
2022-10-08 13:00:00,17.382
2022-10-08 14:00:00,15.406
2022-10-08 15:00:00,12.256
2022-10-08 16:00:00,5.59
2022-10-08 17:00:00,1.133
2022-10-08 18:00:00,0.0
2022-10-08 19:00:00,0.0
2022-10-08 20:00:00,0.0
2022-10-08 21:00:00,0.0
2022-10-08 22:00:00,0.0
2022-10-08 23:00:00,0.0
2022-10-09 00:00:00,0.0
2022-10-09 01:00:00,0.0
2022-10-09 02:00:00,0.0
2022-10-09 03:00:00,0.0
2022-10-09 04:00:00,0.0
2022-10-09 05:00:00,0.0
2022-10-09 06:00:00,0.385
2022-10-09 07:00:00,3.346
2022-10-09 08:00:00,9.237
2022-10-09 09:00:00,16.747
2022-10-09 10:00:00,22.317999999999998
2022-10-09 11:00:00,20.598
2022-10-09 12:00:00,19.166
2022-10-09 13:00:00,18.434
2022-10-09 14:00:00,14.637
2022-10-09 15:00:00,10.702
2022-10-09 16:00:00,5.824
2022-10-09 17:00:00,1.049
2022-10-09 18:00:00,0.0
2022-10-09 19:00:00,0.0
2022-10-09 20:00:00,0.0
2022-10-09 21:00:00,0.0
2022-10-09 22:00:00,0.0
2022-10-09 23:00:00,0.0
2022-10-10 00:00:00,0.0
2022-10-10 01:00:00,0.0
2022-10-10 02:00:00,0.0
2022-10-10 03:00:00,0.0
2022-10-10 04:00:00,0.0
2022-10-10 05:00:00,0.0
2022-10-10 06:00:00,0.223
2022-10-10 07:00:00,1.409
2022-10-10 08:00:00,4.678
2022-10-10 09:00:00,12.354
2022-10-10 10:00:00,23.797
2022-10-10 11:00:00,24.269
2022-10-10 12:00:00,20.91
2022-10-10 13:00:00,17.878
2022-10-10 14:00:00,11.173
2022-10-10 15:00:00,6.9190000000000005
2022-10-10 16:00:00,3.582
2022-10-10 17:00:00,0.792
2022-10-10 18:00:00,0.0
2022-10-10 19:00:00,0.0
2022-10-10 20:00:00,0.0
2022-10-10 21:00:00,0.0
2022-10-10 22:00:00,0.0
2022-10-10 23:00:00,0.0
2022-10-11 00:00:00,0.0
2022-10-11 01:00:00,0.0
2022-10-11 02:00:00,0.0
2022-10-11 03:00:00,0.0
2022-10-11 04:00:00,0.0
2022-10-11 05:00:00,0.0
2022-10-11 06:00:00,0.21
2022-10-11 07:00:00,4.13
2022-10-11 08:00:00,11.613
2022-10-11 09:00:00,17.691000000000003
2022-10-11 10:00:00,22.861
2022-10-11 11:00:00,22.973
2022-10-11 12:00:00,19.444000000000003
2022-10-11 13:00:00,17.91
2022-10-11 14:00:00,15.093
2022-10-11 15:00:00,10.863999999999999
2022-10-11 16:00:00,5.547
2022-10-11 17:00:00,0.673
2022-10-11 18:00:00,0.0
2022-10-11 19:00:00,0.0
2022-10-11 20:00:00,0.0
2022-10-11 21:00:00,0.0
2022-10-11 22:00:00,0.0
2022-10-11 23:00:00,0.0
2022-10-12 00:00:00,0.0
2022-10-12 01:00:00,0.0
2022-10-12 02:00:00,0.0
2022-10-12 03:00:00,0.0
2022-10-12 04:00:00,0.0
2022-10-12 05:00:00,0.0
2022-10-12 06:00:00,0.282
2022-10-12 07:00:00,4.341
2022-10-12 08:00:00,11.246
2022-10-12 09:00:00,18.475
2022-10-12 10:00:00,22.867
2022-10-12 11:00:00,22.448
2022-10-12 12:00:00,18.830000000000002
2022-10-12 13:00:00,17.29
2022-10-12 14:00:00,15.035
2022-10-12 15:00:00,10.88
2022-10-12 16:00:00,5.631
2022-10-12 17:00:00,0.519
2022-10-12 18:00:00,0.0
2022-10-12 19:00:00,0.0
2022-10-12 20:00:00,0.0
2022-10-12 21:00:00,0.0
2022-10-12 22:00:00,0.0
2022-10-12 23:00:00,0.0
2022-10-13 00:00:00,0.0
2022-10-13 01:00:00,0.0
2022-10-13 02:00:00,0.0
2022-10-13 03:00:00,0.0
2022-10-13 04:00:00,0.0
2022-10-13 05:00:00,0.0
2022-10-13 06:00:00,0.287
2022-10-13 07:00:00,3.112
2022-10-13 08:00:00,12.082
2022-10-13 09:00:00,15.598
2022-10-13 10:00:00,16.029
2022-10-13 11:00:00,21.820999999999998
2022-10-13 12:00:00,19.537
2022-10-13 13:00:00,14.649
2022-10-13 14:00:00,15.128
2022-10-13 15:00:00,10.171
2022-10-13 16:00:00,4.535
2022-10-13 17:00:00,0.879
2022-10-13 18:00:00,0.0
2022-10-13 19:00:00,0.0
2022-10-13 20:00:00,0.0
2022-10-13 21:00:00,0.0
2022-10-13 22:00:00,0.0
2022-10-13 23:00:00,0.0
2022-10-14 00:00:00,0.0
2022-10-14 01:00:00,0.0
2022-10-14 02:00:00,0.0
2022-10-14 03:00:00,0.0
2022-10-14 04:00:00,0.0
2022-10-14 05:00:00,0.0
2022-10-14 06:00:00,0.317
2022-10-14 07:00:00,4.514
2022-10-14 08:00:00,10.27
2022-10-14 09:00:00,17.437
2022-10-14 10:00:00,21.608
2022-10-14 11:00:00,21.78
2022-10-14 12:00:00,18.379
2022-10-14 13:00:00,16.802
2022-10-14 14:00:00,14.418
2022-10-14 15:00:00,10.232
2022-10-14 16:00:00,5.032
2022-10-14 17:00:00,0.61
2022-10-14 18:00:00,0.0
2022-10-14 19:00:00,0.0
2022-10-14 20:00:00,0.0
2022-10-14 21:00:00,0.0
2022-10-14 22:00:00,0.0
2022-10-14 23:00:00,0.0
2022-10-15 00:00:00,0.0
2022-10-15 01:00:00,0.0
2022-10-15 02:00:00,0.0
2022-10-15 03:00:00,0.0
2022-10-15 04:00:00,0.0
2022-10-15 05:00:00,0.0
2022-10-15 06:00:00,0.35700000000000004
2022-10-15 07:00:00,4.251
2022-10-15 08:00:00,10.731
2022-10-15 09:00:00,17.838
2022-10-15 10:00:00,22.067
2022-10-15 11:00:00,21.789
2022-10-15 12:00:00,18.745
2022-10-15 13:00:00,17.054000000000002
2022-10-15 14:00:00,14.583
2022-10-15 15:00:00,10.273
2022-10-15 16:00:00,5.108
2022-10-15 17:00:00,0.529
2022-10-15 18:00:00,0.0
2022-10-15 19:00:00,0.0
2022-10-15 20:00:00,0.0
2022-10-15 21:00:00,0.0
2022-10-15 22:00:00,0.0
2022-10-15 23:00:00,0.0
2022-10-16 00:00:00,0.0
2022-10-16 01:00:00,0.0
2022-10-16 02:00:00,0.0
2022-10-16 03:00:00,0.0
2022-10-16 04:00:00,0.0
2022-10-16 05:00:00,0.0
2022-10-16 06:00:00,0.17600000000000002
2022-10-16 07:00:00,2.598
2022-10-16 08:00:00,8.245000000000001
2022-10-16 09:00:00,15.783000000000001
2022-10-16 10:00:00,14.123
2022-10-16 11:00:00,19.497
2022-10-16 12:00:00,7.2
2022-10-16 13:00:00,11.764
2022-10-16 14:00:00,10.523
2022-10-16 15:00:00,10.288
2022-10-16 16:00:00,5.36
2022-10-16 17:00:00,0.627
2022-10-16 18:00:00,0.0
2022-10-16 19:00:00,0.0
2022-10-16 20:00:00,0.0
2022-10-16 21:00:00,0.0
2022-10-16 22:00:00,0.0
2022-10-16 23:00:00,0.0
2022-10-17 00:00:00,0.0
2022-10-17 01:00:00,0.0
2022-10-17 02:00:00,0.0
2022-10-17 03:00:00,0.0
2022-10-17 04:00:00,0.0
2022-10-17 05:00:00,0.0
2022-10-17 06:00:00,0.043
2022-10-17 07:00:00,1.847
2022-10-17 08:00:00,7.203
2022-10-17 09:00:00,13.328
2022-10-17 10:00:00,8.335
2022-10-17 11:00:00,20.779
2022-10-17 12:00:00,21.751
2022-10-17 13:00:00,10.7
2022-10-17 14:00:00,9.355
2022-10-17 15:00:00,3.79
2022-10-17 16:00:00,1.65
2022-10-17 17:00:00,0.431
2022-10-17 18:00:00,0.0
2022-10-17 19:00:00,0.0
2022-10-17 20:00:00,0.0
2022-10-17 21:00:00,0.0
2022-10-17 22:00:00,0.0
2022-10-17 23:00:00,0.0
2022-10-18 00:00:00,0.0
2022-10-18 01:00:00,0.0
2022-10-18 02:00:00,0.0
2022-10-18 03:00:00,0.0
2022-10-18 04:00:00,0.0
2022-10-18 05:00:00,0.0
2022-10-18 06:00:00,0.0
2022-10-18 07:00:00,0.631
2022-10-18 08:00:00,3.75
2022-10-18 09:00:00,6.976
2022-10-18 10:00:00,8.861
2022-10-18 11:00:00,7.308
2022-10-18 12:00:00,5.095
2022-10-18 13:00:00,4.5649999999999995
2022-10-18 14:00:00,2.422
2022-10-18 15:00:00,1.207
2022-10-18 16:00:00,0.475
2022-10-18 17:00:00,0.022
2022-10-18 18:00:00,0.0
2022-10-18 19:00:00,0.0
2022-10-18 20:00:00,0.0
2022-10-18 21:00:00,0.0
2022-10-18 22:00:00,0.0
2022-10-18 23:00:00,0.0
2022-10-19 00:00:00,0.0
2022-10-19 01:00:00,0.0
2022-10-19 02:00:00,0.0
2022-10-19 03:00:00,0.0
2022-10-19 04:00:00,0.0
2022-10-19 05:00:00,0.0
2022-10-19 06:00:00,0.467
2022-10-19 07:00:00,4.890000000000001
2022-10-19 08:00:00,11.091000000000001
2022-10-19 09:00:00,18.282
2022-10-19 10:00:00,20.379
2022-10-19 11:00:00,22.68
2022-10-19 12:00:00,18.71
2022-10-19 13:00:00,14.305
2022-10-19 14:00:00,10.996
2022-10-19 15:00:00,6.262
2022-10-19 16:00:00,3.455
2022-10-19 17:00:00,0.771
2022-10-19 18:00:00,0.0
2022-10-19 19:00:00,0.0
2022-10-19 20:00:00,0.0
2022-10-19 21:00:00,0.0
2022-10-19 22:00:00,0.0
2022-10-19 23:00:00,0.0
2022-10-20 00:00:00,0.0
2022-10-20 01:00:00,0.0
2022-10-20 02:00:00,0.0
2022-10-20 03:00:00,0.0
2022-10-20 04:00:00,0.0
2022-10-20 05:00:00,0.0
2022-10-20 06:00:00,0.158
2022-10-20 07:00:00,1.999
2022-10-20 08:00:00,3.436
2022-10-20 09:00:00,4.36
2022-10-20 10:00:00,7.798
2022-10-20 11:00:00,10.522
2022-10-20 12:00:00,11.022
2022-10-20 13:00:00,14.04
2022-10-20 14:00:00,12.268
2022-10-20 15:00:00,9.122
2022-10-20 16:00:00,4.702
2022-10-20 17:00:00,1.035
2022-10-20 18:00:00,0.0
2022-10-20 19:00:00,0.0
2022-10-20 20:00:00,0.0
2022-10-20 21:00:00,0.0
2022-10-20 22:00:00,0.0
2022-10-20 23:00:00,0.0
2022-10-21 00:00:00,0.0
2022-10-21 01:00:00,0.0
2022-10-21 02:00:00,0.0
2022-10-21 03:00:00,0.0
2022-10-21 04:00:00,0.0
2022-10-21 05:00:00,0.0
2022-10-21 06:00:00,0.322
2022-10-21 07:00:00,3.927
2022-10-21 08:00:00,10.243
2022-10-21 09:00:00,17.576
2022-10-21 10:00:00,21.515
2022-10-21 11:00:00,20.303
2022-10-21 12:00:00,18.086
2022-10-21 13:00:00,16.77
2022-10-21 14:00:00,14.591999999999999
2022-10-21 15:00:00,10.045
2022-10-21 16:00:00,4.66
2022-10-21 17:00:00,0.8300000000000001
2022-10-21 18:00:00,0.0
2022-10-21 19:00:00,0.0
2022-10-21 20:00:00,0.0
2022-10-21 21:00:00,0.0
2022-10-21 22:00:00,0.0
2022-10-21 23:00:00,0.0
2022-10-22 00:00:00,0.0
2022-10-22 01:00:00,0.0
2022-10-22 02:00:00,0.0
2022-10-22 03:00:00,0.0
2022-10-22 04:00:00,0.0
2022-10-22 05:00:00,0.0
2022-10-22 06:00:00,0.136
2022-10-22 07:00:00,3.931
2022-10-22 08:00:00,10.661
2022-10-22 09:00:00,14.533999999999999
2022-10-22 10:00:00,22.903
2022-10-22 11:00:00,22.259
2022-10-22 12:00:00,16.883000000000003
2022-10-22 13:00:00,14.936
2022-10-22 14:00:00,12.094
2022-10-22 15:00:00,6.326
2022-10-22 16:00:00,1.937
2022-10-22 17:00:00,0.289
2022-10-22 18:00:00,0.0
2022-10-22 19:00:00,0.0
2022-10-22 20:00:00,0.0
2022-10-22 21:00:00,0.0
2022-10-22 22:00:00,0.0
2022-10-22 23:00:00,0.0
2022-10-23 00:00:00,0.0
2022-10-23 01:00:00,0.0
2022-10-23 02:00:00,0.0
2022-10-23 03:00:00,0.0
2022-10-23 04:00:00,0.0
2022-10-23 05:00:00,0.0
2022-10-23 06:00:00,0.04
2022-10-23 07:00:00,0.7769999999999999
2022-10-23 08:00:00,3.333
2022-10-23 09:00:00,9.408000000000001
2022-10-23 10:00:00,16.155
2022-10-23 11:00:00,19.945
2022-10-23 12:00:00,21.446
2022-10-23 13:00:00,16.458
2022-10-23 14:00:00,9.293
2022-10-23 15:00:00,3.714
2022-10-23 16:00:00,2.0789999999999997
2022-10-23 17:00:00,0.116
2022-10-23 18:00:00,0.0
2022-10-23 19:00:00,0.0
2022-10-23 20:00:00,0.0
2022-10-23 21:00:00,0.0
2022-10-23 22:00:00,0.0
2022-10-23 23:00:00,0.0
2022-10-24 00:00:00,0.0
2022-10-24 01:00:00,0.0
2022-10-24 02:00:00,0.0
2022-10-24 03:00:00,0.0
2022-10-24 04:00:00,0.0
2022-10-24 05:00:00,0.0
2022-10-24 06:00:00,0.217
2022-10-24 07:00:00,3.8579999999999997
2022-10-24 08:00:00,10.071
2022-10-24 09:00:00,17.856
2022-10-24 10:00:00,21.959
2022-10-24 11:00:00,18.988
2022-10-24 12:00:00,17.235
2022-10-24 13:00:00,13.627
2022-10-24 14:00:00,8.311
2022-10-24 15:00:00,6.913
2022-10-24 16:00:00,4.716
2022-10-24 17:00:00,0.598
2022-10-24 18:00:00,0.0
2022-10-24 19:00:00,0.0
2022-10-24 20:00:00,0.0
2022-10-24 21:00:00,0.0
2022-10-24 22:00:00,0.0
2022-10-24 23:00:00,0.0
2022-10-25 00:00:00,0.0
2022-10-25 01:00:00,0.0
2022-10-25 02:00:00,0.0
2022-10-25 03:00:00,0.0
2022-10-25 04:00:00,0.0
2022-10-25 05:00:00,0.0
2022-10-25 06:00:00,0.268
2022-10-25 07:00:00,3.833
2022-10-25 08:00:00,9.874
2022-10-25 09:00:00,17.467
2022-10-25 10:00:00,21.949
2022-10-25 11:00:00,20.709
2022-10-25 12:00:00,18.635
2022-10-25 13:00:00,17.381
2022-10-25 14:00:00,14.915000000000001
2022-10-25 15:00:00,10.841000000000001
2022-10-25 16:00:00,5.54
2022-10-25 17:00:00,0.761
2022-10-25 18:00:00,0.0
2022-10-25 19:00:00,0.0
2022-10-25 20:00:00,0.0
2022-10-25 21:00:00,0.0
2022-10-25 22:00:00,0.0
2022-10-25 23:00:00,0.0
2022-10-26 00:00:00,0.0
2022-10-26 01:00:00,0.0
2022-10-26 02:00:00,0.0
2022-10-26 03:00:00,0.0
2022-10-26 04:00:00,0.0
2022-10-26 05:00:00,0.0
2022-10-26 06:00:00,0.311
2022-10-26 07:00:00,4.032
2022-10-26 08:00:00,9.85
2022-10-26 09:00:00,16.704
2022-10-26 10:00:00,21.442
2022-10-26 11:00:00,20.083
2022-10-26 12:00:00,18.057000000000002
2022-10-26 13:00:00,16.622
2022-10-26 14:00:00,14.152000000000001
2022-10-26 15:00:00,9.506
2022-10-26 16:00:00,4.244
2022-10-26 17:00:00,0.392
2022-10-26 18:00:00,0.0
2022-10-26 19:00:00,0.0
2022-10-26 20:00:00,0.0
2022-10-26 21:00:00,0.0
2022-10-26 22:00:00,0.0
2022-10-26 23:00:00,0.0
2022-10-27 00:00:00,0.0
2022-10-27 01:00:00,0.0
2022-10-27 02:00:00,0.0
2022-10-27 03:00:00,0.0
2022-10-27 04:00:00,0.0
2022-10-27 05:00:00,0.0
2022-10-27 06:00:00,0.22699999999999998
2022-10-27 07:00:00,3.644
2022-10-27 08:00:00,9.442
2022-10-27 09:00:00,16.93
2022-10-27 10:00:00,21.057000000000002
2022-10-27 11:00:00,19.36
2022-10-27 12:00:00,17.64
2022-10-27 13:00:00,16.254
2022-10-27 14:00:00,13.858
2022-10-27 15:00:00,9.234
2022-10-27 16:00:00,4.098
2022-10-27 17:00:00,0.444
2022-10-27 18:00:00,0.0
2022-10-27 19:00:00,0.0
2022-10-27 20:00:00,0.0
2022-10-27 21:00:00,0.0
2022-10-27 22:00:00,0.0
2022-10-27 23:00:00,0.0
2022-10-28 00:00:00,0.0
2022-10-28 01:00:00,0.0
2022-10-28 02:00:00,0.0
2022-10-28 03:00:00,0.0
2022-10-28 04:00:00,0.0
2022-10-28 05:00:00,0.0
2022-10-28 06:00:00,0.228
2022-10-28 07:00:00,3.493
2022-10-28 08:00:00,9.157
2022-10-28 09:00:00,16.09
2022-10-28 10:00:00,19.847
2022-10-28 11:00:00,19.535
2022-10-28 12:00:00,17.434
2022-10-28 13:00:00,15.698
2022-10-28 14:00:00,13.168
2022-10-28 15:00:00,8.794
2022-10-28 16:00:00,4.0200000000000005
2022-10-28 17:00:00,0.524
2022-10-28 18:00:00,0.0
2022-10-28 19:00:00,0.0
2022-10-28 20:00:00,0.0
2022-10-28 21:00:00,0.0
2022-10-28 22:00:00,0.0
2022-10-28 23:00:00,0.0
2022-10-29 00:00:00,0.0
2022-10-29 01:00:00,0.0
2022-10-29 02:00:00,0.0
2022-10-29 03:00:00,0.0
2022-10-29 04:00:00,0.0
2022-10-29 05:00:00,0.0
2022-10-29 06:00:00,0.131
2022-10-29 07:00:00,2.766
2022-10-29 08:00:00,9.193
2022-10-29 09:00:00,16.593
2022-10-29 10:00:00,20.109
2022-10-29 11:00:00,19.336
2022-10-29 12:00:00,16.748
2022-10-29 13:00:00,16.048000000000002
2022-10-29 14:00:00,13.896
2022-10-29 15:00:00,9.134
2022-10-29 16:00:00,4.272
2022-10-29 17:00:00,0.653
2022-10-29 18:00:00,0.0
2022-10-29 19:00:00,0.0
2022-10-29 20:00:00,0.0
2022-10-29 21:00:00,0.0
2022-10-29 22:00:00,0.0
2022-10-29 23:00:00,0.0
2022-10-30 00:00:00,0.0
2022-10-30 01:00:00,0.0
2022-10-30 02:00:00,0.0
2022-10-30 03:00:00,0.0
2022-10-30 04:00:00,0.0
2022-10-30 05:00:00,0.0
2022-10-30 06:00:00,0.088
2022-10-30 07:00:00,2.062
2022-10-30 08:00:00,7.801
2022-10-30 09:00:00,14.501999999999999
2022-10-30 10:00:00,17.561
2022-10-30 11:00:00,21.616
2022-10-30 12:00:00,19.604
2022-10-30 13:00:00,16.397
2022-10-30 14:00:00,12.628
2022-10-30 15:00:00,7.285
2022-10-30 16:00:00,3.941
2022-10-30 17:00:00,0.567
2022-10-30 18:00:00,0.0
2022-10-30 19:00:00,0.0
2022-10-30 20:00:00,0.0
2022-10-30 21:00:00,0.0
2022-10-30 22:00:00,0.0
2022-10-30 23:00:00,0.0
2022-10-31 00:00:00,0.0
2022-10-31 01:00:00,0.0
2022-10-31 02:00:00,0.0
2022-10-31 03:00:00,0.0
2022-10-31 04:00:00,0.0
2022-10-31 05:00:00,0.0
2022-10-31 06:00:00,0.08
2022-10-31 07:00:00,2.653
2022-10-31 08:00:00,7.708
2022-10-31 09:00:00,16.957
2022-10-31 10:00:00,15.371
2022-10-31 11:00:00,13.966
2022-10-31 12:00:00,16.537
2022-10-31 13:00:00,10.707
2022-10-31 14:00:00,6.743
2022-10-31 15:00:00,3.434
2022-10-31 16:00:00,3.436
2022-10-31 17:00:00,0.524
2022-10-31 18:00:00,0.0
2022-10-31 19:00:00,0.0
2022-10-31 20:00:00,0.0
2022-10-31 21:00:00,0.0
2022-10-31 22:00:00,0.0
2022-10-31 23:00:00,0.0
2022-11-01 00:00:00,0.0
2022-11-01 01:00:00,0.0
2022-11-01 02:00:00,0.0
2022-11-01 03:00:00,0.0
2022-11-01 04:00:00,0.0
2022-11-01 05:00:00,0.0
2022-11-01 06:00:00,0.063
2022-11-01 07:00:00,1.1019999999999999
2022-11-01 08:00:00,2.109
2022-11-01 09:00:00,2.219
2022-11-01 10:00:00,4.756
2022-11-01 11:00:00,6.789
2022-11-01 12:00:00,7.782
2022-11-01 13:00:00,3.411
2022-11-01 14:00:00,1.603
2022-11-01 15:00:00,1.278
2022-11-01 16:00:00,0.854
2022-11-01 17:00:00,0.042
2022-11-01 18:00:00,0.0
2022-11-01 19:00:00,0.0
2022-11-01 20:00:00,0.0
2022-11-01 21:00:00,0.0
2022-11-01 22:00:00,0.0
2022-11-01 23:00:00,0.0
2022-11-02 00:00:00,0.0
2022-11-02 01:00:00,0.0
2022-11-02 02:00:00,0.0
2022-11-02 03:00:00,0.0
2022-11-02 04:00:00,0.0
2022-11-02 05:00:00,0.0
2022-11-02 06:00:00,0.033
2022-11-02 07:00:00,0.999
2022-11-02 08:00:00,3.601
2022-11-02 09:00:00,7.744
2022-11-02 10:00:00,8.353
2022-11-02 11:00:00,8.077
2022-11-02 12:00:00,8.014
2022-11-02 13:00:00,7.696
2022-11-02 14:00:00,5.165
2022-11-02 15:00:00,3.933
2022-11-02 16:00:00,1.8900000000000001
2022-11-02 17:00:00,0.398
2022-11-02 18:00:00,0.0
2022-11-02 19:00:00,0.0
2022-11-02 20:00:00,0.0
2022-11-02 21:00:00,0.0
2022-11-02 22:00:00,0.0
2022-11-02 23:00:00,0.0
2022-11-03 00:00:00,0.0
2022-11-03 01:00:00,0.0
2022-11-03 02:00:00,0.0
2022-11-03 03:00:00,0.0
2022-11-03 04:00:00,0.0
2022-11-03 05:00:00,0.0
2022-11-03 06:00:00,0.0
2022-11-03 07:00:00,0.053000000000000005
2022-11-03 08:00:00,0.335
2022-11-03 09:00:00,0.466
2022-11-03 10:00:00,0.9490000000000001
2022-11-03 11:00:00,1.587
2022-11-03 12:00:00,0.77
2022-11-03 13:00:00,1.094
2022-11-03 14:00:00,1.754
2022-11-03 15:00:00,0.812
2022-11-03 16:00:00,0.413
2022-11-03 17:00:00,0.0
2022-11-03 18:00:00,0.0
2022-11-03 19:00:00,0.0
2022-11-03 20:00:00,0.0
2022-11-03 21:00:00,0.0
2022-11-03 22:00:00,0.0
2022-11-03 23:00:00,0.0
2022-11-04 00:00:00,0.0
2022-11-04 01:00:00,0.0
2022-11-04 02:00:00,0.0
2022-11-04 03:00:00,0.0
2022-11-04 04:00:00,0.0
2022-11-04 05:00:00,0.0
2022-11-04 06:00:00,0.0
2022-11-04 07:00:00,0.297
2022-11-04 08:00:00,1.812
2022-11-04 09:00:00,2.626
2022-11-04 10:00:00,2.777
2022-11-04 11:00:00,4.0489999999999995
2022-11-04 12:00:00,2.748
2022-11-04 13:00:00,1.774
2022-11-04 14:00:00,1.554
2022-11-04 15:00:00,0.526
2022-11-04 16:00:00,0.174
2022-11-04 17:00:00,0.0
2022-11-04 18:00:00,0.0
2022-11-04 19:00:00,0.0
2022-11-04 20:00:00,0.0
2022-11-04 21:00:00,0.0
2022-11-04 22:00:00,0.0
2022-11-04 23:00:00,0.0
2022-11-05 00:00:00,0.0
2022-11-05 01:00:00,0.0
2022-11-05 02:00:00,0.0
2022-11-05 03:00:00,0.0
2022-11-05 04:00:00,0.0
2022-11-05 05:00:00,0.0
2022-11-05 06:00:00,0.0
2022-11-05 07:00:00,0.16999999999999998
2022-11-05 08:00:00,1.084
2022-11-05 09:00:00,2.86
2022-11-05 10:00:00,3.645
2022-11-05 11:00:00,5.389
2022-11-05 12:00:00,4.762
2022-11-05 13:00:00,2.5300000000000002
2022-11-05 14:00:00,2.551
2022-11-05 15:00:00,1.5470000000000002
2022-11-05 16:00:00,0.864
2022-11-05 17:00:00,0.029
2022-11-05 18:00:00,0.0
2022-11-05 19:00:00,0.0
2022-11-05 20:00:00,0.0
2022-11-05 21:00:00,0.0
2022-11-05 22:00:00,0.0
2022-11-05 23:00:00,0.0
2022-11-06 00:00:00,0.0
2022-11-06 01:00:00,0.0
2022-11-06 02:00:00,0.0
2022-11-06 03:00:00,0.0
2022-11-06 04:00:00,0.0
2022-11-06 05:00:00,0.0
2022-11-06 06:00:00,0.0
2022-11-06 07:00:00,1.49
2022-11-06 08:00:00,3.453
2022-11-06 09:00:00,5.678
2022-11-06 10:00:00,11.237
2022-11-06 11:00:00,12.648
2022-11-06 12:00:00,10.089
2022-11-06 13:00:00,6.618
2022-11-06 14:00:00,3.414
2022-11-06 15:00:00,5.021
2022-11-06 16:00:00,1.91
2022-11-06 17:00:00,0.072
2022-11-06 18:00:00,0.0
2022-11-06 19:00:00,0.0
2022-11-06 20:00:00,0.0
2022-11-06 21:00:00,0.0
2022-11-06 22:00:00,0.0
2022-11-06 23:00:00,0.0
2022-11-07 00:00:00,0.0
2022-11-07 01:00:00,0.0
2022-11-07 02:00:00,0.0
2022-11-07 03:00:00,0.0
2022-11-07 04:00:00,0.0
2022-11-07 05:00:00,0.0
2022-11-07 06:00:00,0.034
2022-11-07 07:00:00,1.382
2022-11-07 08:00:00,2.7190000000000003
2022-11-07 09:00:00,4.059
2022-11-07 10:00:00,11.205
2022-11-07 11:00:00,11.722999999999999
2022-11-07 12:00:00,12.798
2022-11-07 13:00:00,11.993
2022-11-07 14:00:00,9.212
2022-11-07 15:00:00,5.044
2022-11-07 16:00:00,2.096
2022-11-07 17:00:00,0.301
2022-11-07 18:00:00,0.0
2022-11-07 19:00:00,0.0
2022-11-07 20:00:00,0.0
2022-11-07 21:00:00,0.0
2022-11-07 22:00:00,0.0
2022-11-07 23:00:00,0.0
2022-11-08 00:00:00,0.0
2022-11-08 01:00:00,0.0
2022-11-08 02:00:00,0.0
2022-11-08 03:00:00,0.0
2022-11-08 04:00:00,0.0
2022-11-08 05:00:00,0.0
2022-11-08 06:00:00,0.19499999999999998
2022-11-08 07:00:00,2.394
2022-11-08 08:00:00,3.992
2022-11-08 09:00:00,5.691
2022-11-08 10:00:00,10.43
2022-11-08 11:00:00,14.650000000000002
2022-11-08 12:00:00,14.515
2022-11-08 13:00:00,7.381
2022-11-08 14:00:00,5.993
2022-11-08 15:00:00,4.006
2022-11-08 16:00:00,1.781
2022-11-08 17:00:00,0.244
2022-11-08 18:00:00,0.0
2022-11-08 19:00:00,0.0
2022-11-08 20:00:00,0.0
2022-11-08 21:00:00,0.0
2022-11-08 22:00:00,0.0
2022-11-08 23:00:00,0.0
2022-11-09 00:00:00,0.0
2022-11-09 01:00:00,0.0
2022-11-09 02:00:00,0.0
2022-11-09 03:00:00,0.0
2022-11-09 04:00:00,0.0
2022-11-09 05:00:00,0.0
2022-11-09 06:00:00,0.164
2022-11-09 07:00:00,4.675
2022-11-09 08:00:00,6.067
2022-11-09 09:00:00,14.213000000000001
2022-11-09 10:00:00,18.065
2022-11-09 11:00:00,18.297
2022-11-09 12:00:00,17.076999999999998
2022-11-09 13:00:00,15.645
2022-11-09 14:00:00,12.879
2022-11-09 15:00:00,8.446
2022-11-09 16:00:00,3.333
2022-11-09 17:00:00,0.27399999999999997
2022-11-09 18:00:00,0.0
2022-11-09 19:00:00,0.0
2022-11-09 20:00:00,0.0
2022-11-09 21:00:00,0.0
2022-11-09 22:00:00,0.0
2022-11-09 23:00:00,0.0
2022-11-10 00:00:00,0.0
2022-11-10 01:00:00,0.0
2022-11-10 02:00:00,0.0
2022-11-10 03:00:00,0.0
2022-11-10 04:00:00,0.0
2022-11-10 05:00:00,0.0
2022-11-10 06:00:00,0.112
2022-11-10 07:00:00,3.577
2022-11-10 08:00:00,8.934000000000001
2022-11-10 09:00:00,15.378
2022-11-10 10:00:00,19.04
2022-11-10 11:00:00,20.056
2022-11-10 12:00:00,16.185000000000002
2022-11-10 13:00:00,15.864
2022-11-10 14:00:00,12.89
2022-11-10 15:00:00,8.414
2022-11-10 16:00:00,3.321
2022-11-10 17:00:00,0.293
2022-11-10 18:00:00,0.0
2022-11-10 19:00:00,0.0
2022-11-10 20:00:00,0.0
2022-11-10 21:00:00,0.0
2022-11-10 22:00:00,0.0
2022-11-10 23:00:00,0.0
2022-11-11 00:00:00,0.0
2022-11-11 01:00:00,0.0
2022-11-11 02:00:00,0.0
2022-11-11 03:00:00,0.0
2022-11-11 04:00:00,0.0
2022-11-11 05:00:00,0.0
2022-11-11 06:00:00,0.0
2022-11-11 07:00:00,0.33699999999999997
2022-11-11 08:00:00,2.194
2022-11-11 09:00:00,3.315
2022-11-11 10:00:00,11.007000000000001
2022-11-11 11:00:00,16.679000000000002
2022-11-11 12:00:00,16.665
2022-11-11 13:00:00,16.476
2022-11-11 14:00:00,13.063
2022-11-11 15:00:00,8.499
2022-11-11 16:00:00,3.302
2022-11-11 17:00:00,0.23099999999999998
2022-11-11 18:00:00,0.0
2022-11-11 19:00:00,0.0
2022-11-11 20:00:00,0.0
2022-11-11 21:00:00,0.0
2022-11-11 22:00:00,0.0
2022-11-11 23:00:00,0.0
2022-11-12 00:00:00,0.0
2022-11-12 01:00:00,0.0
2022-11-12 02:00:00,0.0
2022-11-12 03:00:00,0.0
2022-11-12 04:00:00,0.0
2022-11-12 05:00:00,0.0
2022-11-12 06:00:00,0.0
2022-11-12 07:00:00,0.178
2022-11-12 08:00:00,1.8459999999999999
2022-11-12 09:00:00,6.796
2022-11-12 10:00:00,9.587
2022-11-12 11:00:00,8.24
2022-11-12 12:00:00,10.014
2022-11-12 13:00:00,11.663
2022-11-12 14:00:00,9.421
2022-11-12 15:00:00,6.391
2022-11-12 16:00:00,2.785
2022-11-12 17:00:00,0.277
2022-11-12 18:00:00,0.0
2022-11-12 19:00:00,0.0
2022-11-12 20:00:00,0.0
2022-11-12 21:00:00,0.0
2022-11-12 22:00:00,0.0
2022-11-12 23:00:00,0.0
2022-11-13 00:00:00,0.0
2022-11-13 01:00:00,0.0
2022-11-13 02:00:00,0.0
2022-11-13 03:00:00,0.0
2022-11-13 04:00:00,0.0
2022-11-13 05:00:00,0.0
2022-11-13 06:00:00,0.05
2022-11-13 07:00:00,2.259
2022-11-13 08:00:00,8.293
2022-11-13 09:00:00,14.742
2022-11-13 10:00:00,18.6
2022-11-13 11:00:00,17.698999999999998
2022-11-13 12:00:00,16.419
2022-11-13 13:00:00,15.016
2022-11-13 14:00:00,12.389
2022-11-13 15:00:00,8.402000000000001
2022-11-13 16:00:00,3.466
2022-11-13 17:00:00,0.244
2022-11-13 18:00:00,0.0
2022-11-13 19:00:00,0.0
2022-11-13 20:00:00,0.0
2022-11-13 21:00:00,0.0
2022-11-13 22:00:00,0.0
2022-11-13 23:00:00,0.0
2022-11-14 00:00:00,0.0
2022-11-14 01:00:00,0.0
2022-11-14 02:00:00,0.0
2022-11-14 03:00:00,0.0
2022-11-14 04:00:00,0.0
2022-11-14 05:00:00,0.0
2022-11-14 06:00:00,0.0
2022-11-14 07:00:00,0.274
2022-11-14 08:00:00,1.274
2022-11-14 09:00:00,2.516
2022-11-14 10:00:00,7.319
2022-11-14 11:00:00,11.424
2022-11-14 12:00:00,12.496
2022-11-14 13:00:00,11.557
2022-11-14 14:00:00,9.304
2022-11-14 15:00:00,6.176
2022-11-14 16:00:00,3.346
2022-11-14 17:00:00,0.245
2022-11-14 18:00:00,0.0
2022-11-14 19:00:00,0.0
2022-11-14 20:00:00,0.0
2022-11-14 21:00:00,0.0
2022-11-14 22:00:00,0.0
2022-11-14 23:00:00,0.0
2022-11-15 00:00:00,0.0
2022-11-15 01:00:00,0.0
2022-11-15 02:00:00,0.0
2022-11-15 03:00:00,0.0
2022-11-15 04:00:00,0.0
2022-11-15 05:00:00,0.0
2022-11-15 06:00:00,0.079
2022-11-15 07:00:00,1.9210000000000003
2022-11-15 08:00:00,5.335
2022-11-15 09:00:00,7.052
2022-11-15 10:00:00,7.41
2022-11-15 11:00:00,4.855
2022-11-15 12:00:00,5.128
2022-11-15 13:00:00,6.887
2022-11-15 14:00:00,10.253
2022-11-15 15:00:00,8.585
2022-11-15 16:00:00,2.994
2022-11-15 17:00:00,0.311
2022-11-15 18:00:00,0.0
2022-11-15 19:00:00,0.0
2022-11-15 20:00:00,0.0
2022-11-15 21:00:00,0.0
2022-11-15 22:00:00,0.0
2022-11-15 23:00:00,0.0
2022-11-16 00:00:00,0.0
2022-11-16 01:00:00,0.0
2022-11-16 02:00:00,0.0
2022-11-16 03:00:00,0.0
2022-11-16 04:00:00,0.0
2022-11-16 05:00:00,0.0
2022-11-16 06:00:00,0.0
2022-11-16 07:00:00,0.29000000000000004
2022-11-16 08:00:00,6.192
2022-11-16 09:00:00,5.06
2022-11-16 10:00:00,9.38
2022-11-16 11:00:00,17.326999999999998
2022-11-16 12:00:00,19.047
2022-11-16 13:00:00,16.173000000000002
2022-11-16 14:00:00,11.139
2022-11-16 15:00:00,6.2509999999999994
2022-11-16 16:00:00,2.515
2022-11-16 17:00:00,0.174
2022-11-16 18:00:00,0.0
2022-11-16 19:00:00,0.0
2022-11-16 20:00:00,0.0
2022-11-16 21:00:00,0.0
2022-11-16 22:00:00,0.0
2022-11-16 23:00:00,0.0
2022-11-17 00:00:00,0.0
2022-11-17 01:00:00,0.0
2022-11-17 02:00:00,0.0
2022-11-17 03:00:00,0.0
2022-11-17 04:00:00,0.0
2022-11-17 05:00:00,0.0
2022-11-17 06:00:00,0.0
2022-11-17 07:00:00,1.047
2022-11-17 08:00:00,3.816
2022-11-17 09:00:00,4.312
2022-11-17 10:00:00,2.4610000000000003
2022-11-17 11:00:00,2.709
2022-11-17 12:00:00,6.041
2022-11-17 13:00:00,12.805
2022-11-17 14:00:00,12.573
2022-11-17 15:00:00,7.409000000000001
2022-11-17 16:00:00,2.975
2022-11-17 17:00:00,0.401
2022-11-17 18:00:00,0.0
2022-11-17 19:00:00,0.0
2022-11-17 20:00:00,0.0
2022-11-17 21:00:00,0.0
2022-11-17 22:00:00,0.0
2022-11-17 23:00:00,0.0
2022-11-18 00:00:00,0.0
2022-11-18 01:00:00,0.0
2022-11-18 02:00:00,0.0
2022-11-18 03:00:00,0.0
2022-11-18 04:00:00,0.0
2022-11-18 05:00:00,0.0
2022-11-18 06:00:00,0.056
2022-11-18 07:00:00,1.556
2022-11-18 08:00:00,7.806
2022-11-18 09:00:00,12.006
2022-11-18 10:00:00,10.213
2022-11-18 11:00:00,5.8549999999999995
2022-11-18 12:00:00,10.424
2022-11-18 13:00:00,17.509
2022-11-18 14:00:00,12.312
2022-11-18 15:00:00,4.516
2022-11-18 16:00:00,1.289
2022-11-18 17:00:00,0.169
2022-11-18 18:00:00,0.0
2022-11-18 19:00:00,0.0
2022-11-18 20:00:00,0.0
2022-11-18 21:00:00,0.0
2022-11-18 22:00:00,0.0
2022-11-18 23:00:00,0.0
2022-11-19 00:00:00,0.0
2022-11-19 01:00:00,0.0
2022-11-19 02:00:00,0.0
2022-11-19 03:00:00,0.0
2022-11-19 04:00:00,0.0
2022-11-19 05:00:00,0.0
2022-11-19 06:00:00,0.053
2022-11-19 07:00:00,2.687
2022-11-19 08:00:00,4.454
2022-11-19 09:00:00,14.485
2022-11-19 10:00:00,17.974
2022-11-19 11:00:00,14.784
2022-11-19 12:00:00,16.310000000000002
2022-11-19 13:00:00,14.797
2022-11-19 14:00:00,12.206
2022-11-19 15:00:00,7.5280000000000005
2022-11-19 16:00:00,2.916
2022-11-19 17:00:00,0.159
2022-11-19 18:00:00,0.0
2022-11-19 19:00:00,0.0
2022-11-19 20:00:00,0.0
2022-11-19 21:00:00,0.0
2022-11-19 22:00:00,0.0
2022-11-19 23:00:00,0.0
2022-11-20 00:00:00,0.0
2022-11-20 01:00:00,0.0
2022-11-20 02:00:00,0.0
2022-11-20 03:00:00,0.0
2022-11-20 04:00:00,0.0
2022-11-20 05:00:00,0.0
2022-11-20 06:00:00,0.0
2022-11-20 07:00:00,1.014
2022-11-20 08:00:00,6.944
2022-11-20 09:00:00,11.713000000000001
2022-11-20 10:00:00,17.64
2022-11-20 11:00:00,16.948999999999998
2022-11-20 12:00:00,16.326
2022-11-20 13:00:00,15.008
2022-11-20 14:00:00,12.004999999999999
2022-11-20 15:00:00,6.905
2022-11-20 16:00:00,4.224
2022-11-20 17:00:00,0.389
2022-11-20 18:00:00,0.0
2022-11-20 19:00:00,0.0
2022-11-20 20:00:00,0.0
2022-11-20 21:00:00,0.0
2022-11-20 22:00:00,0.0
2022-11-20 23:00:00,0.0
2022-11-21 00:00:00,0.0
2022-11-21 01:00:00,0.0
2022-11-21 02:00:00,0.0
2022-11-21 03:00:00,0.0
2022-11-21 04:00:00,0.0
2022-11-21 05:00:00,0.0
2022-11-21 06:00:00,0.0
2022-11-21 07:00:00,0.089
2022-11-21 08:00:00,0.776
2022-11-21 09:00:00,1.633
2022-11-21 10:00:00,2.99
2022-11-21 11:00:00,2.412
2022-11-21 12:00:00,3.156
2022-11-21 13:00:00,2.871
2022-11-21 14:00:00,3.25
2022-11-21 15:00:00,2.1959999999999997
2022-11-21 16:00:00,0.5790000000000001
2022-11-21 17:00:00,0.0
2022-11-21 18:00:00,0.0
2022-11-21 19:00:00,0.0
2022-11-21 20:00:00,0.0
2022-11-21 21:00:00,0.0
2022-11-21 22:00:00,0.0
2022-11-21 23:00:00,0.0
2022-11-22 00:00:00,0.0
2022-11-22 01:00:00,0.0
2022-11-22 02:00:00,0.0
2022-11-22 03:00:00,0.0
2022-11-22 04:00:00,0.0
2022-11-22 05:00:00,0.0
2022-11-22 06:00:00,0.0
2022-11-22 07:00:00,0.0
2022-11-22 08:00:00,0.20600000000000002
2022-11-22 09:00:00,0.883
2022-11-22 10:00:00,1.058
2022-11-22 11:00:00,1.486
2022-11-22 12:00:00,1.595
2022-11-22 13:00:00,2.162
2022-11-22 14:00:00,1.9060000000000001
2022-11-22 15:00:00,1.288
2022-11-22 16:00:00,0.663
2022-11-22 17:00:00,0.017
2022-11-22 18:00:00,0.0
2022-11-22 19:00:00,0.0
2022-11-22 20:00:00,0.0
2022-11-22 21:00:00,0.0
2022-11-22 22:00:00,0.0
2022-11-22 23:00:00,0.0
2022-11-23 00:00:00,0.0
2022-11-23 01:00:00,0.0
2022-11-23 02:00:00,0.0
2022-11-23 03:00:00,0.0
2022-11-23 04:00:00,0.0
2022-11-23 05:00:00,0.0
2022-11-23 06:00:00,0.0
2022-11-23 07:00:00,0.034
2022-11-23 08:00:00,0.473
2022-11-23 09:00:00,0.712
2022-11-23 10:00:00,1.217
2022-11-23 11:00:00,1.438
2022-11-23 12:00:00,2.5460000000000003
2022-11-23 13:00:00,1.348
2022-11-23 14:00:00,0.6819999999999999
2022-11-23 15:00:00,0.48500000000000004
2022-11-23 16:00:00,0.094
2022-11-23 17:00:00,0.0
2022-11-23 18:00:00,0.0
2022-11-23 19:00:00,0.0
2022-11-23 20:00:00,0.0
2022-11-23 21:00:00,0.0
2022-11-23 22:00:00,0.0
2022-11-23 23:00:00,0.0
2022-11-24 00:00:00,0.0
2022-11-24 01:00:00,0.0
2022-11-24 02:00:00,0.0
2022-11-24 03:00:00,0.0
2022-11-24 04:00:00,0.0
2022-11-24 05:00:00,0.0
2022-11-24 06:00:00,0.0
2022-11-24 07:00:00,0.013
2022-11-24 08:00:00,0.262
2022-11-24 09:00:00,0.97
2022-11-24 10:00:00,1.26
2022-11-24 11:00:00,0.8009999999999999
2022-11-24 12:00:00,0.9790000000000001
2022-11-24 13:00:00,1.463
2022-11-24 14:00:00,0.8069999999999999
2022-11-24 15:00:00,0.5509999999999999
2022-11-24 16:00:00,0.338
2022-11-24 17:00:00,0.0
2022-11-24 18:00:00,0.0
2022-11-24 19:00:00,0.0
2022-11-24 20:00:00,0.0
2022-11-24 21:00:00,0.0
2022-11-24 22:00:00,0.0
2022-11-24 23:00:00,0.0
2022-11-25 00:00:00,0.0
2022-11-25 01:00:00,0.0
2022-11-25 02:00:00,0.0
2022-11-25 03:00:00,0.0
2022-11-25 04:00:00,0.0
2022-11-25 05:00:00,0.0
2022-11-25 06:00:00,0.0
2022-11-25 07:00:00,0.026
2022-11-25 08:00:00,0.427
2022-11-25 09:00:00,1.103
2022-11-25 10:00:00,1.952
2022-11-25 11:00:00,2.816
2022-11-25 12:00:00,2.9850000000000003
2022-11-25 13:00:00,3.168
2022-11-25 14:00:00,2.202
2022-11-25 15:00:00,1.594
2022-11-25 16:00:00,1.289
2022-11-25 17:00:00,0.065
2022-11-25 18:00:00,0.0
2022-11-25 19:00:00,0.0
2022-11-25 20:00:00,0.0
2022-11-25 21:00:00,0.0
2022-11-25 22:00:00,0.0
2022-11-25 23:00:00,0.0
2022-11-26 00:00:00,0.0
2022-11-26 01:00:00,0.0
2022-11-26 02:00:00,0.0
2022-11-26 03:00:00,0.0
2022-11-26 04:00:00,0.0
2022-11-26 05:00:00,0.0
2022-11-26 06:00:00,0.0
2022-11-26 07:00:00,0.711
2022-11-26 08:00:00,2.3970000000000002
2022-11-26 09:00:00,2.37
2022-11-26 10:00:00,5.053
2022-11-26 11:00:00,3.7270000000000003
2022-11-26 12:00:00,5.037999999999999
2022-11-26 13:00:00,7.602
2022-11-26 14:00:00,5.173
2022-11-26 15:00:00,2.387
2022-11-26 16:00:00,2.712
2022-11-26 17:00:00,0.184
2022-11-26 18:00:00,0.0
2022-11-26 19:00:00,0.0
2022-11-26 20:00:00,0.0
2022-11-26 21:00:00,0.0
2022-11-26 22:00:00,0.0
2022-11-26 23:00:00,0.0
2022-11-27 00:00:00,0.0
2022-11-27 01:00:00,0.0
2022-11-27 02:00:00,0.0
2022-11-27 03:00:00,0.0
2022-11-27 04:00:00,0.0
2022-11-27 05:00:00,0.0
2022-11-27 06:00:00,0.0
2022-11-27 07:00:00,0.0
2022-11-27 08:00:00,0.018
2022-11-27 09:00:00,0.401
2022-11-27 10:00:00,0.546
2022-11-27 11:00:00,1.001
2022-11-27 12:00:00,0.664
2022-11-27 13:00:00,0.845
2022-11-27 14:00:00,1.318
2022-11-27 15:00:00,0.9830000000000001
2022-11-27 16:00:00,0.292
2022-11-27 17:00:00,0.0
2022-11-27 18:00:00,0.0
2022-11-27 19:00:00,0.0
2022-11-27 20:00:00,0.0
2022-11-27 21:00:00,0.0
2022-11-27 22:00:00,0.0
2022-11-27 23:00:00,0.0
2022-11-28 00:00:00,0.0
2022-11-28 01:00:00,0.0
2022-11-28 02:00:00,0.0
2022-11-28 03:00:00,0.0
2022-11-28 04:00:00,0.0
2022-11-28 05:00:00,0.0
2022-11-28 06:00:00,0.0
2022-11-28 07:00:00,0.8980000000000001
2022-11-28 08:00:00,2.7960000000000003
2022-11-28 09:00:00,8.852
2022-11-28 10:00:00,7.841
2022-11-28 11:00:00,10.225999999999999
2022-11-28 12:00:00,11.655
2022-11-28 13:00:00,11.503
2022-11-28 14:00:00,6.423
2022-11-28 15:00:00,4.69
2022-11-28 16:00:00,2.0669999999999997
2022-11-28 17:00:00,0.056
2022-11-28 18:00:00,0.0
2022-11-28 19:00:00,0.0
2022-11-28 20:00:00,0.0
2022-11-28 21:00:00,0.0
2022-11-28 22:00:00,0.0
2022-11-28 23:00:00,0.0
2022-11-29 00:00:00,0.0
2022-11-29 01:00:00,0.0
2022-11-29 02:00:00,0.0
2022-11-29 03:00:00,0.0
2022-11-29 04:00:00,0.0
2022-11-29 05:00:00,0.0
2022-11-29 06:00:00,0.0
2022-11-29 07:00:00,0.569
2022-11-29 08:00:00,1.703
2022-11-29 09:00:00,13.04
2022-11-29 10:00:00,17.006999999999998
2022-11-29 11:00:00,16.161
2022-11-29 12:00:00,16.106
2022-11-29 13:00:00,14.735
2022-11-29 14:00:00,11.646
2022-11-29 15:00:00,7.784
2022-11-29 16:00:00,2.818
2022-11-29 17:00:00,0.16
2022-11-29 18:00:00,0.0
2022-11-29 19:00:00,0.0
2022-11-29 20:00:00,0.0
2022-11-29 21:00:00,0.0
2022-11-29 22:00:00,0.0
2022-11-29 23:00:00,0.0
2022-11-30 00:00:00,0.0
2022-11-30 01:00:00,0.0
2022-11-30 02:00:00,0.0
2022-11-30 03:00:00,0.0
2022-11-30 04:00:00,0.0
2022-11-30 05:00:00,0.0
2022-11-30 06:00:00,0.0
2022-11-30 07:00:00,1.7029999999999998
2022-11-30 08:00:00,6.123
2022-11-30 09:00:00,12.238
2022-11-30 10:00:00,8.387
2022-11-30 11:00:00,2.45
2022-11-30 12:00:00,2.739
2022-11-30 13:00:00,2.508
2022-11-30 14:00:00,2.4210000000000003
2022-11-30 15:00:00,1.371
2022-11-30 16:00:00,0.62
2022-11-30 17:00:00,0.0
2022-11-30 18:00:00,0.0
2022-11-30 19:00:00,0.0
2022-11-30 20:00:00,0.0
2022-11-30 21:00:00,0.0
2022-11-30 22:00:00,0.0
2022-11-30 23:00:00,0.0
2022-12-01 00:00:00,0.0
2022-12-01 01:00:00,0.0
2022-12-01 02:00:00,0.0
2022-12-01 03:00:00,0.0
2022-12-01 04:00:00,0.0
2022-12-01 05:00:00,0.0
2022-12-01 06:00:00,0.0
2022-12-01 07:00:00,0.432
2022-12-01 08:00:00,1.675
2022-12-01 09:00:00,5.12
2022-12-01 10:00:00,13.031
2022-12-01 11:00:00,15.57
2022-12-01 12:00:00,12.445
2022-12-01 13:00:00,10.964
2022-12-01 14:00:00,7.652
2022-12-01 15:00:00,5.572
2022-12-01 16:00:00,1.069
2022-12-01 17:00:00,0.022
2022-12-01 18:00:00,0.0
2022-12-01 19:00:00,0.0
2022-12-01 20:00:00,0.0
2022-12-01 21:00:00,0.0
2022-12-01 22:00:00,0.0
2022-12-01 23:00:00,0.0
2022-12-02 00:00:00,0.0
2022-12-02 01:00:00,0.0
2022-12-02 02:00:00,0.0
2022-12-02 03:00:00,0.0
2022-12-02 04:00:00,0.0
2022-12-02 05:00:00,0.0
2022-12-02 06:00:00,0.0
2022-12-02 07:00:00,1.856
2022-12-02 08:00:00,6.779
2022-12-02 09:00:00,14.031
2022-12-02 10:00:00,18.012
2022-12-02 11:00:00,16.742
2022-12-02 12:00:00,17.651
2022-12-02 13:00:00,12.014
2022-12-02 14:00:00,7.079
2022-12-02 15:00:00,3.752
2022-12-02 16:00:00,1.333
2022-12-02 17:00:00,0.079
2022-12-02 18:00:00,0.0
2022-12-02 19:00:00,0.0
2022-12-02 20:00:00,0.0
2022-12-02 21:00:00,0.0
2022-12-02 22:00:00,0.0
2022-12-02 23:00:00,0.0
2022-12-03 00:00:00,0.0
2022-12-03 01:00:00,0.0
2022-12-03 02:00:00,0.0
2022-12-03 03:00:00,0.0
2022-12-03 04:00:00,0.0
2022-12-03 05:00:00,0.0
2022-12-03 06:00:00,0.0
2022-12-03 07:00:00,1.252
2022-12-03 08:00:00,3.9909999999999997
2022-12-03 09:00:00,9.198
2022-12-03 10:00:00,12.922
2022-12-03 11:00:00,14.585
2022-12-03 12:00:00,12.303
2022-12-03 13:00:00,11.783
2022-12-03 14:00:00,12.067
2022-12-03 15:00:00,5.214
2022-12-03 16:00:00,1.399
2022-12-03 17:00:00,0.046
2022-12-03 18:00:00,0.0
2022-12-03 19:00:00,0.0
2022-12-03 20:00:00,0.0
2022-12-03 21:00:00,0.0
2022-12-03 22:00:00,0.0
2022-12-03 23:00:00,0.0
2022-12-04 00:00:00,0.0
2022-12-04 01:00:00,0.0
2022-12-04 02:00:00,0.0
2022-12-04 03:00:00,0.0
2022-12-04 04:00:00,0.0
2022-12-04 05:00:00,0.0
2022-12-04 06:00:00,0.0
2022-12-04 07:00:00,0.768
2022-12-04 08:00:00,2.713
2022-12-04 09:00:00,3.784
2022-12-04 10:00:00,8.318999999999999
2022-12-04 11:00:00,16.917
2022-12-04 12:00:00,16.238
2022-12-04 13:00:00,13.455
2022-12-04 14:00:00,11.948
2022-12-04 15:00:00,8.055
2022-12-04 16:00:00,3.2150000000000003
2022-12-04 17:00:00,0.18
2022-12-04 18:00:00,0.0
2022-12-04 19:00:00,0.0
2022-12-04 20:00:00,0.0
2022-12-04 21:00:00,0.0
2022-12-04 22:00:00,0.0
2022-12-04 23:00:00,0.0
2022-12-05 00:00:00,0.0
2022-12-05 01:00:00,0.0
2022-12-05 02:00:00,0.0
2022-12-05 03:00:00,0.0
2022-12-05 04:00:00,0.0
2022-12-05 05:00:00,0.0
2022-12-05 06:00:00,0.0
2022-12-05 07:00:00,0.553
2022-12-05 08:00:00,1.955
2022-12-05 09:00:00,4.556
2022-12-05 10:00:00,7.271
2022-12-05 11:00:00,8.98
2022-12-05 12:00:00,10.065
2022-12-05 13:00:00,6.963
2022-12-05 14:00:00,4.955
2022-12-05 15:00:00,4.849
2022-12-05 16:00:00,2.836
2022-12-05 17:00:00,0.363
2022-12-05 18:00:00,0.0
2022-12-05 19:00:00,0.0
2022-12-05 20:00:00,0.0
2022-12-05 21:00:00,0.0
2022-12-05 22:00:00,0.0
2022-12-05 23:00:00,0.0
2022-12-06 00:00:00,0.0
2022-12-06 01:00:00,0.0
2022-12-06 02:00:00,0.0
2022-12-06 03:00:00,0.0
2022-12-06 04:00:00,0.0
2022-12-06 05:00:00,0.0
2022-12-06 06:00:00,0.0
2022-12-06 07:00:00,0.352
2022-12-06 08:00:00,2.846
2022-12-06 09:00:00,9.99
2022-12-06 10:00:00,16.521
2022-12-06 11:00:00,15.285
2022-12-06 12:00:00,15.623000000000001
2022-12-06 13:00:00,15.179
2022-12-06 14:00:00,11.571
2022-12-06 15:00:00,8.041
2022-12-06 16:00:00,3.121
2022-12-06 17:00:00,0.23199999999999998
2022-12-06 18:00:00,0.0
2022-12-06 19:00:00,0.0
2022-12-06 20:00:00,0.0
2022-12-06 21:00:00,0.0
2022-12-06 22:00:00,0.0
2022-12-06 23:00:00,0.0
2022-12-07 00:00:00,0.0
2022-12-07 01:00:00,0.0
2022-12-07 02:00:00,0.0
2022-12-07 03:00:00,0.0
2022-12-07 04:00:00,0.0
2022-12-07 05:00:00,0.0
2022-12-07 06:00:00,0.0
2022-12-07 07:00:00,1.358
2022-12-07 08:00:00,5.048
2022-12-07 09:00:00,12.708000000000002
2022-12-07 10:00:00,15.677000000000001
2022-12-07 11:00:00,17.306
2022-12-07 12:00:00,16.088
2022-12-07 13:00:00,13.901
2022-12-07 14:00:00,9.736
2022-12-07 15:00:00,4.194
2022-12-07 16:00:00,3.252
2022-12-07 17:00:00,0.232
2022-12-07 18:00:00,0.0
2022-12-07 19:00:00,0.0
2022-12-07 20:00:00,0.0
2022-12-07 21:00:00,0.0
2022-12-07 22:00:00,0.0
2022-12-07 23:00:00,0.0
2022-12-08 00:00:00,0.0
2022-12-08 01:00:00,0.0
2022-12-08 02:00:00,0.0
2022-12-08 03:00:00,0.0
2022-12-08 04:00:00,0.0
2022-12-08 05:00:00,0.0
2022-12-08 06:00:00,0.0
2022-12-08 07:00:00,1.561
2022-12-08 08:00:00,6.419
2022-12-08 09:00:00,12.562
2022-12-08 10:00:00,16.899
2022-12-08 11:00:00,16.234
2022-12-08 12:00:00,15.841000000000001
2022-12-08 13:00:00,14.654
2022-12-08 14:00:00,11.765
2022-12-08 15:00:00,7.890000000000001
2022-12-08 16:00:00,3.07
2022-12-08 17:00:00,0.324
2022-12-08 18:00:00,0.0
2022-12-08 19:00:00,0.0
2022-12-08 20:00:00,0.0
2022-12-08 21:00:00,0.0
2022-12-08 22:00:00,0.0
2022-12-08 23:00:00,0.0
2022-12-09 00:00:00,0.0
2022-12-09 01:00:00,0.0
2022-12-09 02:00:00,0.0
2022-12-09 03:00:00,0.0
2022-12-09 04:00:00,0.0
2022-12-09 05:00:00,0.0
2022-12-09 06:00:00,0.0
2022-12-09 07:00:00,1.6709999999999998
2022-12-09 08:00:00,6.164
2022-12-09 09:00:00,12.712
2022-12-09 10:00:00,17.221
2022-12-09 11:00:00,16.233
2022-12-09 12:00:00,15.828
2022-12-09 13:00:00,14.725
2022-12-09 14:00:00,11.696
2022-12-09 15:00:00,7.8
2022-12-09 16:00:00,3.055
2022-12-09 17:00:00,0.275
2022-12-09 18:00:00,0.0
2022-12-09 19:00:00,0.0
2022-12-09 20:00:00,0.0
2022-12-09 21:00:00,0.0
2022-12-09 22:00:00,0.0
2022-12-09 23:00:00,0.0
2022-12-10 00:00:00,0.0
2022-12-10 01:00:00,0.0
2022-12-10 02:00:00,0.0
2022-12-10 03:00:00,0.0
2022-12-10 04:00:00,0.0
2022-12-10 05:00:00,0.0
2022-12-10 06:00:00,0.0
2022-12-10 07:00:00,1.354
2022-12-10 08:00:00,6.513
2022-12-10 09:00:00,11.876
2022-12-10 10:00:00,16.909
2022-12-10 11:00:00,16.490000000000002
2022-12-10 12:00:00,15.905000000000001
2022-12-10 13:00:00,14.771
2022-12-10 14:00:00,11.738
2022-12-10 15:00:00,8.068999999999999
2022-12-10 16:00:00,3.1510000000000002
2022-12-10 17:00:00,0.304
2022-12-10 18:00:00,0.0
2022-12-10 19:00:00,0.0
2022-12-10 20:00:00,0.0
2022-12-10 21:00:00,0.0
2022-12-10 22:00:00,0.0
2022-12-10 23:00:00,0.0
2022-12-11 00:00:00,0.0
2022-12-11 01:00:00,0.0
2022-12-11 02:00:00,0.0
2022-12-11 03:00:00,0.0
2022-12-11 04:00:00,0.0
2022-12-11 05:00:00,0.0
2022-12-11 06:00:00,0.0
2022-12-11 07:00:00,0.987
2022-12-11 08:00:00,3.243
2022-12-11 09:00:00,12.877
2022-12-11 10:00:00,14.385
2022-12-11 11:00:00,15.308
2022-12-11 12:00:00,13.083
2022-12-11 13:00:00,8.165
2022-12-11 14:00:00,3.785
2022-12-11 15:00:00,5.48
2022-12-11 16:00:00,1.883
2022-12-11 17:00:00,0.136
2022-12-11 18:00:00,0.0
2022-12-11 19:00:00,0.0
2022-12-11 20:00:00,0.0
2022-12-11 21:00:00,0.0
2022-12-11 22:00:00,0.0
2022-12-11 23:00:00,0.0
2022-12-12 00:00:00,0.0
2022-12-12 01:00:00,0.0
2022-12-12 02:00:00,0.0
2022-12-12 03:00:00,0.0
2022-12-12 04:00:00,0.0
2022-12-12 05:00:00,0.0
2022-12-12 06:00:00,0.0
2022-12-12 07:00:00,0.48400000000000004
2022-12-12 08:00:00,4.105
2022-12-12 09:00:00,9.446000000000002
2022-12-12 10:00:00,10.924
2022-12-12 11:00:00,15.358
2022-12-12 12:00:00,12.822
2022-12-12 13:00:00,15.028
2022-12-12 14:00:00,11.004999999999999
2022-12-12 15:00:00,7.2589999999999995
2022-12-12 16:00:00,2.2969999999999997
2022-12-12 17:00:00,0.191
2022-12-12 18:00:00,0.0
2022-12-12 19:00:00,0.0
2022-12-12 20:00:00,0.0
2022-12-12 21:00:00,0.0
2022-12-12 22:00:00,0.0
2022-12-12 23:00:00,0.0
2022-12-13 00:00:00,0.0
2022-12-13 01:00:00,0.0
2022-12-13 02:00:00,0.0
2022-12-13 03:00:00,0.0
2022-12-13 04:00:00,0.0
2022-12-13 05:00:00,0.0
2022-12-13 06:00:00,0.0
2022-12-13 07:00:00,0.355
2022-12-13 08:00:00,1.715
2022-12-13 09:00:00,4.18
2022-12-13 10:00:00,6.765000000000001
2022-12-13 11:00:00,8.418
2022-12-13 12:00:00,10.567
2022-12-13 13:00:00,9.524
2022-12-13 14:00:00,2.653
2022-12-13 15:00:00,2.681
2022-12-13 16:00:00,1.115
2022-12-13 17:00:00,0.089
2022-12-13 18:00:00,0.0
2022-12-13 19:00:00,0.0
2022-12-13 20:00:00,0.0
2022-12-13 21:00:00,0.0
2022-12-13 22:00:00,0.0
2022-12-13 23:00:00,0.0
2022-12-14 00:00:00,0.0
2022-12-14 01:00:00,0.0
2022-12-14 02:00:00,0.0
2022-12-14 03:00:00,0.0
2022-12-14 04:00:00,0.0
2022-12-14 05:00:00,0.0
2022-12-14 06:00:00,0.0
2022-12-14 07:00:00,0.189
2022-12-14 08:00:00,1.325
2022-12-14 09:00:00,2.257
2022-12-14 10:00:00,3.028
2022-12-14 11:00:00,4.554
2022-12-14 12:00:00,4.352
2022-12-14 13:00:00,3.547
2022-12-14 14:00:00,2.3850000000000002
2022-12-14 15:00:00,1.526
2022-12-14 16:00:00,1.077
2022-12-14 17:00:00,0.035
2022-12-14 18:00:00,0.0
2022-12-14 19:00:00,0.0
2022-12-14 20:00:00,0.0
2022-12-14 21:00:00,0.0
2022-12-14 22:00:00,0.0
2022-12-14 23:00:00,0.0
2022-12-15 00:00:00,0.0
2022-12-15 01:00:00,0.0
2022-12-15 02:00:00,0.0
2022-12-15 03:00:00,0.0
2022-12-15 04:00:00,0.0
2022-12-15 05:00:00,0.0
2022-12-15 06:00:00,0.0
2022-12-15 07:00:00,0.14100000000000001
2022-12-15 08:00:00,0.958
2022-12-15 09:00:00,2.136
2022-12-15 10:00:00,3.1260000000000003
2022-12-15 11:00:00,5.896
2022-12-15 12:00:00,6.628
2022-12-15 13:00:00,5.106999999999999
2022-12-15 14:00:00,3.996
2022-12-15 15:00:00,2.673
2022-12-15 16:00:00,1.045
2022-12-15 17:00:00,0.08
2022-12-15 18:00:00,0.0
2022-12-15 19:00:00,0.0
2022-12-15 20:00:00,0.0
2022-12-15 21:00:00,0.0
2022-12-15 22:00:00,0.0
2022-12-15 23:00:00,0.0
2022-12-16 00:00:00,0.0
2022-12-16 01:00:00,0.0
2022-12-16 02:00:00,0.0
2022-12-16 03:00:00,0.0
2022-12-16 04:00:00,0.0
2022-12-16 05:00:00,0.0
2022-12-16 06:00:00,0.0
2022-12-16 07:00:00,0.153
2022-12-16 08:00:00,0.565
2022-12-16 09:00:00,1.29
2022-12-16 10:00:00,2.183
2022-12-16 11:00:00,2.8200000000000003
2022-12-16 12:00:00,3.499
2022-12-16 13:00:00,4.415
2022-12-16 14:00:00,3.04
2022-12-16 15:00:00,2.205
2022-12-16 16:00:00,0.6880000000000001
2022-12-16 17:00:00,0.026
2022-12-16 18:00:00,0.0
2022-12-16 19:00:00,0.0
2022-12-16 20:00:00,0.0
2022-12-16 21:00:00,0.0
2022-12-16 22:00:00,0.0
2022-12-16 23:00:00,0.0
2022-12-17 00:00:00,0.0
2022-12-17 01:00:00,0.0
2022-12-17 02:00:00,0.0
2022-12-17 03:00:00,0.0
2022-12-17 04:00:00,0.0
2022-12-17 05:00:00,0.0
2022-12-17 06:00:00,0.0
2022-12-17 07:00:00,0.22799999999999998
2022-12-17 08:00:00,1.7069999999999999
2022-12-17 09:00:00,3.234
2022-12-17 10:00:00,5.577
2022-12-17 11:00:00,6.186
2022-12-17 12:00:00,6.2330000000000005
2022-12-17 13:00:00,5.275
2022-12-17 14:00:00,5.862
2022-12-17 15:00:00,4.4399999999999995
2022-12-17 16:00:00,2.703
2022-12-17 17:00:00,0.22799999999999998
2022-12-17 18:00:00,0.0
2022-12-17 19:00:00,0.0
2022-12-17 20:00:00,0.0
2022-12-17 21:00:00,0.0
2022-12-17 22:00:00,0.0
2022-12-17 23:00:00,0.0
2022-12-18 00:00:00,0.0
2022-12-18 01:00:00,0.0
2022-12-18 02:00:00,0.0
2022-12-18 03:00:00,0.0
2022-12-18 04:00:00,0.0
2022-12-18 05:00:00,0.0
2022-12-18 06:00:00,0.0
2022-12-18 07:00:00,0.393
2022-12-18 08:00:00,5.163
2022-12-18 09:00:00,14.354
2022-12-18 10:00:00,18.22
2022-12-18 11:00:00,17.377000000000002
2022-12-18 12:00:00,16.943
2022-12-18 13:00:00,15.786
2022-12-18 14:00:00,12.719
2022-12-18 15:00:00,8.73
2022-12-18 16:00:00,3.509
2022-12-18 17:00:00,0.245
2022-12-18 18:00:00,0.0
2022-12-18 19:00:00,0.0
2022-12-18 20:00:00,0.0
2022-12-18 21:00:00,0.0
2022-12-18 22:00:00,0.0
2022-12-18 23:00:00,0.0
2022-12-19 00:00:00,0.0
2022-12-19 01:00:00,0.0
2022-12-19 02:00:00,0.0
2022-12-19 03:00:00,0.0
2022-12-19 04:00:00,0.0
2022-12-19 05:00:00,0.0
2022-12-19 06:00:00,0.0
2022-12-19 07:00:00,0.6779999999999999
2022-12-19 08:00:00,4.727
2022-12-19 09:00:00,12.214
2022-12-19 10:00:00,17.604
2022-12-19 11:00:00,16.636
2022-12-19 12:00:00,16.284
2022-12-19 13:00:00,15.189
2022-12-19 14:00:00,12.369
2022-12-19 15:00:00,8.451
2022-12-19 16:00:00,3.436
2022-12-19 17:00:00,0.278
2022-12-19 18:00:00,0.0
2022-12-19 19:00:00,0.0
2022-12-19 20:00:00,0.0
2022-12-19 21:00:00,0.0
2022-12-19 22:00:00,0.0
2022-12-19 23:00:00,0.0
2022-12-20 00:00:00,0.0
2022-12-20 01:00:00,0.0
2022-12-20 02:00:00,0.0
2022-12-20 03:00:00,0.0
2022-12-20 04:00:00,0.0
2022-12-20 05:00:00,0.0
2022-12-20 06:00:00,0.0
2022-12-20 07:00:00,0.991
2022-12-20 08:00:00,4.313000000000001
2022-12-20 09:00:00,8.405000000000001
2022-12-20 10:00:00,14.091000000000001
2022-12-20 11:00:00,16.887
2022-12-20 12:00:00,14.283
2022-12-20 13:00:00,15.27
2022-12-20 14:00:00,11.519
2022-12-20 15:00:00,7.85
2022-12-20 16:00:00,3.581
2022-12-20 17:00:00,0.282
2022-12-20 18:00:00,0.0
2022-12-20 19:00:00,0.0
2022-12-20 20:00:00,0.0
2022-12-20 21:00:00,0.0
2022-12-20 22:00:00,0.0
2022-12-20 23:00:00,0.0
2022-12-21 00:00:00,0.0
2022-12-21 01:00:00,0.0
2022-12-21 02:00:00,0.0
2022-12-21 03:00:00,0.0
2022-12-21 04:00:00,0.0
2022-12-21 05:00:00,0.0
2022-12-21 06:00:00,0.0
2022-12-21 07:00:00,0.893
2022-12-21 08:00:00,5.218
2022-12-21 09:00:00,12.118
2022-12-21 10:00:00,16.897000000000002
2022-12-21 11:00:00,16.695
2022-12-21 12:00:00,16.046
2022-12-21 13:00:00,14.826
2022-12-21 14:00:00,12.059000000000001
2022-12-21 15:00:00,8.258000000000001
2022-12-21 16:00:00,3.461
2022-12-21 17:00:00,0.319
2022-12-21 18:00:00,0.0
2022-12-21 19:00:00,0.0
2022-12-21 20:00:00,0.0
2022-12-21 21:00:00,0.0
2022-12-21 22:00:00,0.0
2022-12-21 23:00:00,0.0
2022-12-22 00:00:00,0.0
2022-12-22 01:00:00,0.0
2022-12-22 02:00:00,0.0
2022-12-22 03:00:00,0.0
2022-12-22 04:00:00,0.0
2022-12-22 05:00:00,0.0
2022-12-22 06:00:00,0.0
2022-12-22 07:00:00,1.1019999999999999
2022-12-22 08:00:00,5.977
2022-12-22 09:00:00,12.915
2022-12-22 10:00:00,17.864
2022-12-22 11:00:00,16.788
2022-12-22 12:00:00,16.298000000000002
2022-12-22 13:00:00,15.23
2022-12-22 14:00:00,12.334
2022-12-22 15:00:00,8.514
2022-12-22 16:00:00,3.624
2022-12-22 17:00:00,0.303
2022-12-22 18:00:00,0.0
2022-12-22 19:00:00,0.0
2022-12-22 20:00:00,0.0
2022-12-22 21:00:00,0.0
2022-12-22 22:00:00,0.0
2022-12-22 23:00:00,0.0
2022-12-23 00:00:00,0.0
2022-12-23 01:00:00,0.0
2022-12-23 02:00:00,0.0
2022-12-23 03:00:00,0.0
2022-12-23 04:00:00,0.0
2022-12-23 05:00:00,0.0
2022-12-23 06:00:00,0.0
2022-12-23 07:00:00,1.5539999999999998
2022-12-23 08:00:00,5.204000000000001
2022-12-23 09:00:00,12.766
2022-12-23 10:00:00,17.829
2022-12-23 11:00:00,16.916
2022-12-23 12:00:00,16.359
2022-12-23 13:00:00,15.001
2022-12-23 14:00:00,12.392
2022-12-23 15:00:00,8.689
2022-12-23 16:00:00,3.716
2022-12-23 17:00:00,0.338
2022-12-23 18:00:00,0.0
2022-12-23 19:00:00,0.0
2022-12-23 20:00:00,0.0
2022-12-23 21:00:00,0.0
2022-12-23 22:00:00,0.0
2022-12-23 23:00:00,0.0
2022-12-24 00:00:00,0.0
2022-12-24 01:00:00,0.0
2022-12-24 02:00:00,0.0
2022-12-24 03:00:00,0.0
2022-12-24 04:00:00,0.0
2022-12-24 05:00:00,0.0
2022-12-24 06:00:00,0.0
2022-12-24 07:00:00,1.113
2022-12-24 08:00:00,5.743
2022-12-24 09:00:00,12.329
2022-12-24 10:00:00,17.36
2022-12-24 11:00:00,16.663
2022-12-24 12:00:00,16.144
2022-12-24 13:00:00,15.177
2022-12-24 14:00:00,12.303
2022-12-24 15:00:00,8.487
2022-12-24 16:00:00,3.64
2022-12-24 17:00:00,0.326
2022-12-24 18:00:00,0.0
2022-12-24 19:00:00,0.0
2022-12-24 20:00:00,0.0
2022-12-24 21:00:00,0.0
2022-12-24 22:00:00,0.0
2022-12-24 23:00:00,0.0
2022-12-25 00:00:00,0.0
2022-12-25 01:00:00,0.0
2022-12-25 02:00:00,0.0
2022-12-25 03:00:00,0.0
2022-12-25 04:00:00,0.0
2022-12-25 05:00:00,0.0
2022-12-25 06:00:00,0.0
2022-12-25 07:00:00,1.026
2022-12-25 08:00:00,5.5120000000000005
2022-12-25 09:00:00,12.051
2022-12-25 10:00:00,17.089
2022-12-25 11:00:00,16.83
2022-12-25 12:00:00,16.465
2022-12-25 13:00:00,15.477
2022-12-25 14:00:00,12.528
2022-12-25 15:00:00,8.656
2022-12-25 16:00:00,3.751
2022-12-25 17:00:00,0.344
2022-12-25 18:00:00,0.0
2022-12-25 19:00:00,0.0
2022-12-25 20:00:00,0.0
2022-12-25 21:00:00,0.0
2022-12-25 22:00:00,0.0
2022-12-25 23:00:00,0.0
2022-12-26 00:00:00,0.0
2022-12-26 01:00:00,0.0
2022-12-26 02:00:00,0.0
2022-12-26 03:00:00,0.0
2022-12-26 04:00:00,0.0
2022-12-26 05:00:00,0.0
2022-12-26 06:00:00,0.0
2022-12-26 07:00:00,1.058
2022-12-26 08:00:00,5.84
2022-12-26 09:00:00,11.905
2022-12-26 10:00:00,16.685000000000002
2022-12-26 11:00:00,16.566000000000003
2022-12-26 12:00:00,16.2
2022-12-26 13:00:00,15.175
2022-12-26 14:00:00,12.286
2022-12-26 15:00:00,8.471
2022-12-26 16:00:00,3.697
2022-12-26 17:00:00,0.38
2022-12-26 18:00:00,0.0
2022-12-26 19:00:00,0.0
2022-12-26 20:00:00,0.0
2022-12-26 21:00:00,0.0
2022-12-26 22:00:00,0.0
2022-12-26 23:00:00,0.0
2022-12-27 00:00:00,0.0
2022-12-27 01:00:00,0.0
2022-12-27 02:00:00,0.0
2022-12-27 03:00:00,0.0
2022-12-27 04:00:00,0.0
2022-12-27 05:00:00,0.0
2022-12-27 06:00:00,0.0
2022-12-27 07:00:00,1.0110000000000001
2022-12-27 08:00:00,5.376
2022-12-27 09:00:00,11.353
2022-12-27 10:00:00,16.532
2022-12-27 11:00:00,16.719
2022-12-27 12:00:00,16.108
2022-12-27 13:00:00,15.204
2022-12-27 14:00:00,12.308
2022-12-27 15:00:00,8.153
2022-12-27 16:00:00,3.8200000000000003
2022-12-27 17:00:00,0.502
2022-12-27 18:00:00,0.0
2022-12-27 19:00:00,0.0
2022-12-27 20:00:00,0.0
2022-12-27 21:00:00,0.0
2022-12-27 22:00:00,0.0
2022-12-27 23:00:00,0.0
2022-12-28 00:00:00,0.0
2022-12-28 01:00:00,0.0
2022-12-28 02:00:00,0.0
2022-12-28 03:00:00,0.0
2022-12-28 04:00:00,0.0
2022-12-28 05:00:00,0.0
2022-12-28 06:00:00,0.0
2022-12-28 07:00:00,0.978
2022-12-28 08:00:00,5.3919999999999995
2022-12-28 09:00:00,11.367
2022-12-28 10:00:00,16.24
2022-12-28 11:00:00,16.516
2022-12-28 12:00:00,15.841000000000001
2022-12-28 13:00:00,14.751
2022-12-28 14:00:00,11.992
2022-12-28 15:00:00,8.223
2022-12-28 16:00:00,3.697
2022-12-28 17:00:00,0.429
2022-12-28 18:00:00,0.0
2022-12-28 19:00:00,0.0
2022-12-28 20:00:00,0.0
2022-12-28 21:00:00,0.0
2022-12-28 22:00:00,0.0
2022-12-28 23:00:00,0.0
2022-12-29 00:00:00,0.0
2022-12-29 01:00:00,0.0
2022-12-29 02:00:00,0.0
2022-12-29 03:00:00,0.0
2022-12-29 04:00:00,0.0
2022-12-29 05:00:00,0.0
2022-12-29 06:00:00,0.0
2022-12-29 07:00:00,0.306
2022-12-29 08:00:00,2.412
2022-12-29 09:00:00,6.779
2022-12-29 10:00:00,11.109
2022-12-29 11:00:00,14.446000000000002
2022-12-29 12:00:00,14.406
2022-12-29 13:00:00,14.975999999999999
2022-12-29 14:00:00,12.017
2022-12-29 15:00:00,8.146
2022-12-29 16:00:00,3.707
2022-12-29 17:00:00,0.45
2022-12-29 18:00:00,0.0
2022-12-29 19:00:00,0.0
2022-12-29 20:00:00,0.0
2022-12-29 21:00:00,0.0
2022-12-29 22:00:00,0.0
2022-12-29 23:00:00,0.0
2022-12-30 00:00:00,0.0
2022-12-30 01:00:00,0.0
2022-12-30 02:00:00,0.0
2022-12-30 03:00:00,0.0
2022-12-30 04:00:00,0.0
2022-12-30 05:00:00,0.0
2022-12-30 06:00:00,0.0
2022-12-30 07:00:00,0.921
2022-12-30 08:00:00,5.159
2022-12-30 09:00:00,10.865
2022-12-30 10:00:00,15.629000000000001
2022-12-30 11:00:00,16.806
2022-12-30 12:00:00,14.835
2022-12-30 13:00:00,14.876
2022-12-30 14:00:00,12.174
2022-12-30 15:00:00,8.422
2022-12-30 16:00:00,3.8689999999999998
2022-12-30 17:00:00,0.48500000000000004
2022-12-30 18:00:00,0.0
2022-12-30 19:00:00,0.0
2022-12-30 20:00:00,0.0
2022-12-30 21:00:00,0.0
2022-12-30 22:00:00,0.0
2022-12-30 23:00:00,0.0
2022-12-31 00:00:00,0.0
2022-12-31 01:00:00,0.0
2022-12-31 02:00:00,0.0
2022-12-31 03:00:00,0.0
2022-12-31 04:00:00,0.0
2022-12-31 05:00:00,0.0
2022-12-31 06:00:00,0.0
2022-12-31 07:00:00,0.9199999999999999
2022-12-31 08:00:00,5.263
2022-12-31 09:00:00,11.543
2022-12-31 10:00:00,15.197
2022-12-31 11:00:00,16.894000000000002
2022-12-31 12:00:00,16.135
2022-12-31 13:00:00,15.05
2022-12-31 14:00:00,12.343
2022-12-31 15:00:00,7.676
2022-12-31 16:00:00,3.789
2022-12-31 17:00:00,0.54
2022-12-31 18:00:00,0.0
2022-12-31 19:00:00,0.0
2022-12-31 20:00:00,0.0
2022-12-31 21:00:00,0.0
2022-12-31 22:00:00,0.0
2022-12-31 23:00:00,0.0
2023-01-01 00:00:00,0.0
2023-01-01 01:00:00,0.0
2023-01-01 02:00:00,0.0
2023-01-01 03:00:00,0.0
2023-01-01 04:00:00,0.0
2023-01-01 05:00:00,0.0
2023-01-01 06:00:00,0.0
2023-01-01 07:00:00,0.529
2023-01-01 08:00:00,3.0300000000000002
2023-01-01 09:00:00,6.852
2023-01-01 10:00:00,11.996
2023-01-01 11:00:00,11.465
2023-01-01 12:00:00,8.407
2023-01-01 13:00:00,11.377
2023-01-01 14:00:00,9.521
2023-01-01 15:00:00,6.447
2023-01-01 16:00:00,3.816
2023-01-01 17:00:00,0.522
2023-01-01 18:00:00,0.0
2023-01-01 19:00:00,0.0
2023-01-01 20:00:00,0.0
2023-01-01 21:00:00,0.0
2023-01-01 22:00:00,0.0
2023-01-01 23:00:00,0.0
2023-01-02 00:00:00,0.0
2023-01-02 01:00:00,0.0
2023-01-02 02:00:00,0.0
2023-01-02 03:00:00,0.0
2023-01-02 04:00:00,0.0
2023-01-02 05:00:00,0.0
2023-01-02 06:00:00,0.0
2023-01-02 07:00:00,0.968
2023-01-02 08:00:00,5.067
2023-01-02 09:00:00,8.065
2023-01-02 10:00:00,17.982
2023-01-02 11:00:00,13.3
2023-01-02 12:00:00,11.561
2023-01-02 13:00:00,11.198
2023-01-02 14:00:00,8.934999999999999
2023-01-02 15:00:00,6.257
2023-01-02 16:00:00,2.692
2023-01-02 17:00:00,0.583
2023-01-02 18:00:00,0.0
2023-01-02 19:00:00,0.0
2023-01-02 20:00:00,0.0
2023-01-02 21:00:00,0.0
2023-01-02 22:00:00,0.0
2023-01-02 23:00:00,0.0
2023-01-03 00:00:00,0.0
2023-01-03 01:00:00,0.0
2023-01-03 02:00:00,0.0
2023-01-03 03:00:00,0.0
2023-01-03 04:00:00,0.0
2023-01-03 05:00:00,0.0
2023-01-03 06:00:00,0.0
2023-01-03 07:00:00,0.7969999999999999
2023-01-03 08:00:00,3.129
2023-01-03 09:00:00,5.827999999999999
2023-01-03 10:00:00,7.22
2023-01-03 11:00:00,10.021
2023-01-03 12:00:00,11.629
2023-01-03 13:00:00,8.988
2023-01-03 14:00:00,5.462
2023-01-03 15:00:00,4.114
2023-01-03 16:00:00,2.947
2023-01-03 17:00:00,0.27399999999999997
2023-01-03 18:00:00,0.0
2023-01-03 19:00:00,0.0
2023-01-03 20:00:00,0.0
2023-01-03 21:00:00,0.0
2023-01-03 22:00:00,0.0
2023-01-03 23:00:00,0.0
2023-01-04 00:00:00,0.0
2023-01-04 01:00:00,0.0
2023-01-04 02:00:00,0.0
2023-01-04 03:00:00,0.0
2023-01-04 04:00:00,0.0
2023-01-04 05:00:00,0.0
2023-01-04 06:00:00,0.0
2023-01-04 07:00:00,0.065
2023-01-04 08:00:00,0.846
2023-01-04 09:00:00,3.176
2023-01-04 10:00:00,10.204
2023-01-04 11:00:00,14.395
2023-01-04 12:00:00,16.016
2023-01-04 13:00:00,14.085
2023-01-04 14:00:00,11.887
2023-01-04 15:00:00,7.517
2023-01-04 16:00:00,3.324
2023-01-04 17:00:00,0.816
2023-01-04 18:00:00,0.0
2023-01-04 19:00:00,0.0
2023-01-04 20:00:00,0.0
2023-01-04 21:00:00,0.0
2023-01-04 22:00:00,0.0
2023-01-04 23:00:00,0.0
2023-01-05 00:00:00,0.0
2023-01-05 01:00:00,0.0
2023-01-05 02:00:00,0.0
2023-01-05 03:00:00,0.0
2023-01-05 04:00:00,0.0
2023-01-05 05:00:00,0.0
2023-01-05 06:00:00,0.0
2023-01-05 07:00:00,0.394
2023-01-05 08:00:00,3.584
2023-01-05 09:00:00,9.075
2023-01-05 10:00:00,15.529
2023-01-05 11:00:00,16.766
2023-01-05 12:00:00,15.974
2023-01-05 13:00:00,15.367
2023-01-05 14:00:00,12.762
2023-01-05 15:00:00,8.78
2023-01-05 16:00:00,4.2059999999999995
2023-01-05 17:00:00,0.53
2023-01-05 18:00:00,0.0
2023-01-05 19:00:00,0.0
2023-01-05 20:00:00,0.0
2023-01-05 21:00:00,0.0
2023-01-05 22:00:00,0.0
2023-01-05 23:00:00,0.0
2023-01-06 00:00:00,0.0
2023-01-06 01:00:00,0.0
2023-01-06 02:00:00,0.0
2023-01-06 03:00:00,0.0
2023-01-06 04:00:00,0.0
2023-01-06 05:00:00,0.0
2023-01-06 06:00:00,0.0
2023-01-06 07:00:00,0.7809999999999999
2023-01-06 08:00:00,4.809
2023-01-06 09:00:00,11.459
2023-01-06 10:00:00,16.782
2023-01-06 11:00:00,17.117
2023-01-06 12:00:00,14.158
2023-01-06 13:00:00,15.409
2023-01-06 14:00:00,12.773
2023-01-06 15:00:00,8.771
2023-01-06 16:00:00,4.359
2023-01-06 17:00:00,0.47100000000000003
2023-01-06 18:00:00,0.0
2023-01-06 19:00:00,0.0
2023-01-06 20:00:00,0.0
2023-01-06 21:00:00,0.0
2023-01-06 22:00:00,0.0
2023-01-06 23:00:00,0.0
2023-01-07 00:00:00,0.0
2023-01-07 01:00:00,0.0
2023-01-07 02:00:00,0.0
2023-01-07 03:00:00,0.0
2023-01-07 04:00:00,0.0
2023-01-07 05:00:00,0.0
2023-01-07 06:00:00,0.0
2023-01-07 07:00:00,0.367
2023-01-07 08:00:00,2.659
2023-01-07 09:00:00,0.768
2023-01-07 10:00:00,9.784
2023-01-07 11:00:00,13.7
2023-01-07 12:00:00,13.731
2023-01-07 13:00:00,12.196
2023-01-07 14:00:00,9.775
2023-01-07 15:00:00,7.798
2023-01-07 16:00:00,3.512
2023-01-07 17:00:00,0.64
2023-01-07 18:00:00,0.0
2023-01-07 19:00:00,0.0
2023-01-07 20:00:00,0.0
2023-01-07 21:00:00,0.0
2023-01-07 22:00:00,0.0
2023-01-07 23:00:00,0.0
2023-01-08 00:00:00,0.0
2023-01-08 01:00:00,0.0
2023-01-08 02:00:00,0.0
2023-01-08 03:00:00,0.0
2023-01-08 04:00:00,0.0
2023-01-08 05:00:00,0.0
2023-01-08 06:00:00,0.0
2023-01-08 07:00:00,0.062
2023-01-08 08:00:00,0.854
2023-01-08 09:00:00,2.4450000000000003
2023-01-08 10:00:00,3.271
2023-01-08 11:00:00,3.164
2023-01-08 12:00:00,3.9
2023-01-08 13:00:00,5.18
2023-01-08 14:00:00,4.721
2023-01-08 15:00:00,3.024
2023-01-08 16:00:00,1.274
2023-01-08 17:00:00,0.07100000000000001
2023-01-08 18:00:00,0.0
2023-01-08 19:00:00,0.0
2023-01-08 20:00:00,0.0
2023-01-08 21:00:00,0.0
2023-01-08 22:00:00,0.0
2023-01-08 23:00:00,0.0
2023-01-09 00:00:00,0.0
2023-01-09 01:00:00,0.0
2023-01-09 02:00:00,0.0
2023-01-09 03:00:00,0.0
2023-01-09 04:00:00,0.0
2023-01-09 05:00:00,0.0
2023-01-09 06:00:00,0.0
2023-01-09 07:00:00,0.127
2023-01-09 08:00:00,1.5510000000000002
2023-01-09 09:00:00,3.6559999999999997
2023-01-09 10:00:00,4.416
2023-01-09 11:00:00,5.6690000000000005
2023-01-09 12:00:00,7.153
2023-01-09 13:00:00,6.328
2023-01-09 14:00:00,3.049
2023-01-09 15:00:00,1.766
2023-01-09 16:00:00,0.52
2023-01-09 17:00:00,0.033
2023-01-09 18:00:00,0.0
2023-01-09 19:00:00,0.0
2023-01-09 20:00:00,0.0
2023-01-09 21:00:00,0.0
2023-01-09 22:00:00,0.0
2023-01-09 23:00:00,0.0
2023-01-10 00:00:00,0.0
2023-01-10 01:00:00,0.0
2023-01-10 02:00:00,0.0
2023-01-10 03:00:00,0.0
2023-01-10 04:00:00,0.0
2023-01-10 05:00:00,0.0
2023-01-10 06:00:00,0.0
2023-01-10 07:00:00,0.007
2023-01-10 08:00:00,0.882
2023-01-10 09:00:00,2.4770000000000003
2023-01-10 10:00:00,3.4080000000000004
2023-01-10 11:00:00,1.834
2023-01-10 12:00:00,2.947
2023-01-10 13:00:00,2.14
2023-01-10 14:00:00,1.798
2023-01-10 15:00:00,1.484
2023-01-10 16:00:00,1.42
2023-01-10 17:00:00,0.184
2023-01-10 18:00:00,0.0
2023-01-10 19:00:00,0.0
2023-01-10 20:00:00,0.0
2023-01-10 21:00:00,0.0
2023-01-10 22:00:00,0.0
2023-01-10 23:00:00,0.0
2023-01-11 00:00:00,0.0
2023-01-11 01:00:00,0.0
2023-01-11 02:00:00,0.0
2023-01-11 03:00:00,0.0
2023-01-11 04:00:00,0.0
2023-01-11 05:00:00,0.0
2023-01-11 06:00:00,0.0
2023-01-11 07:00:00,0.0
2023-01-11 08:00:00,1.2269999999999999
2023-01-11 09:00:00,1.888
2023-01-11 10:00:00,2.5100000000000002
2023-01-11 11:00:00,6.054
2023-01-11 12:00:00,5.97
2023-01-11 13:00:00,7.651
2023-01-11 14:00:00,7.565
2023-01-11 15:00:00,5.165
2023-01-11 16:00:00,1.568
2023-01-11 17:00:00,0.16699999999999998
2023-01-11 18:00:00,0.0
2023-01-11 19:00:00,0.0
2023-01-11 20:00:00,0.0
2023-01-11 21:00:00,0.0
2023-01-11 22:00:00,0.0
2023-01-11 23:00:00,0.0
2023-01-12 00:00:00,0.0
2023-01-12 01:00:00,0.0
2023-01-12 02:00:00,0.0
2023-01-12 03:00:00,0.0
2023-01-12 04:00:00,0.0
2023-01-12 05:00:00,0.0
2023-01-12 06:00:00,0.0
2023-01-12 07:00:00,0.0
2023-01-12 08:00:00,0.258
2023-01-12 09:00:00,0.656
2023-01-12 10:00:00,1.68
2023-01-12 11:00:00,1.842
2023-01-12 12:00:00,1.68
2023-01-12 13:00:00,1.155
2023-01-12 14:00:00,1.349
2023-01-12 15:00:00,1.087
2023-01-12 16:00:00,1.002
2023-01-12 17:00:00,0.088
2023-01-12 18:00:00,0.0
2023-01-12 19:00:00,0.0
2023-01-12 20:00:00,0.0
2023-01-12 21:00:00,0.0
2023-01-12 22:00:00,0.0
2023-01-12 23:00:00,0.0
2023-01-13 00:00:00,0.0
2023-01-13 01:00:00,0.0
2023-01-13 02:00:00,0.0
2023-01-13 03:00:00,0.0
2023-01-13 04:00:00,0.0
2023-01-13 05:00:00,0.0
2023-01-13 06:00:00,0.0
2023-01-13 07:00:00,0.113
2023-01-13 08:00:00,0.669
2023-01-13 09:00:00,1.666
2023-01-13 10:00:00,3.981
2023-01-13 11:00:00,6.383
2023-01-13 12:00:00,2.138
2023-01-13 13:00:00,1.4
2023-01-13 14:00:00,1.0
2023-01-13 15:00:00,0.772
2023-01-13 16:00:00,0.391
2023-01-13 17:00:00,0.07
2023-01-13 18:00:00,0.0
2023-01-13 19:00:00,0.0
2023-01-13 20:00:00,0.0
2023-01-13 21:00:00,0.0
2023-01-13 22:00:00,0.0
2023-01-13 23:00:00,0.0
2023-01-14 00:00:00,0.0
2023-01-14 01:00:00,0.0
2023-01-14 02:00:00,0.0
2023-01-14 03:00:00,0.0
2023-01-14 04:00:00,0.0
2023-01-14 05:00:00,0.0
2023-01-14 06:00:00,0.0
2023-01-14 07:00:00,0.378
2023-01-14 08:00:00,2.924
2023-01-14 09:00:00,7.847
2023-01-14 10:00:00,6.599
2023-01-14 11:00:00,10.898
2023-01-14 12:00:00,15.8
2023-01-14 13:00:00,13.067
2023-01-14 14:00:00,9.796
2023-01-14 15:00:00,8.436
2023-01-14 16:00:00,4.863
2023-01-14 17:00:00,0.622
2023-01-14 18:00:00,0.0
2023-01-14 19:00:00,0.0
2023-01-14 20:00:00,0.0
2023-01-14 21:00:00,0.0
2023-01-14 22:00:00,0.0
2023-01-14 23:00:00,0.0
2023-01-15 00:00:00,0.0
2023-01-15 01:00:00,0.0
2023-01-15 02:00:00,0.0
2023-01-15 03:00:00,0.0
2023-01-15 04:00:00,0.0
2023-01-15 05:00:00,0.0
2023-01-15 06:00:00,0.0
2023-01-15 07:00:00,0.125
2023-01-15 08:00:00,1.634
2023-01-15 09:00:00,3.773
2023-01-15 10:00:00,10.794
2023-01-15 11:00:00,15.065000000000001
2023-01-15 12:00:00,4.202
2023-01-15 13:00:00,4.648
2023-01-15 14:00:00,5.853
2023-01-15 15:00:00,2.993
2023-01-15 16:00:00,2.325
2023-01-15 17:00:00,0.217
2023-01-15 18:00:00,0.0
2023-01-15 19:00:00,0.0
2023-01-15 20:00:00,0.0
2023-01-15 21:00:00,0.0
2023-01-15 22:00:00,0.0
2023-01-15 23:00:00,0.0
2023-01-16 00:00:00,0.0
2023-01-16 01:00:00,0.0
2023-01-16 02:00:00,0.0
2023-01-16 03:00:00,0.0
2023-01-16 04:00:00,0.0
2023-01-16 05:00:00,0.0
2023-01-16 06:00:00,0.0
2023-01-16 07:00:00,0.065
2023-01-16 08:00:00,1.232
2023-01-16 09:00:00,2.107
2023-01-16 10:00:00,3.5949999999999998
2023-01-16 11:00:00,5.628
2023-01-16 12:00:00,6.052
2023-01-16 13:00:00,6.336
2023-01-16 14:00:00,4.3629999999999995
2023-01-16 15:00:00,3.418
2023-01-16 16:00:00,2.229
2023-01-16 17:00:00,0.34500000000000003
2023-01-16 18:00:00,0.0
2023-01-16 19:00:00,0.0
2023-01-16 20:00:00,0.0
2023-01-16 21:00:00,0.0
2023-01-16 22:00:00,0.0
2023-01-16 23:00:00,0.0
2023-01-17 00:00:00,0.0
2023-01-17 01:00:00,0.0
2023-01-17 02:00:00,0.0
2023-01-17 03:00:00,0.0
2023-01-17 04:00:00,0.0
2023-01-17 05:00:00,0.0
2023-01-17 06:00:00,0.0
2023-01-17 07:00:00,0.175
2023-01-17 08:00:00,3.4779999999999998
2023-01-17 09:00:00,12.232
2023-01-17 10:00:00,14.554
2023-01-17 11:00:00,9.629
2023-01-17 12:00:00,11.212
2023-01-17 13:00:00,9.978
2023-01-17 14:00:00,8.221
2023-01-17 15:00:00,6.591
2023-01-17 16:00:00,3.918
2023-01-17 17:00:00,0.563
2023-01-17 18:00:00,0.0
2023-01-17 19:00:00,0.0
2023-01-17 20:00:00,0.0
2023-01-17 21:00:00,0.0
2023-01-17 22:00:00,0.0
2023-01-17 23:00:00,0.0
2023-01-18 00:00:00,0.0
2023-01-18 01:00:00,0.0
2023-01-18 02:00:00,0.0
2023-01-18 03:00:00,0.0
2023-01-18 04:00:00,0.0
2023-01-18 05:00:00,0.0
2023-01-18 06:00:00,0.0
2023-01-18 07:00:00,1.2850000000000001
2023-01-18 08:00:00,6.545
2023-01-18 09:00:00,10.355
2023-01-18 10:00:00,16.377000000000002
2023-01-18 11:00:00,18.51
2023-01-18 12:00:00,17.147
2023-01-18 13:00:00,16.122
2023-01-18 14:00:00,14.041
2023-01-18 15:00:00,9.736
2023-01-18 16:00:00,5.309
2023-01-18 17:00:00,0.69
2023-01-18 18:00:00,0.0
2023-01-18 19:00:00,0.0
2023-01-18 20:00:00,0.0
2023-01-18 21:00:00,0.0
2023-01-18 22:00:00,0.0
2023-01-18 23:00:00,0.0
2023-01-19 00:00:00,0.0
2023-01-19 01:00:00,0.0
2023-01-19 02:00:00,0.0
2023-01-19 03:00:00,0.0
2023-01-19 04:00:00,0.0
2023-01-19 05:00:00,0.0
2023-01-19 06:00:00,0.0
2023-01-19 07:00:00,0.865
2023-01-19 08:00:00,5.103
2023-01-19 09:00:00,11.565999999999999
2023-01-19 10:00:00,17.081
2023-01-19 11:00:00,17.977
2023-01-19 12:00:00,16.87
2023-01-19 13:00:00,16.016
2023-01-19 14:00:00,13.92
2023-01-19 15:00:00,9.436
2023-01-19 16:00:00,4.997
2023-01-19 17:00:00,0.7010000000000001
2023-01-19 18:00:00,0.0
2023-01-19 19:00:00,0.0
2023-01-19 20:00:00,0.0
2023-01-19 21:00:00,0.0
2023-01-19 22:00:00,0.0
2023-01-19 23:00:00,0.0
2023-01-20 00:00:00,0.0
2023-01-20 01:00:00,0.0
2023-01-20 02:00:00,0.0
2023-01-20 03:00:00,0.0
2023-01-20 04:00:00,0.0
2023-01-20 05:00:00,0.0
2023-01-20 06:00:00,0.0
2023-01-20 07:00:00,0.185
2023-01-20 08:00:00,1.03
2023-01-20 09:00:00,3.641
2023-01-20 10:00:00,8.646999999999998
2023-01-20 11:00:00,10.425
2023-01-20 12:00:00,13.943
2023-01-20 13:00:00,14.866
2023-01-20 14:00:00,13.974
2023-01-20 15:00:00,9.796
2023-01-20 16:00:00,5.641
2023-01-20 17:00:00,0.73
2023-01-20 18:00:00,0.0
2023-01-20 19:00:00,0.0
2023-01-20 20:00:00,0.0
2023-01-20 21:00:00,0.0
2023-01-20 22:00:00,0.0
2023-01-20 23:00:00,0.0
2023-01-21 00:00:00,0.0
2023-01-21 01:00:00,0.0
2023-01-21 02:00:00,0.0
2023-01-21 03:00:00,0.0
2023-01-21 04:00:00,0.0
2023-01-21 05:00:00,0.0
2023-01-21 06:00:00,0.0
2023-01-21 07:00:00,0.069
2023-01-21 08:00:00,0.999
2023-01-21 09:00:00,1.727
2023-01-21 10:00:00,5.229
2023-01-21 11:00:00,11.781
2023-01-21 12:00:00,13.237
2023-01-21 13:00:00,14.217
2023-01-21 14:00:00,8.145
2023-01-21 15:00:00,4.65
2023-01-21 16:00:00,2.275
2023-01-21 17:00:00,0.592
2023-01-21 18:00:00,0.0
2023-01-21 19:00:00,0.0
2023-01-21 20:00:00,0.0
2023-01-21 21:00:00,0.0
2023-01-21 22:00:00,0.0
2023-01-21 23:00:00,0.0
2023-01-22 00:00:00,0.0
2023-01-22 01:00:00,0.0
2023-01-22 02:00:00,0.0
2023-01-22 03:00:00,0.0
2023-01-22 04:00:00,0.0
2023-01-22 05:00:00,0.0
2023-01-22 06:00:00,0.0
2023-01-22 07:00:00,0.0
2023-01-22 08:00:00,1.492
2023-01-22 09:00:00,6.868
2023-01-22 10:00:00,8.854
2023-01-22 11:00:00,16.07
2023-01-22 12:00:00,17.634999999999998
2023-01-22 13:00:00,16.119
2023-01-22 14:00:00,13.308
2023-01-22 15:00:00,9.959
2023-01-22 16:00:00,6.0840000000000005
2023-01-22 17:00:00,0.88
2023-01-22 18:00:00,0.0
2023-01-22 19:00:00,0.0
2023-01-22 20:00:00,0.0
2023-01-22 21:00:00,0.0
2023-01-22 22:00:00,0.0
2023-01-22 23:00:00,0.0
2023-01-23 00:00:00,0.0
2023-01-23 01:00:00,0.0
2023-01-23 02:00:00,0.0
2023-01-23 03:00:00,0.0
2023-01-23 04:00:00,0.0
2023-01-23 05:00:00,0.0
2023-01-23 06:00:00,0.0
2023-01-23 07:00:00,0.9149999999999999
2023-01-23 08:00:00,5.253
2023-01-23 09:00:00,12.312000000000001
2023-01-23 10:00:00,17.707
2023-01-23 11:00:00,16.068
2023-01-23 12:00:00,12.496
2023-01-23 13:00:00,4.215
2023-01-23 14:00:00,3.065
2023-01-23 15:00:00,3.61
2023-01-23 16:00:00,2.173
2023-01-23 17:00:00,0.618
2023-01-23 18:00:00,0.0
2023-01-23 19:00:00,0.0
2023-01-23 20:00:00,0.0
2023-01-23 21:00:00,0.0
2023-01-23 22:00:00,0.0
2023-01-23 23:00:00,0.0
2023-01-24 00:00:00,0.0
2023-01-24 01:00:00,0.0
2023-01-24 02:00:00,0.0
2023-01-24 03:00:00,0.0
2023-01-24 04:00:00,0.0
2023-01-24 05:00:00,0.0
2023-01-24 06:00:00,0.0
2023-01-24 07:00:00,0.247
2023-01-24 08:00:00,2.277
2023-01-24 09:00:00,6.624
2023-01-24 10:00:00,16.518
2023-01-24 11:00:00,19.697000000000003
2023-01-24 12:00:00,18.161
2023-01-24 13:00:00,17.118000000000002
2023-01-24 14:00:00,15.052
2023-01-24 15:00:00,10.654
2023-01-24 16:00:00,6.024
2023-01-24 17:00:00,1.035
2023-01-24 18:00:00,0.0
2023-01-24 19:00:00,0.0
2023-01-24 20:00:00,0.0
2023-01-24 21:00:00,0.0
2023-01-24 22:00:00,0.0
2023-01-24 23:00:00,0.0
2023-01-25 00:00:00,0.0
2023-01-25 01:00:00,0.0
2023-01-25 02:00:00,0.0
2023-01-25 03:00:00,0.0
2023-01-25 04:00:00,0.0
2023-01-25 05:00:00,0.0
2023-01-25 06:00:00,0.0
2023-01-25 07:00:00,0.6619999999999999
2023-01-25 08:00:00,3.629
2023-01-25 09:00:00,8.572
2023-01-25 10:00:00,9.9
2023-01-25 11:00:00,12.577
2023-01-25 12:00:00,13.099
2023-01-25 13:00:00,8.084
2023-01-25 14:00:00,9.891
2023-01-25 15:00:00,7.794
2023-01-25 16:00:00,5.119
2023-01-25 17:00:00,1.096
2023-01-25 18:00:00,0.0
2023-01-25 19:00:00,0.0
2023-01-25 20:00:00,0.0
2023-01-25 21:00:00,0.0
2023-01-25 22:00:00,0.0
2023-01-25 23:00:00,0.0
2023-01-26 00:00:00,0.0
2023-01-26 01:00:00,0.0
2023-01-26 02:00:00,0.0
2023-01-26 03:00:00,0.0
2023-01-26 04:00:00,0.0
2023-01-26 05:00:00,0.0
2023-01-26 06:00:00,0.0
2023-01-26 07:00:00,0.541
2023-01-26 08:00:00,2.774
2023-01-26 09:00:00,5.269
2023-01-26 10:00:00,8.333
2023-01-26 11:00:00,14.057
2023-01-26 12:00:00,16.555
2023-01-26 13:00:00,17.009
2023-01-26 14:00:00,13.954
2023-01-26 15:00:00,8.435
2023-01-26 16:00:00,4.075
2023-01-26 17:00:00,0.9500000000000001
2023-01-26 18:00:00,0.0
2023-01-26 19:00:00,0.0
2023-01-26 20:00:00,0.0
2023-01-26 21:00:00,0.0
2023-01-26 22:00:00,0.0
2023-01-26 23:00:00,0.0
2023-01-27 00:00:00,0.0
2023-01-27 01:00:00,0.0
2023-01-27 02:00:00,0.0
2023-01-27 03:00:00,0.0
2023-01-27 04:00:00,0.0
2023-01-27 05:00:00,0.0
2023-01-27 06:00:00,0.0
2023-01-27 07:00:00,0.501
2023-01-27 08:00:00,3.173
2023-01-27 09:00:00,6.002
2023-01-27 10:00:00,6.504
2023-01-27 11:00:00,7.806
2023-01-27 12:00:00,7.119999999999999
2023-01-27 13:00:00,12.651
2023-01-27 14:00:00,15.792
2023-01-27 15:00:00,11.454
2023-01-27 16:00:00,6.95
2023-01-27 17:00:00,1.267
2023-01-27 18:00:00,0.0
2023-01-27 19:00:00,0.0
2023-01-27 20:00:00,0.0
2023-01-27 21:00:00,0.0
2023-01-27 22:00:00,0.0
2023-01-27 23:00:00,0.0
2023-01-28 00:00:00,0.0
2023-01-28 01:00:00,0.0
2023-01-28 02:00:00,0.0
2023-01-28 03:00:00,0.0
2023-01-28 04:00:00,0.0
2023-01-28 05:00:00,0.0
2023-01-28 06:00:00,0.0
2023-01-28 07:00:00,0.918
2023-01-28 08:00:00,5.644
2023-01-28 09:00:00,12.664
2023-01-28 10:00:00,18.846
2023-01-28 11:00:00,20.126
2023-01-28 12:00:00,18.499000000000002
2023-01-28 13:00:00,17.23
2023-01-28 14:00:00,15.16
2023-01-28 15:00:00,10.92
2023-01-28 16:00:00,6.275
2023-01-28 17:00:00,1.133
2023-01-28 18:00:00,0.0
2023-01-28 19:00:00,0.0
2023-01-28 20:00:00,0.0
2023-01-28 21:00:00,0.0
2023-01-28 22:00:00,0.0
2023-01-28 23:00:00,0.0
2023-01-29 00:00:00,0.0
2023-01-29 01:00:00,0.0
2023-01-29 02:00:00,0.0
2023-01-29 03:00:00,0.0
2023-01-29 04:00:00,0.0
2023-01-29 05:00:00,0.0
2023-01-29 06:00:00,0.0
2023-01-29 07:00:00,1.024
2023-01-29 08:00:00,5.779
2023-01-29 09:00:00,13.038
2023-01-29 10:00:00,19.086000000000002
2023-01-29 11:00:00,20.045
2023-01-29 12:00:00,18.308999999999997
2023-01-29 13:00:00,17.073
2023-01-29 14:00:00,15.245000000000001
2023-01-29 15:00:00,10.997
2023-01-29 16:00:00,6.297
2023-01-29 17:00:00,1.183
2023-01-29 18:00:00,0.001
2023-01-29 19:00:00,0.0
2023-01-29 20:00:00,0.0
2023-01-29 21:00:00,0.0
2023-01-29 22:00:00,0.0
2023-01-29 23:00:00,0.0
2023-01-30 00:00:00,0.0
2023-01-30 01:00:00,0.0
2023-01-30 02:00:00,0.0
2023-01-30 03:00:00,0.0
2023-01-30 04:00:00,0.0
2023-01-30 05:00:00,0.0
2023-01-30 06:00:00,0.0
2023-01-30 07:00:00,1.054
2023-01-30 08:00:00,5.65
2023-01-30 09:00:00,12.876
2023-01-30 10:00:00,18.909
2023-01-30 11:00:00,19.948
2023-01-30 12:00:00,18.284
2023-01-30 13:00:00,17.349
2023-01-30 14:00:00,15.249
2023-01-30 15:00:00,11.072
2023-01-30 16:00:00,6.498
2023-01-30 17:00:00,1.006
2023-01-30 18:00:00,0.0
2023-01-30 19:00:00,0.0
2023-01-30 20:00:00,0.0
2023-01-30 21:00:00,0.0
2023-01-30 22:00:00,0.0
2023-01-30 23:00:00,0.0
2023-01-31 00:00:00,0.0
2023-01-31 01:00:00,0.0
2023-01-31 02:00:00,0.0
2023-01-31 03:00:00,0.0
2023-01-31 04:00:00,0.0
2023-01-31 05:00:00,0.0
2023-01-31 06:00:00,0.0
2023-01-31 07:00:00,0.6839999999999999
2023-01-31 08:00:00,4.87
2023-01-31 09:00:00,11.539
2023-01-31 10:00:00,15.296
2023-01-31 11:00:00,19.429000000000002
2023-01-31 12:00:00,17.816
2023-01-31 13:00:00,17.902
2023-01-31 14:00:00,14.708
2023-01-31 15:00:00,5.3580000000000005
2023-01-31 16:00:00,2.728
2023-01-31 17:00:00,0.556
2023-01-31 18:00:00,0.0
2023-01-31 19:00:00,0.0
2023-01-31 20:00:00,0.0
2023-01-31 21:00:00,0.0
2023-01-31 22:00:00,0.0
2023-01-31 23:00:00,0.0
2023-02-01 00:00:00,0.0
2023-02-01 01:00:00,0.0
2023-02-01 02:00:00,0.0
2023-02-01 03:00:00,0.0
2023-02-01 04:00:00,0.0
2023-02-01 05:00:00,0.0
2023-02-01 06:00:00,0.0
2023-02-01 07:00:00,0.448
2023-02-01 08:00:00,2.692
2023-02-01 09:00:00,5.212
2023-02-01 10:00:00,9.311
2023-02-01 11:00:00,9.527999999999999
2023-02-01 12:00:00,14.161
2023-02-01 13:00:00,15.538
2023-02-01 14:00:00,14.875
2023-02-01 15:00:00,10.887
2023-02-01 16:00:00,6.285
2023-02-01 17:00:00,1.103
2023-02-01 18:00:00,0.003
2023-02-01 19:00:00,0.0
2023-02-01 20:00:00,0.0
2023-02-01 21:00:00,0.0
2023-02-01 22:00:00,0.0
2023-02-01 23:00:00,0.0
2023-02-02 00:00:00,0.0
2023-02-02 01:00:00,0.0
2023-02-02 02:00:00,0.0
2023-02-02 03:00:00,0.0
2023-02-02 04:00:00,0.0
2023-02-02 05:00:00,0.0
2023-02-02 06:00:00,0.0
2023-02-02 07:00:00,0.395
2023-02-02 08:00:00,3.115
2023-02-02 09:00:00,4.315
2023-02-02 10:00:00,2.1390000000000002
2023-02-02 11:00:00,4.072
2023-02-02 12:00:00,7.283
2023-02-02 13:00:00,10.766
2023-02-02 14:00:00,12.351
2023-02-02 15:00:00,11.514
2023-02-02 16:00:00,6.835
2023-02-02 17:00:00,2.616
2023-02-02 18:00:00,0.005
2023-02-02 19:00:00,0.0
2023-02-02 20:00:00,0.0
2023-02-02 21:00:00,0.0
2023-02-02 22:00:00,0.0
2023-02-02 23:00:00,0.0
2023-02-03 00:00:00,0.0
2023-02-03 01:00:00,0.0
2023-02-03 02:00:00,0.0
2023-02-03 03:00:00,0.0
2023-02-03 04:00:00,0.0
2023-02-03 05:00:00,0.0
2023-02-03 06:00:00,0.0
2023-02-03 07:00:00,0.5289999999999999
2023-02-03 08:00:00,2.396
2023-02-03 09:00:00,6.458
2023-02-03 10:00:00,10.871
2023-02-03 11:00:00,17.685000000000002
2023-02-03 12:00:00,10.054
2023-02-03 13:00:00,10.954
2023-02-03 14:00:00,8.885
2023-02-03 15:00:00,6.789
2023-02-03 16:00:00,3.411
2023-02-03 17:00:00,1.2369999999999999
2023-02-03 18:00:00,0.0
2023-02-03 19:00:00,0.0
2023-02-03 20:00:00,0.0
2023-02-03 21:00:00,0.0
2023-02-03 22:00:00,0.0
2023-02-03 23:00:00,0.0
2023-02-04 00:00:00,0.0
2023-02-04 01:00:00,0.0
2023-02-04 02:00:00,0.0
2023-02-04 03:00:00,0.0
2023-02-04 04:00:00,0.0
2023-02-04 05:00:00,0.0
2023-02-04 06:00:00,0.0
2023-02-04 07:00:00,0.23399999999999999
2023-02-04 08:00:00,1.514
2023-02-04 09:00:00,2.571
2023-02-04 10:00:00,4.05
2023-02-04 11:00:00,3.992
2023-02-04 12:00:00,3.084
2023-02-04 13:00:00,4.3790000000000004
2023-02-04 14:00:00,7.614
2023-02-04 15:00:00,8.066
2023-02-04 16:00:00,4.0280000000000005
2023-02-04 17:00:00,1.367
2023-02-04 18:00:00,0.0
2023-02-04 19:00:00,0.0
2023-02-04 20:00:00,0.0
2023-02-04 21:00:00,0.0
2023-02-04 22:00:00,0.0
2023-02-04 23:00:00,0.0
2023-02-05 00:00:00,0.0
2023-02-05 01:00:00,0.0
2023-02-05 02:00:00,0.0
2023-02-05 03:00:00,0.0
2023-02-05 04:00:00,0.0
2023-02-05 05:00:00,0.0
2023-02-05 06:00:00,0.0
2023-02-05 07:00:00,0.041
2023-02-05 08:00:00,0.646
2023-02-05 09:00:00,1.649
2023-02-05 10:00:00,4.156000000000001
2023-02-05 11:00:00,6.236
2023-02-05 12:00:00,5.043
2023-02-05 13:00:00,2.954
2023-02-05 14:00:00,3.255
2023-02-05 15:00:00,2.85
2023-02-05 16:00:00,2.039
2023-02-05 17:00:00,1.347
2023-02-05 18:00:00,0.0
2023-02-05 19:00:00,0.0
2023-02-05 20:00:00,0.0
2023-02-05 21:00:00,0.0
2023-02-05 22:00:00,0.0
2023-02-05 23:00:00,0.0
2023-02-06 00:00:00,0.0
2023-02-06 01:00:00,0.0
2023-02-06 02:00:00,0.0
2023-02-06 03:00:00,0.0
2023-02-06 04:00:00,0.0
2023-02-06 05:00:00,0.0
2023-02-06 06:00:00,0.0
2023-02-06 07:00:00,0.181
2023-02-06 08:00:00,1.447
2023-02-06 09:00:00,2.305
2023-02-06 10:00:00,4.3629999999999995
2023-02-06 11:00:00,5.247
2023-02-06 12:00:00,4.876
2023-02-06 13:00:00,4.862
2023-02-06 14:00:00,6.483
2023-02-06 15:00:00,4.313
2023-02-06 16:00:00,2.342
2023-02-06 17:00:00,0.619
2023-02-06 18:00:00,0.0
2023-02-06 19:00:00,0.0
2023-02-06 20:00:00,0.0
2023-02-06 21:00:00,0.0
2023-02-06 22:00:00,0.0
2023-02-06 23:00:00,0.0
2023-02-07 00:00:00,0.0
2023-02-07 01:00:00,0.0
2023-02-07 02:00:00,0.0
2023-02-07 03:00:00,0.0
2023-02-07 04:00:00,0.0
2023-02-07 05:00:00,0.0
2023-02-07 06:00:00,0.0
2023-02-07 07:00:00,0.371
2023-02-07 08:00:00,2.2960000000000003
2023-02-07 09:00:00,4.188
2023-02-07 10:00:00,7.605
2023-02-07 11:00:00,9.939
2023-02-07 12:00:00,16.595
2023-02-07 13:00:00,15.511000000000001
2023-02-07 14:00:00,15.291
2023-02-07 15:00:00,10.173
2023-02-07 16:00:00,6.281
2023-02-07 17:00:00,1.692
2023-02-07 18:00:00,0.019
2023-02-07 19:00:00,0.0
2023-02-07 20:00:00,0.0
2023-02-07 21:00:00,0.0
2023-02-07 22:00:00,0.0
2023-02-07 23:00:00,0.0
2023-02-08 00:00:00,0.0
2023-02-08 01:00:00,0.0
2023-02-08 02:00:00,0.0
2023-02-08 03:00:00,0.0
2023-02-08 04:00:00,0.0
2023-02-08 05:00:00,0.0
2023-02-08 06:00:00,0.0
2023-02-08 07:00:00,0.0
2023-02-08 08:00:00,0.254
2023-02-08 09:00:00,1.159
2023-02-08 10:00:00,1.8690000000000002
2023-02-08 11:00:00,3.323
2023-02-08 12:00:00,3.162
2023-02-08 13:00:00,2.601
2023-02-08 14:00:00,2.37
2023-02-08 15:00:00,2.6550000000000002
2023-02-08 16:00:00,1.552
2023-02-08 17:00:00,0.581
2023-02-08 18:00:00,0.0
2023-02-08 19:00:00,0.0
2023-02-08 20:00:00,0.0
2023-02-08 21:00:00,0.0
2023-02-08 22:00:00,0.0
2023-02-08 23:00:00,0.0
2023-02-09 00:00:00,0.0
2023-02-09 01:00:00,0.0
2023-02-09 02:00:00,0.0
2023-02-09 03:00:00,0.0
2023-02-09 04:00:00,0.0
2023-02-09 05:00:00,0.0
2023-02-09 06:00:00,0.0
2023-02-09 07:00:00,0.022
2023-02-09 08:00:00,0.804
2023-02-09 09:00:00,1.351
2023-02-09 10:00:00,3.362
2023-02-09 11:00:00,5.121
2023-02-09 12:00:00,13.447000000000001
2023-02-09 13:00:00,16.398
2023-02-09 14:00:00,11.459
2023-02-09 15:00:00,8.154
2023-02-09 16:00:00,6.272
2023-02-09 17:00:00,1.389
2023-02-09 18:00:00,0.0
2023-02-09 19:00:00,0.0
2023-02-09 20:00:00,0.0
2023-02-09 21:00:00,0.0
2023-02-09 22:00:00,0.0
2023-02-09 23:00:00,0.0
2023-02-10 00:00:00,0.0
2023-02-10 01:00:00,0.0
2023-02-10 02:00:00,0.0
2023-02-10 03:00:00,0.0
2023-02-10 04:00:00,0.0
2023-02-10 05:00:00,0.0
2023-02-10 06:00:00,0.0
2023-02-10 07:00:00,0.30799999999999994
2023-02-10 08:00:00,1.047
2023-02-10 09:00:00,2.257
2023-02-10 10:00:00,2.978
2023-02-10 11:00:00,4.579000000000001
2023-02-10 12:00:00,9.147
2023-02-10 13:00:00,12.133
2023-02-10 14:00:00,12.847999999999999
2023-02-10 15:00:00,8.795
2023-02-10 16:00:00,5.396
2023-02-10 17:00:00,1.581
2023-02-10 18:00:00,0.0
2023-02-10 19:00:00,0.0
2023-02-10 20:00:00,0.0
2023-02-10 21:00:00,0.0
2023-02-10 22:00:00,0.0
2023-02-10 23:00:00,0.0
2023-02-11 00:00:00,0.0
2023-02-11 01:00:00,0.0
2023-02-11 02:00:00,0.0
2023-02-11 03:00:00,0.0
2023-02-11 04:00:00,0.0
2023-02-11 05:00:00,0.0
2023-02-11 06:00:00,0.0
2023-02-11 07:00:00,0.0
2023-02-11 08:00:00,0.472
2023-02-11 09:00:00,1.148
2023-02-11 10:00:00,2.145
2023-02-11 11:00:00,3.097
2023-02-11 12:00:00,3.823
2023-02-11 13:00:00,3.7600000000000002
2023-02-11 14:00:00,2.899
2023-02-11 15:00:00,2.196
2023-02-11 16:00:00,1.053
2023-02-11 17:00:00,0.309
2023-02-11 18:00:00,0.0
2023-02-11 19:00:00,0.0
2023-02-11 20:00:00,0.0
2023-02-11 21:00:00,0.0
2023-02-11 22:00:00,0.0
2023-02-11 23:00:00,0.0
2023-02-12 00:00:00,0.0
2023-02-12 01:00:00,0.0
2023-02-12 02:00:00,0.0
2023-02-12 03:00:00,0.0
2023-02-12 04:00:00,0.0
2023-02-12 05:00:00,0.0
2023-02-12 06:00:00,0.0
2023-02-12 07:00:00,0.041
2023-02-12 08:00:00,0.529
2023-02-12 09:00:00,1.112
2023-02-12 10:00:00,1.7770000000000001
2023-02-12 11:00:00,2.903
2023-02-12 12:00:00,4.249
2023-02-12 13:00:00,3.5060000000000002
2023-02-12 14:00:00,3.409
2023-02-12 15:00:00,2.3970000000000002
2023-02-12 16:00:00,1.143
2023-02-12 17:00:00,0.335
2023-02-12 18:00:00,0.0
2023-02-12 19:00:00,0.0
2023-02-12 20:00:00,0.0
2023-02-12 21:00:00,0.0
2023-02-12 22:00:00,0.0
2023-02-12 23:00:00,0.0
2023-02-13 00:00:00,0.0
2023-02-13 01:00:00,0.0
2023-02-13 02:00:00,0.0
2023-02-13 03:00:00,0.0
2023-02-13 04:00:00,0.0
2023-02-13 05:00:00,0.0
2023-02-13 06:00:00,0.0
2023-02-13 07:00:00,0.087
2023-02-13 08:00:00,0.9430000000000001
2023-02-13 09:00:00,2.265
2023-02-13 10:00:00,4.061999999999999
2023-02-13 11:00:00,5.274
2023-02-13 12:00:00,12.017
2023-02-13 13:00:00,16.049
2023-02-13 14:00:00,15.294
2023-02-13 15:00:00,10.765
2023-02-13 16:00:00,5.445
2023-02-13 17:00:00,1.697
2023-02-13 18:00:00,0.04
2023-02-13 19:00:00,0.0
2023-02-13 20:00:00,0.0
2023-02-13 21:00:00,0.0
2023-02-13 22:00:00,0.0
2023-02-13 23:00:00,0.0
2023-02-14 00:00:00,0.0
2023-02-14 01:00:00,0.0
2023-02-14 02:00:00,0.0
2023-02-14 03:00:00,0.0
2023-02-14 04:00:00,0.0
2023-02-14 05:00:00,0.0
2023-02-14 06:00:00,0.0
2023-02-14 07:00:00,0.506
2023-02-14 08:00:00,2.3520000000000003
2023-02-14 09:00:00,4.0920000000000005
2023-02-14 10:00:00,6.34
2023-02-14 11:00:00,11.374
2023-02-14 12:00:00,12.805
2023-02-14 13:00:00,9.748999999999999
2023-02-14 14:00:00,11.966000000000001
2023-02-14 15:00:00,8.099
2023-02-14 16:00:00,3.9130000000000003
2023-02-14 17:00:00,0.767
2023-02-14 18:00:00,0.0
2023-02-14 19:00:00,0.0
2023-02-14 20:00:00,0.0
2023-02-14 21:00:00,0.0
2023-02-14 22:00:00,0.0
2023-02-14 23:00:00,0.0
2023-02-15 00:00:00,0.0
2023-02-15 01:00:00,0.0
2023-02-15 02:00:00,0.0
2023-02-15 03:00:00,0.0
2023-02-15 04:00:00,0.0
2023-02-15 05:00:00,0.0
2023-02-15 06:00:00,0.0
2023-02-15 07:00:00,1.2530000000000001
2023-02-15 08:00:00,6.155
2023-02-15 09:00:00,12.827
2023-02-15 10:00:00,18.368000000000002
2023-02-15 11:00:00,21.141
2023-02-15 12:00:00,19.775
2023-02-15 13:00:00,18.063
2023-02-15 14:00:00,16.278
2023-02-15 15:00:00,12.658000000000001
2023-02-15 16:00:00,7.449
2023-02-15 17:00:00,1.935
2023-02-15 18:00:00,0.071
2023-02-15 19:00:00,0.0
2023-02-15 20:00:00,0.0
2023-02-15 21:00:00,0.0
2023-02-15 22:00:00,0.0
2023-02-15 23:00:00,0.0
2023-02-16 00:00:00,0.0
2023-02-16 01:00:00,0.0
2023-02-16 02:00:00,0.0
2023-02-16 03:00:00,0.0
2023-02-16 04:00:00,0.0
2023-02-16 05:00:00,0.0
2023-02-16 06:00:00,0.0
2023-02-16 07:00:00,0.521
2023-02-16 08:00:00,3.6870000000000003
2023-02-16 09:00:00,12.858
2023-02-16 10:00:00,20.646
2023-02-16 11:00:00,20.051000000000002
2023-02-16 12:00:00,19.716
2023-02-16 13:00:00,14.167000000000002
2023-02-16 14:00:00,16.502000000000002
2023-02-16 15:00:00,10.903
2023-02-16 16:00:00,4.129
2023-02-16 17:00:00,1.294
2023-02-16 18:00:00,0.0
2023-02-16 19:00:00,0.0
2023-02-16 20:00:00,0.0
2023-02-16 21:00:00,0.0
2023-02-16 22:00:00,0.0
2023-02-16 23:00:00,0.0
2023-02-17 00:00:00,0.0
2023-02-17 01:00:00,0.0
2023-02-17 02:00:00,0.0
2023-02-17 03:00:00,0.0
2023-02-17 04:00:00,0.0
2023-02-17 05:00:00,0.0
2023-02-17 06:00:00,0.0
2023-02-17 07:00:00,1.577
2023-02-17 08:00:00,6.832
2023-02-17 09:00:00,13.788
2023-02-17 10:00:00,20.243
2023-02-17 11:00:00,22.164
2023-02-17 12:00:00,19.239
2023-02-17 13:00:00,17.578
2023-02-17 14:00:00,15.943
2023-02-17 15:00:00,12.394
2023-02-17 16:00:00,7.2620000000000005
2023-02-17 17:00:00,1.8519999999999999
2023-02-17 18:00:00,0.068
2023-02-17 19:00:00,0.0
2023-02-17 20:00:00,0.0
2023-02-17 21:00:00,0.0
2023-02-17 22:00:00,0.0
2023-02-17 23:00:00,0.0
2023-02-18 00:00:00,0.0
2023-02-18 01:00:00,0.0
2023-02-18 02:00:00,0.0
2023-02-18 03:00:00,0.0
2023-02-18 04:00:00,0.0
2023-02-18 05:00:00,0.0
2023-02-18 06:00:00,0.0
2023-02-18 07:00:00,0.825
2023-02-18 08:00:00,4.917
2023-02-18 09:00:00,7.6899999999999995
2023-02-18 10:00:00,11.158
2023-02-18 11:00:00,11.943
2023-02-18 12:00:00,15.601
2023-02-18 13:00:00,12.922
2023-02-18 14:00:00,11.977
2023-02-18 15:00:00,11.983
2023-02-18 16:00:00,5.279999999999999
2023-02-18 17:00:00,2.146
2023-02-18 18:00:00,0.086
2023-02-18 19:00:00,0.0
2023-02-18 20:00:00,0.0
2023-02-18 21:00:00,0.0
2023-02-18 22:00:00,0.0
2023-02-18 23:00:00,0.0
2023-02-19 00:00:00,0.0
2023-02-19 01:00:00,0.0
2023-02-19 02:00:00,0.0
2023-02-19 03:00:00,0.0
2023-02-19 04:00:00,0.0
2023-02-19 05:00:00,0.0
2023-02-19 06:00:00,0.0
2023-02-19 07:00:00,0.508
2023-02-19 08:00:00,1.861
2023-02-19 09:00:00,4.2219999999999995
2023-02-19 10:00:00,12.439
2023-02-19 11:00:00,21.855
2023-02-19 12:00:00,19.07
2023-02-19 13:00:00,17.581
2023-02-19 14:00:00,14.771
2023-02-19 15:00:00,10.741
2023-02-19 16:00:00,5.7330000000000005
2023-02-19 17:00:00,1.5350000000000001
2023-02-19 18:00:00,0.0
2023-02-19 19:00:00,0.0
2023-02-19 20:00:00,0.0
2023-02-19 21:00:00,0.0
2023-02-19 22:00:00,0.0
2023-02-19 23:00:00,0.0
2023-02-20 00:00:00,0.0
2023-02-20 01:00:00,0.0
2023-02-20 02:00:00,0.0
2023-02-20 03:00:00,0.0
2023-02-20 04:00:00,0.0
2023-02-20 05:00:00,0.0
2023-02-20 06:00:00,0.0
2023-02-20 07:00:00,1.0699999999999998
2023-02-20 08:00:00,4.821
2023-02-20 09:00:00,12.485
2023-02-20 10:00:00,10.799
2023-02-20 11:00:00,19.552
2023-02-20 12:00:00,19.375999999999998
2023-02-20 13:00:00,17.552
2023-02-20 14:00:00,15.2
2023-02-20 15:00:00,11.658000000000001
2023-02-20 16:00:00,6.475
2023-02-20 17:00:00,2.262
2023-02-20 18:00:00,0.116
2023-02-20 19:00:00,0.0
2023-02-20 20:00:00,0.0
2023-02-20 21:00:00,0.0
2023-02-20 22:00:00,0.0
2023-02-20 23:00:00,0.0
2023-02-21 00:00:00,0.0
2023-02-21 01:00:00,0.0
2023-02-21 02:00:00,0.0
2023-02-21 03:00:00,0.0
2023-02-21 04:00:00,0.0
2023-02-21 05:00:00,0.0
2023-02-21 06:00:00,0.0
2023-02-21 07:00:00,0.6100000000000001
2023-02-21 08:00:00,3.441
2023-02-21 09:00:00,10.751000000000001
2023-02-21 10:00:00,18.052
2023-02-21 11:00:00,21.359
2023-02-21 12:00:00,21.177
2023-02-21 13:00:00,18.814
2023-02-21 14:00:00,16.633000000000003
2023-02-21 15:00:00,12.794
2023-02-21 16:00:00,6.92
2023-02-21 17:00:00,2.104
2023-02-21 18:00:00,0.085
2023-02-21 19:00:00,0.0
2023-02-21 20:00:00,0.0
2023-02-21 21:00:00,0.0
2023-02-21 22:00:00,0.0
2023-02-21 23:00:00,0.0
2023-02-22 00:00:00,0.0
2023-02-22 01:00:00,0.0
2023-02-22 02:00:00,0.0
2023-02-22 03:00:00,0.0
2023-02-22 04:00:00,0.0
2023-02-22 05:00:00,0.0
2023-02-22 06:00:00,0.0
2023-02-22 07:00:00,1.8439999999999999
2023-02-22 08:00:00,7.531
2023-02-22 09:00:00,14.901
2023-02-22 10:00:00,21.406
2023-02-22 11:00:00,23.347
2023-02-22 12:00:00,20.355
2023-02-22 13:00:00,18.584
2023-02-22 14:00:00,16.576
2023-02-22 15:00:00,12.793
2023-02-22 16:00:00,7.567
2023-02-22 17:00:00,2.102
2023-02-22 18:00:00,0.095
2023-02-22 19:00:00,0.0
2023-02-22 20:00:00,0.0
2023-02-22 21:00:00,0.0
2023-02-22 22:00:00,0.0
2023-02-22 23:00:00,0.0
2023-02-23 00:00:00,0.0
2023-02-23 01:00:00,0.0
2023-02-23 02:00:00,0.0
2023-02-23 03:00:00,0.0
2023-02-23 04:00:00,0.0
2023-02-23 05:00:00,0.0
2023-02-23 06:00:00,0.0
2023-02-23 07:00:00,1.826
2023-02-23 08:00:00,7.327
2023-02-23 09:00:00,14.192
2023-02-23 10:00:00,20.313000000000002
2023-02-23 11:00:00,22.432000000000002
2023-02-23 12:00:00,20.404
2023-02-23 13:00:00,18.27
2023-02-23 14:00:00,16.252
2023-02-23 15:00:00,12.677
2023-02-23 16:00:00,7.454
2023-02-23 17:00:00,2.088
2023-02-23 18:00:00,0.091
2023-02-23 19:00:00,0.0
2023-02-23 20:00:00,0.0
2023-02-23 21:00:00,0.0
2023-02-23 22:00:00,0.0
2023-02-23 23:00:00,0.0
2023-02-24 00:00:00,0.0
2023-02-24 01:00:00,0.0
2023-02-24 02:00:00,0.0
2023-02-24 03:00:00,0.0
2023-02-24 04:00:00,0.0
2023-02-24 05:00:00,0.0
2023-02-24 06:00:00,0.0
2023-02-24 07:00:00,1.811
2023-02-24 08:00:00,6.981
2023-02-24 09:00:00,13.305
2023-02-24 10:00:00,18.877
2023-02-24 11:00:00,21.191
2023-02-24 12:00:00,19.857
2023-02-24 13:00:00,17.401
2023-02-24 14:00:00,15.110000000000001
2023-02-24 15:00:00,11.523
2023-02-24 16:00:00,6.641
2023-02-24 17:00:00,2.112
2023-02-24 18:00:00,0.094
2023-02-24 19:00:00,0.0
2023-02-24 20:00:00,0.0
2023-02-24 21:00:00,0.0
2023-02-24 22:00:00,0.0
2023-02-24 23:00:00,0.0
2023-02-25 00:00:00,0.0
2023-02-25 01:00:00,0.0
2023-02-25 02:00:00,0.0
2023-02-25 03:00:00,0.0
2023-02-25 04:00:00,0.0
2023-02-25 05:00:00,0.0
2023-02-25 06:00:00,0.0
2023-02-25 07:00:00,1.658
2023-02-25 08:00:00,7.108
2023-02-25 09:00:00,13.895
2023-02-25 10:00:00,19.877000000000002
2023-02-25 11:00:00,22.523
2023-02-25 12:00:00,21.346
2023-02-25 13:00:00,19.051000000000002
2023-02-25 14:00:00,16.46
2023-02-25 15:00:00,12.620000000000001
2023-02-25 16:00:00,7.461
2023-02-25 17:00:00,2.412
2023-02-25 18:00:00,0.119
2023-02-25 19:00:00,0.0
2023-02-25 20:00:00,0.0
2023-02-25 21:00:00,0.0
2023-02-25 22:00:00,0.0
2023-02-25 23:00:00,0.0
2023-02-26 00:00:00,0.0
2023-02-26 01:00:00,0.0
2023-02-26 02:00:00,0.0
2023-02-26 03:00:00,0.0
2023-02-26 04:00:00,0.0
2023-02-26 05:00:00,0.0
2023-02-26 06:00:00,0.0
2023-02-26 07:00:00,2.036
2023-02-26 08:00:00,7.83
2023-02-26 09:00:00,14.768
2023-02-26 10:00:00,20.495
2023-02-26 11:00:00,22.613
2023-02-26 12:00:00,21.376
2023-02-26 13:00:00,18.758000000000003
2023-02-26 14:00:00,16.53
2023-02-26 15:00:00,12.857
2023-02-26 16:00:00,7.476
2023-02-26 17:00:00,2.432
2023-02-26 18:00:00,0.117
2023-02-26 19:00:00,0.0
2023-02-26 20:00:00,0.0
2023-02-26 21:00:00,0.0
2023-02-26 22:00:00,0.0
2023-02-26 23:00:00,0.0
2023-02-27 00:00:00,0.0
2023-02-27 01:00:00,0.0
2023-02-27 02:00:00,0.0
2023-02-27 03:00:00,0.0
2023-02-27 04:00:00,0.0
2023-02-27 05:00:00,0.0
2023-02-27 06:00:00,0.003
2023-02-27 07:00:00,1.921
2023-02-27 08:00:00,7.659000000000001
2023-02-27 09:00:00,15.007000000000001
2023-02-27 10:00:00,21.48
2023-02-27 11:00:00,23.966
2023-02-27 12:00:00,21.41
2023-02-27 13:00:00,18.982
2023-02-27 14:00:00,16.758
2023-02-27 15:00:00,13.149000000000001
2023-02-27 16:00:00,7.798
2023-02-27 17:00:00,2.3489999999999998
2023-02-27 18:00:00,0.12
2023-02-27 19:00:00,0.0
2023-02-27 20:00:00,0.0
2023-02-27 21:00:00,0.0
2023-02-27 22:00:00,0.0
2023-02-27 23:00:00,0.0
2023-02-28 00:00:00,0.0
2023-02-28 01:00:00,0.0
2023-02-28 02:00:00,0.0
2023-02-28 03:00:00,0.0
2023-02-28 04:00:00,0.0
2023-02-28 05:00:00,0.0
2023-02-28 06:00:00,0.0
2023-02-28 07:00:00,0.441
2023-02-28 08:00:00,5.895
2023-02-28 09:00:00,15.098
2023-02-28 10:00:00,20.677
2023-02-28 11:00:00,23.127000000000002
2023-02-28 12:00:00,20.895
2023-02-28 13:00:00,18.736
2023-02-28 14:00:00,16.608999999999998
2023-02-28 15:00:00,13.169
2023-02-28 16:00:00,7.71
2023-02-28 17:00:00,2.272
2023-02-28 18:00:00,0.11900000000000001
2023-02-28 19:00:00,0.0
2023-02-28 20:00:00,0.0
2023-02-28 21:00:00,0.0
2023-02-28 22:00:00,0.0
2023-02-28 23:00:00,0.0
2023-03-01 00:00:00,0.0
2023-03-01 01:00:00,0.0
2023-03-01 02:00:00,0.0
2023-03-01 03:00:00,0.0
2023-03-01 04:00:00,0.0
2023-03-01 05:00:00,0.0
2023-03-01 06:00:00,0.009
2023-03-01 07:00:00,2.295
2023-03-01 08:00:00,8.32
2023-03-01 09:00:00,15.171000000000001
2023-03-01 10:00:00,20.769000000000002
2023-03-01 11:00:00,22.847
2023-03-01 12:00:00,20.534
2023-03-01 13:00:00,18.219
2023-03-01 14:00:00,16.087
2023-03-01 15:00:00,12.439
2023-03-01 16:00:00,7.126
2023-03-01 17:00:00,2.295
2023-03-01 18:00:00,0.129
2023-03-01 19:00:00,0.0
2023-03-01 20:00:00,0.0
2023-03-01 21:00:00,0.0
2023-03-01 22:00:00,0.0
2023-03-01 23:00:00,0.0
2023-03-02 00:00:00,0.0
2023-03-02 01:00:00,0.0
2023-03-02 02:00:00,0.0
2023-03-02 03:00:00,0.0
2023-03-02 04:00:00,0.0
2023-03-02 05:00:00,0.0
2023-03-02 06:00:00,0.002
2023-03-02 07:00:00,1.51
2023-03-02 08:00:00,6.462
2023-03-02 09:00:00,10.869
2023-03-02 10:00:00,19.332
2023-03-02 11:00:00,21.983
2023-03-02 12:00:00,21.514
2023-03-02 13:00:00,18.662
2023-03-02 14:00:00,16.081
2023-03-02 15:00:00,12.108
2023-03-02 16:00:00,7.07
2023-03-02 17:00:00,2.507
2023-03-02 18:00:00,0.13
2023-03-02 19:00:00,0.0
2023-03-02 20:00:00,0.0
2023-03-02 21:00:00,0.0
2023-03-02 22:00:00,0.0
2023-03-02 23:00:00,0.0
2023-03-03 00:00:00,0.0
2023-03-03 01:00:00,0.0
2023-03-03 02:00:00,0.0
2023-03-03 03:00:00,0.0
2023-03-03 04:00:00,0.0
2023-03-03 05:00:00,0.0
2023-03-03 06:00:00,0.009
2023-03-03 07:00:00,1.9160000000000001
2023-03-03 08:00:00,7.378
2023-03-03 09:00:00,14.439
2023-03-03 10:00:00,20.104
2023-03-03 11:00:00,22.219
2023-03-03 12:00:00,21.658
2023-03-03 13:00:00,19.018
2023-03-03 14:00:00,16.176000000000002
2023-03-03 15:00:00,12.341999999999999
2023-03-03 16:00:00,7.164
2023-03-03 17:00:00,2.5140000000000002
2023-03-03 18:00:00,0.133
2023-03-03 19:00:00,0.0
2023-03-03 20:00:00,0.0
2023-03-03 21:00:00,0.0
2023-03-03 22:00:00,0.0
2023-03-03 23:00:00,0.0
2023-03-04 00:00:00,0.0
2023-03-04 01:00:00,0.0
2023-03-04 02:00:00,0.0
2023-03-04 03:00:00,0.0
2023-03-04 04:00:00,0.0
2023-03-04 05:00:00,0.0
2023-03-04 06:00:00,0.0
2023-03-04 07:00:00,0.348
2023-03-04 08:00:00,2.005
2023-03-04 09:00:00,8.735
2023-03-04 10:00:00,15.781
2023-03-04 11:00:00,15.809
2023-03-04 12:00:00,19.567
2023-03-04 13:00:00,19.738
2023-03-04 14:00:00,16.396
2023-03-04 15:00:00,12.806000000000001
2023-03-04 16:00:00,7.658
2023-03-04 17:00:00,2.671
2023-03-04 18:00:00,0.159
2023-03-04 19:00:00,0.0
2023-03-04 20:00:00,0.0
2023-03-04 21:00:00,0.0
2023-03-04 22:00:00,0.0
2023-03-04 23:00:00,0.0
2023-03-05 00:00:00,0.0
2023-03-05 01:00:00,0.0
2023-03-05 02:00:00,0.0
2023-03-05 03:00:00,0.0
2023-03-05 04:00:00,0.0
2023-03-05 05:00:00,0.0
2023-03-05 06:00:00,0.023
2023-03-05 07:00:00,2.39
2023-03-05 08:00:00,8.372
2023-03-05 09:00:00,15.405
2023-03-05 10:00:00,21.826999999999998
2023-03-05 11:00:00,24.234
2023-03-05 12:00:00,21.894
2023-03-05 13:00:00,19.453
2023-03-05 14:00:00,17.043
2023-03-05 15:00:00,13.503
2023-03-05 16:00:00,7.994
2023-03-05 17:00:00,2.671
2023-03-05 18:00:00,0.177
2023-03-05 19:00:00,0.0
2023-03-05 20:00:00,0.0
2023-03-05 21:00:00,0.0
2023-03-05 22:00:00,0.0
2023-03-05 23:00:00,0.0
2023-03-06 00:00:00,0.0
2023-03-06 01:00:00,0.0
2023-03-06 02:00:00,0.0
2023-03-06 03:00:00,0.0
2023-03-06 04:00:00,0.0
2023-03-06 05:00:00,0.0
2023-03-06 06:00:00,0.031
2023-03-06 07:00:00,2.589
2023-03-06 08:00:00,8.929
2023-03-06 09:00:00,16.303
2023-03-06 10:00:00,22.054000000000002
2023-03-06 11:00:00,24.020000000000003
2023-03-06 12:00:00,22.094
2023-03-06 13:00:00,19.458
2023-03-06 14:00:00,17.108
2023-03-06 15:00:00,13.46
2023-03-06 16:00:00,7.927
2023-03-06 17:00:00,2.538
2023-03-06 18:00:00,0.159
2023-03-06 19:00:00,0.0
2023-03-06 20:00:00,0.0
2023-03-06 21:00:00,0.0
2023-03-06 22:00:00,0.0
2023-03-06 23:00:00,0.0
2023-03-07 00:00:00,0.0
2023-03-07 01:00:00,0.0
2023-03-07 02:00:00,0.0
2023-03-07 03:00:00,0.0
2023-03-07 04:00:00,0.0
2023-03-07 05:00:00,0.0
2023-03-07 06:00:00,0.026
2023-03-07 07:00:00,2.379
2023-03-07 08:00:00,8.007
2023-03-07 09:00:00,14.501999999999999
2023-03-07 10:00:00,20.099
2023-03-07 11:00:00,23.015
2023-03-07 12:00:00,21.748
2023-03-07 13:00:00,19.0
2023-03-07 14:00:00,16.554
2023-03-07 15:00:00,12.794
2023-03-07 16:00:00,7.548
2023-03-07 17:00:00,2.592
2023-03-07 18:00:00,0.16699999999999998
2023-03-07 19:00:00,0.0
2023-03-07 20:00:00,0.0
2023-03-07 21:00:00,0.0
2023-03-07 22:00:00,0.0
2023-03-07 23:00:00,0.0
2023-03-08 00:00:00,0.0
2023-03-08 01:00:00,0.0
2023-03-08 02:00:00,0.0
2023-03-08 03:00:00,0.0
2023-03-08 04:00:00,0.0
2023-03-08 05:00:00,0.0
2023-03-08 06:00:00,0.028
2023-03-08 07:00:00,2.439
2023-03-08 08:00:00,8.104
2023-03-08 09:00:00,12.762
2023-03-08 10:00:00,19.324
2023-03-08 11:00:00,21.717
2023-03-08 12:00:00,21.734
2023-03-08 13:00:00,7.607
2023-03-08 14:00:00,5.748
2023-03-08 15:00:00,4.1579999999999995
2023-03-08 16:00:00,4.349
2023-03-08 17:00:00,2.0540000000000003
2023-03-08 18:00:00,0.125
2023-03-08 19:00:00,0.0
2023-03-08 20:00:00,0.0
2023-03-08 21:00:00,0.0
2023-03-08 22:00:00,0.0
2023-03-08 23:00:00,0.0
2023-03-09 00:00:00,0.0
2023-03-09 01:00:00,0.0
2023-03-09 02:00:00,0.0
2023-03-09 03:00:00,0.0
2023-03-09 04:00:00,0.0
2023-03-09 05:00:00,0.0
2023-03-09 06:00:00,0.03
2023-03-09 07:00:00,2.209
2023-03-09 08:00:00,7.5920000000000005
2023-03-09 09:00:00,13.865
2023-03-09 10:00:00,19.238
2023-03-09 11:00:00,21.576
2023-03-09 12:00:00,21.279
2023-03-09 13:00:00,18.65
2023-03-09 14:00:00,15.037
2023-03-09 15:00:00,12.289
2023-03-09 16:00:00,6.369000000000001
2023-03-09 17:00:00,1.975
2023-03-09 18:00:00,0.11299999999999999
2023-03-09 19:00:00,0.0
2023-03-09 20:00:00,0.0
2023-03-09 21:00:00,0.0
2023-03-09 22:00:00,0.0
2023-03-09 23:00:00,0.0
2023-03-10 00:00:00,0.0
2023-03-10 01:00:00,0.0
2023-03-10 02:00:00,0.0
2023-03-10 03:00:00,0.0
2023-03-10 04:00:00,0.0
2023-03-10 05:00:00,0.0
2023-03-10 06:00:00,0.04
2023-03-10 07:00:00,2.4589999999999996
2023-03-10 08:00:00,8.359
2023-03-10 09:00:00,15.384
2023-03-10 10:00:00,21.16
2023-03-10 11:00:00,23.472
2023-03-10 12:00:00,21.915
2023-03-10 13:00:00,19.107
2023-03-10 14:00:00,16.663
2023-03-10 15:00:00,13.086
2023-03-10 16:00:00,7.838
2023-03-10 17:00:00,2.525
2023-03-10 18:00:00,0.165
2023-03-10 19:00:00,0.0
2023-03-10 20:00:00,0.0
2023-03-10 21:00:00,0.0
2023-03-10 22:00:00,0.0
2023-03-10 23:00:00,0.0
2023-03-11 00:00:00,0.0
2023-03-11 01:00:00,0.0
2023-03-11 02:00:00,0.0
2023-03-11 03:00:00,0.0
2023-03-11 04:00:00,0.0
2023-03-11 05:00:00,0.0
2023-03-11 06:00:00,0.033
2023-03-11 07:00:00,1.229
2023-03-11 08:00:00,7.417999999999999
2023-03-11 09:00:00,13.513
2023-03-11 10:00:00,12.685
2023-03-11 11:00:00,18.585
2023-03-11 12:00:00,21.02
2023-03-11 13:00:00,19.112000000000002
2023-03-11 14:00:00,16.216
2023-03-11 15:00:00,12.087
2023-03-11 16:00:00,7.159
2023-03-11 17:00:00,2.672
2023-03-11 18:00:00,0.186
2023-03-11 19:00:00,0.0
2023-03-11 20:00:00,0.0
2023-03-11 21:00:00,0.0
2023-03-11 22:00:00,0.0
2023-03-11 23:00:00,0.0
2023-03-12 00:00:00,0.0
2023-03-12 01:00:00,0.0
2023-03-12 02:00:00,0.0
2023-03-12 03:00:00,0.0
2023-03-12 04:00:00,0.0
2023-03-12 05:00:00,0.0
2023-03-12 06:00:00,0.053
2023-03-12 07:00:00,2.464
2023-03-12 08:00:00,7.725
2023-03-12 09:00:00,13.679
2023-03-12 10:00:00,18.572000000000003
2023-03-12 11:00:00,17.952
2023-03-12 12:00:00,17.929000000000002
2023-03-12 13:00:00,13.777000000000001
2023-03-12 14:00:00,12.709
2023-03-12 15:00:00,9.236
2023-03-12 16:00:00,5.276
2023-03-12 17:00:00,2.769
2023-03-12 18:00:00,0.134
2023-03-12 19:00:00,0.0
2023-03-12 20:00:00,0.0
2023-03-12 21:00:00,0.0
2023-03-12 22:00:00,0.0
2023-03-12 23:00:00,0.0
2023-03-13 00:00:00,0.0
2023-03-13 01:00:00,0.0
2023-03-13 02:00:00,0.0
2023-03-13 03:00:00,0.0
2023-03-13 04:00:00,0.0
2023-03-13 05:00:00,0.0
2023-03-13 06:00:00,0.0
2023-03-13 07:00:00,0.052
2023-03-13 08:00:00,0.8140000000000001
2023-03-13 09:00:00,1.0150000000000001
2023-03-13 10:00:00,0.9219999999999999
2023-03-13 11:00:00,1.158
2023-03-13 12:00:00,3.872
2023-03-13 13:00:00,7.032
2023-03-13 14:00:00,12.532
2023-03-13 15:00:00,9.249
2023-03-13 16:00:00,3.7039999999999997
2023-03-13 17:00:00,1.582
2023-03-13 18:00:00,0.035
2023-03-13 19:00:00,0.0
2023-03-13 20:00:00,0.0
2023-03-13 21:00:00,0.0
2023-03-13 22:00:00,0.0
2023-03-13 23:00:00,0.0
2023-03-14 00:00:00,0.0
2023-03-14 01:00:00,0.0
2023-03-14 02:00:00,0.0
2023-03-14 03:00:00,0.0
2023-03-14 04:00:00,0.0
2023-03-14 05:00:00,0.0
2023-03-14 06:00:00,0.0
2023-03-14 07:00:00,0.078
2023-03-14 08:00:00,0.78
2023-03-14 09:00:00,1.026
2023-03-14 10:00:00,1.728
2023-03-14 11:00:00,4.936
2023-03-14 12:00:00,6.582
2023-03-14 13:00:00,12.808
2023-03-14 14:00:00,15.977
2023-03-14 15:00:00,8.168
2023-03-14 16:00:00,4.827
2023-03-14 17:00:00,2.4050000000000002
2023-03-14 18:00:00,0.175
2023-03-14 19:00:00,0.0
2023-03-14 20:00:00,0.0
2023-03-14 21:00:00,0.0
2023-03-14 22:00:00,0.0
2023-03-14 23:00:00,0.0
2023-03-15 00:00:00,0.0
2023-03-15 01:00:00,0.0
2023-03-15 02:00:00,0.0
2023-03-15 03:00:00,0.0
2023-03-15 04:00:00,0.0
2023-03-15 05:00:00,0.0
2023-03-15 06:00:00,0.115
2023-03-15 07:00:00,2.654
2023-03-15 08:00:00,4.816
2023-03-15 09:00:00,6.408
2023-03-15 10:00:00,10.905999999999999
2023-03-15 11:00:00,7.583
2023-03-15 12:00:00,14.239999999999998
2023-03-15 13:00:00,15.329
2023-03-15 14:00:00,16.240000000000002
2023-03-15 15:00:00,11.755
2023-03-15 16:00:00,6.283
2023-03-15 17:00:00,2.209
2023-03-15 18:00:00,0.198
2023-03-15 19:00:00,0.0
2023-03-15 20:00:00,0.0
2023-03-15 21:00:00,0.0
2023-03-15 22:00:00,0.0
2023-03-15 23:00:00,0.0
2023-03-16 00:00:00,0.0
2023-03-16 01:00:00,0.0
2023-03-16 02:00:00,0.0
2023-03-16 03:00:00,0.0
2023-03-16 04:00:00,0.0
2023-03-16 05:00:00,0.0
2023-03-16 06:00:00,0.104
2023-03-16 07:00:00,2.588
2023-03-16 08:00:00,7.837
2023-03-16 09:00:00,13.694
2023-03-16 10:00:00,18.131
2023-03-16 11:00:00,20.484
2023-03-16 12:00:00,20.992
2023-03-16 13:00:00,18.43
2023-03-16 14:00:00,16.178
2023-03-16 15:00:00,12.551
2023-03-16 16:00:00,7.543
2023-03-16 17:00:00,2.624
2023-03-16 18:00:00,0.23199999999999998
2023-03-16 19:00:00,0.0
2023-03-16 20:00:00,0.0
2023-03-16 21:00:00,0.0
2023-03-16 22:00:00,0.0
2023-03-16 23:00:00,0.0
2023-03-17 00:00:00,0.0
2023-03-17 01:00:00,0.0
2023-03-17 02:00:00,0.0
2023-03-17 03:00:00,0.0
2023-03-17 04:00:00,0.0
2023-03-17 05:00:00,0.0
2023-03-17 06:00:00,0.0
2023-03-17 07:00:00,0.0
2023-03-17 08:00:00,0.273
2023-03-17 09:00:00,2.198
2023-03-17 10:00:00,3.543
2023-03-17 11:00:00,6.454
2023-03-17 12:00:00,10.011
2023-03-17 13:00:00,18.689
2023-03-17 14:00:00,16.761000000000003
2023-03-17 15:00:00,12.951
2023-03-17 16:00:00,8.703
2023-03-17 17:00:00,3.1270000000000002
2023-03-17 18:00:00,0.154
2023-03-17 19:00:00,0.0
2023-03-17 20:00:00,0.0
2023-03-17 21:00:00,0.0
2023-03-17 22:00:00,0.0
2023-03-17 23:00:00,0.0
2023-03-18 00:00:00,0.0
2023-03-18 01:00:00,0.0
2023-03-18 02:00:00,0.0
2023-03-18 03:00:00,0.0
2023-03-18 04:00:00,0.0
2023-03-18 05:00:00,0.0
2023-03-18 06:00:00,0.099
2023-03-18 07:00:00,2.741
2023-03-18 08:00:00,7.992000000000001
2023-03-18 09:00:00,14.401
2023-03-18 10:00:00,19.522000000000002
2023-03-18 11:00:00,21.717
2023-03-18 12:00:00,22.115000000000002
2023-03-18 13:00:00,19.351
2023-03-18 14:00:00,15.628
2023-03-18 15:00:00,7.335999999999999
2023-03-18 16:00:00,5.049
2023-03-18 17:00:00,1.114
2023-03-18 18:00:00,0.096
2023-03-18 19:00:00,0.0
2023-03-18 20:00:00,0.0
2023-03-18 21:00:00,0.0
2023-03-18 22:00:00,0.0
2023-03-18 23:00:00,0.0
2023-03-19 00:00:00,0.0
2023-03-19 01:00:00,0.0
2023-03-19 02:00:00,0.0
2023-03-19 03:00:00,0.0
2023-03-19 04:00:00,0.0
2023-03-19 05:00:00,0.0
2023-03-19 06:00:00,0.0
2023-03-19 07:00:00,0.006
2023-03-19 08:00:00,0.34299999999999997
2023-03-19 09:00:00,0.9079999999999999
2023-03-19 10:00:00,2.156
2023-03-19 11:00:00,3.1100000000000003
2023-03-19 12:00:00,2.9290000000000003
2023-03-19 13:00:00,3.282
2023-03-19 14:00:00,2.245
2023-03-19 15:00:00,1.817
2023-03-19 16:00:00,0.862
2023-03-19 17:00:00,0.225
2023-03-19 18:00:00,0.0
2023-03-19 19:00:00,0.0
2023-03-19 20:00:00,0.0
2023-03-19 21:00:00,0.0
2023-03-19 22:00:00,0.0
2023-03-19 23:00:00,0.0
2023-03-20 00:00:00,0.0
2023-03-20 01:00:00,0.0
2023-03-20 02:00:00,0.0
2023-03-20 03:00:00,0.0
2023-03-20 04:00:00,0.0
2023-03-20 05:00:00,0.0
2023-03-20 06:00:00,0.0
2023-03-20 07:00:00,0.14100000000000001
2023-03-20 08:00:00,0.527
2023-03-20 09:00:00,0.876
2023-03-20 10:00:00,1.532
2023-03-20 11:00:00,2.979
2023-03-20 12:00:00,5.46
2023-03-20 13:00:00,6.9399999999999995
2023-03-20 14:00:00,6.7509999999999994
2023-03-20 15:00:00,5.972
2023-03-20 16:00:00,2.592
2023-03-20 17:00:00,0.737
2023-03-20 18:00:00,0.016
2023-03-20 19:00:00,0.0
2023-03-20 20:00:00,0.0
2023-03-20 21:00:00,0.0
2023-03-20 22:00:00,0.0
2023-03-20 23:00:00,0.0
2023-03-21 00:00:00,0.0
2023-03-21 01:00:00,0.0
2023-03-21 02:00:00,0.0
2023-03-21 03:00:00,0.0
2023-03-21 04:00:00,0.0
2023-03-21 05:00:00,0.0
2023-03-21 06:00:00,0.063
2023-03-21 07:00:00,1.0499999999999998
2023-03-21 08:00:00,2.741
2023-03-21 09:00:00,4.696
2023-03-21 10:00:00,2.841
2023-03-21 11:00:00,6.284000000000001
2023-03-21 12:00:00,6.8420000000000005
2023-03-21 13:00:00,10.435
2023-03-21 14:00:00,4.612
2023-03-21 15:00:00,3.9539999999999997
2023-03-21 16:00:00,3.8840000000000003
2023-03-21 17:00:00,1.461
2023-03-21 18:00:00,0.191
2023-03-21 19:00:00,0.0
2023-03-21 20:00:00,0.0
2023-03-21 21:00:00,0.0
2023-03-21 22:00:00,0.0
2023-03-21 23:00:00,0.0
2023-03-22 00:00:00,0.0
2023-03-22 01:00:00,0.0
2023-03-22 02:00:00,0.0
2023-03-22 03:00:00,0.0
2023-03-22 04:00:00,0.0
2023-03-22 05:00:00,0.0
2023-03-22 06:00:00,0.0
2023-03-22 07:00:00,1.169
2023-03-22 08:00:00,3.234
2023-03-22 09:00:00,7.481
2023-03-22 10:00:00,4.264
2023-03-22 11:00:00,8.734
2023-03-22 12:00:00,4.859
2023-03-22 13:00:00,4.907
2023-03-22 14:00:00,4.188
2023-03-22 15:00:00,4.198
2023-03-22 16:00:00,1.908
2023-03-22 17:00:00,0.96
2023-03-22 18:00:00,0.042
2023-03-22 19:00:00,0.0
2023-03-22 20:00:00,0.0
2023-03-22 21:00:00,0.0
2023-03-22 22:00:00,0.0
2023-03-22 23:00:00,0.0
2023-03-23 00:00:00,0.0
2023-03-23 01:00:00,0.0
2023-03-23 02:00:00,0.0
2023-03-23 03:00:00,0.0
2023-03-23 04:00:00,0.0
2023-03-23 05:00:00,0.0
2023-03-23 06:00:00,0.23299999999999998
2023-03-23 07:00:00,2.0140000000000002
2023-03-23 08:00:00,4.294
2023-03-23 09:00:00,8.548
2023-03-23 10:00:00,9.942
2023-03-23 11:00:00,15.371
2023-03-23 12:00:00,17.72
2023-03-23 13:00:00,16.848
2023-03-23 14:00:00,11.661000000000001
2023-03-23 15:00:00,9.694
2023-03-23 16:00:00,5.696
2023-03-23 17:00:00,2.248
2023-03-23 18:00:00,0.16599999999999998
2023-03-23 19:00:00,0.0
2023-03-23 20:00:00,0.0
2023-03-23 21:00:00,0.0
2023-03-23 22:00:00,0.0
2023-03-23 23:00:00,0.0
2023-03-24 00:00:00,0.0
2023-03-24 01:00:00,0.0
2023-03-24 02:00:00,0.0
2023-03-24 03:00:00,0.0
2023-03-24 04:00:00,0.0
2023-03-24 05:00:00,0.0
2023-03-24 06:00:00,0.18
2023-03-24 07:00:00,2.29
2023-03-24 08:00:00,5.005000000000001
2023-03-24 09:00:00,6.6739999999999995
2023-03-24 10:00:00,14.729000000000001
2023-03-24 11:00:00,13.350999999999999
2023-03-24 12:00:00,10.86
2023-03-24 13:00:00,7.804
2023-03-24 14:00:00,5.277
2023-03-24 15:00:00,3.607
2023-03-24 16:00:00,1.4769999999999999
2023-03-24 17:00:00,0.795
2023-03-24 18:00:00,0.0
2023-03-24 19:00:00,0.0
2023-03-24 20:00:00,0.0
2023-03-24 21:00:00,0.0
2023-03-24 22:00:00,0.0
2023-03-24 23:00:00,0.0
2023-03-25 00:00:00,0.0
2023-03-25 01:00:00,0.0
2023-03-25 02:00:00,0.0
2023-03-25 03:00:00,0.0
2023-03-25 04:00:00,0.0
2023-03-25 05:00:00,0.0
2023-03-25 06:00:00,0.036
2023-03-25 07:00:00,0.14
2023-03-25 08:00:00,0.383
2023-03-25 09:00:00,1.525
2023-03-25 10:00:00,0.10600000000000001
2023-03-25 11:00:00,1.222
2023-03-25 12:00:00,1.407
2023-03-25 13:00:00,0.194
2023-03-25 14:00:00,6.039
2023-03-25 15:00:00,2.335
2023-03-25 16:00:00,0.308
2023-03-25 17:00:00,0.0
2023-03-25 18:00:00,0.0
2023-03-25 19:00:00,0.0
2023-03-25 20:00:00,0.0
2023-03-25 21:00:00,0.0
2023-03-25 22:00:00,0.0
2023-03-25 23:00:00,0.0
2023-03-26 00:00:00,0.0
2023-03-26 01:00:00,0.0
2023-03-26 02:00:00,0.0
2023-03-26 03:00:00,0.0
2023-03-26 04:00:00,0.0
2023-03-26 05:00:00,0.0
2023-03-26 06:00:00,0.0
2023-03-26 07:00:00,0.391
2023-03-26 08:00:00,0.802
2023-03-26 09:00:00,2.443
2023-03-26 10:00:00,3.036
2023-03-26 11:00:00,4.5169999999999995
2023-03-26 12:00:00,4.026
2023-03-26 13:00:00,2.319
2023-03-26 14:00:00,1.869
2023-03-26 15:00:00,1.742
2023-03-26 16:00:00,0.095
2023-03-26 17:00:00,0.0
2023-03-26 18:00:00,0.0
2023-03-26 19:00:00,0.0
2023-03-26 20:00:00,0.0
2023-03-26 21:00:00,0.0
2023-03-26 22:00:00,0.0
2023-03-26 23:00:00,0.0
2023-03-27 00:00:00,0.0
2023-03-27 01:00:00,0.0
2023-03-27 02:00:00,0.0
2023-03-27 03:00:00,0.0
2023-03-27 04:00:00,0.0
2023-03-27 05:00:00,0.0
2023-03-27 06:00:00,0.0
2023-03-27 07:00:00,0.028
2023-03-27 08:00:00,0.30300000000000005
2023-03-27 09:00:00,0.9430000000000001
2023-03-27 10:00:00,0.97
2023-03-27 11:00:00,0.961
2023-03-27 12:00:00,1.7389999999999999
2023-03-27 13:00:00,1.167
2023-03-27 14:00:00,1.226
2023-03-27 15:00:00,2.129
2023-03-27 16:00:00,1.251
2023-03-27 17:00:00,0.851
2023-03-27 18:00:00,0.004
2023-03-27 19:00:00,0.0
2023-03-27 20:00:00,0.0
2023-03-27 21:00:00,0.0
2023-03-27 22:00:00,0.0
2023-03-27 23:00:00,0.0
2023-03-28 00:00:00,0.0
2023-03-28 01:00:00,0.0
2023-03-28 02:00:00,0.0
2023-03-28 03:00:00,0.0
2023-03-28 04:00:00,0.0
2023-03-28 05:00:00,0.0
2023-03-28 06:00:00,0.0
2023-03-28 07:00:00,0.099
2023-03-28 08:00:00,0.5489999999999999
2023-03-28 09:00:00,0.8140000000000001
2023-03-28 10:00:00,1.814
2023-03-28 11:00:00,1.868
2023-03-28 12:00:00,3.031
2023-03-28 13:00:00,2.596
2023-03-28 14:00:00,2.787
2023-03-28 15:00:00,1.815
2023-03-28 16:00:00,1.4849999999999999
2023-03-28 17:00:00,0.518
2023-03-28 18:00:00,0.0
2023-03-28 19:00:00,0.0
2023-03-28 20:00:00,0.0
2023-03-28 21:00:00,0.0
2023-03-28 22:00:00,0.0
2023-03-28 23:00:00,0.0
2023-03-29 00:00:00,0.0
2023-03-29 01:00:00,0.0
2023-03-29 02:00:00,0.0
2023-03-29 03:00:00,0.0
2023-03-29 04:00:00,0.0
2023-03-29 05:00:00,0.0
2023-03-29 06:00:00,0.0
2023-03-29 07:00:00,0.1
2023-03-29 08:00:00,0.496
2023-03-29 09:00:00,1.145
2023-03-29 10:00:00,1.949
2023-03-29 11:00:00,3.231
2023-03-29 12:00:00,4.861000000000001
2023-03-29 13:00:00,6.979
2023-03-29 14:00:00,7.266
2023-03-29 15:00:00,5.211
2023-03-29 16:00:00,4.176
2023-03-29 17:00:00,1.942
2023-03-29 18:00:00,0.151
2023-03-29 19:00:00,0.0
2023-03-29 20:00:00,0.0
2023-03-29 21:00:00,0.0
2023-03-29 22:00:00,0.0
2023-03-29 23:00:00,0.0
2023-03-30 00:00:00,0.0
2023-03-30 01:00:00,0.0
2023-03-30 02:00:00,0.0
2023-03-30 03:00:00,0.0
2023-03-30 04:00:00,0.0
2023-03-30 05:00:00,0.0
2023-03-30 06:00:00,0.0
2023-03-30 07:00:00,0.13
2023-03-30 08:00:00,0.68
2023-03-30 09:00:00,1.115
2023-03-30 10:00:00,1.6440000000000001
2023-03-30 11:00:00,2.499
2023-03-30 12:00:00,2.97
2023-03-30 13:00:00,2.186
2023-03-30 14:00:00,2.999
2023-03-30 15:00:00,2.512
2023-03-30 16:00:00,1.5619999999999998
2023-03-30 17:00:00,0.35800000000000004
2023-03-30 18:00:00,0.0
2023-03-30 19:00:00,0.0
2023-03-30 20:00:00,0.0
2023-03-30 21:00:00,0.0
2023-03-30 22:00:00,0.0
2023-03-30 23:00:00,0.0
2023-03-31 00:00:00,0.0
2023-03-31 01:00:00,0.0
2023-03-31 02:00:00,0.0
2023-03-31 03:00:00,0.0
2023-03-31 04:00:00,0.0
2023-03-31 05:00:00,0.0
2023-03-31 06:00:00,0.0
2023-03-31 07:00:00,0.033
2023-03-31 08:00:00,0.189
2023-03-31 09:00:00,0.891
2023-03-31 10:00:00,1.343
2023-03-31 11:00:00,1.4849999999999999
2023-03-31 12:00:00,1.893
2023-03-31 13:00:00,1.899
2023-03-31 14:00:00,1.51
2023-03-31 15:00:00,0.566
2023-03-31 16:00:00,0.165
2023-03-31 17:00:00,0.0
2023-03-31 18:00:00,0.0
2023-03-31 19:00:00,0.0
2023-03-31 20:00:00,0.0
2023-03-31 21:00:00,0.0
2023-03-31 22:00:00,0.0
2023-03-31 23:00:00,0.0
2023-04-01 00:00:00,0.0
2023-04-01 01:00:00,0.0
2023-04-01 02:00:00,0.0
2023-04-01 03:00:00,0.0
2023-04-01 04:00:00,0.0
2023-04-01 05:00:00,0.0
2023-04-01 06:00:00,0.0
2023-04-01 07:00:00,0.02
2023-04-01 08:00:00,0.41200000000000003
2023-04-01 09:00:00,1.0270000000000001
2023-04-01 10:00:00,2.0540000000000003
2023-04-01 11:00:00,2.981
2023-04-01 12:00:00,5.431
2023-04-01 13:00:00,9.933
2023-04-01 14:00:00,5.6339999999999995
2023-04-01 15:00:00,3.044
2023-04-01 16:00:00,1.536
2023-04-01 17:00:00,0.321
2023-04-01 18:00:00,0.0
2023-04-01 19:00:00,0.0
2023-04-01 20:00:00,0.0
2023-04-01 21:00:00,0.0
2023-04-01 22:00:00,0.0
2023-04-01 23:00:00,0.0
2023-04-02 00:00:00,0.0
2023-04-02 01:00:00,0.0
2023-04-02 02:00:00,0.0
2023-04-02 03:00:00,0.0
2023-04-02 04:00:00,0.0
2023-04-02 05:00:00,0.0
2023-04-02 06:00:00,0.0
2023-04-02 07:00:00,0.0
2023-04-02 08:00:00,0.5700000000000001
2023-04-02 09:00:00,2.103
2023-04-02 10:00:00,1.824
2023-04-02 11:00:00,2.3449999999999998
2023-04-02 12:00:00,1.9969999999999999
2023-04-02 13:00:00,1.931
2023-04-02 14:00:00,1.642
2023-04-02 15:00:00,1.151
2023-04-02 16:00:00,0.578
2023-04-02 17:00:00,0.1
2023-04-02 18:00:00,0.0
2023-04-02 19:00:00,0.0
2023-04-02 20:00:00,0.0
2023-04-02 21:00:00,0.0
2023-04-02 22:00:00,0.0
2023-04-02 23:00:00,0.0
2023-04-03 00:00:00,0.0
2023-04-03 01:00:00,0.0
2023-04-03 02:00:00,0.0
2023-04-03 03:00:00,0.0
2023-04-03 04:00:00,0.0
2023-04-03 05:00:00,0.0
2023-04-03 06:00:00,0.0
2023-04-03 07:00:00,0.0
2023-04-03 08:00:00,0.124
2023-04-03 09:00:00,0.513
2023-04-03 10:00:00,1.31
2023-04-03 11:00:00,2.1270000000000002
2023-04-03 12:00:00,1.534
2023-04-03 13:00:00,1.146
2023-04-03 14:00:00,1.459
2023-04-03 15:00:00,0.937
2023-04-03 16:00:00,0.597
2023-04-03 17:00:00,0.118
2023-04-03 18:00:00,0.0
2023-04-03 19:00:00,0.0
2023-04-03 20:00:00,0.0
2023-04-03 21:00:00,0.0
2023-04-03 22:00:00,0.0
2023-04-03 23:00:00,0.0
2023-04-04 00:00:00,0.0
2023-04-04 01:00:00,0.0
2023-04-04 02:00:00,0.0
2023-04-04 03:00:00,0.0
2023-04-04 04:00:00,0.0
2023-04-04 05:00:00,0.0
2023-04-04 06:00:00,0.0
2023-04-04 07:00:00,0.02
2023-04-04 08:00:00,0.42300000000000004
2023-04-04 09:00:00,1.789
2023-04-04 10:00:00,8.132
2023-04-04 11:00:00,15.934000000000001
2023-04-04 12:00:00,6.327
2023-04-04 13:00:00,3.47
2023-04-04 14:00:00,2.406
2023-04-04 15:00:00,2.027
2023-04-04 16:00:00,1.545
2023-04-04 17:00:00,0.564
2023-04-04 18:00:00,0.021
2023-04-04 19:00:00,0.0
2023-04-04 20:00:00,0.0
2023-04-04 21:00:00,0.0
2023-04-04 22:00:00,0.0
2023-04-04 23:00:00,0.0
2023-04-05 00:00:00,0.0
2023-04-05 01:00:00,0.0
2023-04-05 02:00:00,0.0
2023-04-05 03:00:00,0.0
2023-04-05 04:00:00,0.0
2023-04-05 05:00:00,0.0
2023-04-05 06:00:00,0.0
2023-04-05 07:00:00,0.005
2023-04-05 08:00:00,0.5619999999999999
2023-04-05 09:00:00,0.528
2023-04-05 10:00:00,1.2530000000000001
2023-04-05 11:00:00,1.418
2023-04-05 12:00:00,3.731
2023-04-05 13:00:00,6.224
2023-04-05 14:00:00,6.229
2023-04-05 15:00:00,3.729
2023-04-05 16:00:00,2.184
2023-04-05 17:00:00,1.022
2023-04-05 18:00:00,0.031
2023-04-05 19:00:00,0.0
2023-04-05 20:00:00,0.0
2023-04-05 21:00:00,0.0
2023-04-05 22:00:00,0.0
2023-04-05 23:00:00,0.0
2023-04-06 00:00:00,0.0
2023-04-06 01:00:00,0.0
2023-04-06 02:00:00,0.0
2023-04-06 03:00:00,0.0
2023-04-06 04:00:00,0.0
2023-04-06 05:00:00,0.0
2023-04-06 06:00:00,0.111
2023-04-06 07:00:00,1.207
2023-04-06 08:00:00,3.676
2023-04-06 09:00:00,7.243
2023-04-06 10:00:00,7.432
2023-04-06 11:00:00,8.733
2023-04-06 12:00:00,9.867
2023-04-06 13:00:00,11.55
2023-04-06 14:00:00,11.404
2023-04-06 15:00:00,9.522
2023-04-06 16:00:00,3.365
2023-04-06 17:00:00,0.76
2023-04-06 18:00:00,0.0
2023-04-06 19:00:00,0.0
2023-04-06 20:00:00,0.0
2023-04-06 21:00:00,0.0
2023-04-06 22:00:00,0.0
2023-04-06 23:00:00,0.0
2023-04-07 00:00:00,0.0
2023-04-07 01:00:00,0.0
2023-04-07 02:00:00,0.0
2023-04-07 03:00:00,0.0
2023-04-07 04:00:00,0.0
2023-04-07 05:00:00,0.0
2023-04-07 06:00:00,0.081
2023-04-07 07:00:00,1.9280000000000002
2023-04-07 08:00:00,4.649
2023-04-07 09:00:00,9.728
2023-04-07 10:00:00,10.141000000000002
2023-04-07 11:00:00,17.201
2023-04-07 12:00:00,20.726
2023-04-07 13:00:00,21.019
2023-04-07 14:00:00,13.644
2023-04-07 15:00:00,9.931000000000001
2023-04-07 16:00:00,4.827
2023-04-07 17:00:00,1.617
2023-04-07 18:00:00,0.083
2023-04-07 19:00:00,0.0
2023-04-07 20:00:00,0.0
2023-04-07 21:00:00,0.0
2023-04-07 22:00:00,0.0
2023-04-07 23:00:00,0.0
2023-04-08 00:00:00,0.0
2023-04-08 01:00:00,0.0
2023-04-08 02:00:00,0.0
2023-04-08 03:00:00,0.0
2023-04-08 04:00:00,0.0
2023-04-08 05:00:00,0.0
2023-04-08 06:00:00,0.032
2023-04-08 07:00:00,1.691
2023-04-08 08:00:00,3.699
2023-04-08 09:00:00,2.137
2023-04-08 10:00:00,2.712
2023-04-08 11:00:00,4.382
2023-04-08 12:00:00,4.239
2023-04-08 13:00:00,5.042
2023-04-08 14:00:00,1.357
2023-04-08 15:00:00,2.786
2023-04-08 16:00:00,3.107
2023-04-08 17:00:00,2.1430000000000002
2023-04-08 18:00:00,0.159
2023-04-08 19:00:00,0.0
2023-04-08 20:00:00,0.0
2023-04-08 21:00:00,0.0
2023-04-08 22:00:00,0.0
2023-04-08 23:00:00,0.0
2023-04-09 00:00:00,0.0
2023-04-09 01:00:00,0.0
2023-04-09 02:00:00,0.0
2023-04-09 03:00:00,0.0
2023-04-09 04:00:00,0.0
2023-04-09 05:00:00,0.0
2023-04-09 06:00:00,0.012
2023-04-09 07:00:00,1.244
2023-04-09 08:00:00,1.51
2023-04-09 09:00:00,1.507
2023-04-09 10:00:00,2.641
2023-04-09 11:00:00,4.923
2023-04-09 12:00:00,15.586
2023-04-09 13:00:00,10.082
2023-04-09 14:00:00,12.105
2023-04-09 15:00:00,10.099
2023-04-09 16:00:00,5.093999999999999
2023-04-09 17:00:00,2.9690000000000003
2023-04-09 18:00:00,0.389
2023-04-09 19:00:00,0.0
2023-04-09 20:00:00,0.0
2023-04-09 21:00:00,0.0
2023-04-09 22:00:00,0.0
2023-04-09 23:00:00,0.0
2023-04-10 00:00:00,0.0
2023-04-10 01:00:00,0.0
2023-04-10 02:00:00,0.0
2023-04-10 03:00:00,0.0
2023-04-10 04:00:00,0.0
2023-04-10 05:00:00,0.0
2023-04-10 06:00:00,0.019
2023-04-10 07:00:00,1.1320000000000001
2023-04-10 08:00:00,3.889
2023-04-10 09:00:00,9.24
2023-04-10 10:00:00,9.388
2023-04-10 11:00:00,17.272
2023-04-10 12:00:00,13.928
2023-04-10 13:00:00,7.82
2023-04-10 14:00:00,8.353
2023-04-10 15:00:00,6.914
2023-04-10 16:00:00,1.994
2023-04-10 17:00:00,0.8049999999999999
2023-04-10 18:00:00,0.034
2023-04-10 19:00:00,0.0
2023-04-10 20:00:00,0.0
2023-04-10 21:00:00,0.0
2023-04-10 22:00:00,0.0
2023-04-10 23:00:00,0.0
2023-04-11 00:00:00,0.0
2023-04-11 01:00:00,0.0
2023-04-11 02:00:00,0.0
2023-04-11 03:00:00,0.0
2023-04-11 04:00:00,0.0
2023-04-11 05:00:00,0.0
2023-04-11 06:00:00,0.019
2023-04-11 07:00:00,0.587
2023-04-11 08:00:00,2.706
2023-04-11 09:00:00,8.274000000000001
2023-04-11 10:00:00,12.544
2023-04-11 11:00:00,22.317
2023-04-11 12:00:00,23.162
2023-04-11 13:00:00,21.856
2023-04-11 14:00:00,12.746
2023-04-11 15:00:00,10.567
2023-04-11 16:00:00,6.308999999999999
2023-04-11 17:00:00,2.774
2023-04-11 18:00:00,0.33499999999999996
2023-04-11 19:00:00,0.0
2023-04-11 20:00:00,0.0
2023-04-11 21:00:00,0.0
2023-04-11 22:00:00,0.0
2023-04-11 23:00:00,0.0
2023-04-12 00:00:00,0.0
2023-04-12 01:00:00,0.0
2023-04-12 02:00:00,0.0
2023-04-12 03:00:00,0.0
2023-04-12 04:00:00,0.0
2023-04-12 05:00:00,0.0
2023-04-12 06:00:00,0.558
2023-04-12 07:00:00,4.357
2023-04-12 08:00:00,10.397
2023-04-12 09:00:00,16.462
2023-04-12 10:00:00,21.14
2023-04-12 11:00:00,22.365000000000002
2023-04-12 12:00:00,16.107
2023-04-12 13:00:00,19.907
2023-04-12 14:00:00,18.222
2023-04-12 15:00:00,13.419
2023-04-12 16:00:00,8.305
2023-04-12 17:00:00,3.271
2023-04-12 18:00:00,0.372
2023-04-12 19:00:00,0.0
2023-04-12 20:00:00,0.0
2023-04-12 21:00:00,0.0
2023-04-12 22:00:00,0.0
2023-04-12 23:00:00,0.0
2023-04-13 00:00:00,0.0
2023-04-13 01:00:00,0.0
2023-04-13 02:00:00,0.0
2023-04-13 03:00:00,0.0
2023-04-13 04:00:00,0.0
2023-04-13 05:00:00,0.0
2023-04-13 06:00:00,0.0
2023-04-13 07:00:00,0.51
2023-04-13 08:00:00,2.305
2023-04-13 09:00:00,4.764
2023-04-13 10:00:00,6.793
2023-04-13 11:00:00,16.3
2023-04-13 12:00:00,17.529
2023-04-13 13:00:00,18.889
2023-04-13 14:00:00,17.062
2023-04-13 15:00:00,13.18
2023-04-13 16:00:00,7.924
2023-04-13 17:00:00,2.757
2023-04-13 18:00:00,0.223
2023-04-13 19:00:00,0.0
2023-04-13 20:00:00,0.0
2023-04-13 21:00:00,0.0
2023-04-13 22:00:00,0.0
2023-04-13 23:00:00,0.0
2023-04-14 00:00:00,0.0
2023-04-14 01:00:00,0.0
2023-04-14 02:00:00,0.0
2023-04-14 03:00:00,0.0
2023-04-14 04:00:00,0.0
2023-04-14 05:00:00,0.0
2023-04-14 06:00:00,0.311
2023-04-14 07:00:00,2.289
2023-04-14 08:00:00,5.209
2023-04-14 09:00:00,5.947
2023-04-14 10:00:00,9.999
2023-04-14 11:00:00,18.313000000000002
2023-04-14 12:00:00,17.783
2023-04-14 13:00:00,11.81
2023-04-14 14:00:00,13.478
2023-04-14 15:00:00,11.875
2023-04-14 16:00:00,6.785
2023-04-14 17:00:00,2.73
2023-04-14 18:00:00,0.064
2023-04-14 19:00:00,0.0
2023-04-14 20:00:00,0.0
2023-04-14 21:00:00,0.0
2023-04-14 22:00:00,0.0
2023-04-14 23:00:00,0.0
2023-04-15 00:00:00,0.0
2023-04-15 01:00:00,0.0
2023-04-15 02:00:00,0.0
2023-04-15 03:00:00,0.0
2023-04-15 04:00:00,0.0
2023-04-15 05:00:00,0.0
2023-04-15 06:00:00,0.555
2023-04-15 07:00:00,3.8129999999999997
2023-04-15 08:00:00,10.184999999999999
2023-04-15 09:00:00,17.036
2023-04-15 10:00:00,19.021
2023-04-15 11:00:00,23.869
2023-04-15 12:00:00,22.586
2023-04-15 13:00:00,14.596000000000002
2023-04-15 14:00:00,12.007000000000001
2023-04-15 15:00:00,10.044
2023-04-15 16:00:00,4.797000000000001
2023-04-15 17:00:00,2.505
2023-04-15 18:00:00,0.164
2023-04-15 19:00:00,0.0
2023-04-15 20:00:00,0.0
2023-04-15 21:00:00,0.0
2023-04-15 22:00:00,0.0
2023-04-15 23:00:00,0.0
2023-04-16 00:00:00,0.0
2023-04-16 01:00:00,0.0
2023-04-16 02:00:00,0.0
2023-04-16 03:00:00,0.0
2023-04-16 04:00:00,0.0
2023-04-16 05:00:00,0.0
2023-04-16 06:00:00,0.641
2023-04-16 07:00:00,5.12
2023-04-16 08:00:00,9.068999999999999
2023-04-16 09:00:00,12.187000000000001
2023-04-16 10:00:00,16.189
2023-04-16 11:00:00,18.115000000000002
2023-04-16 12:00:00,18.829
2023-04-16 13:00:00,18.22
2023-04-16 14:00:00,16.103
2023-04-16 15:00:00,12.998
2023-04-16 16:00:00,8.4
2023-04-16 17:00:00,3.232
2023-04-16 18:00:00,0.312
2023-04-16 19:00:00,0.0
2023-04-16 20:00:00,0.0
2023-04-16 21:00:00,0.0
2023-04-16 22:00:00,0.0
2023-04-16 23:00:00,0.0
2023-04-17 00:00:00,0.0
2023-04-17 01:00:00,0.0
2023-04-17 02:00:00,0.0
2023-04-17 03:00:00,0.0
2023-04-17 04:00:00,0.0
2023-04-17 05:00:00,0.0
2023-04-17 06:00:00,0.232
2023-04-17 07:00:00,1.03
2023-04-17 08:00:00,5.225
2023-04-17 09:00:00,11.537
2023-04-17 10:00:00,13.887
2023-04-17 11:00:00,9.594
2023-04-17 12:00:00,10.835
2023-04-17 13:00:00,13.835
2023-04-17 14:00:00,5.7299999999999995
2023-04-17 15:00:00,3.7359999999999998
2023-04-17 16:00:00,1.434
2023-04-17 17:00:00,0.268
2023-04-17 18:00:00,0.0
2023-04-17 19:00:00,0.0
2023-04-17 20:00:00,0.0
2023-04-17 21:00:00,0.0
2023-04-17 22:00:00,0.0
2023-04-17 23:00:00,0.0
2023-04-18 00:00:00,0.0
2023-04-18 01:00:00,0.0
2023-04-18 02:00:00,0.0
2023-04-18 03:00:00,0.0
2023-04-18 04:00:00,0.0
2023-04-18 05:00:00,0.0
2023-04-18 06:00:00,0.244
2023-04-18 07:00:00,0.722
2023-04-18 08:00:00,3.088
2023-04-18 09:00:00,4.111
2023-04-18 10:00:00,11.751
2023-04-18 11:00:00,13.333
2023-04-18 12:00:00,8.313
2023-04-18 13:00:00,8.76
2023-04-18 14:00:00,5.064
2023-04-18 15:00:00,1.873
2023-04-18 16:00:00,0.586
2023-04-18 17:00:00,0.046
2023-04-18 18:00:00,0.0
2023-04-18 19:00:00,0.0
2023-04-18 20:00:00,0.0
2023-04-18 21:00:00,0.0
2023-04-18 22:00:00,0.0
2023-04-18 23:00:00,0.0
2023-04-19 00:00:00,0.0
2023-04-19 01:00:00,0.0
2023-04-19 02:00:00,0.0
2023-04-19 03:00:00,0.0
2023-04-19 04:00:00,0.0
2023-04-19 05:00:00,0.0
2023-04-19 06:00:00,0.126
2023-04-19 07:00:00,1.448
2023-04-19 08:00:00,4.2139999999999995
2023-04-19 09:00:00,4.828
2023-04-19 10:00:00,0.542
2023-04-19 11:00:00,0.038
2023-04-19 12:00:00,3.7409999999999997
2023-04-19 13:00:00,6.468
2023-04-19 14:00:00,14.333
2023-04-19 15:00:00,7.913
2023-04-19 16:00:00,3.7220000000000004
2023-04-19 17:00:00,0.958
2023-04-19 18:00:00,0.358
2023-04-19 19:00:00,0.0
2023-04-19 20:00:00,0.0
2023-04-19 21:00:00,0.0
2023-04-19 22:00:00,0.0
2023-04-19 23:00:00,0.0
2023-04-20 00:00:00,0.0
2023-04-20 01:00:00,0.0
2023-04-20 02:00:00,0.0
2023-04-20 03:00:00,0.0
2023-04-20 04:00:00,0.0
2023-04-20 05:00:00,0.0
2023-04-20 06:00:00,0.001
2023-04-20 07:00:00,0.289
2023-04-20 08:00:00,1.321
2023-04-20 09:00:00,2.27
2023-04-20 10:00:00,2.7560000000000002
2023-04-20 11:00:00,2.31
2023-04-20 12:00:00,2.235
2023-04-20 13:00:00,1.747
2023-04-20 14:00:00,2.394
2023-04-20 15:00:00,1.071
2023-04-20 16:00:00,0.378
2023-04-20 17:00:00,0.046
2023-04-20 18:00:00,0.0
2023-04-20 19:00:00,0.0
2023-04-20 20:00:00,0.0
2023-04-20 21:00:00,0.0
2023-04-20 22:00:00,0.0
2023-04-20 23:00:00,0.0
2023-04-21 00:00:00,0.0
2023-04-21 01:00:00,0.0
2023-04-21 02:00:00,0.0
2023-04-21 03:00:00,0.0
2023-04-21 04:00:00,0.0
2023-04-21 05:00:00,0.0
2023-04-21 06:00:00,0.0
2023-04-21 07:00:00,0.068
2023-04-21 08:00:00,1.258
2023-04-21 09:00:00,1.058
2023-04-21 10:00:00,3.5229999999999997
2023-04-21 11:00:00,3.462
2023-04-21 12:00:00,2.032
2023-04-21 13:00:00,2.365
2023-04-21 14:00:00,2.63
2023-04-21 15:00:00,0.577
2023-04-21 16:00:00,0.174
2023-04-21 17:00:00,0.0
2023-04-21 18:00:00,0.0
2023-04-21 19:00:00,0.0
2023-04-21 20:00:00,0.0
2023-04-21 21:00:00,0.0
2023-04-21 22:00:00,0.0
2023-04-21 23:00:00,0.0
2023-04-22 00:00:00,0.0
2023-04-22 01:00:00,0.0
2023-04-22 02:00:00,0.0
2023-04-22 03:00:00,0.0
2023-04-22 04:00:00,0.0
2023-04-22 05:00:00,0.0
2023-04-22 06:00:00,0.0
2023-04-22 07:00:00,0.032
2023-04-22 08:00:00,0.182
2023-04-22 09:00:00,0.905
2023-04-22 10:00:00,1.232
2023-04-22 11:00:00,1.113
2023-04-22 12:00:00,1.274
2023-04-22 13:00:00,1.1260000000000001
2023-04-22 14:00:00,0.793
2023-04-22 15:00:00,0.43
2023-04-22 16:00:00,0.094
2023-04-22 17:00:00,0.0
2023-04-22 18:00:00,0.0
2023-04-22 19:00:00,0.0
2023-04-22 20:00:00,0.0
2023-04-22 21:00:00,0.0
2023-04-22 22:00:00,0.0
2023-04-22 23:00:00,0.0
2023-04-23 00:00:00,0.0
2023-04-23 01:00:00,0.0
2023-04-23 02:00:00,0.0
2023-04-23 03:00:00,0.0
2023-04-23 04:00:00,0.0
2023-04-23 05:00:00,0.0
2023-04-23 06:00:00,0.0
2023-04-23 07:00:00,0.038
2023-04-23 08:00:00,0.245
2023-04-23 09:00:00,0.46599999999999997
2023-04-23 10:00:00,1.039
2023-04-23 11:00:00,1.829
2023-04-23 12:00:00,2.2350000000000003
2023-04-23 13:00:00,2.33
2023-04-23 14:00:00,2.044
2023-04-23 15:00:00,1.186
2023-04-23 16:00:00,0.721
2023-04-23 17:00:00,0.26
2023-04-23 18:00:00,0.0
2023-04-23 19:00:00,0.0
2023-04-23 20:00:00,0.0
2023-04-23 21:00:00,0.0
2023-04-23 22:00:00,0.0
2023-04-23 23:00:00,0.0
2023-04-24 00:00:00,0.0
2023-04-24 01:00:00,0.0
2023-04-24 02:00:00,0.0
2023-04-24 03:00:00,0.0
2023-04-24 04:00:00,0.0
2023-04-24 05:00:00,0.0
2023-04-24 06:00:00,0.059000000000000004
2023-04-24 07:00:00,0.424
2023-04-24 08:00:00,0.723
2023-04-24 09:00:00,1.291
2023-04-24 10:00:00,2.075
2023-04-24 11:00:00,1.3
2023-04-24 12:00:00,1.3820000000000001
2023-04-24 13:00:00,1.341
2023-04-24 14:00:00,1.467
2023-04-24 15:00:00,1.022
2023-04-24 16:00:00,0.832
2023-04-24 17:00:00,0.003
2023-04-24 18:00:00,0.0
2023-04-24 19:00:00,0.0
2023-04-24 20:00:00,0.0
2023-04-24 21:00:00,0.0
2023-04-24 22:00:00,0.0
2023-04-24 23:00:00,0.0
2023-04-25 00:00:00,0.0
2023-04-25 01:00:00,0.0
2023-04-25 02:00:00,0.0
2023-04-25 03:00:00,0.0
2023-04-25 04:00:00,0.0
2023-04-25 05:00:00,0.0
2023-04-25 06:00:00,0.001
2023-04-25 07:00:00,0.28600000000000003
2023-04-25 08:00:00,0.755
2023-04-25 09:00:00,0.844
2023-04-25 10:00:00,1.2690000000000001
2023-04-25 11:00:00,2.23
2023-04-25 12:00:00,1.366
2023-04-25 13:00:00,1.731
2023-04-25 14:00:00,2.444
2023-04-25 15:00:00,1.525
2023-04-25 16:00:00,1.039
2023-04-25 17:00:00,0.239
2023-04-25 18:00:00,0.0
2023-04-25 19:00:00,0.0
2023-04-25 20:00:00,0.0
2023-04-25 21:00:00,0.0
2023-04-25 22:00:00,0.0
2023-04-25 23:00:00,0.0
2023-04-26 00:00:00,0.0
2023-04-26 01:00:00,0.0
2023-04-26 02:00:00,0.0
2023-04-26 03:00:00,0.0
2023-04-26 04:00:00,0.0
2023-04-26 05:00:00,0.0
2023-04-26 06:00:00,0.483
2023-04-26 07:00:00,2.728
2023-04-26 08:00:00,6.087
2023-04-26 09:00:00,11.945
2023-04-26 10:00:00,12.423
2023-04-26 11:00:00,17.443
2023-04-26 12:00:00,13.896
2023-04-26 13:00:00,10.508000000000001
2023-04-26 14:00:00,6.656
2023-04-26 15:00:00,3.8160000000000003
2023-04-26 16:00:00,2.255
2023-04-26 17:00:00,1.026
2023-04-26 18:00:00,0.087
2023-04-26 19:00:00,0.0
2023-04-26 20:00:00,0.0
2023-04-26 21:00:00,0.0
2023-04-26 22:00:00,0.0
2023-04-26 23:00:00,0.0
2023-04-27 00:00:00,0.0
2023-04-27 01:00:00,0.0
2023-04-27 02:00:00,0.0
2023-04-27 03:00:00,0.0
2023-04-27 04:00:00,0.0
2023-04-27 05:00:00,0.0
2023-04-27 06:00:00,0.0
2023-04-27 07:00:00,0.242
2023-04-27 08:00:00,1.048
2023-04-27 09:00:00,2.281
2023-04-27 10:00:00,4.355
2023-04-27 11:00:00,6.753
2023-04-27 12:00:00,5.474
2023-04-27 13:00:00,4.586
2023-04-27 14:00:00,4.567
2023-04-27 15:00:00,3.154
2023-04-27 16:00:00,1.775
2023-04-27 17:00:00,0.46499999999999997
2023-04-27 18:00:00,0.001
2023-04-27 19:00:00,0.0
2023-04-27 20:00:00,0.0
2023-04-27 21:00:00,0.0
2023-04-27 22:00:00,0.0
2023-04-27 23:00:00,0.0
2023-04-28 00:00:00,0.0
2023-04-28 01:00:00,0.0
2023-04-28 02:00:00,0.0
2023-04-28 03:00:00,0.0
2023-04-28 04:00:00,0.0
2023-04-28 05:00:00,0.0
2023-04-28 06:00:00,0.037000000000000005
2023-04-28 07:00:00,0.449
2023-04-28 08:00:00,1.681
2023-04-28 09:00:00,7.541
2023-04-28 10:00:00,15.364
2023-04-28 11:00:00,17.526
2023-04-28 12:00:00,24.264
2023-04-28 13:00:00,23.121000000000002
2023-04-28 14:00:00,19.14
2023-04-28 15:00:00,14.472999999999999
2023-04-28 16:00:00,9.167
2023-04-28 17:00:00,3.73
2023-04-28 18:00:00,0.598
2023-04-28 19:00:00,0.0
2023-04-28 20:00:00,0.0
2023-04-28 21:00:00,0.0
2023-04-28 22:00:00,0.0
2023-04-28 23:00:00,0.0
2023-04-29 00:00:00,0.0
2023-04-29 01:00:00,0.0
2023-04-29 02:00:00,0.0
2023-04-29 03:00:00,0.0
2023-04-29 04:00:00,0.0
2023-04-29 05:00:00,0.0
2023-04-29 06:00:00,0.309
2023-04-29 07:00:00,1.8599999999999999
2023-04-29 08:00:00,3.763
2023-04-29 09:00:00,13.039
2023-04-29 10:00:00,15.09
2023-04-29 11:00:00,6.1770000000000005
2023-04-29 12:00:00,17.298000000000002
2023-04-29 13:00:00,3.997
2023-04-29 14:00:00,3.2279999999999998
2023-04-29 15:00:00,6.6339999999999995
2023-04-29 16:00:00,2.846
2023-04-29 17:00:00,0.135
2023-04-29 18:00:00,0.0
2023-04-29 19:00:00,0.0
2023-04-29 20:00:00,0.0
2023-04-29 21:00:00,0.0
2023-04-29 22:00:00,0.0
2023-04-29 23:00:00,0.0
2023-04-30 00:00:00,0.0
2023-04-30 01:00:00,0.0
2023-04-30 02:00:00,0.0
2023-04-30 03:00:00,0.0
2023-04-30 04:00:00,0.0
2023-04-30 05:00:00,0.0
2023-04-30 06:00:00,1.2320000000000002
2023-04-30 07:00:00,3.767
2023-04-30 08:00:00,10.241
2023-04-30 09:00:00,16.905
2023-04-30 10:00:00,17.222
2023-04-30 11:00:00,17.241
2023-04-30 12:00:00,13.804
2023-04-30 13:00:00,12.081
2023-04-30 14:00:00,5.541
2023-04-30 15:00:00,6.372
2023-04-30 16:00:00,8.589
2023-04-30 17:00:00,3.343
2023-04-30 18:00:00,0.47100000000000003
2023-04-30 19:00:00,0.0
2023-04-30 20:00:00,0.0
2023-04-30 21:00:00,0.0
2023-04-30 22:00:00,0.0
2023-04-30 23:00:00,0.0
2023-05-01 00:00:00,0.0
2023-05-01 01:00:00,0.0
2023-05-01 02:00:00,0.0
2023-05-01 03:00:00,0.0
2023-05-01 04:00:00,0.0
2023-05-01 05:00:00,0.0
2023-05-01 06:00:00,0.0
2023-05-01 07:00:00,0.194
2023-05-01 08:00:00,3.8209999999999997
2023-05-01 09:00:00,7.483
2023-05-01 10:00:00,15.159
2023-05-01 11:00:00,18.037
2023-05-01 12:00:00,15.621
2023-05-01 13:00:00,12.132
2023-05-01 14:00:00,9.853
2023-05-01 15:00:00,8.249
2023-05-01 16:00:00,6.037
2023-05-01 17:00:00,2.592
2023-05-01 18:00:00,0.337
2023-05-01 19:00:00,0.0
2023-05-01 20:00:00,0.0
2023-05-01 21:00:00,0.0
2023-05-01 22:00:00,0.0
2023-05-01 23:00:00,0.0
2023-05-02 00:00:00,0.0
2023-05-02 01:00:00,0.0
2023-05-02 02:00:00,0.0
2023-05-02 03:00:00,0.0
2023-05-02 04:00:00,0.0
2023-05-02 05:00:00,0.0
2023-05-02 06:00:00,0.357
2023-05-02 07:00:00,1.217
2023-05-02 08:00:00,1.766
2023-05-02 09:00:00,2.863
2023-05-02 10:00:00,5.0489999999999995
2023-05-02 11:00:00,8.132
2023-05-02 12:00:00,10.236
2023-05-02 13:00:00,9.081
2023-05-02 14:00:00,9.26
2023-05-02 15:00:00,6.106
2023-05-02 16:00:00,6.309
2023-05-02 17:00:00,1.549
2023-05-02 18:00:00,0.114
2023-05-02 19:00:00,0.0
2023-05-02 20:00:00,0.0
2023-05-02 21:00:00,0.0
2023-05-02 22:00:00,0.0
2023-05-02 23:00:00,0.0
2023-05-03 00:00:00,0.0
2023-05-03 01:00:00,0.0
2023-05-03 02:00:00,0.0
2023-05-03 03:00:00,0.0
2023-05-03 04:00:00,0.0
2023-05-03 05:00:00,0.0
2023-05-03 06:00:00,0.196
2023-05-03 07:00:00,0.9420000000000001
2023-05-03 08:00:00,1.244
2023-05-03 09:00:00,2.192
2023-05-03 10:00:00,5.373
2023-05-03 11:00:00,7.768
2023-05-03 12:00:00,14.176
2023-05-03 13:00:00,19.052
2023-05-03 14:00:00,19.169
2023-05-03 15:00:00,10.731
2023-05-03 16:00:00,4.704
2023-05-03 17:00:00,2.093
2023-05-03 18:00:00,0.389
2023-05-03 19:00:00,0.0
2023-05-03 20:00:00,0.0
2023-05-03 21:00:00,0.0
2023-05-03 22:00:00,0.0
2023-05-03 23:00:00,0.0
2023-05-04 00:00:00,0.0
2023-05-04 01:00:00,0.0
2023-05-04 02:00:00,0.0
2023-05-04 03:00:00,0.0
2023-05-04 04:00:00,0.0
2023-05-04 05:00:00,0.0
2023-05-04 06:00:00,0.20900000000000002
2023-05-04 07:00:00,1.124
2023-05-04 08:00:00,2.565
2023-05-04 09:00:00,4.031000000000001
2023-05-04 10:00:00,7.798
2023-05-04 11:00:00,23.832
2023-05-04 12:00:00,24.134
2023-05-04 13:00:00,20.436
2023-05-04 14:00:00,12.41
2023-05-04 15:00:00,6.524
2023-05-04 16:00:00,4.017
2023-05-04 17:00:00,1.396
2023-05-04 18:00:00,0.315
2023-05-04 19:00:00,0.0
2023-05-04 20:00:00,0.0
2023-05-04 21:00:00,0.0
2023-05-04 22:00:00,0.0
2023-05-04 23:00:00,0.0
2023-05-05 00:00:00,0.0
2023-05-05 01:00:00,0.0
2023-05-05 02:00:00,0.0
2023-05-05 03:00:00,0.0
2023-05-05 04:00:00,0.0
2023-05-05 05:00:00,0.0
2023-05-05 06:00:00,1.079
2023-05-05 07:00:00,4.978
2023-05-05 08:00:00,8.189
2023-05-05 09:00:00,13.337
2023-05-05 10:00:00,13.563
2023-05-05 11:00:00,18.153
2023-05-05 12:00:00,18.589
2023-05-05 13:00:00,17.445
2023-05-05 14:00:00,17.575
2023-05-05 15:00:00,11.646
2023-05-05 16:00:00,7.628
2023-05-05 17:00:00,3.093
2023-05-05 18:00:00,0.49
2023-05-05 19:00:00,0.0
2023-05-05 20:00:00,0.0
2023-05-05 21:00:00,0.0
2023-05-05 22:00:00,0.0
2023-05-05 23:00:00,0.0
2023-05-06 00:00:00,0.0
2023-05-06 01:00:00,0.0
2023-05-06 02:00:00,0.0
2023-05-06 03:00:00,0.0
2023-05-06 04:00:00,0.0
2023-05-06 05:00:00,0.0
2023-05-06 06:00:00,0.493
2023-05-06 07:00:00,1.311
2023-05-06 08:00:00,1.6589999999999998
2023-05-06 09:00:00,7.092
2023-05-06 10:00:00,10.901
2023-05-06 11:00:00,11.893
2023-05-06 12:00:00,11.618
2023-05-06 13:00:00,12.856
2023-05-06 14:00:00,15.457
2023-05-06 15:00:00,9.075
2023-05-06 16:00:00,4.481
2023-05-06 17:00:00,1.365
2023-05-06 18:00:00,0.304
2023-05-06 19:00:00,0.0
2023-05-06 20:00:00,0.0
2023-05-06 21:00:00,0.0
2023-05-06 22:00:00,0.0
2023-05-06 23:00:00,0.0
2023-05-07 00:00:00,0.0
2023-05-07 01:00:00,0.0
2023-05-07 02:00:00,0.0
2023-05-07 03:00:00,0.0
2023-05-07 04:00:00,0.0
2023-05-07 05:00:00,0.0
2023-05-07 06:00:00,1.096
2023-05-07 07:00:00,2.836
2023-05-07 08:00:00,6.505
2023-05-07 09:00:00,4.884
2023-05-07 10:00:00,10.687999999999999
2023-05-07 11:00:00,7.904
2023-05-07 12:00:00,6.209
2023-05-07 13:00:00,0.026000000000000002
2023-05-07 14:00:00,0.0
2023-05-07 15:00:00,0.0
2023-05-07 16:00:00,0.0
2023-05-07 17:00:00,0.0
2023-05-07 18:00:00,0.0
2023-05-07 19:00:00,0.0
2023-05-07 20:00:00,0.0
2023-05-07 21:00:00,0.0
2023-05-07 22:00:00,0.0
2023-05-07 23:00:00,0.0
2023-05-08 00:00:00,0.0
2023-05-08 01:00:00,0.0
2023-05-08 02:00:00,0.0
2023-05-08 03:00:00,0.0
2023-05-08 04:00:00,0.0
2023-05-08 05:00:00,0.0
2023-05-08 06:00:00,0.0
2023-05-08 07:00:00,0.0
2023-05-08 08:00:00,0.0
2023-05-08 09:00:00,0.0
2023-05-08 10:00:00,0.0
2023-05-08 11:00:00,0.0
2023-05-08 12:00:00,0.0
2023-05-08 13:00:00,0.0
2023-05-08 14:00:00,0.0
2023-05-08 15:00:00,0.0
2023-05-08 16:00:00,0.0
2023-05-08 17:00:00,0.0
2023-05-08 18:00:00,0.0
2023-05-08 19:00:00,0.0
2023-05-08 20:00:00,0.0
2023-05-08 21:00:00,0.0
2023-05-08 22:00:00,0.0
2023-05-08 23:00:00,0.0
2023-05-09 00:00:00,0.0
2023-05-09 01:00:00,0.0
2023-05-09 02:00:00,0.0
2023-05-09 03:00:00,0.0
2023-05-09 04:00:00,0.0
2023-05-09 05:00:00,0.0
2023-05-09 06:00:00,0.0
2023-05-09 07:00:00,0.0
2023-05-09 08:00:00,0.0
2023-05-09 09:00:00,0.0
2023-05-09 10:00:00,0.0
2023-05-09 11:00:00,0.0
2023-05-09 12:00:00,0.0
2023-05-09 13:00:00,0.0
2023-05-09 14:00:00,0.0
2023-05-09 15:00:00,0.0
2023-05-09 16:00:00,0.0
2023-05-09 17:00:00,0.0
2023-05-09 18:00:00,0.0
2023-05-09 19:00:00,0.0
2023-05-09 20:00:00,0.0
2023-05-09 21:00:00,0.0
2023-05-09 22:00:00,0.0
2023-05-09 23:00:00,0.0
2023-05-10 00:00:00,0.0
2023-05-10 01:00:00,0.0
2023-05-10 02:00:00,0.0
2023-05-10 03:00:00,0.0
2023-05-10 04:00:00,0.0
2023-05-10 05:00:00,0.0
2023-05-10 06:00:00,0.0
2023-05-10 07:00:00,0.0
2023-05-10 08:00:00,0.0
2023-05-10 09:00:00,0.0
2023-05-10 10:00:00,0.0
2023-05-10 11:00:00,0.0
2023-05-10 12:00:00,0.0
2023-05-10 13:00:00,0.0
2023-05-10 14:00:00,0.0
2023-05-10 15:00:00,0.0
2023-05-10 16:00:00,0.0
2023-05-10 17:00:00,0.0
2023-05-10 18:00:00,0.0
2023-05-10 19:00:00,0.0
2023-05-10 20:00:00,0.0
2023-05-10 21:00:00,0.0
2023-05-10 22:00:00,0.0
2023-05-10 23:00:00,0.0
2023-05-11 00:00:00,0.0
2023-05-11 01:00:00,0.0
2023-05-11 02:00:00,0.0
2023-05-11 03:00:00,0.0
2023-05-11 04:00:00,0.0
2023-05-11 05:00:00,0.0
2023-05-11 06:00:00,0.0
2023-05-11 07:00:00,0.0
2023-05-11 08:00:00,0.0
2023-05-11 09:00:00,0.0
2023-05-11 10:00:00,0.0
2023-05-11 11:00:00,0.0
2023-05-11 12:00:00,0.0
2023-05-11 13:00:00,0.0
2023-05-11 14:00:00,0.0
2023-05-11 15:00:00,0.0
2023-05-11 16:00:00,0.0
2023-05-11 17:00:00,0.0
2023-05-11 18:00:00,0.0
2023-05-11 19:00:00,0.0
2023-05-11 20:00:00,0.0
2023-05-11 21:00:00,0.0
2023-05-11 22:00:00,0.0
2023-05-11 23:00:00,0.0
2023-05-12 00:00:00,0.0
2023-05-12 01:00:00,0.0
2023-05-12 02:00:00,0.0
2023-05-12 03:00:00,0.0
2023-05-12 04:00:00,0.0
2023-05-12 05:00:00,0.0
2023-05-12 06:00:00,0.0
2023-05-12 07:00:00,0.0
2023-05-12 08:00:00,0.0
2023-05-12 09:00:00,0.0
2023-05-12 10:00:00,0.0
2023-05-12 11:00:00,0.0
2023-05-12 12:00:00,0.0
2023-05-12 13:00:00,0.0
2023-05-12 14:00:00,0.0
2023-05-12 15:00:00,0.0
2023-05-12 16:00:00,0.0
2023-05-12 17:00:00,0.0
2023-05-12 18:00:00,0.0
2023-05-12 19:00:00,0.0
2023-05-12 20:00:00,0.0
2023-05-12 21:00:00,0.0
2023-05-12 22:00:00,0.0
2023-05-12 23:00:00,0.0
2023-05-13 00:00:00,0.0
2023-05-13 01:00:00,0.0
2023-05-13 02:00:00,0.0
2023-05-13 03:00:00,0.0
2023-05-13 04:00:00,0.0
2023-05-13 05:00:00,0.0
2023-05-13 06:00:00,0.0
2023-05-13 07:00:00,0.0
2023-05-13 08:00:00,0.0
2023-05-13 09:00:00,0.0
2023-05-13 10:00:00,0.0
2023-05-13 11:00:00,0.0
2023-05-13 12:00:00,0.0
2023-05-13 13:00:00,0.0
2023-05-13 14:00:00,0.0
2023-05-13 15:00:00,0.0
2023-05-13 16:00:00,0.0
2023-05-13 17:00:00,0.0
2023-05-13 18:00:00,0.0
2023-05-13 19:00:00,0.0
2023-05-13 20:00:00,0.0
2023-05-13 21:00:00,0.0
2023-05-13 22:00:00,0.0
2023-05-13 23:00:00,0.0
2023-05-14 00:00:00,0.0
2023-05-14 01:00:00,0.0
2023-05-14 02:00:00,0.0
2023-05-14 03:00:00,0.0
2023-05-14 04:00:00,0.0
2023-05-14 05:00:00,0.0
2023-05-14 06:00:00,0.0
2023-05-14 07:00:00,0.0
2023-05-14 08:00:00,0.0
2023-05-14 09:00:00,0.0
2023-05-14 10:00:00,0.0
2023-05-14 11:00:00,0.0
2023-05-14 12:00:00,0.0
2023-05-14 13:00:00,0.0
2023-05-14 14:00:00,0.0
2023-05-14 15:00:00,0.0
2023-05-14 16:00:00,0.0
2023-05-14 17:00:00,0.0
2023-05-14 18:00:00,0.0
2023-05-14 19:00:00,0.0
2023-05-14 20:00:00,0.0
2023-05-14 21:00:00,0.0
2023-05-14 22:00:00,0.0
2023-05-14 23:00:00,0.0
2023-05-15 00:00:00,0.0
2023-05-15 01:00:00,0.0
2023-05-15 02:00:00,0.0
2023-05-15 03:00:00,0.0
2023-05-15 04:00:00,0.0
2023-05-15 05:00:00,0.0
2023-05-15 06:00:00,0.0
2023-05-15 07:00:00,0.0
2023-05-15 08:00:00,0.0
2023-05-15 09:00:00,0.0
2023-05-15 10:00:00,0.0
2023-05-15 11:00:00,0.0
2023-05-15 12:00:00,0.0
2023-05-15 13:00:00,0.0
2023-05-15 14:00:00,0.0
2023-05-15 15:00:00,0.0
2023-05-15 16:00:00,0.0
2023-05-15 17:00:00,0.0
2023-05-15 18:00:00,0.0
2023-05-15 19:00:00,0.0
2023-05-15 20:00:00,0.0
2023-05-15 21:00:00,0.0
2023-05-15 22:00:00,0.0
2023-05-15 23:00:00,0.0
2023-05-16 00:00:00,0.0
2023-05-16 01:00:00,0.0
2023-05-16 02:00:00,0.0
2023-05-16 03:00:00,0.0
2023-05-16 04:00:00,0.0
2023-05-16 05:00:00,0.0
2023-05-16 06:00:00,0.0
2023-05-16 07:00:00,0.0
2023-05-16 08:00:00,0.0
2023-05-16 09:00:00,0.0
2023-05-16 10:00:00,0.0
2023-05-16 11:00:00,0.0
2023-05-16 12:00:00,0.0
2023-05-16 13:00:00,0.0
2023-05-16 14:00:00,0.44
2023-05-16 15:00:00,1.9040000000000001
2023-05-16 16:00:00,1.148
2023-05-16 17:00:00,0.625
2023-05-16 18:00:00,0.0
2023-05-16 19:00:00,0.0
2023-05-16 20:00:00,0.0
2023-05-16 21:00:00,0.0
2023-05-16 22:00:00,0.0
2023-05-16 23:00:00,0.0
2023-05-17 00:00:00,0.0
2023-05-17 01:00:00,0.0
2023-05-17 02:00:00,0.0
2023-05-17 03:00:00,0.0
2023-05-17 04:00:00,0.0
2023-05-17 05:00:00,0.001
2023-05-17 06:00:00,0.759
2023-05-17 07:00:00,1.791
2023-05-17 08:00:00,2.5300000000000002
2023-05-17 09:00:00,1.607
2023-05-17 10:00:00,1.899
2023-05-17 11:00:00,2.148
2023-05-17 12:00:00,1.635
2023-05-17 13:00:00,6.716
2023-05-17 14:00:00,3.527
2023-05-17 15:00:00,4.508
2023-05-17 16:00:00,4.4239999999999995
2023-05-17 17:00:00,2.214
2023-05-17 18:00:00,0.268
2023-05-17 19:00:00,0.0
2023-05-17 20:00:00,0.0
2023-05-17 21:00:00,0.0
2023-05-17 22:00:00,0.0
2023-05-17 23:00:00,0.0
2023-05-18 00:00:00,0.0
2023-05-18 01:00:00,0.0
2023-05-18 02:00:00,0.0
2023-05-18 03:00:00,0.0
2023-05-18 04:00:00,0.0
2023-05-18 05:00:00,0.0
2023-05-18 06:00:00,0.8880000000000001
2023-05-18 07:00:00,3.926
2023-05-18 08:00:00,7.945
2023-05-18 09:00:00,13.099
2023-05-18 10:00:00,15.29
2023-05-18 11:00:00,12.823
2023-05-18 12:00:00,14.152000000000001
2023-05-18 13:00:00,12.253
2023-05-18 14:00:00,13.229
2023-05-18 15:00:00,12.33
2023-05-18 16:00:00,8.813
2023-05-18 17:00:00,3.874
2023-05-18 18:00:00,0.535
2023-05-18 19:00:00,0.0
2023-05-18 20:00:00,0.0
2023-05-18 21:00:00,0.0
2023-05-18 22:00:00,0.0
2023-05-18 23:00:00,0.0
2023-05-19 00:00:00,0.0
2023-05-19 01:00:00,0.0
2023-05-19 02:00:00,0.0
2023-05-19 03:00:00,0.0
2023-05-19 04:00:00,0.0
2023-05-19 05:00:00,0.0
2023-05-19 06:00:00,0.9139999999999999
2023-05-19 07:00:00,2.877
2023-05-19 08:00:00,3.815
2023-05-19 09:00:00,10.798
2023-05-19 10:00:00,13.241999999999999
2023-05-19 11:00:00,12.706
2023-05-19 12:00:00,10.578
2023-05-19 13:00:00,10.377
2023-05-19 14:00:00,7.623
2023-05-19 15:00:00,6.1
2023-05-19 16:00:00,5.789
2023-05-19 17:00:00,2.79
2023-05-19 18:00:00,0.445
2023-05-19 19:00:00,0.0
2023-05-19 20:00:00,0.0
2023-05-19 21:00:00,0.0
2023-05-19 22:00:00,0.0
2023-05-19 23:00:00,0.0
2023-05-20 00:00:00,0.0
2023-05-20 01:00:00,0.0
2023-05-20 02:00:00,0.0
2023-05-20 03:00:00,0.0
2023-05-20 04:00:00,0.0
2023-05-20 05:00:00,0.0
2023-05-20 06:00:00,0.7649999999999999
2023-05-20 07:00:00,4.651
2023-05-20 08:00:00,3.289
2023-05-20 09:00:00,4.879
2023-05-20 10:00:00,4.455
2023-05-20 11:00:00,10.276
2023-05-20 12:00:00,7.426
2023-05-20 13:00:00,7.058000000000001
2023-05-20 14:00:00,10.445
2023-05-20 15:00:00,10.013
2023-05-20 16:00:00,5.812
2023-05-20 17:00:00,2.123
2023-05-20 18:00:00,0.343
2023-05-20 19:00:00,0.0
2023-05-20 20:00:00,0.0
2023-05-20 21:00:00,0.0
2023-05-20 22:00:00,0.0
2023-05-20 23:00:00,0.0
2023-05-21 00:00:00,0.0
2023-05-21 01:00:00,0.0
2023-05-21 02:00:00,0.0
2023-05-21 03:00:00,0.0
2023-05-21 04:00:00,0.0
2023-05-21 05:00:00,0.0
2023-05-21 06:00:00,1.034
2023-05-21 07:00:00,4.6530000000000005
2023-05-21 08:00:00,9.294
2023-05-21 09:00:00,8.743
2023-05-21 10:00:00,11.723
2023-05-21 11:00:00,9.81
2023-05-21 12:00:00,11.269
2023-05-21 13:00:00,15.96
2023-05-21 14:00:00,14.387
2023-05-21 15:00:00,8.607
2023-05-21 16:00:00,5.645
2023-05-21 17:00:00,1.877
2023-05-21 18:00:00,0.343
2023-05-21 19:00:00,0.0
2023-05-21 20:00:00,0.0
2023-05-21 21:00:00,0.0
2023-05-21 22:00:00,0.0
2023-05-21 23:00:00,0.0
2023-05-22 00:00:00,0.0
2023-05-22 01:00:00,0.0
2023-05-22 02:00:00,0.0
2023-05-22 03:00:00,0.0
2023-05-22 04:00:00,0.0
2023-05-22 05:00:00,0.0
2023-05-22 06:00:00,0.653
2023-05-22 07:00:00,4.139
2023-05-22 08:00:00,6.1979999999999995
2023-05-22 09:00:00,11.813
2023-05-22 10:00:00,14.744
2023-05-22 11:00:00,17.096
2023-05-22 12:00:00,13.843
2023-05-22 13:00:00,10.768
2023-05-22 14:00:00,10.729
2023-05-22 15:00:00,8.041
2023-05-22 16:00:00,4.711
2023-05-22 17:00:00,2.614
2023-05-22 18:00:00,0.541
2023-05-22 19:00:00,0.0
2023-05-22 20:00:00,0.0
2023-05-22 21:00:00,0.0
2023-05-22 22:00:00,0.0
2023-05-22 23:00:00,0.0
2023-05-23 00:00:00,0.0
2023-05-23 01:00:00,0.0
2023-05-23 02:00:00,0.0
2023-05-23 03:00:00,0.0
2023-05-23 04:00:00,0.0
2023-05-23 05:00:00,0.0
2023-05-23 06:00:00,0.0
2023-05-23 07:00:00,0.035
2023-05-23 08:00:00,0.377
2023-05-23 09:00:00,2.004
2023-05-23 10:00:00,6.708
2023-05-23 11:00:00,7.712
2023-05-23 12:00:00,2.8369999999999997
2023-05-23 13:00:00,0.839
2023-05-23 14:00:00,0.851
2023-05-23 15:00:00,0.263
2023-05-23 16:00:00,0.205
2023-05-23 17:00:00,0.002
2023-05-23 18:00:00,0.0
2023-05-23 19:00:00,0.0
2023-05-23 20:00:00,0.0
2023-05-23 21:00:00,0.0
2023-05-23 22:00:00,0.0
2023-05-23 23:00:00,0.0
2023-05-24 00:00:00,0.0
2023-05-24 01:00:00,0.0
2023-05-24 02:00:00,0.0
2023-05-24 03:00:00,0.0
2023-05-24 04:00:00,0.0
2023-05-24 05:00:00,0.0
2023-05-24 06:00:00,0.0
2023-05-24 07:00:00,0.16599999999999998
2023-05-24 08:00:00,0.302
2023-05-24 09:00:00,1.304
2023-05-24 10:00:00,3.493
2023-05-24 11:00:00,5.732
2023-05-24 12:00:00,6.1850000000000005
2023-05-24 13:00:00,5.656000000000001
2023-05-24 14:00:00,4.468
2023-05-24 15:00:00,1.494
2023-05-24 16:00:00,1.11
2023-05-24 17:00:00,0.17400000000000002
2023-05-24 18:00:00,0.0
2023-05-24 19:00:00,0.0
2023-05-24 20:00:00,0.0
2023-05-24 21:00:00,0.0
2023-05-24 22:00:00,0.0
2023-05-24 23:00:00,0.0
2023-05-25 00:00:00,0.0
2023-05-25 01:00:00,0.0
2023-05-25 02:00:00,0.0
2023-05-25 03:00:00,0.0
2023-05-25 04:00:00,0.0
2023-05-25 05:00:00,0.0
2023-05-25 06:00:00,0.07600000000000001
2023-05-25 07:00:00,0.498
2023-05-25 08:00:00,0.634
2023-05-25 09:00:00,0.919
2023-05-25 10:00:00,1.528
2023-05-25 11:00:00,2.31
2023-05-25 12:00:00,2.273
2023-05-25 13:00:00,1.895
2023-05-25 14:00:00,1.755
2023-05-25 15:00:00,1.601
2023-05-25 16:00:00,1.189
2023-05-25 17:00:00,0.415
2023-05-25 18:00:00,0.019
2023-05-25 19:00:00,0.0
2023-05-25 20:00:00,0.0
2023-05-25 21:00:00,0.0
2023-05-25 22:00:00,0.0
2023-05-25 23:00:00,0.0
2023-05-26 00:00:00,0.0
2023-05-26 01:00:00,0.0
2023-05-26 02:00:00,0.0
2023-05-26 03:00:00,0.0
2023-05-26 04:00:00,0.0
2023-05-26 05:00:00,0.0
2023-05-26 06:00:00,0.063
2023-05-26 07:00:00,0.38
2023-05-26 08:00:00,0.812
2023-05-26 09:00:00,2.125
2023-05-26 10:00:00,4.081
2023-05-26 11:00:00,4.891
2023-05-26 12:00:00,5.031000000000001
2023-05-26 13:00:00,4.977
2023-05-26 14:00:00,4.598
2023-05-26 15:00:00,4.5600000000000005
2023-05-26 16:00:00,4.027
2023-05-26 17:00:00,2.185
2023-05-26 18:00:00,0.175
2023-05-26 19:00:00,0.0
2023-05-26 20:00:00,0.0
2023-05-26 21:00:00,0.0
2023-05-26 22:00:00,0.0
2023-05-26 23:00:00,0.0
2023-05-27 00:00:00,0.0
2023-05-27 01:00:00,0.0
2023-05-27 02:00:00,0.0
2023-05-27 03:00:00,0.0
2023-05-27 04:00:00,0.0
2023-05-27 05:00:00,0.0
2023-05-27 06:00:00,0.758
2023-05-27 07:00:00,3.33
2023-05-27 08:00:00,5.366
2023-05-27 09:00:00,8.860000000000001
2023-05-27 10:00:00,10.69
2023-05-27 11:00:00,22.118000000000002
2023-05-27 12:00:00,26.316000000000003
2023-05-27 13:00:00,22.114
2023-05-27 14:00:00,20.408
2023-05-27 15:00:00,17.537
2023-05-27 16:00:00,10.969000000000001
2023-05-27 17:00:00,4.942
2023-05-27 18:00:00,0.45199999999999996
2023-05-27 19:00:00,0.0
2023-05-27 20:00:00,0.0
2023-05-27 21:00:00,0.0
2023-05-27 22:00:00,0.0
2023-05-27 23:00:00,0.0
2023-05-28 00:00:00,0.0
2023-05-28 01:00:00,0.0
2023-05-28 02:00:00,0.0
2023-05-28 03:00:00,0.0
2023-05-28 04:00:00,0.0
2023-05-28 05:00:00,0.0
2023-05-28 06:00:00,2.976
2023-05-28 07:00:00,7.318
2023-05-28 08:00:00,10.249
2023-05-28 09:00:00,9.224
2023-05-28 10:00:00,12.987
2023-05-28 11:00:00,21.559
2023-05-28 12:00:00,25.429000000000002
2023-05-28 13:00:00,25.112000000000002
2023-05-28 14:00:00,22.1
2023-05-28 15:00:00,15.802
2023-05-28 16:00:00,11.038
2023-05-28 17:00:00,5.0249999999999995
2023-05-28 18:00:00,0.988
2023-05-28 19:00:00,0.0
2023-05-28 20:00:00,0.0
2023-05-28 21:00:00,0.0
2023-05-28 22:00:00,0.0
2023-05-28 23:00:00,0.0
2023-05-29 00:00:00,0.0
2023-05-29 01:00:00,0.0
2023-05-29 02:00:00,0.0
2023-05-29 03:00:00,0.0
2023-05-29 04:00:00,0.0
2023-05-29 05:00:00,0.001
2023-05-29 06:00:00,1.528
2023-05-29 07:00:00,6.804
2023-05-29 08:00:00,15.178
2023-05-29 09:00:00,15.08
2023-05-29 10:00:00,22.791
2023-05-29 11:00:00,26.782
2023-05-29 12:00:00,25.245
2023-05-29 13:00:00,24.399
2023-05-29 14:00:00,19.579
2023-05-29 15:00:00,16.607
2023-05-29 16:00:00,11.326
2023-05-29 17:00:00,5.205
2023-05-29 18:00:00,1.012
2023-05-29 19:00:00,0.0
2023-05-29 20:00:00,0.0
2023-05-29 21:00:00,0.0
2023-05-29 22:00:00,0.0
2023-05-29 23:00:00,0.0
2023-05-30 00:00:00,0.0
2023-05-30 01:00:00,0.0
2023-05-30 02:00:00,0.0
2023-05-30 03:00:00,0.0
2023-05-30 04:00:00,0.0
2023-05-30 05:00:00,0.016
2023-05-30 06:00:00,1.7469999999999999
2023-05-30 07:00:00,6.389
2023-05-30 08:00:00,12.884
2023-05-30 09:00:00,18.71
2023-05-30 10:00:00,23.362000000000002
2023-05-30 11:00:00,25.324
2023-05-30 12:00:00,25.198
2023-05-30 13:00:00,23.51
2023-05-30 14:00:00,18.85
2023-05-30 15:00:00,12.473
2023-05-30 16:00:00,9.752
2023-05-30 17:00:00,4.665
2023-05-30 18:00:00,0.956
2023-05-30 19:00:00,0.0
2023-05-30 20:00:00,0.0
2023-05-30 21:00:00,0.0
2023-05-30 22:00:00,0.0
2023-05-30 23:00:00,0.0
2023-05-31 00:00:00,0.0
2023-05-31 01:00:00,0.0
2023-05-31 02:00:00,0.0
2023-05-31 03:00:00,0.0
2023-05-31 04:00:00,0.0
2023-05-31 05:00:00,0.007
2023-05-31 06:00:00,0.966
2023-05-31 07:00:00,4.296
2023-05-31 08:00:00,12.608
2023-05-31 09:00:00,16.533
2023-05-31 10:00:00,20.045
2023-05-31 11:00:00,19.686
2023-05-31 12:00:00,24.858
2023-05-31 13:00:00,23.449
2023-05-31 14:00:00,3.8640000000000003
2023-05-31 15:00:00,1.7469999999999999
2023-05-31 16:00:00,2.119
2023-05-31 17:00:00,2.379
2023-05-31 18:00:00,1.132
2023-05-31 19:00:00,0.0
2023-05-31 20:00:00,0.0
2023-05-31 21:00:00,0.0
2023-05-31 22:00:00,0.0
2023-05-31 23:00:00,0.0
2023-06-01 00:00:00,0.0
2023-06-01 01:00:00,0.0
2023-06-01 02:00:00,0.0
2023-06-01 03:00:00,0.0
2023-06-01 04:00:00,0.0
2023-06-01 05:00:00,0.0
2023-06-01 06:00:00,0.0
2023-06-01 07:00:00,0.009
2023-06-01 08:00:00,0.411
2023-06-01 09:00:00,3.164
2023-06-01 10:00:00,11.861
2023-06-01 11:00:00,17.951
2023-06-01 12:00:00,23.135
2023-06-01 13:00:00,18.257
2023-06-01 14:00:00,20.247
2023-06-01 15:00:00,17.071
2023-06-01 16:00:00,9.705
2023-06-01 17:00:00,4.458
2023-06-01 18:00:00,0.884
2023-06-01 19:00:00,0.0
2023-06-01 20:00:00,0.0
2023-06-01 21:00:00,0.0
2023-06-01 22:00:00,0.0
2023-06-01 23:00:00,0.0
2023-06-02 00:00:00,0.0
2023-06-02 01:00:00,0.0
2023-06-02 02:00:00,0.0
2023-06-02 03:00:00,0.0
2023-06-02 04:00:00,0.0
2023-06-02 05:00:00,0.026
2023-06-02 06:00:00,1.717
2023-06-02 07:00:00,6.319
2023-06-02 08:00:00,12.803
2023-06-02 09:00:00,18.694000000000003
2023-06-02 10:00:00,23.088
2023-06-02 11:00:00,25.36
2023-06-02 12:00:00,22.157
2023-06-02 13:00:00,21.998
2023-06-02 14:00:00,14.746
2023-06-02 15:00:00,16.787
2023-06-02 16:00:00,9.603
2023-06-02 17:00:00,2.793
2023-06-02 18:00:00,0.752
2023-06-02 19:00:00,0.0
2023-06-02 20:00:00,0.0
2023-06-02 21:00:00,0.0
2023-06-02 22:00:00,0.0
2023-06-02 23:00:00,0.0
2023-06-03 00:00:00,0.0
2023-06-03 01:00:00,0.0
2023-06-03 02:00:00,0.0
2023-06-03 03:00:00,0.0
2023-06-03 04:00:00,0.0
2023-06-03 05:00:00,0.031
2023-06-03 06:00:00,1.623
2023-06-03 07:00:00,6.197
2023-06-03 08:00:00,13.118
2023-06-03 09:00:00,19.153
2023-06-03 10:00:00,23.991
2023-06-03 11:00:00,25.804
2023-06-03 12:00:00,25.468
2023-06-03 13:00:00,24.163
2023-06-03 14:00:00,20.173000000000002
2023-06-03 15:00:00,10.383
2023-06-03 16:00:00,8.86
2023-06-03 17:00:00,4.367
2023-06-03 18:00:00,0.322
2023-06-03 19:00:00,0.0
2023-06-03 20:00:00,0.0
2023-06-03 21:00:00,0.0
2023-06-03 22:00:00,0.0
2023-06-03 23:00:00,0.0
2023-06-04 00:00:00,0.0
2023-06-04 01:00:00,0.0
2023-06-04 02:00:00,0.0
2023-06-04 03:00:00,0.0
2023-06-04 04:00:00,0.0
2023-06-04 05:00:00,0.0
2023-06-04 06:00:00,2.241
2023-06-04 07:00:00,5.873
2023-06-04 08:00:00,12.747
2023-06-04 09:00:00,18.369
2023-06-04 10:00:00,23.203000000000003
2023-06-04 11:00:00,23.404
2023-06-04 12:00:00,16.257
2023-06-04 13:00:00,19.631
2023-06-04 14:00:00,17.437
2023-06-04 15:00:00,12.507
2023-06-04 16:00:00,10.147
2023-06-04 17:00:00,3.73
2023-06-04 18:00:00,0.573
2023-06-04 19:00:00,0.0
2023-06-04 20:00:00,0.0
2023-06-04 21:00:00,0.0
2023-06-04 22:00:00,0.0
2023-06-04 23:00:00,0.0
2023-06-05 00:00:00,0.0
2023-06-05 01:00:00,0.0
2023-06-05 02:00:00,0.0
2023-06-05 03:00:00,0.0
2023-06-05 04:00:00,0.0
2023-06-05 05:00:00,0.092
2023-06-05 06:00:00,1.579
2023-06-05 07:00:00,4.98
2023-06-05 08:00:00,14.132
2023-06-05 09:00:00,16.364
2023-06-05 10:00:00,15.222000000000001
2023-06-05 11:00:00,14.622
2023-06-05 12:00:00,8.29
2023-06-05 13:00:00,14.808
2023-06-05 14:00:00,15.300999999999998
2023-06-05 15:00:00,9.261
2023-06-05 16:00:00,4.8469999999999995
2023-06-05 17:00:00,1.251
2023-06-05 18:00:00,0.314
2023-06-05 19:00:00,0.0
2023-06-05 20:00:00,0.0
2023-06-05 21:00:00,0.0
2023-06-05 22:00:00,0.0
2023-06-05 23:00:00,0.0
2023-06-06 00:00:00,0.0
2023-06-06 01:00:00,0.0
2023-06-06 02:00:00,0.0
2023-06-06 03:00:00,0.0
2023-06-06 04:00:00,0.0
2023-06-06 05:00:00,0.022
2023-06-06 06:00:00,0.9790000000000001
2023-06-06 07:00:00,4.775
2023-06-06 08:00:00,10.121
2023-06-06 09:00:00,9.940999999999999
2023-06-06 10:00:00,6.111
2023-06-06 11:00:00,8.796
2023-06-06 12:00:00,6.071
2023-06-06 13:00:00,1.3659999999999999
2023-06-06 14:00:00,2.98
2023-06-06 15:00:00,4.0489999999999995
2023-06-06 16:00:00,0.29100000000000004
2023-06-06 17:00:00,0.486
2023-06-06 18:00:00,0.144
2023-06-06 19:00:00,0.0
2023-06-06 20:00:00,0.0
2023-06-06 21:00:00,0.0
2023-06-06 22:00:00,0.0
2023-06-06 23:00:00,0.0
2023-06-07 00:00:00,0.0
2023-06-07 01:00:00,0.0
2023-06-07 02:00:00,0.0
2023-06-07 03:00:00,0.0
2023-06-07 04:00:00,0.0
2023-06-07 05:00:00,0.0
2023-06-07 06:00:00,0.632
2023-06-07 07:00:00,2.6470000000000002
2023-06-07 08:00:00,5.557
2023-06-07 09:00:00,8.111
2023-06-07 10:00:00,12.235
2023-06-07 11:00:00,17.511
2023-06-07 12:00:00,8.634
2023-06-07 13:00:00,9.653
2023-06-07 14:00:00,4.294
2023-06-07 15:00:00,7.640000000000001
2023-06-07 16:00:00,5.046
2023-06-07 17:00:00,1.092
2023-06-07 18:00:00,0.314
2023-06-07 19:00:00,0.0
2023-06-07 20:00:00,0.0
2023-06-07 21:00:00,0.0
2023-06-07 22:00:00,0.0
2023-06-07 23:00:00,0.0
2023-06-08 00:00:00,0.0
2023-06-08 01:00:00,0.0
2023-06-08 02:00:00,0.0
2023-06-08 03:00:00,0.0
2023-06-08 04:00:00,0.0
2023-06-08 05:00:00,0.0
2023-06-08 06:00:00,1.065
2023-06-08 07:00:00,3.7889999999999997
2023-06-08 08:00:00,5.206
2023-06-08 09:00:00,17.648
2023-06-08 10:00:00,13.521
2023-06-08 11:00:00,16.855
2023-06-08 12:00:00,10.783000000000001
2023-06-08 13:00:00,11.136
2023-06-08 14:00:00,11.526000000000002
2023-06-08 15:00:00,6.587999999999999
2023-06-08 16:00:00,4.269
2023-06-08 17:00:00,2.124
2023-06-08 18:00:00,0.483
2023-06-08 19:00:00,0.0
2023-06-08 20:00:00,0.0
2023-06-08 21:00:00,0.0
2023-06-08 22:00:00,0.0
2023-06-08 23:00:00,0.0
2023-06-09 00:00:00,0.0
2023-06-09 01:00:00,0.0
2023-06-09 02:00:00,0.0
2023-06-09 03:00:00,0.0
2023-06-09 04:00:00,0.0
2023-06-09 05:00:00,0.013
2023-06-09 06:00:00,1.143
2023-06-09 07:00:00,4.652
2023-06-09 08:00:00,13.926
2023-06-09 09:00:00,12.676
2023-06-09 10:00:00,6.154
2023-06-09 11:00:00,7.79
2023-06-09 12:00:00,14.017
2023-06-09 13:00:00,15.754
2023-06-09 14:00:00,11.248000000000001
2023-06-09 15:00:00,15.786000000000001
2023-06-09 16:00:00,8.471
2023-06-09 17:00:00,1.729
2023-06-09 18:00:00,0.649
2023-06-09 19:00:00,0.0
2023-06-09 20:00:00,0.0
2023-06-09 21:00:00,0.0
2023-06-09 22:00:00,0.0
2023-06-09 23:00:00,0.0
2023-06-10 00:00:00,0.0
2023-06-10 01:00:00,0.0
2023-06-10 02:00:00,0.0
2023-06-10 03:00:00,0.0
2023-06-10 04:00:00,0.0
2023-06-10 05:00:00,0.0
2023-06-10 06:00:00,0.264
2023-06-10 07:00:00,1.361
2023-06-10 08:00:00,2.003
2023-06-10 09:00:00,2.748
2023-06-10 10:00:00,8.271
2023-06-10 11:00:00,5.441
2023-06-10 12:00:00,15.919
2023-06-10 13:00:00,20.432000000000002
2023-06-10 14:00:00,16.1
2023-06-10 15:00:00,16.546
2023-06-10 16:00:00,6.888
2023-06-10 17:00:00,6.328
2023-06-10 18:00:00,1.226
2023-06-10 19:00:00,0.0
2023-06-10 20:00:00,0.0
2023-06-10 21:00:00,0.0
2023-06-10 22:00:00,0.0
2023-06-10 23:00:00,0.0
2023-06-11 00:00:00,0.0
2023-06-11 01:00:00,0.0
2023-06-11 02:00:00,0.0
2023-06-11 03:00:00,0.0
2023-06-11 04:00:00,0.0
2023-06-11 05:00:00,0.007
2023-06-11 06:00:00,1.091
2023-06-11 07:00:00,3.938
2023-06-11 08:00:00,5.085
2023-06-11 09:00:00,15.239
2023-06-11 10:00:00,5.954000000000001
2023-06-11 11:00:00,6.0680000000000005
2023-06-11 12:00:00,10.51
2023-06-11 13:00:00,26.209000000000003
2023-06-11 14:00:00,20.147
2023-06-11 15:00:00,16.774
2023-06-11 16:00:00,12.856
2023-06-11 17:00:00,5.002000000000001
2023-06-11 18:00:00,1.192
2023-06-11 19:00:00,0.0
2023-06-11 20:00:00,0.0
2023-06-11 21:00:00,0.0
2023-06-11 22:00:00,0.0
2023-06-11 23:00:00,0.0
2023-06-12 00:00:00,0.0
2023-06-12 01:00:00,0.0
2023-06-12 02:00:00,0.0
2023-06-12 03:00:00,0.0
2023-06-12 04:00:00,0.0
2023-06-12 05:00:00,0.0
2023-06-12 06:00:00,0.776
2023-06-12 07:00:00,5.242
2023-06-12 08:00:00,12.388
2023-06-12 09:00:00,20.492
2023-06-12 10:00:00,23.245
2023-06-12 11:00:00,27.418
2023-06-12 12:00:00,26.616
2023-06-12 13:00:00,20.905
2023-06-12 14:00:00,12.698
2023-06-12 15:00:00,16.169
2023-06-12 16:00:00,11.283
2023-06-12 17:00:00,5.6049999999999995
2023-06-12 18:00:00,1.215
2023-06-12 19:00:00,0.0
2023-06-12 20:00:00,0.0
2023-06-12 21:00:00,0.0
2023-06-12 22:00:00,0.0
2023-06-12 23:00:00,0.0
2023-06-13 00:00:00,0.0
2023-06-13 01:00:00,0.0
2023-06-13 02:00:00,0.0
2023-06-13 03:00:00,0.0
2023-06-13 04:00:00,0.0
2023-06-13 05:00:00,0.024
2023-06-13 06:00:00,2.049
2023-06-13 07:00:00,5.97
2023-06-13 08:00:00,12.278
2023-06-13 09:00:00,16.651
2023-06-13 10:00:00,1.604
2023-06-13 11:00:00,19.26
2023-06-13 12:00:00,15.375
2023-06-13 13:00:00,5.787
2023-06-13 14:00:00,6.297
2023-06-13 15:00:00,5.305
2023-06-13 16:00:00,4.587
2023-06-13 17:00:00,3.481
2023-06-13 18:00:00,0.634
2023-06-13 19:00:00,0.0
2023-06-13 20:00:00,0.0
2023-06-13 21:00:00,0.0
2023-06-13 22:00:00,0.0
2023-06-13 23:00:00,0.0
2023-06-14 00:00:00,0.0
2023-06-14 01:00:00,0.0
2023-06-14 02:00:00,0.0
2023-06-14 03:00:00,0.0
2023-06-14 04:00:00,0.0
2023-06-14 05:00:00,0.0
2023-06-14 06:00:00,0.185
2023-06-14 07:00:00,0.596
2023-06-14 08:00:00,1.219
2023-06-14 09:00:00,2.8419999999999996
2023-06-14 10:00:00,12.79
2023-06-14 11:00:00,10.032
2023-06-14 12:00:00,6.21
2023-06-14 13:00:00,11.518
2023-06-14 14:00:00,5.757000000000001
2023-06-14 15:00:00,10.581999999999999
2023-06-14 16:00:00,9.399000000000001
2023-06-14 17:00:00,2.114
2023-06-14 18:00:00,1.195
2023-06-14 19:00:00,0.0
2023-06-14 20:00:00,0.0
2023-06-14 21:00:00,0.0
2023-06-14 22:00:00,0.0
2023-06-14 23:00:00,0.0
2023-06-15 00:00:00,0.0
2023-06-15 01:00:00,0.0
2023-06-15 02:00:00,0.0
2023-06-15 03:00:00,0.0
2023-06-15 04:00:00,0.0
2023-06-15 05:00:00,0.0
2023-06-15 06:00:00,0.218
2023-06-15 07:00:00,2.032
2023-06-15 08:00:00,2.955
2023-06-15 09:00:00,6.125
2023-06-15 10:00:00,3.596
2023-06-15 11:00:00,4.8100000000000005
2023-06-15 12:00:00,4.952999999999999
2023-06-15 13:00:00,2.4
2023-06-15 14:00:00,2.89
2023-06-15 15:00:00,1.24
2023-06-15 16:00:00,2.14
2023-06-15 17:00:00,1.991
2023-06-15 18:00:00,0.506
2023-06-15 19:00:00,0.0
2023-06-15 20:00:00,0.0
2023-06-15 21:00:00,0.0
2023-06-15 22:00:00,0.0
2023-06-15 23:00:00,0.0
2023-06-16 00:00:00,0.0
2023-06-16 01:00:00,0.0
2023-06-16 02:00:00,0.0
2023-06-16 03:00:00,0.0
2023-06-16 04:00:00,0.0
2023-06-16 05:00:00,0.0
2023-06-16 06:00:00,0.298
2023-06-16 07:00:00,1.4
2023-06-16 08:00:00,8.045
2023-06-16 09:00:00,7.152
2023-06-16 10:00:00,5.918
2023-06-16 11:00:00,2.0860000000000003
2023-06-16 12:00:00,0.444
2023-06-16 13:00:00,0.497
2023-06-16 14:00:00,1.155
2023-06-16 15:00:00,1.65
2023-06-16 16:00:00,1.0999999999999999
2023-06-16 17:00:00,0.602
2023-06-16 18:00:00,0.087
2023-06-16 19:00:00,0.0
2023-06-16 20:00:00,0.0
2023-06-16 21:00:00,0.0
2023-06-16 22:00:00,0.0
2023-06-16 23:00:00,0.0
2023-06-17 00:00:00,0.0
2023-06-17 01:00:00,0.0
2023-06-17 02:00:00,0.0
2023-06-17 03:00:00,0.0
2023-06-17 04:00:00,0.0
2023-06-17 05:00:00,0.0
2023-06-17 06:00:00,0.396
2023-06-17 07:00:00,1.064
2023-06-17 08:00:00,2.167
2023-06-17 09:00:00,3.4370000000000003
2023-06-17 10:00:00,4.704
2023-06-17 11:00:00,2.4130000000000003
2023-06-17 12:00:00,1.131
2023-06-17 13:00:00,0.096
2023-06-17 14:00:00,0.0
2023-06-17 15:00:00,0.0
2023-06-17 16:00:00,0.0
2023-06-17 17:00:00,0.24
2023-06-17 18:00:00,0.139
2023-06-17 19:00:00,0.0
2023-06-17 20:00:00,0.0
2023-06-17 21:00:00,0.0
2023-06-17 22:00:00,0.0
2023-06-17 23:00:00,0.0
2023-06-18 00:00:00,0.0
2023-06-18 01:00:00,0.0
2023-06-18 02:00:00,0.0
2023-06-18 03:00:00,0.0
2023-06-18 04:00:00,0.0
2023-06-18 05:00:00,0.0
2023-06-18 06:00:00,0.683
2023-06-18 07:00:00,3.89
2023-06-18 08:00:00,3.175
2023-06-18 09:00:00,0.356
2023-06-18 10:00:00,1.586
2023-06-18 11:00:00,8.19
2023-06-18 12:00:00,10.649000000000001
2023-06-18 13:00:00,9.307
2023-06-18 14:00:00,6.459
2023-06-18 15:00:00,7.068
2023-06-18 16:00:00,5.374
2023-06-18 17:00:00,2.0860000000000003
2023-06-18 18:00:00,0.972
2023-06-18 19:00:00,0.0
2023-06-18 20:00:00,0.0
2023-06-18 21:00:00,0.0
2023-06-18 22:00:00,0.0
2023-06-18 23:00:00,0.0
2023-06-19 00:00:00,0.0
2023-06-19 01:00:00,0.0
2023-06-19 02:00:00,0.0
2023-06-19 03:00:00,0.0
2023-06-19 04:00:00,0.0
2023-06-19 05:00:00,0.0
2023-06-19 06:00:00,1.275
2023-06-19 07:00:00,7.818
2023-06-19 08:00:00,4.906000000000001
2023-06-19 09:00:00,11.398
2023-06-19 10:00:00,19.293
2023-06-19 11:00:00,18.884
2023-06-19 12:00:00,13.19
2023-06-19 13:00:00,15.097000000000001
2023-06-19 14:00:00,11.888
2023-06-19 15:00:00,11.529
2023-06-19 16:00:00,8.199
2023-06-19 17:00:00,1.7200000000000002
2023-06-19 18:00:00,0.249
2023-06-19 19:00:00,0.0
2023-06-19 20:00:00,0.0
2023-06-19 21:00:00,0.0
2023-06-19 22:00:00,0.0
2023-06-19 23:00:00,0.0
2023-06-20 00:00:00,0.0
2023-06-20 01:00:00,0.0
2023-06-20 02:00:00,0.0
2023-06-20 03:00:00,0.0
2023-06-20 04:00:00,0.0
2023-06-20 05:00:00,0.004
2023-06-20 06:00:00,0.6060000000000001
2023-06-20 07:00:00,4.224
2023-06-20 08:00:00,13.490000000000002
2023-06-20 09:00:00,10.928
2023-06-20 10:00:00,18.108
2023-06-20 11:00:00,22.698
2023-06-20 12:00:00,19.842
2023-06-20 13:00:00,15.625
2023-06-20 14:00:00,13.879999999999999
2023-06-20 15:00:00,13.961
2023-06-20 16:00:00,7.1770000000000005
2023-06-20 17:00:00,1.737
2023-06-20 18:00:00,0.803
2023-06-20 19:00:00,0.0
2023-06-20 20:00:00,0.0
2023-06-20 21:00:00,0.0
2023-06-20 22:00:00,0.0
2023-06-20 23:00:00,0.0
2023-06-21 00:00:00,0.0
2023-06-21 01:00:00,0.0
2023-06-21 02:00:00,0.0
2023-06-21 03:00:00,0.0
2023-06-21 04:00:00,0.0
2023-06-21 05:00:00,0.002
2023-06-21 06:00:00,2.121
2023-06-21 07:00:00,6.466
2023-06-21 08:00:00,9.391
2023-06-21 09:00:00,19.753
2023-06-21 10:00:00,23.55
2023-06-21 11:00:00,20.234
2023-06-21 12:00:00,22.544
2023-06-21 13:00:00,15.952
2023-06-21 14:00:00,11.283
2023-06-21 15:00:00,15.56
2023-06-21 16:00:00,5.666
2023-06-21 17:00:00,1.972
2023-06-21 18:00:00,1.089
2023-06-21 19:00:00,0.0
2023-06-21 20:00:00,0.0
2023-06-21 21:00:00,0.0
2023-06-21 22:00:00,0.0
2023-06-21 23:00:00,0.0
2023-06-22 00:00:00,0.0
2023-06-22 01:00:00,0.0
2023-06-22 02:00:00,0.0
2023-06-22 03:00:00,0.0
2023-06-22 04:00:00,0.0
2023-06-22 05:00:00,0.007
2023-06-22 06:00:00,1.9580000000000002
2023-06-22 07:00:00,6.88
2023-06-22 08:00:00,10.701
2023-06-22 09:00:00,19.551000000000002
2023-06-22 10:00:00,17.695
2023-06-22 11:00:00,13.712
2023-06-22 12:00:00,16.578
2023-06-22 13:00:00,21.508
2023-06-22 14:00:00,18.148000000000003
2023-06-22 15:00:00,17.114
2023-06-22 16:00:00,10.763
2023-06-22 17:00:00,5.691
2023-06-22 18:00:00,0.723
2023-06-22 19:00:00,0.0
2023-06-22 20:00:00,0.0
2023-06-22 21:00:00,0.0
2023-06-22 22:00:00,0.0
2023-06-22 23:00:00,0.0
2023-06-23 00:00:00,0.0
2023-06-23 01:00:00,0.0
2023-06-23 02:00:00,0.0
2023-06-23 03:00:00,0.0
2023-06-23 04:00:00,0.0
2023-06-23 05:00:00,0.0
2023-06-23 06:00:00,0.9490000000000001
2023-06-23 07:00:00,2.484
2023-06-23 08:00:00,8.233
2023-06-23 09:00:00,7.064
2023-06-23 10:00:00,14.858
2023-06-23 11:00:00,10.221
2023-06-23 12:00:00,11.2
2023-06-23 13:00:00,8.603
2023-06-23 14:00:00,8.259
2023-06-23 15:00:00,4.378
2023-06-23 16:00:00,2.507
2023-06-23 17:00:00,1.093
2023-06-23 18:00:00,0.602
2023-06-23 19:00:00,0.0
2023-06-23 20:00:00,0.0
2023-06-23 21:00:00,0.0
2023-06-23 22:00:00,0.0
2023-06-23 23:00:00,0.0
2023-06-24 00:00:00,0.0
2023-06-24 01:00:00,0.0
2023-06-24 02:00:00,0.0
2023-06-24 03:00:00,0.0
2023-06-24 04:00:00,0.0
2023-06-24 05:00:00,0.002
2023-06-24 06:00:00,1.088
2023-06-24 07:00:00,3.553
2023-06-24 08:00:00,5.0840000000000005
2023-06-24 09:00:00,7.885
2023-06-24 10:00:00,8.191
2023-06-24 11:00:00,13.467
2023-06-24 12:00:00,7.15
2023-06-24 13:00:00,4.858
2023-06-24 14:00:00,6.7989999999999995
2023-06-24 15:00:00,4.057
2023-06-24 16:00:00,4.132
2023-06-24 17:00:00,2.076
2023-06-24 18:00:00,0.744
2023-06-24 19:00:00,0.0
2023-06-24 20:00:00,0.0
2023-06-24 21:00:00,0.0
2023-06-24 22:00:00,0.0
2023-06-24 23:00:00,0.0
2023-06-25 00:00:00,0.0
2023-06-25 01:00:00,0.0
2023-06-25 02:00:00,0.0
2023-06-25 03:00:00,0.0
2023-06-25 04:00:00,0.0
2023-06-25 05:00:00,0.003
2023-06-25 06:00:00,1.733
2023-06-25 07:00:00,4.151
2023-06-25 08:00:00,8.572
2023-06-25 09:00:00,16.570999999999998
2023-06-25 10:00:00,21.130000000000003
2023-06-25 11:00:00,21.478
2023-06-25 12:00:00,19.834
2023-06-25 13:00:00,17.902
2023-06-25 14:00:00,12.903
2023-06-25 15:00:00,7.415
2023-06-25 16:00:00,6.641
2023-06-25 17:00:00,3.152
2023-06-25 18:00:00,0.851
2023-06-25 19:00:00,0.0
2023-06-25 20:00:00,0.0
2023-06-25 21:00:00,0.0
2023-06-25 22:00:00,0.0
2023-06-25 23:00:00,0.0
2023-06-26 00:00:00,0.0
2023-06-26 01:00:00,0.0
2023-06-26 02:00:00,0.0
2023-06-26 03:00:00,0.0
2023-06-26 04:00:00,0.0
2023-06-26 05:00:00,0.0
2023-06-26 06:00:00,3.721
2023-06-26 07:00:00,5.093
2023-06-26 08:00:00,3.3129999999999997
2023-06-26 09:00:00,8.656
2023-06-26 10:00:00,23.835
2023-06-26 11:00:00,24.505
2023-06-26 12:00:00,25.706
2023-06-26 13:00:00,26.208
2023-06-26 14:00:00,23.724
2023-06-26 15:00:00,18.368000000000002
2023-06-26 16:00:00,7.216
2023-06-26 17:00:00,2.684
2023-06-26 18:00:00,0.839
2023-06-26 19:00:00,0.0
2023-06-26 20:00:00,0.0
2023-06-26 21:00:00,0.0
2023-06-26 22:00:00,0.0
2023-06-26 23:00:00,0.0
2023-06-27 00:00:00,0.0
2023-06-27 01:00:00,0.0
2023-06-27 02:00:00,0.0
2023-06-27 03:00:00,0.0
2023-06-27 04:00:00,0.0
2023-06-27 05:00:00,0.0
2023-06-27 06:00:00,1.524
2023-06-27 07:00:00,3.516
2023-06-27 08:00:00,11.134
2023-06-27 09:00:00,11.024000000000001
2023-06-27 10:00:00,22.506
2023-06-27 11:00:00,27.417
2023-06-27 12:00:00,26.07
2023-06-27 13:00:00,26.181
2023-06-27 14:00:00,18.310000000000002
2023-06-27 15:00:00,13.242999999999999
2023-06-27 16:00:00,4.687
2023-06-27 17:00:00,3.249
2023-06-27 18:00:00,0.839
2023-06-27 19:00:00,0.0
2023-06-27 20:00:00,0.0
2023-06-27 21:00:00,0.0
2023-06-27 22:00:00,0.0
2023-06-27 23:00:00,0.0
2023-06-28 00:00:00,0.0
2023-06-28 01:00:00,0.0
2023-06-28 02:00:00,0.0
2023-06-28 03:00:00,0.0
2023-06-28 04:00:00,0.0
2023-06-28 05:00:00,0.0
2023-06-28 06:00:00,0.323
2023-06-28 07:00:00,0.725
2023-06-28 08:00:00,2.067
2023-06-28 09:00:00,5.981
2023-06-28 10:00:00,17.171
2023-06-28 11:00:00,19.716
2023-06-28 12:00:00,7.588
2023-06-28 13:00:00,3.889
2023-06-28 14:00:00,6.01
2023-06-28 15:00:00,9.145
2023-06-28 16:00:00,7.536
2023-06-28 17:00:00,3.16
2023-06-28 18:00:00,0.9319999999999999
2023-06-28 19:00:00,0.0
2023-06-28 20:00:00,0.0
2023-06-28 21:00:00,0.0
2023-06-28 22:00:00,0.0
2023-06-28 23:00:00,0.0
2023-06-29 00:00:00,0.0
2023-06-29 01:00:00,0.0
2023-06-29 02:00:00,0.0
2023-06-29 03:00:00,0.0
2023-06-29 04:00:00,0.0
2023-06-29 05:00:00,0.002
2023-06-29 06:00:00,1.77
2023-06-29 07:00:00,6.05
2023-06-29 08:00:00,14.684999999999999
2023-06-29 09:00:00,20.292
2023-06-29 10:00:00,11.756
2023-06-29 11:00:00,20.314
2023-06-29 12:00:00,14.482
2023-06-29 13:00:00,16.126
2023-06-29 14:00:00,14.862
2023-06-29 15:00:00,9.751
2023-06-29 16:00:00,8.34
2023-06-29 17:00:00,1.741
2023-06-29 18:00:00,0.499
2023-06-29 19:00:00,0.0
2023-06-29 20:00:00,0.0
2023-06-29 21:00:00,0.0
2023-06-29 22:00:00,0.0
2023-06-29 23:00:00,0.0
2023-06-30 00:00:00,0.0
2023-06-30 01:00:00,0.0
2023-06-30 02:00:00,0.0
2023-06-30 03:00:00,0.0
2023-06-30 04:00:00,0.0
2023-06-30 05:00:00,0.0
2023-06-30 06:00:00,1.81
2023-06-30 07:00:00,4.848
2023-06-30 08:00:00,6.37
2023-06-30 09:00:00,9.638
2023-06-30 10:00:00,17.716
2023-06-30 11:00:00,10.623
2023-06-30 12:00:00,9.756
2023-06-30 13:00:00,18.324
2023-06-30 14:00:00,11.951
2023-06-30 15:00:00,11.555
2023-06-30 16:00:00,7.928
2023-06-30 17:00:00,4.417
2023-06-30 18:00:00,0.885
2023-06-30 19:00:00,0.0
2023-06-30 20:00:00,0.0
2023-06-30 21:00:00,0.0
2023-06-30 22:00:00,0.0
2023-06-30 23:00:00,0.0
2023-07-01 00:00:00,0.0
2023-07-01 01:00:00,0.0
2023-07-01 02:00:00,0.0
2023-07-01 03:00:00,0.0
2023-07-01 04:00:00,0.0
2023-07-01 05:00:00,0.0
2023-07-01 06:00:00,0.9179999999999999
2023-07-01 07:00:00,2.722
2023-07-01 08:00:00,3.686
2023-07-01 09:00:00,4.804
2023-07-01 10:00:00,10.432
2023-07-01 11:00:00,6.305
2023-07-01 12:00:00,8.605
2023-07-01 13:00:00,7.937
2023-07-01 14:00:00,9.203
2023-07-01 15:00:00,10.117
2023-07-01 16:00:00,6.413
2023-07-01 17:00:00,3.102
2023-07-01 18:00:00,0.724
2023-07-01 19:00:00,0.0
2023-07-01 20:00:00,0.0
2023-07-01 21:00:00,0.0
2023-07-01 22:00:00,0.0
2023-07-01 23:00:00,0.0
2023-07-02 00:00:00,0.0
2023-07-02 01:00:00,0.0
2023-07-02 02:00:00,0.0
2023-07-02 03:00:00,0.0
2023-07-02 04:00:00,0.0
2023-07-02 05:00:00,0.0
2023-07-02 06:00:00,0.635
2023-07-02 07:00:00,2.066
2023-07-02 08:00:00,11.483
2023-07-02 09:00:00,7.114999999999999
2023-07-02 10:00:00,6.146
2023-07-02 11:00:00,11.014
2023-07-02 12:00:00,5.863
2023-07-02 13:00:00,8.895999999999999
2023-07-02 14:00:00,6.3260000000000005
2023-07-02 15:00:00,0.8190000000000001
2023-07-02 16:00:00,1.617
2023-07-02 17:00:00,1.944
2023-07-02 18:00:00,0.34099999999999997
2023-07-02 19:00:00,0.0
2023-07-02 20:00:00,0.0
2023-07-02 21:00:00,0.0
2023-07-02 22:00:00,0.0
2023-07-02 23:00:00,0.0
2023-07-03 00:00:00,0.0
2023-07-03 01:00:00,0.0
2023-07-03 02:00:00,0.0
2023-07-03 03:00:00,0.0
2023-07-03 04:00:00,0.0
2023-07-03 05:00:00,0.036
2023-07-03 06:00:00,1.318
2023-07-03 07:00:00,6.567
2023-07-03 08:00:00,14.376000000000001
2023-07-03 09:00:00,13.309000000000001
2023-07-03 10:00:00,19.298000000000002
2023-07-03 11:00:00,12.76
2023-07-03 12:00:00,18.673000000000002
2023-07-03 13:00:00,20.69
2023-07-03 14:00:00,6.894
2023-07-03 15:00:00,12.783
2023-07-03 16:00:00,3.221
2023-07-03 17:00:00,2.4859999999999998
2023-07-03 18:00:00,0.258
2023-07-03 19:00:00,0.0
2023-07-03 20:00:00,0.0
2023-07-03 21:00:00,0.0
2023-07-03 22:00:00,0.0
2023-07-03 23:00:00,0.0
2023-07-04 00:00:00,0.0
2023-07-04 01:00:00,0.0
2023-07-04 02:00:00,0.0
2023-07-04 03:00:00,0.0
2023-07-04 04:00:00,0.0
2023-07-04 05:00:00,0.0
2023-07-04 06:00:00,1.034
2023-07-04 07:00:00,5.182
2023-07-04 08:00:00,7.122
2023-07-04 09:00:00,14.978000000000002
2023-07-04 10:00:00,20.921
2023-07-04 11:00:00,17.209000000000003
2023-07-04 12:00:00,16.818
2023-07-04 13:00:00,10.668000000000001
2023-07-04 14:00:00,6.131
2023-07-04 15:00:00,8.589
2023-07-04 16:00:00,8.016
2023-07-04 17:00:00,4.344
2023-07-04 18:00:00,1.044
2023-07-04 19:00:00,0.0
2023-07-04 20:00:00,0.0
2023-07-04 21:00:00,0.0
2023-07-04 22:00:00,0.0
2023-07-04 23:00:00,0.0
2023-07-05 00:00:00,0.0
2023-07-05 01:00:00,0.0
2023-07-05 02:00:00,0.0
2023-07-05 03:00:00,0.0
2023-07-05 04:00:00,0.0
2023-07-05 05:00:00,0.0
2023-07-05 06:00:00,1.311
2023-07-05 07:00:00,6.971
2023-07-05 08:00:00,14.555
2023-07-05 09:00:00,12.605
2023-07-05 10:00:00,22.648
2023-07-05 11:00:00,18.254
2023-07-05 12:00:00,19.799
2023-07-05 13:00:00,24.071
2023-07-05 14:00:00,20.469
2023-07-05 15:00:00,10.732
2023-07-05 16:00:00,9.119
2023-07-05 17:00:00,2.636
2023-07-05 18:00:00,0.5980000000000001
2023-07-05 19:00:00,0.0
2023-07-05 20:00:00,0.0
2023-07-05 21:00:00,0.0
2023-07-05 22:00:00,0.0
2023-07-05 23:00:00,0.0
2023-07-06 00:00:00,0.0
2023-07-06 01:00:00,0.0
2023-07-06 02:00:00,0.0
2023-07-06 03:00:00,0.0
2023-07-06 04:00:00,0.0
2023-07-06 05:00:00,0.0
2023-07-06 06:00:00,1.407
2023-07-06 07:00:00,7.742000000000001
2023-07-06 08:00:00,12.27
2023-07-06 09:00:00,16.015
2023-07-06 10:00:00,19.746
2023-07-06 11:00:00,20.144000000000002
2023-07-06 12:00:00,17.82
2023-07-06 13:00:00,20.458
2023-07-06 14:00:00,18.831
2023-07-06 15:00:00,17.39
2023-07-06 16:00:00,11.697000000000001
2023-07-06 17:00:00,4.832
2023-07-06 18:00:00,0.785
2023-07-06 19:00:00,0.0
2023-07-06 20:00:00,0.0
2023-07-06 21:00:00,0.0
2023-07-06 22:00:00,0.0
2023-07-06 23:00:00,0.0
2023-07-07 00:00:00,0.0
2023-07-07 01:00:00,0.0
2023-07-07 02:00:00,0.0
2023-07-07 03:00:00,0.0
2023-07-07 04:00:00,0.0
2023-07-07 05:00:00,0.001
2023-07-07 06:00:00,1.299
2023-07-07 07:00:00,6.343999999999999
2023-07-07 08:00:00,12.113
2023-07-07 09:00:00,16.664
2023-07-07 10:00:00,21.329
2023-07-07 11:00:00,23.162
2023-07-07 12:00:00,14.364
2023-07-07 13:00:00,21.675
2023-07-07 14:00:00,20.5
2023-07-07 15:00:00,12.633
2023-07-07 16:00:00,5.098
2023-07-07 17:00:00,2.586
2023-07-07 18:00:00,1.016
2023-07-07 19:00:00,0.0
2023-07-07 20:00:00,0.0
2023-07-07 21:00:00,0.0
2023-07-07 22:00:00,0.0
2023-07-07 23:00:00,0.0
2023-07-08 00:00:00,0.0
2023-07-08 01:00:00,0.0
2023-07-08 02:00:00,0.0
2023-07-08 03:00:00,0.0
2023-07-08 04:00:00,0.0
2023-07-08 05:00:00,0.001
2023-07-08 06:00:00,1.52
2023-07-08 07:00:00,5.989
2023-07-08 08:00:00,13.37
2023-07-08 09:00:00,19.311
2023-07-08 10:00:00,24.881
2023-07-08 11:00:00,22.256
2023-07-08 12:00:00,20.648
2023-07-08 13:00:00,24.213
2023-07-08 14:00:00,17.995
2023-07-08 15:00:00,9.815
2023-07-08 16:00:00,6.899
2023-07-08 17:00:00,6.429
2023-07-08 18:00:00,1.384
2023-07-08 19:00:00,0.0
2023-07-08 20:00:00,0.0
2023-07-08 21:00:00,0.0
2023-07-08 22:00:00,0.0
2023-07-08 23:00:00,0.0
2023-07-09 00:00:00,0.0
2023-07-09 01:00:00,0.0
2023-07-09 02:00:00,0.0
2023-07-09 03:00:00,0.0
2023-07-09 04:00:00,0.0
2023-07-09 05:00:00,0.002
2023-07-09 06:00:00,1.663
2023-07-09 07:00:00,6.341
2023-07-09 08:00:00,14.891
2023-07-09 09:00:00,16.084000000000003
2023-07-09 10:00:00,22.105
2023-07-09 11:00:00,23.605
2023-07-09 12:00:00,26.705000000000002
2023-07-09 13:00:00,25.765
2023-07-09 14:00:00,23.178
2023-07-09 15:00:00,15.097999999999999
2023-07-09 16:00:00,11.282
2023-07-09 17:00:00,4.163
2023-07-09 18:00:00,1.157
2023-07-09 19:00:00,0.0
2023-07-09 20:00:00,0.0
2023-07-09 21:00:00,0.0
2023-07-09 22:00:00,0.0
2023-07-09 23:00:00,0.0
2023-07-10 00:00:00,0.0
2023-07-10 01:00:00,0.0
2023-07-10 02:00:00,0.0
2023-07-10 03:00:00,0.0
2023-07-10 04:00:00,0.0
2023-07-10 05:00:00,0.011
2023-07-10 06:00:00,1.635
2023-07-10 07:00:00,5.931
2023-07-10 08:00:00,12.803
2023-07-10 09:00:00,13.494
2023-07-10 10:00:00,18.912
2023-07-10 11:00:00,21.368000000000002
2023-07-10 12:00:00,18.945
2023-07-10 13:00:00,25.469
2023-07-10 14:00:00,22.859
2023-07-10 15:00:00,17.626
2023-07-10 16:00:00,12.064
2023-07-10 17:00:00,5.9350000000000005
2023-07-10 18:00:00,0.7839999999999999
2023-07-10 19:00:00,0.0
2023-07-10 20:00:00,0.0
2023-07-10 21:00:00,0.0
2023-07-10 22:00:00,0.0
2023-07-10 23:00:00,0.0
2023-07-11 00:00:00,0.0
2023-07-11 01:00:00,0.0
2023-07-11 02:00:00,0.0
2023-07-11 03:00:00,0.0
2023-07-11 04:00:00,0.0
2023-07-11 05:00:00,0.0
2023-07-11 06:00:00,1.3769999999999998
2023-07-11 07:00:00,3.986
2023-07-11 08:00:00,12.414
2023-07-11 09:00:00,17.103
2023-07-11 10:00:00,20.112000000000002
2023-07-11 11:00:00,20.41
2023-07-11 12:00:00,22.777
2023-07-11 13:00:00,20.844
2023-07-11 14:00:00,24.022000000000002
2023-07-11 15:00:00,18.931
2023-07-11 16:00:00,9.624
2023-07-11 17:00:00,5.897
2023-07-11 18:00:00,1.356
2023-07-11 19:00:00,0.0
2023-07-11 20:00:00,0.0
2023-07-11 21:00:00,0.0
2023-07-11 22:00:00,0.0
2023-07-11 23:00:00,0.0
2023-07-12 00:00:00,0.0
2023-07-12 01:00:00,0.0
2023-07-12 02:00:00,0.0
2023-07-12 03:00:00,0.0
2023-07-12 04:00:00,0.0
2023-07-12 05:00:00,0.0
2023-07-12 06:00:00,1.135
2023-07-12 07:00:00,5.801
2023-07-12 08:00:00,3.694
2023-07-12 09:00:00,11.350999999999999
2023-07-12 10:00:00,16.517000000000003
2023-07-12 11:00:00,20.559
2023-07-12 12:00:00,16.552
2023-07-12 13:00:00,14.443999999999999
2023-07-12 14:00:00,21.248
2023-07-12 15:00:00,16.225
2023-07-12 16:00:00,12.373999999999999
2023-07-12 17:00:00,6.369
2023-07-12 18:00:00,1.409
2023-07-12 19:00:00,0.0
2023-07-12 20:00:00,0.0
2023-07-12 21:00:00,0.0
2023-07-12 22:00:00,0.0
2023-07-12 23:00:00,0.0
2023-07-13 00:00:00,0.0
2023-07-13 01:00:00,0.0
2023-07-13 02:00:00,0.0
2023-07-13 03:00:00,0.0
2023-07-13 04:00:00,0.0
2023-07-13 05:00:00,0.0
2023-07-13 06:00:00,1.097
2023-07-13 07:00:00,5.751
2023-07-13 08:00:00,13.805
2023-07-13 09:00:00,19.576
2023-07-13 10:00:00,24.505000000000003
2023-07-13 11:00:00,27.34
2023-07-13 12:00:00,27.305
2023-07-13 13:00:00,25.898
2023-07-13 14:00:00,23.152
2023-07-13 15:00:00,17.913
2023-07-13 16:00:00,11.827
2023-07-13 17:00:00,6.114999999999999
2023-07-13 18:00:00,1.447
2023-07-13 19:00:00,0.0
2023-07-13 20:00:00,0.0
2023-07-13 21:00:00,0.0
2023-07-13 22:00:00,0.0
2023-07-13 23:00:00,0.0
2023-07-14 00:00:00,0.0
2023-07-14 01:00:00,0.0
2023-07-14 02:00:00,0.0
2023-07-14 03:00:00,0.0
2023-07-14 04:00:00,0.0
2023-07-14 05:00:00,0.0
2023-07-14 06:00:00,1.443
2023-07-14 07:00:00,5.5649999999999995
2023-07-14 08:00:00,13.536000000000001
2023-07-14 09:00:00,18.201
2023-07-14 10:00:00,25.396
2023-07-14 11:00:00,27.074
2023-07-14 12:00:00,26.94
2023-07-14 13:00:00,22.358
2023-07-14 14:00:00,21.179
2023-07-14 15:00:00,14.215
2023-07-14 16:00:00,11.456
2023-07-14 17:00:00,5.337
2023-07-14 18:00:00,1.367
2023-07-14 19:00:00,0.0
2023-07-14 20:00:00,0.0
2023-07-14 21:00:00,0.0
2023-07-14 22:00:00,0.0
2023-07-14 23:00:00,0.0
2023-07-15 00:00:00,0.0
2023-07-15 01:00:00,0.0
2023-07-15 02:00:00,0.0
2023-07-15 03:00:00,0.0
2023-07-15 04:00:00,0.0
2023-07-15 05:00:00,0.0
2023-07-15 06:00:00,1.347
2023-07-15 07:00:00,5.5680000000000005
2023-07-15 08:00:00,12.42
2023-07-15 09:00:00,16.785
2023-07-15 10:00:00,22.639
2023-07-15 11:00:00,21.528
2023-07-15 12:00:00,20.46
2023-07-15 13:00:00,21.721
2023-07-15 14:00:00,19.664
2023-07-15 15:00:00,12.422
2023-07-15 16:00:00,10.93
2023-07-15 17:00:00,5.649
2023-07-15 18:00:00,0.031
2023-07-15 19:00:00,0.0
2023-07-15 20:00:00,0.0
2023-07-15 21:00:00,0.0
2023-07-15 22:00:00,0.0
2023-07-15 23:00:00,0.0
2023-07-16 00:00:00,0.0
2023-07-16 01:00:00,0.0
2023-07-16 02:00:00,0.0
2023-07-16 03:00:00,0.0
2023-07-16 04:00:00,0.0
2023-07-16 05:00:00,0.0
2023-07-16 06:00:00,2.001
2023-07-16 07:00:00,5.156000000000001
2023-07-16 08:00:00,7.737
2023-07-16 09:00:00,12.917000000000002
2023-07-16 10:00:00,12.672
2023-07-16 11:00:00,11.727
2023-07-16 12:00:00,17.221
2023-07-16 13:00:00,15.294
2023-07-16 14:00:00,13.495000000000001
2023-07-16 15:00:00,9.393
2023-07-16 16:00:00,5.949
2023-07-16 17:00:00,1.91
2023-07-16 18:00:00,0.5459999999999999
2023-07-16 19:00:00,0.0
2023-07-16 20:00:00,0.0
2023-07-16 21:00:00,0.0
2023-07-16 22:00:00,0.0
2023-07-16 23:00:00,0.0
2023-07-17 00:00:00,0.0
2023-07-17 01:00:00,0.0
2023-07-17 02:00:00,0.0
2023-07-17 03:00:00,0.0
2023-07-17 04:00:00,0.0
2023-07-17 05:00:00,0.0
2023-07-17 06:00:00,0.16699999999999998
2023-07-17 07:00:00,0.593
2023-07-17 08:00:00,1.538
2023-07-17 09:00:00,1.935
2023-07-17 10:00:00,3.735
2023-07-17 11:00:00,3.8120000000000003
2023-07-17 12:00:00,2.549
2023-07-17 13:00:00,2.491
2023-07-17 14:00:00,2.891
2023-07-17 15:00:00,4.109999999999999
2023-07-17 16:00:00,1.284
2023-07-17 17:00:00,0.289
2023-07-17 18:00:00,0.037
2023-07-17 19:00:00,0.0
2023-07-17 20:00:00,0.0
2023-07-17 21:00:00,0.0
2023-07-17 22:00:00,0.0
2023-07-17 23:00:00,0.0
2023-07-18 00:00:00,0.0
2023-07-18 01:00:00,0.0
2023-07-18 02:00:00,0.0
2023-07-18 03:00:00,0.0
2023-07-18 04:00:00,0.0
2023-07-18 05:00:00,0.0
2023-07-18 06:00:00,0.038
2023-07-18 07:00:00,0.484
2023-07-18 08:00:00,1.498
2023-07-18 09:00:00,2.757
2023-07-18 10:00:00,4.214
2023-07-18 11:00:00,4.697
2023-07-18 12:00:00,6.454
2023-07-18 13:00:00,5.281
2023-07-18 14:00:00,3.894
2023-07-18 15:00:00,3.027
2023-07-18 16:00:00,2.447
2023-07-18 17:00:00,1.524
2023-07-18 18:00:00,0.431
2023-07-18 19:00:00,0.0
2023-07-18 20:00:00,0.0
2023-07-18 21:00:00,0.0
2023-07-18 22:00:00,0.0
2023-07-18 23:00:00,0.0
2023-07-19 00:00:00,0.0
2023-07-19 01:00:00,0.0
2023-07-19 02:00:00,0.0
2023-07-19 03:00:00,0.0
2023-07-19 04:00:00,0.0
2023-07-19 05:00:00,0.0
2023-07-19 06:00:00,0.20700000000000002
2023-07-19 07:00:00,2.111
2023-07-19 08:00:00,5.047
2023-07-19 09:00:00,5.881
2023-07-19 10:00:00,6.869999999999999
2023-07-19 11:00:00,7.353
2023-07-19 12:00:00,5.582
2023-07-19 13:00:00,8.379000000000001
2023-07-19 14:00:00,11.975999999999999
2023-07-19 15:00:00,7.338
2023-07-19 16:00:00,5.75
2023-07-19 17:00:00,3.785
2023-07-19 18:00:00,1.034
2023-07-19 19:00:00,0.0
2023-07-19 20:00:00,0.0
2023-07-19 21:00:00,0.0
2023-07-19 22:00:00,0.0
2023-07-19 23:00:00,0.0
2023-07-20 00:00:00,0.0
2023-07-20 01:00:00,0.0
2023-07-20 02:00:00,0.0
2023-07-20 03:00:00,0.0
2023-07-20 04:00:00,0.0
2023-07-20 05:00:00,0.0
2023-07-20 06:00:00,0.883
2023-07-20 07:00:00,4.851
2023-07-20 08:00:00,12.597000000000001
2023-07-20 09:00:00,15.777000000000001
2023-07-20 10:00:00,25.648
2023-07-20 11:00:00,21.506999999999998
2023-07-20 12:00:00,20.399
2023-07-20 13:00:00,18.741
2023-07-20 14:00:00,21.012999999999998
2023-07-20 15:00:00,11.465
2023-07-20 16:00:00,11.373000000000001
2023-07-20 17:00:00,7.931
2023-07-20 18:00:00,1.549
2023-07-20 19:00:00,0.0
2023-07-20 20:00:00,0.0
2023-07-20 21:00:00,0.0
2023-07-20 22:00:00,0.0
2023-07-20 23:00:00,0.0
2023-07-21 00:00:00,0.0
2023-07-21 01:00:00,0.0
2023-07-21 02:00:00,0.0
2023-07-21 03:00:00,0.0
2023-07-21 04:00:00,0.0
2023-07-21 05:00:00,0.0
2023-07-21 06:00:00,1.283
2023-07-21 07:00:00,6.928
2023-07-21 08:00:00,15.582
2023-07-21 09:00:00,21.193
2023-07-21 10:00:00,23.822
2023-07-21 11:00:00,27.493000000000002
2023-07-21 12:00:00,23.705000000000002
2023-07-21 13:00:00,16.029
2023-07-21 14:00:00,16.688000000000002
2023-07-21 15:00:00,11.504
2023-07-21 16:00:00,9.336
2023-07-21 17:00:00,3.588
2023-07-21 18:00:00,1.069
2023-07-21 19:00:00,0.0
2023-07-21 20:00:00,0.0
2023-07-21 21:00:00,0.0
2023-07-21 22:00:00,0.0
2023-07-21 23:00:00,0.0
2023-07-22 00:00:00,0.0
2023-07-22 01:00:00,0.0
2023-07-22 02:00:00,0.0
2023-07-22 03:00:00,0.0
2023-07-22 04:00:00,0.0
2023-07-22 05:00:00,0.0
2023-07-22 06:00:00,1.178
2023-07-22 07:00:00,5.867
2023-07-22 08:00:00,13.22
2023-07-22 09:00:00,19.26
2023-07-22 10:00:00,24.269
2023-07-22 11:00:00,23.688
2023-07-22 12:00:00,24.761
2023-07-22 13:00:00,25.383000000000003
2023-07-22 14:00:00,15.061
2023-07-22 15:00:00,16.203
2023-07-22 16:00:00,11.933
2023-07-22 17:00:00,5.938000000000001
2023-07-22 18:00:00,1.034
2023-07-22 19:00:00,0.0
2023-07-22 20:00:00,0.0
2023-07-22 21:00:00,0.0
2023-07-22 22:00:00,0.0
2023-07-22 23:00:00,0.0
2023-07-23 00:00:00,0.0
2023-07-23 01:00:00,0.0
2023-07-23 02:00:00,0.0
2023-07-23 03:00:00,0.0
2023-07-23 04:00:00,0.0
2023-07-23 05:00:00,0.0
2023-07-23 06:00:00,0.33499999999999996
2023-07-23 07:00:00,4.0329999999999995
2023-07-23 08:00:00,13.918
2023-07-23 09:00:00,21.539
2023-07-23 10:00:00,24.404
2023-07-23 11:00:00,26.685000000000002
2023-07-23 12:00:00,25.596
2023-07-23 13:00:00,24.564
2023-07-23 14:00:00,22.25
2023-07-23 15:00:00,16.089
2023-07-23 16:00:00,10.254999999999999
2023-07-23 17:00:00,5.506
2023-07-23 18:00:00,1.688
2023-07-23 19:00:00,0.0
2023-07-23 20:00:00,0.0
2023-07-23 21:00:00,0.0
2023-07-23 22:00:00,0.0
2023-07-23 23:00:00,0.0
2023-07-24 00:00:00,0.0
2023-07-24 01:00:00,0.0
2023-07-24 02:00:00,0.0
2023-07-24 03:00:00,0.0
2023-07-24 04:00:00,0.0
2023-07-24 05:00:00,0.0
2023-07-24 06:00:00,1.044
2023-07-24 07:00:00,6.327
2023-07-24 08:00:00,14.318000000000001
2023-07-24 09:00:00,21.671
2023-07-24 10:00:00,23.448
2023-07-24 11:00:00,27.08
2023-07-24 12:00:00,27.052
2023-07-24 13:00:00,25.857
2023-07-24 14:00:00,22.823
2023-07-24 15:00:00,12.356
2023-07-24 16:00:00,5.4990000000000006
2023-07-24 17:00:00,6.559
2023-07-24 18:00:00,1.287
2023-07-24 19:00:00,0.0
2023-07-24 20:00:00,0.0
2023-07-24 21:00:00,0.0
2023-07-24 22:00:00,0.0
2023-07-24 23:00:00,0.0
2023-07-25 00:00:00,0.0
2023-07-25 01:00:00,0.0
2023-07-25 02:00:00,0.0
2023-07-25 03:00:00,0.0
2023-07-25 04:00:00,0.0
2023-07-25 05:00:00,0.0
2023-07-25 06:00:00,1.084
2023-07-25 07:00:00,5.252
2023-07-25 08:00:00,13.187
2023-07-25 09:00:00,19.739
2023-07-25 10:00:00,25.021
2023-07-25 11:00:00,25.19
2023-07-25 12:00:00,23.905
2023-07-25 13:00:00,14.279
2023-07-25 14:00:00,19.463
2023-07-25 15:00:00,16.871
2023-07-25 16:00:00,11.792
2023-07-25 17:00:00,5.99
2023-07-25 18:00:00,1.266
2023-07-25 19:00:00,0.0
2023-07-25 20:00:00,0.0
2023-07-25 21:00:00,0.0
2023-07-25 22:00:00,0.0
2023-07-25 23:00:00,0.0
2023-07-26 00:00:00,0.0
2023-07-26 01:00:00,0.0
2023-07-26 02:00:00,0.0
2023-07-26 03:00:00,0.0
2023-07-26 04:00:00,0.0
2023-07-26 05:00:00,0.0
2023-07-26 06:00:00,1.197
2023-07-26 07:00:00,5.3870000000000005
2023-07-26 08:00:00,12.0
2023-07-26 09:00:00,18.102
2023-07-26 10:00:00,18.925
2023-07-26 11:00:00,15.339
2023-07-26 12:00:00,14.064
2023-07-26 13:00:00,20.205000000000002
2023-07-26 14:00:00,13.158999999999999
2023-07-26 15:00:00,16.585
2023-07-26 16:00:00,11.335
2023-07-26 17:00:00,5.351
2023-07-26 18:00:00,1.445
2023-07-26 19:00:00,0.0
2023-07-26 20:00:00,0.0
2023-07-26 21:00:00,0.0
2023-07-26 22:00:00,0.0
2023-07-26 23:00:00,0.0
2023-07-27 00:00:00,0.0
2023-07-27 01:00:00,0.0
2023-07-27 02:00:00,0.0
2023-07-27 03:00:00,0.0
2023-07-27 04:00:00,0.0
2023-07-27 05:00:00,0.0
2023-07-27 06:00:00,0.8480000000000001
2023-07-27 07:00:00,4.789
2023-07-27 08:00:00,12.735
2023-07-27 09:00:00,19.095
2023-07-27 10:00:00,24.427
2023-07-27 11:00:00,25.466
2023-07-27 12:00:00,25.741
2023-07-27 13:00:00,19.512
2023-07-27 14:00:00,12.347000000000001
2023-07-27 15:00:00,5.748
2023-07-27 16:00:00,7.455
2023-07-27 17:00:00,1.842
2023-07-27 18:00:00,1.613
2023-07-27 19:00:00,0.0
2023-07-27 20:00:00,0.0
2023-07-27 21:00:00,0.0
2023-07-27 22:00:00,0.0
2023-07-27 23:00:00,0.0
2023-07-28 00:00:00,0.0
2023-07-28 01:00:00,0.0
2023-07-28 02:00:00,0.0
2023-07-28 03:00:00,0.0
2023-07-28 04:00:00,0.0
2023-07-28 05:00:00,0.0
2023-07-28 06:00:00,0.5589999999999999
2023-07-28 07:00:00,3.862
2023-07-28 08:00:00,12.887
2023-07-28 09:00:00,16.491
2023-07-28 10:00:00,15.219
2023-07-28 11:00:00,11.142
2023-07-28 12:00:00,12.367999999999999
2023-07-28 13:00:00,14.423
2023-07-28 14:00:00,14.874
2023-07-28 15:00:00,11.34
2023-07-28 16:00:00,6.737
2023-07-28 17:00:00,4.778
2023-07-28 18:00:00,1.637
2023-07-28 19:00:00,0.0
2023-07-28 20:00:00,0.0
2023-07-28 21:00:00,0.0
2023-07-28 22:00:00,0.0
2023-07-28 23:00:00,0.0
2023-07-29 00:00:00,0.0
2023-07-29 01:00:00,0.0
2023-07-29 02:00:00,0.0
2023-07-29 03:00:00,0.0
2023-07-29 04:00:00,0.0
2023-07-29 05:00:00,0.0
2023-07-29 06:00:00,0.14600000000000002
2023-07-29 07:00:00,1.025
2023-07-29 08:00:00,0.727
2023-07-29 09:00:00,0.263
2023-07-29 10:00:00,0.901
2023-07-29 11:00:00,3.039
2023-07-29 12:00:00,7.964
2023-07-29 13:00:00,12.38
2023-07-29 14:00:00,12.387
2023-07-29 15:00:00,8.323
2023-07-29 16:00:00,7.129
2023-07-29 17:00:00,4.193
2023-07-29 18:00:00,0.293
2023-07-29 19:00:00,0.0
2023-07-29 20:00:00,0.0
2023-07-29 21:00:00,0.0
2023-07-29 22:00:00,0.0
2023-07-29 23:00:00,0.0
2023-07-30 00:00:00,0.0
2023-07-30 01:00:00,0.0
2023-07-30 02:00:00,0.0
2023-07-30 03:00:00,0.0
2023-07-30 04:00:00,0.0
2023-07-30 05:00:00,0.0
2023-07-30 06:00:00,0.605
2023-07-30 07:00:00,3.0500000000000003
2023-07-30 08:00:00,4.845
2023-07-30 09:00:00,10.343
2023-07-30 10:00:00,15.393
2023-07-30 11:00:00,8.064
2023-07-30 12:00:00,5.659
2023-07-30 13:00:00,8.256
2023-07-30 14:00:00,10.865
2023-07-30 15:00:00,3.6639999999999997
2023-07-30 16:00:00,2.1029999999999998
2023-07-30 17:00:00,2.571
2023-07-30 18:00:00,0.778
2023-07-30 19:00:00,0.0
2023-07-30 20:00:00,0.0
2023-07-30 21:00:00,0.0
2023-07-30 22:00:00,0.0
2023-07-30 23:00:00,0.0
2023-07-31 00:00:00,0.0
2023-07-31 01:00:00,0.0
2023-07-31 02:00:00,0.0
2023-07-31 03:00:00,0.0
2023-07-31 04:00:00,0.0
2023-07-31 05:00:00,0.0
2023-07-31 06:00:00,0.506
2023-07-31 07:00:00,6.819
2023-07-31 08:00:00,10.885
2023-07-31 09:00:00,20.442
2023-07-31 10:00:00,22.792
2023-07-31 11:00:00,24.342
2023-07-31 12:00:00,24.609
2023-07-31 13:00:00,25.449
2023-07-31 14:00:00,17.238
2023-07-31 15:00:00,10.841
2023-07-31 16:00:00,3.6470000000000002
2023-07-31 17:00:00,0.617
2023-07-31 18:00:00,0.126
2023-07-31 19:00:00,0.0
2023-07-31 20:00:00,0.0
2023-07-31 21:00:00,0.0
2023-07-31 22:00:00,0.0
2023-07-31 23:00:00,0.0
2023-08-01 00:00:00,0.0
2023-08-01 01:00:00,0.0
2023-08-01 02:00:00,0.0
2023-08-01 03:00:00,0.0
2023-08-01 04:00:00,0.0
2023-08-01 05:00:00,0.0
2023-08-01 06:00:00,0.888
2023-08-01 07:00:00,5.132
2023-08-01 08:00:00,11.288
2023-08-01 09:00:00,19.094
2023-08-01 10:00:00,22.442
2023-08-01 11:00:00,26.639000000000003
2023-08-01 12:00:00,22.245
2023-08-01 13:00:00,10.011
2023-08-01 14:00:00,10.236
2023-08-01 15:00:00,17.954
2023-08-01 16:00:00,10.905
2023-08-01 17:00:00,3.7279999999999998
2023-08-01 18:00:00,0.783
2023-08-01 19:00:00,0.0
2023-08-01 20:00:00,0.0
2023-08-01 21:00:00,0.0
2023-08-01 22:00:00,0.0
2023-08-01 23:00:00,0.0
2023-08-02 00:00:00,0.0
2023-08-02 01:00:00,0.0
2023-08-02 02:00:00,0.0
2023-08-02 03:00:00,0.0
2023-08-02 04:00:00,0.0
2023-08-02 05:00:00,0.0
2023-08-02 06:00:00,0.735
2023-08-02 07:00:00,5.026
2023-08-02 08:00:00,12.654
2023-08-02 09:00:00,19.293
2023-08-02 10:00:00,24.194
2023-08-02 11:00:00,26.667
2023-08-02 12:00:00,26.507
2023-08-02 13:00:00,25.188000000000002
2023-08-02 14:00:00,20.679000000000002
2023-08-02 15:00:00,15.656
2023-08-02 16:00:00,8.612
2023-08-02 17:00:00,5.6209999999999996
2023-08-02 18:00:00,1.132
2023-08-02 19:00:00,0.0
2023-08-02 20:00:00,0.0
2023-08-02 21:00:00,0.0
2023-08-02 22:00:00,0.0
2023-08-02 23:00:00,0.0
2023-08-03 00:00:00,0.0
2023-08-03 01:00:00,0.0
2023-08-03 02:00:00,0.0
2023-08-03 03:00:00,0.0
2023-08-03 04:00:00,0.0
2023-08-03 05:00:00,0.0
2023-08-03 06:00:00,0.835
2023-08-03 07:00:00,4.846
2023-08-03 08:00:00,12.676
2023-08-03 09:00:00,19.376
2023-08-03 10:00:00,24.038
2023-08-03 11:00:00,26.601000000000003
2023-08-03 12:00:00,26.733
2023-08-03 13:00:00,24.623
2023-08-03 14:00:00,19.847
2023-08-03 15:00:00,15.984
2023-08-03 16:00:00,11.078
2023-08-03 17:00:00,5.498
2023-08-03 18:00:00,0.9570000000000001
2023-08-03 19:00:00,0.0
2023-08-03 20:00:00,0.0
2023-08-03 21:00:00,0.0
2023-08-03 22:00:00,0.0
2023-08-03 23:00:00,0.0
2023-08-04 00:00:00,0.0
2023-08-04 01:00:00,0.0
2023-08-04 02:00:00,0.0
2023-08-04 03:00:00,0.0
2023-08-04 04:00:00,0.0
2023-08-04 05:00:00,0.0
2023-08-04 06:00:00,0.727
2023-08-04 07:00:00,2.681
2023-08-04 08:00:00,5.243
2023-08-04 09:00:00,13.383000000000001
2023-08-04 10:00:00,17.631
2023-08-04 11:00:00,19.424
2023-08-04 12:00:00,21.432000000000002
2023-08-04 13:00:00,21.172
2023-08-04 14:00:00,22.48
2023-08-04 15:00:00,18.062
2023-08-04 16:00:00,9.131
2023-08-04 17:00:00,6.9559999999999995
2023-08-04 18:00:00,1.594
2023-08-04 19:00:00,0.0
2023-08-04 20:00:00,0.0
2023-08-04 21:00:00,0.0
2023-08-04 22:00:00,0.0
2023-08-04 23:00:00,0.0
2023-08-05 00:00:00,0.0
2023-08-05 01:00:00,0.0
2023-08-05 02:00:00,0.0
2023-08-05 03:00:00,0.0
2023-08-05 04:00:00,0.0
2023-08-05 05:00:00,0.0
2023-08-05 06:00:00,1.185
2023-08-05 07:00:00,3.681
2023-08-05 08:00:00,5.621
2023-08-05 09:00:00,4.463
2023-08-05 10:00:00,11.878
2023-08-05 11:00:00,27.055
2023-08-05 12:00:00,24.155
2023-08-05 13:00:00,25.223
2023-08-05 14:00:00,20.997
2023-08-05 15:00:00,14.557
2023-08-05 16:00:00,8.809
2023-08-05 17:00:00,2.766
2023-08-05 18:00:00,0.547
2023-08-05 19:00:00,0.0
2023-08-05 20:00:00,0.0
2023-08-05 21:00:00,0.0
2023-08-05 22:00:00,0.0
2023-08-05 23:00:00,0.0
2023-08-06 00:00:00,0.0
2023-08-06 01:00:00,0.0
2023-08-06 02:00:00,0.0
2023-08-06 03:00:00,0.0
2023-08-06 04:00:00,0.0
2023-08-06 05:00:00,0.0
2023-08-06 06:00:00,1.2149999999999999
2023-08-06 07:00:00,3.902
2023-08-06 08:00:00,5.9399999999999995
2023-08-06 09:00:00,4.566000000000001
2023-08-06 10:00:00,19.538
2023-08-06 11:00:00,19.374000000000002
2023-08-06 12:00:00,21.92
2023-08-06 13:00:00,21.923000000000002
2023-08-06 14:00:00,21.07
2023-08-06 15:00:00,14.732000000000001
2023-08-06 16:00:00,10.192
2023-08-06 17:00:00,5.237
2023-08-06 18:00:00,0.28500000000000003
2023-08-06 19:00:00,0.0
2023-08-06 20:00:00,0.0
2023-08-06 21:00:00,0.0
2023-08-06 22:00:00,0.0
2023-08-06 23:00:00,0.0
2023-08-07 00:00:00,0.0
2023-08-07 01:00:00,0.0
2023-08-07 02:00:00,0.0
2023-08-07 03:00:00,0.0
2023-08-07 04:00:00,0.0
2023-08-07 05:00:00,0.0
2023-08-07 06:00:00,0.355
2023-08-07 07:00:00,1.972
2023-08-07 08:00:00,2.921
2023-08-07 09:00:00,13.341
2023-08-07 10:00:00,10.461
2023-08-07 11:00:00,13.249
2023-08-07 12:00:00,7.944
2023-08-07 13:00:00,10.404
2023-08-07 14:00:00,11.536000000000001
2023-08-07 15:00:00,15.635000000000002
2023-08-07 16:00:00,7.968
2023-08-07 17:00:00,4.459
2023-08-07 18:00:00,1.061
2023-08-07 19:00:00,0.0
2023-08-07 20:00:00,0.0
2023-08-07 21:00:00,0.0
2023-08-07 22:00:00,0.0
2023-08-07 23:00:00,0.0
2023-08-08 00:00:00,0.0
2023-08-08 01:00:00,0.0
2023-08-08 02:00:00,0.0
2023-08-08 03:00:00,0.0
2023-08-08 04:00:00,0.0
2023-08-08 05:00:00,0.0
2023-08-08 06:00:00,0.454
2023-08-08 07:00:00,2.444
2023-08-08 08:00:00,6.934000000000001
2023-08-08 09:00:00,13.816
2023-08-08 10:00:00,10.841000000000001
2023-08-08 11:00:00,6.347
2023-08-08 12:00:00,15.855
2023-08-08 13:00:00,23.971
2023-08-08 14:00:00,14.479000000000001
2023-08-08 15:00:00,10.074
2023-08-08 16:00:00,4.259
2023-08-08 17:00:00,2.058
2023-08-08 18:00:00,0.919
2023-08-08 19:00:00,0.0
2023-08-08 20:00:00,0.0
2023-08-08 21:00:00,0.0
2023-08-08 22:00:00,0.0
2023-08-08 23:00:00,0.0
2023-08-09 00:00:00,0.0
2023-08-09 01:00:00,0.0
2023-08-09 02:00:00,0.0
2023-08-09 03:00:00,0.0
2023-08-09 04:00:00,0.0
2023-08-09 05:00:00,0.0
2023-08-09 06:00:00,0.794
2023-08-09 07:00:00,3.828
2023-08-09 08:00:00,5.840999999999999
2023-08-09 09:00:00,9.636
2023-08-09 10:00:00,7.046
2023-08-09 11:00:00,13.437
2023-08-09 12:00:00,17.858
2023-08-09 13:00:00,14.943
2023-08-09 14:00:00,18.155
2023-08-09 15:00:00,14.781
2023-08-09 16:00:00,12.213000000000001
2023-08-09 17:00:00,5.316
2023-08-09 18:00:00,0.795
2023-08-09 19:00:00,0.0
2023-08-09 20:00:00,0.0
2023-08-09 21:00:00,0.0
2023-08-09 22:00:00,0.0
2023-08-09 23:00:00,0.0
2023-08-10 00:00:00,0.0
2023-08-10 01:00:00,0.0
2023-08-10 02:00:00,0.0
2023-08-10 03:00:00,0.0
2023-08-10 04:00:00,0.0
2023-08-10 05:00:00,0.0
2023-08-10 06:00:00,0.195
2023-08-10 07:00:00,1.4789999999999999
2023-08-10 08:00:00,3.7640000000000002
2023-08-10 09:00:00,8.381
2023-08-10 10:00:00,11.259
2023-08-10 11:00:00,5.073
2023-08-10 12:00:00,8.268
2023-08-10 13:00:00,0.8009999999999999
2023-08-10 14:00:00,2.472
2023-08-10 15:00:00,3.352
2023-08-10 16:00:00,2.789
2023-08-10 17:00:00,3.838
2023-08-10 18:00:00,0.9149999999999999
2023-08-10 19:00:00,0.0
2023-08-10 20:00:00,0.0
2023-08-10 21:00:00,0.0
2023-08-10 22:00:00,0.0
2023-08-10 23:00:00,0.0
2023-08-11 00:00:00,0.0
2023-08-11 01:00:00,0.0
2023-08-11 02:00:00,0.0
2023-08-11 03:00:00,0.0
2023-08-11 04:00:00,0.0
2023-08-11 05:00:00,0.0
2023-08-11 06:00:00,0.449
2023-08-11 07:00:00,5.15
2023-08-11 08:00:00,6.622
2023-08-11 09:00:00,6.955
2023-08-11 10:00:00,2.447
2023-08-11 11:00:00,3.2190000000000003
2023-08-11 12:00:00,16.47
2023-08-11 13:00:00,16.699
2023-08-11 14:00:00,16.324
2023-08-11 15:00:00,11.696
2023-08-11 16:00:00,8.485999999999999
2023-08-11 17:00:00,3.454
2023-08-11 18:00:00,0.41300000000000003
2023-08-11 19:00:00,0.0
2023-08-11 20:00:00,0.0
2023-08-11 21:00:00,0.0
2023-08-11 22:00:00,0.0
2023-08-11 23:00:00,0.0
2023-08-12 00:00:00,0.0
2023-08-12 01:00:00,0.0
2023-08-12 02:00:00,0.0
2023-08-12 03:00:00,0.0
2023-08-12 04:00:00,0.0
2023-08-12 05:00:00,0.0
2023-08-12 06:00:00,0.292
2023-08-12 07:00:00,2.355
2023-08-12 08:00:00,9.533
2023-08-12 09:00:00,18.461000000000002
2023-08-12 10:00:00,12.33
2023-08-12 11:00:00,18.204
2023-08-12 12:00:00,15.361
2023-08-12 13:00:00,18.791
2023-08-12 14:00:00,16.009999999999998
2023-08-12 15:00:00,7.619
2023-08-12 16:00:00,11.718
2023-08-12 17:00:00,3.848
2023-08-12 18:00:00,0.37
2023-08-12 19:00:00,0.0
2023-08-12 20:00:00,0.0
2023-08-12 21:00:00,0.0
2023-08-12 22:00:00,0.0
2023-08-12 23:00:00,0.0
2023-08-13 00:00:00,0.0
2023-08-13 01:00:00,0.0
2023-08-13 02:00:00,0.0
2023-08-13 03:00:00,0.0
2023-08-13 04:00:00,0.0
2023-08-13 05:00:00,0.0
2023-08-13 06:00:00,0.066
2023-08-13 07:00:00,3.365
2023-08-13 08:00:00,8.917
2023-08-13 09:00:00,5.386
2023-08-13 10:00:00,6.758
2023-08-13 11:00:00,16.777
2023-08-13 12:00:00,14.464
2023-08-13 13:00:00,7.964
2023-08-13 14:00:00,6.816
2023-08-13 15:00:00,4.375
2023-08-13 16:00:00,2.665
2023-08-13 17:00:00,1.6989999999999998
2023-08-13 18:00:00,0.749
2023-08-13 19:00:00,0.0
2023-08-13 20:00:00,0.0
2023-08-13 21:00:00,0.0
2023-08-13 22:00:00,0.0
2023-08-13 23:00:00,0.0
2023-08-14 00:00:00,0.0
2023-08-14 01:00:00,0.0
2023-08-14 02:00:00,0.0
2023-08-14 03:00:00,0.0
2023-08-14 04:00:00,0.0
2023-08-14 05:00:00,0.0
2023-08-14 06:00:00,0.45799999999999996
2023-08-14 07:00:00,2.183
2023-08-14 08:00:00,7.295
2023-08-14 09:00:00,9.363
2023-08-14 10:00:00,14.146
2023-08-14 11:00:00,11.75
2023-08-14 12:00:00,10.434000000000001
2023-08-14 13:00:00,11.187000000000001
2023-08-14 14:00:00,17.323999999999998
2023-08-14 15:00:00,12.122
2023-08-14 16:00:00,7.019
2023-08-14 17:00:00,2.334
2023-08-14 18:00:00,0.536
2023-08-14 19:00:00,0.0
2023-08-14 20:00:00,0.0
2023-08-14 21:00:00,0.0
2023-08-14 22:00:00,0.0
2023-08-14 23:00:00,0.0
2023-08-15 00:00:00,0.0
2023-08-15 01:00:00,0.0
2023-08-15 02:00:00,0.0
2023-08-15 03:00:00,0.0
2023-08-15 04:00:00,0.0
2023-08-15 05:00:00,0.0
2023-08-15 06:00:00,0.8069999999999999
2023-08-15 07:00:00,5.148
2023-08-15 08:00:00,12.347
2023-08-15 09:00:00,18.168
2023-08-15 10:00:00,21.11
2023-08-15 11:00:00,19.992
2023-08-15 12:00:00,19.201
2023-08-15 13:00:00,21.115000000000002
2023-08-15 14:00:00,15.126000000000001
2023-08-15 15:00:00,10.92
2023-08-15 16:00:00,8.884
2023-08-15 17:00:00,2.387
2023-08-15 18:00:00,0.267
2023-08-15 19:00:00,0.0
2023-08-15 20:00:00,0.0
2023-08-15 21:00:00,0.0
2023-08-15 22:00:00,0.0
2023-08-15 23:00:00,0.0
2023-08-16 00:00:00,0.0
2023-08-16 01:00:00,0.0
2023-08-16 02:00:00,0.0
2023-08-16 03:00:00,0.0
2023-08-16 04:00:00,0.0
2023-08-16 05:00:00,0.0
2023-08-16 06:00:00,0.992
2023-08-16 07:00:00,5.963
2023-08-16 08:00:00,11.866
2023-08-16 09:00:00,15.398
2023-08-16 10:00:00,17.814
2023-08-16 11:00:00,21.736
2023-08-16 12:00:00,18.976
2023-08-16 13:00:00,18.401
2023-08-16 14:00:00,17.958
2023-08-16 15:00:00,15.458
2023-08-16 16:00:00,10.639
2023-08-16 17:00:00,5.374
2023-08-16 18:00:00,1.486
2023-08-16 19:00:00,0.0
2023-08-16 20:00:00,0.0
2023-08-16 21:00:00,0.0
2023-08-16 22:00:00,0.0
2023-08-16 23:00:00,0.0
2023-08-17 00:00:00,0.0
2023-08-17 01:00:00,0.0
2023-08-17 02:00:00,0.0
2023-08-17 03:00:00,0.0
2023-08-17 04:00:00,0.0
2023-08-17 05:00:00,0.0
2023-08-17 06:00:00,1.163
2023-08-17 07:00:00,5.732
2023-08-17 08:00:00,11.888
2023-08-17 09:00:00,15.687000000000001
2023-08-17 10:00:00,23.163
2023-08-17 11:00:00,22.521
2023-08-17 12:00:00,9.509
2023-08-17 13:00:00,0.858
2023-08-17 14:00:00,0.914
2023-08-17 15:00:00,4.41
2023-08-17 16:00:00,2.1270000000000002
2023-08-17 17:00:00,0.842
2023-08-17 18:00:00,0.163
2023-08-17 19:00:00,0.0
2023-08-17 20:00:00,0.0
2023-08-17 21:00:00,0.0
2023-08-17 22:00:00,0.0
2023-08-17 23:00:00,0.0
2023-08-18 00:00:00,0.0
2023-08-18 01:00:00,0.0
2023-08-18 02:00:00,0.0
2023-08-18 03:00:00,0.0
2023-08-18 04:00:00,0.0
2023-08-18 05:00:00,0.0
2023-08-18 06:00:00,0.6479999999999999
2023-08-18 07:00:00,5.656
2023-08-18 08:00:00,11.478
2023-08-18 09:00:00,10.708
2023-08-18 10:00:00,3.3689999999999998
2023-08-18 11:00:00,0.091
2023-08-18 12:00:00,1.382
2023-08-18 13:00:00,5.594
2023-08-18 14:00:00,9.32
2023-08-18 15:00:00,9.761000000000001
2023-08-18 16:00:00,5.859
2023-08-18 17:00:00,2.491
2023-08-18 18:00:00,1.0350000000000001
2023-08-18 19:00:00,0.0
2023-08-18 20:00:00,0.0
2023-08-18 21:00:00,0.0
2023-08-18 22:00:00,0.0
2023-08-18 23:00:00,0.0
2023-08-19 00:00:00,0.0
2023-08-19 01:00:00,0.0
2023-08-19 02:00:00,0.0
2023-08-19 03:00:00,0.0
2023-08-19 04:00:00,0.0
2023-08-19 05:00:00,0.0
2023-08-19 06:00:00,0.48000000000000004
2023-08-19 07:00:00,3.327
2023-08-19 08:00:00,9.373999999999999
2023-08-19 09:00:00,12.249
2023-08-19 10:00:00,3.895
2023-08-19 11:00:00,9.418
2023-08-19 12:00:00,9.804
2023-08-19 13:00:00,3.241
2023-08-19 14:00:00,4.469
2023-08-19 15:00:00,8.254
2023-08-19 16:00:00,11.219
2023-08-19 17:00:00,3.4939999999999998
2023-08-19 18:00:00,0.773
2023-08-19 19:00:00,0.0
2023-08-19 20:00:00,0.0
2023-08-19 21:00:00,0.0
2023-08-19 22:00:00,0.0
2023-08-19 23:00:00,0.0
2023-08-20 00:00:00,0.0
2023-08-20 01:00:00,0.0
2023-08-20 02:00:00,0.0
2023-08-20 03:00:00,0.0
2023-08-20 04:00:00,0.0
2023-08-20 05:00:00,0.0
2023-08-20 06:00:00,0.091
2023-08-20 07:00:00,0.751
2023-08-20 08:00:00,12.078
2023-08-20 09:00:00,20.291
2023-08-20 10:00:00,12.833
2023-08-20 11:00:00,9.36
2023-08-20 12:00:00,13.139
2023-08-20 13:00:00,11.591000000000001
2023-08-20 14:00:00,9.197000000000001
2023-08-20 15:00:00,8.439
2023-08-20 16:00:00,5.125
2023-08-20 17:00:00,2.213
2023-08-20 18:00:00,0.375
2023-08-20 19:00:00,0.0
2023-08-20 20:00:00,0.0
2023-08-20 21:00:00,0.0
2023-08-20 22:00:00,0.0
2023-08-20 23:00:00,0.0
2023-08-21 00:00:00,0.0
2023-08-21 01:00:00,0.0
2023-08-21 02:00:00,0.0
2023-08-21 03:00:00,0.0
2023-08-21 04:00:00,0.0
2023-08-21 05:00:00,0.0
2023-08-21 06:00:00,0.48400000000000004
2023-08-21 07:00:00,4.497999999999999
2023-08-21 08:00:00,10.341000000000001
2023-08-21 09:00:00,13.139
2023-08-21 10:00:00,19.402
2023-08-21 11:00:00,6.411
2023-08-21 12:00:00,19.616
2023-08-21 13:00:00,10.438
2023-08-21 14:00:00,8.091000000000001
2023-08-21 15:00:00,13.632000000000001
2023-08-21 16:00:00,4.508
2023-08-21 17:00:00,1.193
2023-08-21 18:00:00,0.11199999999999999
2023-08-21 19:00:00,0.0
2023-08-21 20:00:00,0.0
2023-08-21 21:00:00,0.0
2023-08-21 22:00:00,0.0
2023-08-21 23:00:00,0.0
2023-08-22 00:00:00,0.0
2023-08-22 01:00:00,0.0
2023-08-22 02:00:00,0.0
2023-08-22 03:00:00,0.0
2023-08-22 04:00:00,0.0
2023-08-22 05:00:00,0.0
2023-08-22 06:00:00,0.6539999999999999
2023-08-22 07:00:00,5.779
2023-08-22 08:00:00,12.71
2023-08-22 09:00:00,22.093
2023-08-22 10:00:00,22.238
2023-08-22 11:00:00,16.874
2023-08-22 12:00:00,12.572
2023-08-22 13:00:00,11.163
2023-08-22 14:00:00,15.822000000000001
2023-08-22 15:00:00,12.432
2023-08-22 16:00:00,3.0780000000000003
2023-08-22 17:00:00,1.6680000000000001
2023-08-22 18:00:00,0.268
2023-08-22 19:00:00,0.0
2023-08-22 20:00:00,0.0
2023-08-22 21:00:00,0.0
2023-08-22 22:00:00,0.0
2023-08-22 23:00:00,0.0
2023-08-23 00:00:00,0.0
2023-08-23 01:00:00,0.0
2023-08-23 02:00:00,0.0
2023-08-23 03:00:00,0.0
2023-08-23 04:00:00,0.0
2023-08-23 05:00:00,0.0
2023-08-23 06:00:00,0.448
2023-08-23 07:00:00,1.353
2023-08-23 08:00:00,6.484
2023-08-23 09:00:00,7.686999999999999
2023-08-23 10:00:00,13.298
2023-08-23 11:00:00,22.116
2023-08-23 12:00:00,25.851000000000003
2023-08-23 13:00:00,20.382
2023-08-23 14:00:00,14.963999999999999
2023-08-23 15:00:00,14.001
2023-08-23 16:00:00,8.014
2023-08-23 17:00:00,2.835
2023-08-23 18:00:00,0.33899999999999997
2023-08-23 19:00:00,0.0
2023-08-23 20:00:00,0.0
2023-08-23 21:00:00,0.0
2023-08-23 22:00:00,0.0
2023-08-23 23:00:00,0.0
2023-08-24 00:00:00,0.0
2023-08-24 01:00:00,0.0
2023-08-24 02:00:00,0.0
2023-08-24 03:00:00,0.0
2023-08-24 04:00:00,0.0
2023-08-24 05:00:00,0.0
2023-08-24 06:00:00,0.0
2023-08-24 07:00:00,0.071
2023-08-24 08:00:00,1.094
2023-08-24 09:00:00,3.113
2023-08-24 10:00:00,6.286
2023-08-24 11:00:00,15.872
2023-08-24 12:00:00,17.448
2023-08-24 13:00:00,18.772
2023-08-24 14:00:00,15.093
2023-08-24 15:00:00,6.896
2023-08-24 16:00:00,5.2669999999999995
2023-08-24 17:00:00,2.9320000000000004
2023-08-24 18:00:00,0.254
2023-08-24 19:00:00,0.0
2023-08-24 20:00:00,0.0
2023-08-24 21:00:00,0.0
2023-08-24 22:00:00,0.0
2023-08-24 23:00:00,0.0
2023-08-25 00:00:00,0.0
2023-08-25 01:00:00,0.0
2023-08-25 02:00:00,0.0
2023-08-25 03:00:00,0.0
2023-08-25 04:00:00,0.0
2023-08-25 05:00:00,0.0
2023-08-25 06:00:00,0.885
2023-08-25 07:00:00,4.896
2023-08-25 08:00:00,14.003
2023-08-25 09:00:00,20.665
2023-08-25 10:00:00,26.514
2023-08-25 11:00:00,18.325
2023-08-25 12:00:00,17.273
2023-08-25 13:00:00,4.96
2023-08-25 14:00:00,1.548
2023-08-25 15:00:00,2.7760000000000002
2023-08-25 16:00:00,2.52
2023-08-25 17:00:00,1.987
2023-08-25 18:00:00,0.359
2023-08-25 19:00:00,0.0
2023-08-25 20:00:00,0.0
2023-08-25 21:00:00,0.0
2023-08-25 22:00:00,0.0
2023-08-25 23:00:00,0.0
2023-08-26 00:00:00,0.0
2023-08-26 01:00:00,0.0
2023-08-26 02:00:00,0.0
2023-08-26 03:00:00,0.0
2023-08-26 04:00:00,0.0
2023-08-26 05:00:00,0.0
2023-08-26 06:00:00,0.65
2023-08-26 07:00:00,6.984999999999999
2023-08-26 08:00:00,11.203
2023-08-26 09:00:00,15.808
2023-08-26 10:00:00,11.464
2023-08-26 11:00:00,9.065
2023-08-26 12:00:00,11.84
2023-08-26 13:00:00,11.218
2023-08-26 14:00:00,6.325
2023-08-26 15:00:00,3.1189999999999998
2023-08-26 16:00:00,2.99
2023-08-26 17:00:00,0.9790000000000001
2023-08-26 18:00:00,0.0
2023-08-26 19:00:00,0.0
2023-08-26 20:00:00,0.0
2023-08-26 21:00:00,0.0
2023-08-26 22:00:00,0.0
2023-08-26 23:00:00,0.0
2023-08-27 00:00:00,0.0
2023-08-27 01:00:00,0.0
2023-08-27 02:00:00,0.0
2023-08-27 03:00:00,0.0
2023-08-27 04:00:00,0.0
2023-08-27 05:00:00,0.0
2023-08-27 06:00:00,0.038
2023-08-27 07:00:00,0.486
2023-08-27 08:00:00,3.049
2023-08-27 09:00:00,4.325
2023-08-27 10:00:00,5.835
2023-08-27 11:00:00,10.206
2023-08-27 12:00:00,11.484
2023-08-27 13:00:00,10.93
2023-08-27 14:00:00,12.088000000000001
2023-08-27 15:00:00,7.827999999999999
2023-08-27 16:00:00,5.941
2023-08-27 17:00:00,2.115
2023-08-27 18:00:00,0.094
2023-08-27 19:00:00,0.0
2023-08-27 20:00:00,0.0
2023-08-27 21:00:00,0.0
2023-08-27 22:00:00,0.0
2023-08-27 23:00:00,0.0
2023-08-28 00:00:00,0.0
2023-08-28 01:00:00,0.0
2023-08-28 02:00:00,0.0
2023-08-28 03:00:00,0.0
2023-08-28 04:00:00,0.0
2023-08-28 05:00:00,0.0
2023-08-28 06:00:00,1.165
2023-08-28 07:00:00,4.8759999999999994
2023-08-28 08:00:00,8.434
2023-08-28 09:00:00,13.655999999999999
2023-08-28 10:00:00,9.464
2023-08-28 11:00:00,14.05
2023-08-28 12:00:00,12.172
2023-08-28 13:00:00,13.711
2023-08-28 14:00:00,12.376
2023-08-28 15:00:00,8.557
2023-08-28 16:00:00,3.067
2023-08-28 17:00:00,1.409
2023-08-28 18:00:00,0.149
2023-08-28 19:00:00,0.0
2023-08-28 20:00:00,0.0
2023-08-28 21:00:00,0.0
2023-08-28 22:00:00,0.0
2023-08-28 23:00:00,0.0
2023-08-29 00:00:00,0.0
2023-08-29 01:00:00,0.0
2023-08-29 02:00:00,0.0
2023-08-29 03:00:00,0.0
2023-08-29 04:00:00,0.0
2023-08-29 05:00:00,0.0
2023-08-29 06:00:00,0.732
2023-08-29 07:00:00,6.42
2023-08-29 08:00:00,8.776
2023-08-29 09:00:00,11.465
2023-08-29 10:00:00,18.394000000000002
2023-08-29 11:00:00,23.320999999999998
2023-08-29 12:00:00,25.898
2023-08-29 13:00:00,21.895
2023-08-29 14:00:00,8.409
2023-08-29 15:00:00,1.798
2023-08-29 16:00:00,2.564
2023-08-29 17:00:00,2.002
2023-08-29 18:00:00,0.179
2023-08-29 19:00:00,0.0
2023-08-29 20:00:00,0.0
2023-08-29 21:00:00,0.0
2023-08-29 22:00:00,0.0
2023-08-29 23:00:00,0.0
2023-08-30 00:00:00,0.0
2023-08-30 01:00:00,0.0
2023-08-30 02:00:00,0.0
2023-08-30 03:00:00,0.0
2023-08-30 04:00:00,0.0
2023-08-30 05:00:00,0.0
2023-08-30 06:00:00,0.966
2023-08-30 07:00:00,3.324
2023-08-30 08:00:00,9.529
2023-08-30 09:00:00,21.588
2023-08-30 10:00:00,24.546
2023-08-30 11:00:00,26.355
2023-08-30 12:00:00,25.741
2023-08-30 13:00:00,20.697
2023-08-30 14:00:00,15.845
2023-08-30 15:00:00,6.361
2023-08-30 16:00:00,6.388
2023-08-30 17:00:00,4.363
2023-08-30 18:00:00,0.354
2023-08-30 19:00:00,0.0
2023-08-30 20:00:00,0.0
2023-08-30 21:00:00,0.0
2023-08-30 22:00:00,0.0
2023-08-30 23:00:00,0.0
2023-08-31 00:00:00,0.0
2023-08-31 01:00:00,0.0
2023-08-31 02:00:00,0.0
2023-08-31 03:00:00,0.0
2023-08-31 04:00:00,0.0
2023-08-31 05:00:00,0.0
2023-08-31 06:00:00,0.563
2023-08-31 07:00:00,3.301
2023-08-31 08:00:00,5.3919999999999995
2023-08-31 09:00:00,7.777
2023-08-31 10:00:00,7.792
2023-08-31 11:00:00,17.195999999999998
2023-08-31 12:00:00,18.333000000000002
2023-08-31 13:00:00,19.933
2023-08-31 14:00:00,14.595
2023-08-31 15:00:00,10.303
2023-08-31 16:00:00,5.7010000000000005
2023-08-31 17:00:00,0.9770000000000001
2023-08-31 18:00:00,0.144
2023-08-31 19:00:00,0.0
2023-08-31 20:00:00,0.0
2023-08-31 21:00:00,0.0
2023-08-31 22:00:00,0.0
2023-08-31 23:00:00,0.0
2023-09-01 00:00:00,0.0
2023-09-01 01:00:00,0.0
2023-09-01 02:00:00,0.0
2023-09-01 03:00:00,0.0
2023-09-01 04:00:00,0.0
2023-09-01 05:00:00,0.0
2023-09-01 06:00:00,0.069
2023-09-01 07:00:00,1.169
2023-09-01 08:00:00,1.782
2023-09-01 09:00:00,3.019
2023-09-01 10:00:00,5.615
2023-09-01 11:00:00,3.887
2023-09-01 12:00:00,2.552
2023-09-01 13:00:00,1.21
2023-09-01 14:00:00,1.3399999999999999
2023-09-01 15:00:00,1.2810000000000001
2023-09-01 16:00:00,0.536
2023-09-01 17:00:00,0.064
2023-09-01 18:00:00,0.0
2023-09-01 19:00:00,0.0
2023-09-01 20:00:00,0.0
2023-09-01 21:00:00,0.0
2023-09-01 22:00:00,0.0
2023-09-01 23:00:00,0.0
2023-09-02 00:00:00,0.0
2023-09-02 01:00:00,0.0
2023-09-02 02:00:00,0.0
2023-09-02 03:00:00,0.0
2023-09-02 04:00:00,0.0
2023-09-02 05:00:00,0.0
2023-09-02 06:00:00,0.0
2023-09-02 07:00:00,0.095
2023-09-02 08:00:00,0.258
2023-09-02 09:00:00,0.605
2023-09-02 10:00:00,1.083
2023-09-02 11:00:00,0.957
2023-09-02 12:00:00,1.286
2023-09-02 13:00:00,1.226
2023-09-02 14:00:00,0.8049999999999999
2023-09-02 15:00:00,0.433
2023-09-02 16:00:00,0.299
2023-09-02 17:00:00,0.0
2023-09-02 18:00:00,0.0
2023-09-02 19:00:00,0.0
2023-09-02 20:00:00,0.0
2023-09-02 21:00:00,0.0
2023-09-02 22:00:00,0.0
2023-09-02 23:00:00,0.0
2023-09-03 00:00:00,0.0
2023-09-03 01:00:00,0.0
2023-09-03 02:00:00,0.0
2023-09-03 03:00:00,0.0
2023-09-03 04:00:00,0.0
2023-09-03 05:00:00,0.0
2023-09-03 06:00:00,0.0
2023-09-03 07:00:00,0.995
2023-09-03 08:00:00,10.338000000000001
2023-09-03 09:00:00,19.561
2023-09-03 10:00:00,21.189
2023-09-03 11:00:00,24.989
2023-09-03 12:00:00,25.017
2023-09-03 13:00:00,20.805
2023-09-03 14:00:00,17.553
2023-09-03 15:00:00,14.323
2023-09-03 16:00:00,7.784000000000001
2023-09-03 17:00:00,2.737
2023-09-03 18:00:00,0.295
2023-09-03 19:00:00,0.0
2023-09-03 20:00:00,0.0
2023-09-03 21:00:00,0.0
2023-09-03 22:00:00,0.0
2023-09-03 23:00:00,0.0
2023-09-04 00:00:00,0.0
2023-09-04 01:00:00,0.0
2023-09-04 02:00:00,0.0
2023-09-04 03:00:00,0.0
2023-09-04 04:00:00,0.0
2023-09-04 05:00:00,0.0
2023-09-04 06:00:00,0.412
2023-09-04 07:00:00,4.6
2023-09-04 08:00:00,10.303999999999998
2023-09-04 09:00:00,13.616
2023-09-04 10:00:00,19.525
2023-09-04 11:00:00,22.195
2023-09-04 12:00:00,16.631999999999998
2023-09-04 13:00:00,14.318999999999999
2023-09-04 14:00:00,12.378
2023-09-04 15:00:00,7.09
2023-09-04 16:00:00,9.511
2023-09-04 17:00:00,2.7390000000000003
2023-09-04 18:00:00,0.468
2023-09-04 19:00:00,0.0
2023-09-04 20:00:00,0.0
2023-09-04 21:00:00,0.0
2023-09-04 22:00:00,0.0
2023-09-04 23:00:00,0.0
2023-09-05 00:00:00,0.0
2023-09-05 01:00:00,0.0
2023-09-05 02:00:00,0.0
2023-09-05 03:00:00,0.0
2023-09-05 04:00:00,0.0
2023-09-05 05:00:00,0.0
2023-09-05 06:00:00,0.432
2023-09-05 07:00:00,1.794
2023-09-05 08:00:00,4.122999999999999
2023-09-05 09:00:00,5.691
2023-09-05 10:00:00,7.065
2023-09-05 11:00:00,6.859
2023-09-05 12:00:00,8.021
2023-09-05 13:00:00,8.207
2023-09-05 14:00:00,8.005
2023-09-05 15:00:00,7.654
2023-09-05 16:00:00,2.562
2023-09-05 17:00:00,0.695
2023-09-05 18:00:00,0.175
2023-09-05 19:00:00,0.0
2023-09-05 20:00:00,0.0
2023-09-05 21:00:00,0.0
2023-09-05 22:00:00,0.0
2023-09-05 23:00:00,0.0
2023-09-06 00:00:00,0.0
2023-09-06 01:00:00,0.0
2023-09-06 02:00:00,0.0
2023-09-06 03:00:00,0.0
2023-09-06 04:00:00,0.0
2023-09-06 05:00:00,0.0
2023-09-06 06:00:00,0.389
2023-09-06 07:00:00,3.135
2023-09-06 08:00:00,6.771
2023-09-06 09:00:00,12.934000000000001
2023-09-06 10:00:00,20.438
2023-09-06 11:00:00,11.306000000000001
2023-09-06 12:00:00,5.218
2023-09-06 13:00:00,11.399000000000001
2023-09-06 14:00:00,10.332
2023-09-06 15:00:00,10.328
2023-09-06 16:00:00,6.058
2023-09-06 17:00:00,2.206
2023-09-06 18:00:00,0.386
2023-09-06 19:00:00,0.0
2023-09-06 20:00:00,0.0
2023-09-06 21:00:00,0.0
2023-09-06 22:00:00,0.0
2023-09-06 23:00:00,0.0
2023-09-07 00:00:00,0.0
2023-09-07 01:00:00,0.0
2023-09-07 02:00:00,0.0
2023-09-07 03:00:00,0.0
2023-09-07 04:00:00,0.0
2023-09-07 05:00:00,0.0
2023-09-07 06:00:00,0.037
2023-09-07 07:00:00,0.6920000000000001
2023-09-07 08:00:00,1.446
2023-09-07 09:00:00,3.697
2023-09-07 10:00:00,3.955
2023-09-07 11:00:00,5.31
2023-09-07 12:00:00,8.97
2023-09-07 13:00:00,11.078
2023-09-07 14:00:00,14.314
2023-09-07 15:00:00,3.941
2023-09-07 16:00:00,1.817
2023-09-07 17:00:00,0.063
2023-09-07 18:00:00,0.0
2023-09-07 19:00:00,0.0
2023-09-07 20:00:00,0.0
2023-09-07 21:00:00,0.0
2023-09-07 22:00:00,0.0
2023-09-07 23:00:00,0.0
2023-09-08 00:00:00,0.0
2023-09-08 01:00:00,0.0
2023-09-08 02:00:00,0.0
2023-09-08 03:00:00,0.0
2023-09-08 04:00:00,0.0
2023-09-08 05:00:00,0.0
2023-09-08 06:00:00,0.0
2023-09-08 07:00:00,0.0
2023-09-08 08:00:00,0.0
2023-09-08 09:00:00,0.0
2023-09-08 10:00:00,0.056999999999999995
2023-09-08 11:00:00,0.248
2023-09-08 12:00:00,0.781
2023-09-08 13:00:00,1.299
2023-09-08 14:00:00,0.639
2023-09-08 15:00:00,1.259
2023-09-08 16:00:00,0.976
2023-09-08 17:00:00,0.215
2023-09-08 18:00:00,0.0
2023-09-08 19:00:00,0.0
2023-09-08 20:00:00,0.0
2023-09-08 21:00:00,0.0
2023-09-08 22:00:00,0.0
2023-09-08 23:00:00,0.0
2023-09-09 00:00:00,0.0
2023-09-09 01:00:00,0.0
2023-09-09 02:00:00,0.0
2023-09-09 03:00:00,0.0
2023-09-09 04:00:00,0.0
2023-09-09 05:00:00,0.0
2023-09-09 06:00:00,0.11499999999999999
2023-09-09 07:00:00,0.9550000000000001
2023-09-09 08:00:00,1.4129999999999998
2023-09-09 09:00:00,1.117
2023-09-09 10:00:00,1.15
2023-09-09 11:00:00,4.228
2023-09-09 12:00:00,2.9850000000000003
2023-09-09 13:00:00,1.92
2023-09-09 14:00:00,0.878
2023-09-09 15:00:00,1.8519999999999999
2023-09-09 16:00:00,2.669
2023-09-09 17:00:00,0.573
2023-09-09 18:00:00,0.0
2023-09-09 19:00:00,0.0
2023-09-09 20:00:00,0.0
2023-09-09 21:00:00,0.0
2023-09-09 22:00:00,0.0
2023-09-09 23:00:00,0.0
2023-09-10 00:00:00,0.0
2023-09-10 01:00:00,0.0
2023-09-10 02:00:00,0.0
2023-09-10 03:00:00,0.0
2023-09-10 04:00:00,0.0
2023-09-10 05:00:00,0.0
2023-09-10 06:00:00,0.0
2023-09-10 07:00:00,0.0
2023-09-10 08:00:00,0.33
2023-09-10 09:00:00,2.004
2023-09-10 10:00:00,4.0280000000000005
2023-09-10 11:00:00,2.492
2023-09-10 12:00:00,2.861
2023-09-10 13:00:00,1.42
2023-09-10 14:00:00,1.73
2023-09-10 15:00:00,4.707000000000001
2023-09-10 16:00:00,3.489
2023-09-10 17:00:00,1.778
2023-09-10 18:00:00,0.081
2023-09-10 19:00:00,0.0
2023-09-10 20:00:00,0.0
2023-09-10 21:00:00,0.0
2023-09-10 22:00:00,0.0
2023-09-10 23:00:00,0.0
2023-09-11 00:00:00,0.0
2023-09-11 01:00:00,0.0
2023-09-11 02:00:00,0.0
2023-09-11 03:00:00,0.0
2023-09-11 04:00:00,0.0
2023-09-11 05:00:00,0.0
2023-09-11 06:00:00,0.028
2023-09-11 07:00:00,1.8010000000000002
2023-09-11 08:00:00,0.6719999999999999
2023-09-11 09:00:00,0.6950000000000001
2023-09-11 10:00:00,2.489
2023-09-11 11:00:00,2.605
2023-09-11 12:00:00,1.736
2023-09-11 13:00:00,2.0149999999999997
2023-09-11 14:00:00,3.516
2023-09-11 15:00:00,3.021
2023-09-11 16:00:00,1.009
2023-09-11 17:00:00,0.379
2023-09-11 18:00:00,0.0
2023-09-11 19:00:00,0.0
2023-09-11 20:00:00,0.0
2023-09-11 21:00:00,0.0
2023-09-11 22:00:00,0.0
2023-09-11 23:00:00,0.0
2023-09-12 00:00:00,0.0
2023-09-12 01:00:00,0.0
2023-09-12 02:00:00,0.0
2023-09-12 03:00:00,0.0
2023-09-12 04:00:00,0.0
2023-09-12 05:00:00,0.0
2023-09-12 06:00:00,0.597
2023-09-12 07:00:00,4.16
2023-09-12 08:00:00,8.462
2023-09-12 09:00:00,12.170000000000002
2023-09-12 10:00:00,8.315
2023-09-12 11:00:00,9.112
2023-09-12 12:00:00,6.007000000000001
2023-09-12 13:00:00,4.991
2023-09-12 14:00:00,1.005
2023-09-12 15:00:00,1.187
2023-09-12 16:00:00,1.837
2023-09-12 17:00:00,2.302
2023-09-12 18:00:00,0.192
2023-09-12 19:00:00,0.0
2023-09-12 20:00:00,0.0
2023-09-12 21:00:00,0.0
2023-09-12 22:00:00,0.0
2023-09-12 23:00:00,0.0
2023-09-13 00:00:00,0.0
2023-09-13 01:00:00,0.0
2023-09-13 02:00:00,0.0
2023-09-13 03:00:00,0.0
2023-09-13 04:00:00,0.0
2023-09-13 05:00:00,0.0
2023-09-13 06:00:00,0.483
2023-09-13 07:00:00,3.388
2023-09-13 08:00:00,10.716
2023-09-13 09:00:00,13.109000000000002
2023-09-13 10:00:00,9.943999999999999
2023-09-13 11:00:00,4.918
2023-09-13 12:00:00,7.927
2023-09-13 13:00:00,7.186
2023-09-13 14:00:00,8.389
2023-09-13 15:00:00,13.585
2023-09-13 16:00:00,4.765000000000001
2023-09-13 17:00:00,0.714
2023-09-13 18:00:00,0.013
2023-09-13 19:00:00,0.0
2023-09-13 20:00:00,0.0
2023-09-13 21:00:00,0.0
2023-09-13 22:00:00,0.0
2023-09-13 23:00:00,0.0
2023-09-14 00:00:00,0.0
2023-09-14 01:00:00,0.0
2023-09-14 02:00:00,0.0
2023-09-14 03:00:00,0.0
2023-09-14 04:00:00,0.0
2023-09-14 05:00:00,0.0
2023-09-14 06:00:00,0.0
2023-09-14 07:00:00,0.0
2023-09-14 08:00:00,0.174
2023-09-14 09:00:00,0.79
2023-09-14 10:00:00,0.5740000000000001
2023-09-14 11:00:00,0.808
2023-09-14 12:00:00,1.6119999999999999
2023-09-14 13:00:00,2.284
2023-09-14 14:00:00,4.697
2023-09-14 15:00:00,4.449
2023-09-14 16:00:00,3.755
2023-09-14 17:00:00,0.594
2023-09-14 18:00:00,0.0
2023-09-14 19:00:00,0.0
2023-09-14 20:00:00,0.0
2023-09-14 21:00:00,0.0
2023-09-14 22:00:00,0.0
2023-09-14 23:00:00,0.0
2023-09-15 00:00:00,0.0
2023-09-15 01:00:00,0.0
2023-09-15 02:00:00,0.0
2023-09-15 03:00:00,0.0
2023-09-15 04:00:00,0.0
2023-09-15 05:00:00,0.0
2023-09-15 06:00:00,0.022
2023-09-15 07:00:00,1.326
2023-09-15 08:00:00,4.371
2023-09-15 09:00:00,11.042
2023-09-15 10:00:00,16.309
2023-09-15 11:00:00,5.746
2023-09-15 12:00:00,14.779
2023-09-15 13:00:00,12.289000000000001
2023-09-15 14:00:00,3.336
2023-09-15 15:00:00,1.224
2023-09-15 16:00:00,0.716
2023-09-15 17:00:00,0.294
2023-09-15 18:00:00,0.0
2023-09-15 19:00:00,0.0
2023-09-15 20:00:00,0.0
2023-09-15 21:00:00,0.0
2023-09-15 22:00:00,0.0
2023-09-15 23:00:00,0.0
2023-09-16 00:00:00,0.0
2023-09-16 01:00:00,0.0
2023-09-16 02:00:00,0.0
2023-09-16 03:00:00,0.0
2023-09-16 04:00:00,0.0
2023-09-16 05:00:00,0.0
2023-09-16 06:00:00,0.187
2023-09-16 07:00:00,1.773
2023-09-16 08:00:00,4.5329999999999995
2023-09-16 09:00:00,7.0
2023-09-16 10:00:00,11.235
2023-09-16 11:00:00,11.21
2023-09-16 12:00:00,5.461
2023-09-16 13:00:00,8.972
2023-09-16 14:00:00,4.761
2023-09-16 15:00:00,2.294
2023-09-16 16:00:00,1.27
2023-09-16 17:00:00,0.45499999999999996
2023-09-16 18:00:00,0.0
2023-09-16 19:00:00,0.0
2023-09-16 20:00:00,0.0
2023-09-16 21:00:00,0.0
2023-09-16 22:00:00,0.0
2023-09-16 23:00:00,0.0
2023-09-17 00:00:00,0.0
2023-09-17 01:00:00,0.0
2023-09-17 02:00:00,0.0
2023-09-17 03:00:00,0.0
2023-09-17 04:00:00,0.0
2023-09-17 05:00:00,0.0
2023-09-17 06:00:00,0.51
2023-09-17 07:00:00,4.576
2023-09-17 08:00:00,9.425
2023-09-17 09:00:00,10.086
2023-09-17 10:00:00,16.437
2023-09-17 11:00:00,22.726
2023-09-17 12:00:00,23.231
2023-09-17 13:00:00,16.177
2023-09-17 14:00:00,14.924
2023-09-17 15:00:00,4.382
2023-09-17 16:00:00,2.1
2023-09-17 17:00:00,1.745
2023-09-17 18:00:00,0.032
2023-09-17 19:00:00,0.0
2023-09-17 20:00:00,0.0
2023-09-17 21:00:00,0.0
2023-09-17 22:00:00,0.0
2023-09-17 23:00:00,0.0
2023-09-18 00:00:00,0.0
2023-09-18 01:00:00,0.0
2023-09-18 02:00:00,0.0
2023-09-18 03:00:00,0.0
2023-09-18 04:00:00,0.0
2023-09-18 05:00:00,0.0
2023-09-18 06:00:00,0.301
2023-09-18 07:00:00,3.2800000000000002
2023-09-18 08:00:00,13.885
2023-09-18 09:00:00,19.691
2023-09-18 10:00:00,24.171
2023-09-18 11:00:00,24.855
2023-09-18 12:00:00,22.646
2023-09-18 13:00:00,19.345
2023-09-18 14:00:00,16.607
2023-09-18 15:00:00,13.111
2023-09-18 16:00:00,7.547000000000001
2023-09-18 17:00:00,1.931
2023-09-18 18:00:00,0.045
2023-09-18 19:00:00,0.0
2023-09-18 20:00:00,0.0
2023-09-18 21:00:00,0.0
2023-09-18 22:00:00,0.0
2023-09-18 23:00:00,0.0
2023-09-19 00:00:00,0.0
2023-09-19 01:00:00,0.0
2023-09-19 02:00:00,0.0
2023-09-19 03:00:00,0.0
2023-09-19 04:00:00,0.0
2023-09-19 05:00:00,0.0
2023-09-19 06:00:00,0.371
2023-09-19 07:00:00,3.675
2023-09-19 08:00:00,16.688
2023-09-19 09:00:00,20.086
2023-09-19 10:00:00,17.184
2023-09-19 11:00:00,20.234
2023-09-19 12:00:00,22.627000000000002
2023-09-19 13:00:00,19.426000000000002
2023-09-19 14:00:00,16.398
2023-09-19 15:00:00,12.983
2023-09-19 16:00:00,7.59
2023-09-19 17:00:00,1.728
2023-09-19 18:00:00,0.058
2023-09-19 19:00:00,0.0
2023-09-19 20:00:00,0.0
2023-09-19 21:00:00,0.0
2023-09-19 22:00:00,0.0
2023-09-19 23:00:00,0.0
2023-09-20 00:00:00,0.0
2023-09-20 01:00:00,0.0
2023-09-20 02:00:00,0.0
2023-09-20 03:00:00,0.0
2023-09-20 04:00:00,0.0
2023-09-20 05:00:00,0.0
2023-09-20 06:00:00,0.263
2023-09-20 07:00:00,5.041
2023-09-20 08:00:00,12.295
2023-09-20 09:00:00,18.613
2023-09-20 10:00:00,25.651
2023-09-20 11:00:00,21.044
2023-09-20 12:00:00,22.389
2023-09-20 13:00:00,18.862000000000002
2023-09-20 14:00:00,16.21
2023-09-20 15:00:00,12.494
2023-09-20 16:00:00,7.157
2023-09-20 17:00:00,1.847
2023-09-20 18:00:00,0.069
2023-09-20 19:00:00,0.0
2023-09-20 20:00:00,0.0
2023-09-20 21:00:00,0.0
2023-09-20 22:00:00,0.0
2023-09-20 23:00:00,0.0
2023-09-21 00:00:00,0.0
2023-09-21 01:00:00,0.0
2023-09-21 02:00:00,0.0
2023-09-21 03:00:00,0.0
2023-09-21 04:00:00,0.0
2023-09-21 05:00:00,0.0
2023-09-21 06:00:00,0.5529999999999999
2023-09-21 07:00:00,4.797
2023-09-21 08:00:00,11.429
2023-09-21 09:00:00,18.122
2023-09-21 10:00:00,23.122
2023-09-21 11:00:00,24.6
2023-09-21 12:00:00,23.43
2023-09-21 13:00:00,17.85
2023-09-21 14:00:00,8.589
2023-09-21 15:00:00,11.522
2023-09-21 16:00:00,5.205
2023-09-21 17:00:00,1.948
2023-09-21 18:00:00,0.042
2023-09-21 19:00:00,0.0
2023-09-21 20:00:00,0.0
2023-09-21 21:00:00,0.0
2023-09-21 22:00:00,0.0
2023-09-21 23:00:00,0.0
2023-09-22 00:00:00,0.0
2023-09-22 01:00:00,0.0
2023-09-22 02:00:00,0.0
2023-09-22 03:00:00,0.0
2023-09-22 04:00:00,0.0
2023-09-22 05:00:00,0.0
2023-09-22 06:00:00,0.532
2023-09-22 07:00:00,4.208
2023-09-22 08:00:00,11.350000000000001
2023-09-22 09:00:00,18.137
2023-09-22 10:00:00,21.719
2023-09-22 11:00:00,20.579
2023-09-22 12:00:00,22.68
2023-09-22 13:00:00,19.188000000000002
2023-09-22 14:00:00,16.075
2023-09-22 15:00:00,10.689
2023-09-22 16:00:00,1.873
2023-09-22 17:00:00,0.432
2023-09-22 18:00:00,0.0
2023-09-22 19:00:00,0.0
2023-09-22 20:00:00,0.0
2023-09-22 21:00:00,0.0
2023-09-22 22:00:00,0.0
2023-09-22 23:00:00,0.0
2023-09-23 00:00:00,0.0
2023-09-23 01:00:00,0.0
2023-09-23 02:00:00,0.0
2023-09-23 03:00:00,0.0
2023-09-23 04:00:00,0.0
2023-09-23 05:00:00,0.0
2023-09-23 06:00:00,0.48100000000000004
2023-09-23 07:00:00,4.537
2023-09-23 08:00:00,6.502
2023-09-23 09:00:00,14.758
2023-09-23 10:00:00,21.241
2023-09-23 11:00:00,23.824
2023-09-23 12:00:00,22.65
2023-09-23 13:00:00,17.709
2023-09-23 14:00:00,15.587
2023-09-23 15:00:00,12.584
2023-09-23 16:00:00,6.163
2023-09-23 17:00:00,1.978
2023-09-23 18:00:00,0.056
2023-09-23 19:00:00,0.0
2023-09-23 20:00:00,0.0
2023-09-23 21:00:00,0.0
2023-09-23 22:00:00,0.0
2023-09-23 23:00:00,0.0
2023-09-24 00:00:00,0.0
2023-09-24 01:00:00,0.0
2023-09-24 02:00:00,0.0
2023-09-24 03:00:00,0.0
2023-09-24 04:00:00,0.0
2023-09-24 05:00:00,0.0
2023-09-24 06:00:00,0.068
2023-09-24 07:00:00,1.698
2023-09-24 08:00:00,2.297
2023-09-24 09:00:00,10.89
2023-09-24 10:00:00,4.179
2023-09-24 11:00:00,6.0280000000000005
2023-09-24 12:00:00,12.697000000000001
2023-09-24 13:00:00,15.948
2023-09-24 14:00:00,16.145
2023-09-24 15:00:00,11.67
2023-09-24 16:00:00,7.416
2023-09-24 17:00:00,1.662
2023-09-24 18:00:00,0.017
2023-09-24 19:00:00,0.0
2023-09-24 20:00:00,0.0
2023-09-24 21:00:00,0.0
2023-09-24 22:00:00,0.0
2023-09-24 23:00:00,0.0
2023-09-25 00:00:00,0.0
2023-09-25 01:00:00,0.0
2023-09-25 02:00:00,0.0
2023-09-25 03:00:00,0.0
2023-09-25 04:00:00,0.0
2023-09-25 05:00:00,0.0
2023-09-25 06:00:00,0.481
2023-09-25 07:00:00,7.172
2023-09-25 08:00:00,11.712
2023-09-25 09:00:00,18.438000000000002
2023-09-25 10:00:00,24.806
2023-09-25 11:00:00,24.406
2023-09-25 12:00:00,23.359
2023-09-25 13:00:00,18.11
2023-09-25 14:00:00,16.214
2023-09-25 15:00:00,12.734
2023-09-25 16:00:00,3.5540000000000003
2023-09-25 17:00:00,1.157
2023-09-25 18:00:00,0.043
2023-09-25 19:00:00,0.0
2023-09-25 20:00:00,0.0
2023-09-25 21:00:00,0.0
2023-09-25 22:00:00,0.0
2023-09-25 23:00:00,0.0
2023-09-26 00:00:00,0.0
2023-09-26 01:00:00,0.0
2023-09-26 02:00:00,0.0
2023-09-26 03:00:00,0.0
2023-09-26 04:00:00,0.0
2023-09-26 05:00:00,0.0
2023-09-26 06:00:00,0.41
2023-09-26 07:00:00,3.886
2023-09-26 08:00:00,5.099
2023-09-26 09:00:00,10.411
2023-09-26 10:00:00,17.559
2023-09-26 11:00:00,14.246
2023-09-26 12:00:00,19.242
2023-09-26 13:00:00,14.245000000000001
2023-09-26 14:00:00,15.506
2023-09-26 15:00:00,11.955
2023-09-26 16:00:00,4.894
2023-09-26 17:00:00,1.333
2023-09-26 18:00:00,0.0
2023-09-26 19:00:00,0.0
2023-09-26 20:00:00,0.0
2023-09-26 21:00:00,0.0
2023-09-26 22:00:00,0.0
2023-09-26 23:00:00,0.0
2023-09-27 00:00:00,0.0
2023-09-27 01:00:00,0.0
2023-09-27 02:00:00,0.0
2023-09-27 03:00:00,0.0
2023-09-27 04:00:00,0.0
2023-09-27 05:00:00,0.0
2023-09-27 06:00:00,0.285
2023-09-27 07:00:00,6.152
2023-09-27 08:00:00,7.4399999999999995
2023-09-27 09:00:00,15.961
2023-09-27 10:00:00,21.526
2023-09-27 11:00:00,22.883000000000003
2023-09-27 12:00:00,21.808
2023-09-27 13:00:00,17.758000000000003
2023-09-27 14:00:00,15.797
2023-09-27 15:00:00,12.048
2023-09-27 16:00:00,6.597
2023-09-27 17:00:00,1.591
2023-09-27 18:00:00,0.011
2023-09-27 19:00:00,0.0
2023-09-27 20:00:00,0.0
2023-09-27 21:00:00,0.0
2023-09-27 22:00:00,0.0
2023-09-27 23:00:00,0.0
2023-09-28 00:00:00,0.0
2023-09-28 01:00:00,0.0
2023-09-28 02:00:00,0.0
2023-09-28 03:00:00,0.0
2023-09-28 04:00:00,0.0
2023-09-28 05:00:00,0.0
2023-09-28 06:00:00,0.508
2023-09-28 07:00:00,5.422000000000001
2023-09-28 08:00:00,11.081
2023-09-28 09:00:00,14.978
2023-09-28 10:00:00,20.683
2023-09-28 11:00:00,24.593
2023-09-28 12:00:00,20.735
2023-09-28 13:00:00,17.662
2023-09-28 14:00:00,14.55
2023-09-28 15:00:00,9.534
2023-09-28 16:00:00,6.897
2023-09-28 17:00:00,1.124
2023-09-28 18:00:00,0.0
2023-09-28 19:00:00,0.0
2023-09-28 20:00:00,0.0
2023-09-28 21:00:00,0.0
2023-09-28 22:00:00,0.0
2023-09-28 23:00:00,0.0
2023-09-29 00:00:00,0.0
2023-09-29 01:00:00,0.0
2023-09-29 02:00:00,0.0
2023-09-29 03:00:00,0.0
2023-09-29 04:00:00,0.0
2023-09-29 05:00:00,0.0
2023-09-29 06:00:00,0.42100000000000004
2023-09-29 07:00:00,6.003
2023-09-29 08:00:00,9.818
2023-09-29 09:00:00,11.758
2023-09-29 10:00:00,22.225
2023-09-29 11:00:00,23.953
2023-09-29 12:00:00,21.128999999999998
2023-09-29 13:00:00,17.817999999999998
2023-09-29 14:00:00,15.611
2023-09-29 15:00:00,12.035
2023-09-29 16:00:00,6.362
2023-09-29 17:00:00,1.066
2023-09-29 18:00:00,0.01
2023-09-29 19:00:00,0.0
2023-09-29 20:00:00,0.0
2023-09-29 21:00:00,0.0
2023-09-29 22:00:00,0.0
2023-09-29 23:00:00,0.0
2023-09-30 00:00:00,0.0
2023-09-30 01:00:00,0.0
2023-09-30 02:00:00,0.0
2023-09-30 03:00:00,0.0
2023-09-30 04:00:00,0.0
2023-09-30 05:00:00,0.0
2023-09-30 06:00:00,0.516
2023-09-30 07:00:00,4.687
2023-09-30 08:00:00,11.495000000000001
2023-09-30 09:00:00,14.213000000000001
2023-09-30 10:00:00,22.969
2023-09-30 11:00:00,23.309
2023-09-30 12:00:00,20.629
2023-09-30 13:00:00,18.083
2023-09-30 14:00:00,14.167
2023-09-30 15:00:00,9.514000000000001
2023-09-30 16:00:00,6.224
2023-09-30 17:00:00,1.389
2023-09-30 18:00:00,0.008
2023-09-30 19:00:00,0.0
2023-09-30 20:00:00,0.0
2023-09-30 21:00:00,0.0
2023-09-30 22:00:00,0.0
2023-09-30 23:00:00,0.0
2023-10-01 00:00:00,0.0
2023-10-01 01:00:00,0.0
2023-10-01 02:00:00,0.0
2023-10-01 03:00:00,0.0
2023-10-01 04:00:00,0.0
2023-10-01 05:00:00,0.0
2023-10-01 06:00:00,0.072
2023-10-01 07:00:00,2.237
2023-10-01 08:00:00,2.536
2023-10-01 09:00:00,6.305
2023-10-01 10:00:00,22.364
2023-10-01 11:00:00,20.411
2023-10-01 12:00:00,20.232
2023-10-01 13:00:00,17.436
2023-10-01 14:00:00,15.076
2023-10-01 15:00:00,11.265
2023-10-01 16:00:00,5.177
2023-10-01 17:00:00,1.0
2023-10-01 18:00:00,0.0
2023-10-01 19:00:00,0.0
2023-10-01 20:00:00,0.0
2023-10-01 21:00:00,0.0
2023-10-01 22:00:00,0.0
2023-10-01 23:00:00,0.0
2023-10-02 00:00:00,0.0
2023-10-02 01:00:00,0.0
2023-10-02 02:00:00,0.0
2023-10-02 03:00:00,0.0
2023-10-02 04:00:00,0.0
2023-10-02 05:00:00,0.0
2023-10-02 06:00:00,0.325
2023-10-02 07:00:00,4.767
2023-10-02 08:00:00,8.236
2023-10-02 09:00:00,11.522
2023-10-02 10:00:00,9.979
2023-10-02 11:00:00,13.376000000000001
2023-10-02 12:00:00,15.222999999999999
2023-10-02 13:00:00,16.528
2023-10-02 14:00:00,13.860000000000001
2023-10-02 15:00:00,10.858
2023-10-02 16:00:00,5.695
2023-10-02 17:00:00,1.083
2023-10-02 18:00:00,0.0
2023-10-02 19:00:00,0.0
2023-10-02 20:00:00,0.0
2023-10-02 21:00:00,0.0
2023-10-02 22:00:00,0.0
2023-10-02 23:00:00,0.0
2023-10-03 00:00:00,0.0
2023-10-03 01:00:00,0.0
2023-10-03 02:00:00,0.0
2023-10-03 03:00:00,0.0
2023-10-03 04:00:00,0.0
2023-10-03 05:00:00,0.0
2023-10-03 06:00:00,0.0
2023-10-03 07:00:00,1.058
2023-10-03 08:00:00,9.797
2023-10-03 09:00:00,18.794
2023-10-03 10:00:00,20.606
2023-10-03 11:00:00,21.72
2023-10-03 12:00:00,14.943000000000001
2023-10-03 13:00:00,14.112
2023-10-03 14:00:00,11.182
2023-10-03 15:00:00,8.549
2023-10-03 16:00:00,4.0809999999999995
2023-10-03 17:00:00,1.196
2023-10-03 18:00:00,0.0
2023-10-03 19:00:00,0.0
2023-10-03 20:00:00,0.0
2023-10-03 21:00:00,0.0
2023-10-03 22:00:00,0.0
2023-10-03 23:00:00,0.0
2023-10-04 00:00:00,0.0
2023-10-04 01:00:00,0.0
2023-10-04 02:00:00,0.0
2023-10-04 03:00:00,0.0
2023-10-04 04:00:00,0.0
2023-10-04 05:00:00,0.0
2023-10-04 06:00:00,0.533
2023-10-04 07:00:00,3.9299999999999997
2023-10-04 08:00:00,9.807
2023-10-04 09:00:00,17.718
2023-10-04 10:00:00,18.567
2023-10-04 11:00:00,15.825
2023-10-04 12:00:00,17.547
2023-10-04 13:00:00,11.602
2023-10-04 14:00:00,9.354
2023-10-04 15:00:00,7.978
2023-10-04 16:00:00,5.694
2023-10-04 17:00:00,1.2610000000000001
2023-10-04 18:00:00,0.0
2023-10-04 19:00:00,0.0
2023-10-04 20:00:00,0.0
2023-10-04 21:00:00,0.0
2023-10-04 22:00:00,0.0
2023-10-04 23:00:00,0.0
2023-10-05 00:00:00,0.0
2023-10-05 01:00:00,0.0
2023-10-05 02:00:00,0.0
2023-10-05 03:00:00,0.0
2023-10-05 04:00:00,0.0
2023-10-05 05:00:00,0.0
2023-10-05 06:00:00,0.106
2023-10-05 07:00:00,2.923
2023-10-05 08:00:00,8.455
2023-10-05 09:00:00,17.583
2023-10-05 10:00:00,16.657
2023-10-05 11:00:00,19.914
2023-10-05 12:00:00,18.383
2023-10-05 13:00:00,17.36
2023-10-05 14:00:00,14.449
2023-10-05 15:00:00,13.281
2023-10-05 16:00:00,4.442
2023-10-05 17:00:00,0.959
2023-10-05 18:00:00,0.0
2023-10-05 19:00:00,0.0
2023-10-05 20:00:00,0.0
2023-10-05 21:00:00,0.0
2023-10-05 22:00:00,0.0
2023-10-05 23:00:00,0.0
2023-10-06 00:00:00,0.0
2023-10-06 01:00:00,0.0
2023-10-06 02:00:00,0.0
2023-10-06 03:00:00,0.0
2023-10-06 04:00:00,0.0
2023-10-06 05:00:00,0.0
2023-10-06 06:00:00,0.17
2023-10-06 07:00:00,2.2119999999999997
2023-10-06 08:00:00,11.996
2023-10-06 09:00:00,14.458
2023-10-06 10:00:00,16.856
2023-10-06 11:00:00,13.796
2023-10-06 12:00:00,11.582
2023-10-06 13:00:00,16.924
2023-10-06 14:00:00,9.618
2023-10-06 15:00:00,3.375
2023-10-06 16:00:00,2.959
2023-10-06 17:00:00,0.607
2023-10-06 18:00:00,0.0
2023-10-06 19:00:00,0.0
2023-10-06 20:00:00,0.0
2023-10-06 21:00:00,0.0
2023-10-06 22:00:00,0.0
2023-10-06 23:00:00,0.0
2023-10-07 00:00:00,0.0
2023-10-07 01:00:00,0.0
2023-10-07 02:00:00,0.0
2023-10-07 03:00:00,0.0
2023-10-07 04:00:00,0.0
2023-10-07 05:00:00,0.0
2023-10-07 06:00:00,0.057
2023-10-07 07:00:00,0.924
2023-10-07 08:00:00,2.42
2023-10-07 09:00:00,4.698
2023-10-07 10:00:00,7.009
2023-10-07 11:00:00,7.655
2023-10-07 12:00:00,5.601
2023-10-07 13:00:00,4.559
2023-10-07 14:00:00,3.701
2023-10-07 15:00:00,2.388
2023-10-07 16:00:00,2.049
2023-10-07 17:00:00,0.217
2023-10-07 18:00:00,0.0
2023-10-07 19:00:00,0.0
2023-10-07 20:00:00,0.0
2023-10-07 21:00:00,0.0
2023-10-07 22:00:00,0.0
2023-10-07 23:00:00,0.0
2023-10-08 00:00:00,0.0
2023-10-08 01:00:00,0.0
2023-10-08 02:00:00,0.0
2023-10-08 03:00:00,0.0
2023-10-08 04:00:00,0.0
2023-10-08 05:00:00,0.0
2023-10-08 06:00:00,0.0
2023-10-08 07:00:00,0.222
2023-10-08 08:00:00,2.195
2023-10-08 09:00:00,2.7880000000000003
2023-10-08 10:00:00,2.6390000000000002
2023-10-08 11:00:00,2.93
2023-10-08 12:00:00,2.7840000000000003
2023-10-08 13:00:00,1.721
2023-10-08 14:00:00,1.061
2023-10-08 15:00:00,0.423
2023-10-08 16:00:00,0.122
2023-10-08 17:00:00,0.0
2023-10-08 18:00:00,0.0
2023-10-08 19:00:00,0.0
2023-10-08 20:00:00,0.0
2023-10-08 21:00:00,0.0
2023-10-08 22:00:00,0.0
2023-10-08 23:00:00,0.0
2023-10-09 00:00:00,0.0
2023-10-09 01:00:00,0.0
2023-10-09 02:00:00,0.0
2023-10-09 03:00:00,0.0
2023-10-09 04:00:00,0.0
2023-10-09 05:00:00,0.0
2023-10-09 06:00:00,0.0
2023-10-09 07:00:00,0.018
2023-10-09 08:00:00,0.194
2023-10-09 09:00:00,0.306
2023-10-09 10:00:00,0.207
2023-10-09 11:00:00,0.396
2023-10-09 12:00:00,1.184
2023-10-09 13:00:00,0.699
2023-10-09 14:00:00,0.721
2023-10-09 15:00:00,0.41600000000000004
2023-10-09 16:00:00,0.113
2023-10-09 17:00:00,0.0
2023-10-09 18:00:00,0.0
2023-10-09 19:00:00,0.0
2023-10-09 20:00:00,0.0
2023-10-09 21:00:00,0.0
2023-10-09 22:00:00,0.0
2023-10-09 23:00:00,0.0
2023-10-10 00:00:00,0.0
2023-10-10 01:00:00,0.0
2023-10-10 02:00:00,0.0
2023-10-10 03:00:00,0.0
2023-10-10 04:00:00,0.0
2023-10-10 05:00:00,0.0
2023-10-10 06:00:00,0.032
2023-10-10 07:00:00,0.486
2023-10-10 08:00:00,1.131
2023-10-10 09:00:00,2.808
2023-10-10 10:00:00,5.181
2023-10-10 11:00:00,9.167
2023-10-10 12:00:00,8.36
2023-10-10 13:00:00,6.988
2023-10-10 14:00:00,5.287
2023-10-10 15:00:00,3.335
2023-10-10 16:00:00,1.511
2023-10-10 17:00:00,0.14
2023-10-10 18:00:00,0.0
2023-10-10 19:00:00,0.0
2023-10-10 20:00:00,0.0
2023-10-10 21:00:00,0.0
2023-10-10 22:00:00,0.0
2023-10-10 23:00:00,0.0
2023-10-11 00:00:00,0.0
2023-10-11 01:00:00,0.0
2023-10-11 02:00:00,0.0
2023-10-11 03:00:00,0.0
2023-10-11 04:00:00,0.0
2023-10-11 05:00:00,0.0
2023-10-11 06:00:00,0.20500000000000002
2023-10-11 07:00:00,3.452
2023-10-11 08:00:00,7.022
2023-10-11 09:00:00,15.48
2023-10-11 10:00:00,21.272
2023-10-11 11:00:00,21.037
2023-10-11 12:00:00,18.329
2023-10-11 13:00:00,18.184
2023-10-11 14:00:00,12.395
2023-10-11 15:00:00,4.498
2023-10-11 16:00:00,3.576
2023-10-11 17:00:00,0.733
2023-10-11 18:00:00,0.0
2023-10-11 19:00:00,0.0
2023-10-11 20:00:00,0.0
2023-10-11 21:00:00,0.0
2023-10-11 22:00:00,0.0
2023-10-11 23:00:00,0.0
2023-10-12 00:00:00,0.0
2023-10-12 01:00:00,0.0
2023-10-12 02:00:00,0.0
2023-10-12 03:00:00,0.0
2023-10-12 04:00:00,0.0
2023-10-12 05:00:00,0.0
2023-10-12 06:00:00,0.109
2023-10-12 07:00:00,2.651
2023-10-12 08:00:00,8.309000000000001
2023-10-12 09:00:00,15.535
2023-10-12 10:00:00,9.902000000000001
2023-10-12 11:00:00,14.046000000000001
2023-10-12 12:00:00,16.222
2023-10-12 13:00:00,14.985000000000001
2023-10-12 14:00:00,6.934
2023-10-12 15:00:00,5.102
2023-10-12 16:00:00,6.776
2023-10-12 17:00:00,1.306
2023-10-12 18:00:00,0.0
2023-10-12 19:00:00,0.0
2023-10-12 20:00:00,0.0
2023-10-12 21:00:00,0.0
2023-10-12 22:00:00,0.0
2023-10-12 23:00:00,0.0
2023-10-13 00:00:00,0.0
2023-10-13 01:00:00,0.0
2023-10-13 02:00:00,0.0
2023-10-13 03:00:00,0.0
2023-10-13 04:00:00,0.0
2023-10-13 05:00:00,0.0
2023-10-13 06:00:00,0.11900000000000001
2023-10-13 07:00:00,4.43
2023-10-13 08:00:00,11.89
2023-10-13 09:00:00,13.745999999999999
2023-10-13 10:00:00,22.232
2023-10-13 11:00:00,22.156
2023-10-13 12:00:00,19.349
2023-10-13 13:00:00,18.171
2023-10-13 14:00:00,14.604
2023-10-13 15:00:00,10.123
2023-10-13 16:00:00,3.989
2023-10-13 17:00:00,0.851
2023-10-13 18:00:00,0.0
2023-10-13 19:00:00,0.0
2023-10-13 20:00:00,0.0
2023-10-13 21:00:00,0.0
2023-10-13 22:00:00,0.0
2023-10-13 23:00:00,0.0
2023-10-14 00:00:00,0.0
2023-10-14 01:00:00,0.0
2023-10-14 02:00:00,0.0
2023-10-14 03:00:00,0.0
2023-10-14 04:00:00,0.0
2023-10-14 05:00:00,0.0
2023-10-14 06:00:00,0.26
2023-10-14 07:00:00,2.141
2023-10-14 08:00:00,7.351999999999999
2023-10-14 09:00:00,17.490000000000002
2023-10-14 10:00:00,20.963
2023-10-14 11:00:00,21.490000000000002
2023-10-14 12:00:00,19.14
2023-10-14 13:00:00,13.719
2023-10-14 14:00:00,10.439
2023-10-14 15:00:00,8.075000000000001
2023-10-14 16:00:00,4.328
2023-10-14 17:00:00,0.792
2023-10-14 18:00:00,0.0
2023-10-14 19:00:00,0.0
2023-10-14 20:00:00,0.0
2023-10-14 21:00:00,0.0
2023-10-14 22:00:00,0.0
2023-10-14 23:00:00,0.0
2023-10-15 00:00:00,0.0
2023-10-15 01:00:00,0.0
2023-10-15 02:00:00,0.0
2023-10-15 03:00:00,0.0
2023-10-15 04:00:00,0.0
2023-10-15 05:00:00,0.0
2023-10-15 06:00:00,0.192
2023-10-15 07:00:00,1.967
2023-10-15 08:00:00,5.673
2023-10-15 09:00:00,16.213
2023-10-15 10:00:00,22.437
2023-10-15 11:00:00,18.157
2023-10-15 12:00:00,17.863
2023-10-15 13:00:00,14.428
2023-10-15 14:00:00,11.401
2023-10-15 15:00:00,9.539
2023-10-15 16:00:00,4.357
2023-10-15 17:00:00,1.326
2023-10-15 18:00:00,0.0
2023-10-15 19:00:00,0.0
2023-10-15 20:00:00,0.0
2023-10-15 21:00:00,0.0
2023-10-15 22:00:00,0.0
2023-10-15 23:00:00,0.0
2023-10-16 00:00:00,0.0
2023-10-16 01:00:00,0.0
2023-10-16 02:00:00,0.0
2023-10-16 03:00:00,0.0
2023-10-16 04:00:00,0.0
2023-10-16 05:00:00,0.0
2023-10-16 06:00:00,0.104
2023-10-16 07:00:00,2.245
2023-10-16 08:00:00,5.087
2023-10-16 09:00:00,7.9670000000000005
2023-10-16 10:00:00,12.413
2023-10-16 11:00:00,14.083
2023-10-16 12:00:00,17.871000000000002
2023-10-16 13:00:00,19.865000000000002
2023-10-16 14:00:00,16.204
2023-10-16 15:00:00,12.334
2023-10-16 16:00:00,4.601
2023-10-16 17:00:00,1.175
2023-10-16 18:00:00,0.0
2023-10-16 19:00:00,0.0
2023-10-16 20:00:00,0.0
2023-10-16 21:00:00,0.0
2023-10-16 22:00:00,0.0
2023-10-16 23:00:00,0.0
2023-10-17 00:00:00,0.0
2023-10-17 01:00:00,0.0
2023-10-17 02:00:00,0.0
2023-10-17 03:00:00,0.0
2023-10-17 04:00:00,0.0
2023-10-17 05:00:00,0.0
2023-10-17 06:00:00,0.029
2023-10-17 07:00:00,1.3599999999999999
2023-10-17 08:00:00,3.6189999999999998
2023-10-17 09:00:00,7.771
2023-10-17 10:00:00,10.045
2023-10-17 11:00:00,11.93
2023-10-17 12:00:00,12.993
2023-10-17 13:00:00,10.11
2023-10-17 14:00:00,5.381
2023-10-17 15:00:00,3.802
2023-10-17 16:00:00,1.6360000000000001
2023-10-17 17:00:00,0.01
2023-10-17 18:00:00,0.0
2023-10-17 19:00:00,0.0
2023-10-17 20:00:00,0.0
2023-10-17 21:00:00,0.0
2023-10-17 22:00:00,0.0
2023-10-17 23:00:00,0.0
2023-10-18 00:00:00,0.0
2023-10-18 01:00:00,0.0
2023-10-18 02:00:00,0.0
2023-10-18 03:00:00,0.0
2023-10-18 04:00:00,0.0
2023-10-18 05:00:00,0.0
2023-10-18 06:00:00,0.0
2023-10-18 07:00:00,0.185
2023-10-18 08:00:00,0.7989999999999999
2023-10-18 09:00:00,0.958
2023-10-18 10:00:00,1.239
2023-10-18 11:00:00,1.684
2023-10-18 12:00:00,1.003
2023-10-18 13:00:00,0.601
2023-10-18 14:00:00,0.796
2023-10-18 15:00:00,0.221
2023-10-18 16:00:00,0.161
2023-10-18 17:00:00,0.0
2023-10-18 18:00:00,0.0
2023-10-18 19:00:00,0.0
2023-10-18 20:00:00,0.0
2023-10-18 21:00:00,0.0
2023-10-18 22:00:00,0.0
2023-10-18 23:00:00,0.0
2023-10-19 00:00:00,0.0
2023-10-19 01:00:00,0.0
2023-10-19 02:00:00,0.0
2023-10-19 03:00:00,0.0
2023-10-19 04:00:00,0.0
2023-10-19 05:00:00,0.0
2023-10-19 06:00:00,0.0
2023-10-19 07:00:00,0.001
2023-10-19 08:00:00,0.276
2023-10-19 09:00:00,0.562
2023-10-19 10:00:00,0.688
2023-10-19 11:00:00,1.222
2023-10-19 12:00:00,0.56
2023-10-19 13:00:00,0.31
2023-10-19 14:00:00,0.62
2023-10-19 15:00:00,0.47000000000000003
2023-10-19 16:00:00,0.165
2023-10-19 17:00:00,0.0
2023-10-19 18:00:00,0.0
2023-10-19 19:00:00,0.0
2023-10-19 20:00:00,0.0
2023-10-19 21:00:00,0.0
2023-10-19 22:00:00,0.0
2023-10-19 23:00:00,0.0
2023-10-20 00:00:00,0.0
2023-10-20 01:00:00,0.0
2023-10-20 02:00:00,0.0
2023-10-20 03:00:00,0.0
2023-10-20 04:00:00,0.0
2023-10-20 05:00:00,0.0
2023-10-20 06:00:00,0.179
2023-10-20 07:00:00,1.613
2023-10-20 08:00:00,3.6180000000000003
2023-10-20 09:00:00,10.018
2023-10-20 10:00:00,9.916
2023-10-20 11:00:00,6.9190000000000005
2023-10-20 12:00:00,3.929
2023-10-20 13:00:00,2.9379999999999997
2023-10-20 14:00:00,2.741
2023-10-20 15:00:00,1.733
2023-10-20 16:00:00,1.041
2023-10-20 17:00:00,0.19
2023-10-20 18:00:00,0.0
2023-10-20 19:00:00,0.0
2023-10-20 20:00:00,0.0
2023-10-20 21:00:00,0.0
2023-10-20 22:00:00,0.0
2023-10-20 23:00:00,0.0
2023-10-21 00:00:00,0.0
2023-10-21 01:00:00,0.0
2023-10-21 02:00:00,0.0
2023-10-21 03:00:00,0.0
2023-10-21 04:00:00,0.0
2023-10-21 05:00:00,0.0
2023-10-21 06:00:00,0.0
2023-10-21 07:00:00,0.33999999999999997
2023-10-21 08:00:00,0.832
2023-10-21 09:00:00,1.51
2023-10-21 10:00:00,2.5090000000000003
2023-10-21 11:00:00,4.545
2023-10-21 12:00:00,7.133
2023-10-21 13:00:00,6.096
2023-10-21 14:00:00,5.856999999999999
2023-10-21 15:00:00,4.429
2023-10-21 16:00:00,2.289
2023-10-21 17:00:00,0.21400000000000002
2023-10-21 18:00:00,0.0
2023-10-21 19:00:00,0.0
2023-10-21 20:00:00,0.0
2023-10-21 21:00:00,0.0
2023-10-21 22:00:00,0.0
2023-10-21 23:00:00,0.0
2023-10-22 00:00:00,0.0
2023-10-22 01:00:00,0.0
2023-10-22 02:00:00,0.0
2023-10-22 03:00:00,0.0
2023-10-22 04:00:00,0.0
2023-10-22 05:00:00,0.0
2023-10-22 06:00:00,0.21000000000000002
2023-10-22 07:00:00,2.435
2023-10-22 08:00:00,7.5440000000000005
2023-10-22 09:00:00,16.19
2023-10-22 10:00:00,19.059
2023-10-22 11:00:00,18.849
2023-10-22 12:00:00,16.627
2023-10-22 13:00:00,16.666
2023-10-22 14:00:00,10.72
2023-10-22 15:00:00,5.329
2023-10-22 16:00:00,3.06
2023-10-22 17:00:00,0.299
2023-10-22 18:00:00,0.0
2023-10-22 19:00:00,0.0
2023-10-22 20:00:00,0.0
2023-10-22 21:00:00,0.0
2023-10-22 22:00:00,0.0
2023-10-22 23:00:00,0.0
2023-10-23 00:00:00,0.0
2023-10-23 01:00:00,0.0
2023-10-23 02:00:00,0.0
2023-10-23 03:00:00,0.0
2023-10-23 04:00:00,0.0
2023-10-23 05:00:00,0.0
2023-10-23 06:00:00,0.32099999999999995
2023-10-23 07:00:00,3.31
2023-10-23 08:00:00,11.341000000000001
2023-10-23 09:00:00,13.549
2023-10-23 10:00:00,14.843
2023-10-23 11:00:00,13.521
2023-10-23 12:00:00,14.309000000000001
2023-10-23 13:00:00,14.576
2023-10-23 14:00:00,12.911
2023-10-23 15:00:00,9.377
2023-10-23 16:00:00,4.288
2023-10-23 17:00:00,0.509
2023-10-23 18:00:00,0.0
2023-10-23 19:00:00,0.0
2023-10-23 20:00:00,0.0
2023-10-23 21:00:00,0.0
2023-10-23 22:00:00,0.0
2023-10-23 23:00:00,0.0
2023-10-24 00:00:00,0.0
2023-10-24 01:00:00,0.0
2023-10-24 02:00:00,0.0
2023-10-24 03:00:00,0.0
2023-10-24 04:00:00,0.0
2023-10-24 05:00:00,0.0
2023-10-24 06:00:00,0.154
2023-10-24 07:00:00,1.814
2023-10-24 08:00:00,3.789
2023-10-24 09:00:00,7.297
2023-10-24 10:00:00,18.229
2023-10-24 11:00:00,20.923000000000002
2023-10-24 12:00:00,18.193
2023-10-24 13:00:00,16.056
2023-10-24 14:00:00,13.683
2023-10-24 15:00:00,9.349
2023-10-24 16:00:00,4.176
2023-10-24 17:00:00,0.29
2023-10-24 18:00:00,0.0
2023-10-24 19:00:00,0.0
2023-10-24 20:00:00,0.0
2023-10-24 21:00:00,0.0
2023-10-24 22:00:00,0.0
2023-10-24 23:00:00,0.0
2023-10-25 00:00:00,0.0
2023-10-25 01:00:00,0.0
2023-10-25 02:00:00,0.0
2023-10-25 03:00:00,0.0
2023-10-25 04:00:00,0.0
2023-10-25 05:00:00,0.0
2023-10-25 06:00:00,0.0
2023-10-25 07:00:00,0.519
2023-10-25 08:00:00,1.416
2023-10-25 09:00:00,2.229
2023-10-25 10:00:00,6.1690000000000005
2023-10-25 11:00:00,6.282
2023-10-25 12:00:00,10.229
2023-10-25 13:00:00,17.118000000000002
2023-10-25 14:00:00,13.394
2023-10-25 15:00:00,9.108
2023-10-25 16:00:00,4.188
2023-10-25 17:00:00,0.492
2023-10-25 18:00:00,0.0
2023-10-25 19:00:00,0.0
2023-10-25 20:00:00,0.0
2023-10-25 21:00:00,0.0
2023-10-25 22:00:00,0.0
2023-10-25 23:00:00,0.0
2023-10-26 00:00:00,0.0
2023-10-26 01:00:00,0.0
2023-10-26 02:00:00,0.0
2023-10-26 03:00:00,0.0
2023-10-26 04:00:00,0.0
2023-10-26 05:00:00,0.0
2023-10-26 06:00:00,0.148
2023-10-26 07:00:00,3.143
2023-10-26 08:00:00,6.756
2023-10-26 09:00:00,12.162
2023-10-26 10:00:00,14.285
2023-10-26 11:00:00,11.236
2023-10-26 12:00:00,12.831
2023-10-26 13:00:00,14.295
2023-10-26 14:00:00,13.944
2023-10-26 15:00:00,8.318999999999999
2023-10-26 16:00:00,3.997
2023-10-26 17:00:00,0.291
2023-10-26 18:00:00,0.0
2023-10-26 19:00:00,0.0
2023-10-26 20:00:00,0.0
2023-10-26 21:00:00,0.0
2023-10-26 22:00:00,0.0
2023-10-26 23:00:00,0.0
2023-10-27 00:00:00,0.0
2023-10-27 01:00:00,0.0
2023-10-27 02:00:00,0.0
2023-10-27 03:00:00,0.0
2023-10-27 04:00:00,0.0
2023-10-27 05:00:00,0.0
2023-10-27 06:00:00,0.169
2023-10-27 07:00:00,1.717
2023-10-27 08:00:00,5.065
2023-10-27 09:00:00,10.036999999999999
2023-10-27 10:00:00,17.627000000000002
2023-10-27 11:00:00,18.335
2023-10-27 12:00:00,17.750999999999998
2023-10-27 13:00:00,15.376000000000001
2023-10-27 14:00:00,14.736
2023-10-27 15:00:00,7.7
2023-10-27 16:00:00,2.733
2023-10-27 17:00:00,0.394
2023-10-27 18:00:00,0.0
2023-10-27 19:00:00,0.0
2023-10-27 20:00:00,0.0
2023-10-27 21:00:00,0.0
2023-10-27 22:00:00,0.0
2023-10-27 23:00:00,0.0
2023-10-28 00:00:00,0.0
2023-10-28 01:00:00,0.0
2023-10-28 02:00:00,0.0
2023-10-28 03:00:00,0.0
2023-10-28 04:00:00,0.0
2023-10-28 05:00:00,0.0
2023-10-28 06:00:00,0.0
2023-10-28 07:00:00,0.43200000000000005
2023-10-28 08:00:00,0.9450000000000001
2023-10-28 09:00:00,2.707
2023-10-28 10:00:00,2.8970000000000002
2023-10-28 11:00:00,5.564
2023-10-28 12:00:00,3.192
2023-10-28 13:00:00,6.112
2023-10-28 14:00:00,4.751
2023-10-28 15:00:00,2.2880000000000003
2023-10-28 16:00:00,1.176
2023-10-28 17:00:00,0.14700000000000002
2023-10-28 18:00:00,0.0
2023-10-28 19:00:00,0.0
2023-10-28 20:00:00,0.0
2023-10-28 21:00:00,0.0
2023-10-28 22:00:00,0.0
2023-10-28 23:00:00,0.0
2023-10-29 00:00:00,0.0
2023-10-29 01:00:00,0.0
2023-10-29 02:00:00,0.0
2023-10-29 03:00:00,0.0
2023-10-29 04:00:00,0.0
2023-10-29 05:00:00,0.0
2023-10-29 06:00:00,0.013
2023-10-29 07:00:00,3.09
2023-10-29 08:00:00,8.902
2023-10-29 09:00:00,8.489
2023-10-29 10:00:00,14.804
2023-10-29 11:00:00,12.321
2023-10-29 12:00:00,10.802
2023-10-29 13:00:00,12.378
2023-10-29 14:00:00,12.833
2023-10-29 15:00:00,8.388
2023-10-29 16:00:00,2.819
2023-10-29 17:00:00,0.397
2023-10-29 18:00:00,0.0
2023-10-29 19:00:00,0.0
2023-10-29 20:00:00,0.0
2023-10-29 21:00:00,0.0
2023-10-29 22:00:00,0.0
2023-10-29 23:00:00,0.0
2023-10-30 00:00:00,0.0
2023-10-30 01:00:00,0.0
2023-10-30 02:00:00,0.0
2023-10-30 03:00:00,0.0
2023-10-30 04:00:00,0.0
2023-10-30 05:00:00,0.0
2023-10-30 06:00:00,0.245
2023-10-30 07:00:00,2.636
2023-10-30 08:00:00,4.955
2023-10-30 09:00:00,5.7509999999999994
2023-10-30 10:00:00,12.189
2023-10-30 11:00:00,19.57
2023-10-30 12:00:00,17.955000000000002
2023-10-30 13:00:00,16.049
2023-10-30 14:00:00,13.626
2023-10-30 15:00:00,6.454
2023-10-30 16:00:00,1.412
2023-10-30 17:00:00,0.373
2023-10-30 18:00:00,0.0
2023-10-30 19:00:00,0.0
2023-10-30 20:00:00,0.0
2023-10-30 21:00:00,0.0
2023-10-30 22:00:00,0.0
2023-10-30 23:00:00,0.0
2023-10-31 00:00:00,0.0
2023-10-31 01:00:00,0.0
2023-10-31 02:00:00,0.0
2023-10-31 03:00:00,0.0
2023-10-31 04:00:00,0.0
2023-10-31 05:00:00,0.0
2023-10-31 06:00:00,0.211
2023-10-31 07:00:00,3.5279999999999996
2023-10-31 08:00:00,9.01
2023-10-31 09:00:00,16.17
2023-10-31 10:00:00,18.097
2023-10-31 11:00:00,19.825
2023-10-31 12:00:00,17.576
2023-10-31 13:00:00,15.987
2023-10-31 14:00:00,13.575
2023-10-31 15:00:00,8.91
2023-10-31 16:00:00,3.963
2023-10-31 17:00:00,0.47100000000000003
2023-10-31 18:00:00,0.0
2023-10-31 19:00:00,0.0
2023-10-31 20:00:00,0.0
2023-10-31 21:00:00,0.0
2023-10-31 22:00:00,0.0
2023-10-31 23:00:00,0.0
2023-11-01 00:00:00,0.0
2023-11-01 01:00:00,0.0
2023-11-01 02:00:00,0.0
2023-11-01 03:00:00,0.0
2023-11-01 04:00:00,0.0
2023-11-01 05:00:00,0.0
2023-11-01 06:00:00,0.157
2023-11-01 07:00:00,3.292
2023-11-01 08:00:00,8.795
2023-11-01 09:00:00,16.332
2023-11-01 10:00:00,20.063000000000002
2023-11-01 11:00:00,18.429000000000002
2023-11-01 12:00:00,17.349
2023-11-01 13:00:00,16.082
2023-11-01 14:00:00,13.485
2023-11-01 15:00:00,8.858
2023-11-01 16:00:00,3.75
2023-11-01 17:00:00,0.359
2023-11-01 18:00:00,0.0
2023-11-01 19:00:00,0.0
2023-11-01 20:00:00,0.0
2023-11-01 21:00:00,0.0
2023-11-01 22:00:00,0.0
2023-11-01 23:00:00,0.0
2023-11-02 00:00:00,0.0
2023-11-02 01:00:00,0.0
2023-11-02 02:00:00,0.0
2023-11-02 03:00:00,0.0
2023-11-02 04:00:00,0.0
2023-11-02 05:00:00,0.0
2023-11-02 06:00:00,0.06
2023-11-02 07:00:00,2.0220000000000002
2023-11-02 08:00:00,8.142
2023-11-02 09:00:00,9.623000000000001
2023-11-02 10:00:00,17.79
2023-11-02 11:00:00,19.765
2023-11-02 12:00:00,16.405
2023-11-02 13:00:00,16.676
2023-11-02 14:00:00,13.181000000000001
2023-11-02 15:00:00,6.466
2023-11-02 16:00:00,4.177
2023-11-02 17:00:00,0.38799999999999996
2023-11-02 18:00:00,0.0
2023-11-02 19:00:00,0.0
2023-11-02 20:00:00,0.0
2023-11-02 21:00:00,0.0
2023-11-02 22:00:00,0.0
2023-11-02 23:00:00,0.0
2023-11-03 00:00:00,0.0
2023-11-03 01:00:00,0.0
2023-11-03 02:00:00,0.0
2023-11-03 03:00:00,0.0
2023-11-03 04:00:00,0.0
2023-11-03 05:00:00,0.0
2023-11-03 06:00:00,0.049
2023-11-03 07:00:00,3.076
2023-11-03 08:00:00,7.91
2023-11-03 09:00:00,4.783
2023-11-03 10:00:00,9.533999999999999
2023-11-03 11:00:00,15.367
2023-11-03 12:00:00,17.152
2023-11-03 13:00:00,15.636
2023-11-03 14:00:00,12.986
2023-11-03 15:00:00,8.276
2023-11-03 16:00:00,3.543
2023-11-03 17:00:00,0.379
2023-11-03 18:00:00,0.0
2023-11-03 19:00:00,0.0
2023-11-03 20:00:00,0.0
2023-11-03 21:00:00,0.0
2023-11-03 22:00:00,0.0
2023-11-03 23:00:00,0.0
2023-11-04 00:00:00,0.0
2023-11-04 01:00:00,0.0
2023-11-04 02:00:00,0.0
2023-11-04 03:00:00,0.0
2023-11-04 04:00:00,0.0
2023-11-04 05:00:00,0.0
2023-11-04 06:00:00,0.14200000000000002
2023-11-04 07:00:00,1.991
2023-11-04 08:00:00,8.282
2023-11-04 09:00:00,10.67
2023-11-04 10:00:00,17.352
2023-11-04 11:00:00,18.411
2023-11-04 12:00:00,16.911
2023-11-04 13:00:00,15.457
2023-11-04 14:00:00,13.013
2023-11-04 15:00:00,8.553
2023-11-04 16:00:00,3.466
2023-11-04 17:00:00,0.296
2023-11-04 18:00:00,0.0
2023-11-04 19:00:00,0.0
2023-11-04 20:00:00,0.0
2023-11-04 21:00:00,0.0
2023-11-04 22:00:00,0.0
2023-11-04 23:00:00,0.0
2023-11-05 00:00:00,0.0
2023-11-05 01:00:00,0.0
2023-11-05 02:00:00,0.0
2023-11-05 03:00:00,0.0
2023-11-05 04:00:00,0.0
2023-11-05 05:00:00,0.0
2023-11-05 06:00:00,0.149
2023-11-05 07:00:00,1.571
2023-11-05 08:00:00,5.874
2023-11-05 09:00:00,11.993
2023-11-05 10:00:00,15.099
2023-11-05 11:00:00,18.157
2023-11-05 12:00:00,16.712
2023-11-05 13:00:00,15.257
2023-11-05 14:00:00,12.783000000000001
2023-11-05 15:00:00,8.418
2023-11-05 16:00:00,3.359
2023-11-05 17:00:00,0.21
2023-11-05 18:00:00,0.0
2023-11-05 19:00:00,0.0
2023-11-05 20:00:00,0.0
2023-11-05 21:00:00,0.0
2023-11-05 22:00:00,0.0
2023-11-05 23:00:00,0.0
2023-11-06 00:00:00,0.0
2023-11-06 01:00:00,0.0
2023-11-06 02:00:00,0.0
2023-11-06 03:00:00,0.0
2023-11-06 04:00:00,0.0
2023-11-06 05:00:00,0.0
2023-11-06 06:00:00,0.094
2023-11-06 07:00:00,2.959
2023-11-06 08:00:00,8.141
2023-11-06 09:00:00,15.029
2023-11-06 10:00:00,18.747
2023-11-06 11:00:00,18.125
2023-11-06 12:00:00,17.144
2023-11-06 13:00:00,15.388
2023-11-06 14:00:00,11.639
2023-11-06 15:00:00,8.193000000000001
2023-11-06 16:00:00,3.359
2023-11-06 17:00:00,0.333
2023-11-06 18:00:00,0.0
2023-11-06 19:00:00,0.0
2023-11-06 20:00:00,0.0
2023-11-06 21:00:00,0.0
2023-11-06 22:00:00,0.0
2023-11-06 23:00:00,0.0
2023-11-07 00:00:00,0.0
2023-11-07 01:00:00,0.0
2023-11-07 02:00:00,0.0
2023-11-07 03:00:00,0.0
2023-11-07 04:00:00,0.0
2023-11-07 05:00:00,0.0
2023-11-07 06:00:00,0.048
2023-11-07 07:00:00,0.523
2023-11-07 08:00:00,1.408
2023-11-07 09:00:00,3.3320000000000003
2023-11-07 10:00:00,3.689
2023-11-07 11:00:00,1.69
2023-11-07 12:00:00,1.258
2023-11-07 13:00:00,1.636
2023-11-07 14:00:00,0.885
2023-11-07 15:00:00,1.339
2023-11-07 16:00:00,0.603
2023-11-07 17:00:00,0.088
2023-11-07 18:00:00,0.0
2023-11-07 19:00:00,0.0
2023-11-07 20:00:00,0.0
2023-11-07 21:00:00,0.0
2023-11-07 22:00:00,0.0
2023-11-07 23:00:00,0.0
2023-11-08 00:00:00,0.0
2023-11-08 01:00:00,0.0
2023-11-08 02:00:00,0.0
2023-11-08 03:00:00,0.0
2023-11-08 04:00:00,0.0
2023-11-08 05:00:00,0.0
2023-11-08 06:00:00,0.0
2023-11-08 07:00:00,0.533
2023-11-08 08:00:00,0.921
2023-11-08 09:00:00,1.004
2023-11-08 10:00:00,2.347
2023-11-08 11:00:00,2.923
2023-11-08 12:00:00,3.0869999999999997
2023-11-08 13:00:00,6.838
2023-11-08 14:00:00,4.505
2023-11-08 15:00:00,1.287
2023-11-08 16:00:00,0.761
2023-11-08 17:00:00,0.093
2023-11-08 18:00:00,0.0
2023-11-08 19:00:00,0.0
2023-11-08 20:00:00,0.0
2023-11-08 21:00:00,0.0
2023-11-08 22:00:00,0.0
2023-11-08 23:00:00,0.0
2023-11-09 00:00:00,0.0
2023-11-09 01:00:00,0.0
2023-11-09 02:00:00,0.0
2023-11-09 03:00:00,0.0
2023-11-09 04:00:00,0.0
2023-11-09 05:00:00,0.0
2023-11-09 06:00:00,0.0
2023-11-09 07:00:00,0.52
2023-11-09 08:00:00,1.389
2023-11-09 09:00:00,2.513
2023-11-09 10:00:00,1.6860000000000002
2023-11-09 11:00:00,1.12
2023-11-09 12:00:00,1.058
2023-11-09 13:00:00,1.526
2023-11-09 14:00:00,3.124
2023-11-09 15:00:00,0.88
2023-11-09 16:00:00,1.042
2023-11-09 17:00:00,0.074
2023-11-09 18:00:00,0.0
2023-11-09 19:00:00,0.0
2023-11-09 20:00:00,0.0
2023-11-09 21:00:00,0.0
2023-11-09 22:00:00,0.0
2023-11-09 23:00:00,0.0
2023-11-10 00:00:00,0.0
2023-11-10 01:00:00,0.0
2023-11-10 02:00:00,0.0
2023-11-10 03:00:00,0.0
2023-11-10 04:00:00,0.0
2023-11-10 05:00:00,0.0
2023-11-10 06:00:00,0.0
2023-11-10 07:00:00,0.645
2023-11-10 08:00:00,3.046
2023-11-10 09:00:00,2.824
2023-11-10 10:00:00,3.601
2023-11-10 11:00:00,5.603
2023-11-10 12:00:00,7.6690000000000005
2023-11-10 13:00:00,7.0920000000000005
2023-11-10 14:00:00,9.579
2023-11-10 15:00:00,8.399000000000001
2023-11-10 16:00:00,3.087
2023-11-10 17:00:00,0.437
2023-11-10 18:00:00,0.0
2023-11-10 19:00:00,0.0
2023-11-10 20:00:00,0.0
2023-11-10 21:00:00,0.0
2023-11-10 22:00:00,0.0
2023-11-10 23:00:00,0.0
2023-11-11 00:00:00,0.0
2023-11-11 01:00:00,0.0
2023-11-11 02:00:00,0.0
2023-11-11 03:00:00,0.0
2023-11-11 04:00:00,0.0
2023-11-11 05:00:00,0.0
2023-11-11 06:00:00,0.0
2023-11-11 07:00:00,0.33199999999999996
2023-11-11 08:00:00,0.443
2023-11-11 09:00:00,1.153
2023-11-11 10:00:00,1.4689999999999999
2023-11-11 11:00:00,2.0700000000000003
2023-11-11 12:00:00,1.595
2023-11-11 13:00:00,1.999
2023-11-11 14:00:00,1.397
2023-11-11 15:00:00,1.245
2023-11-11 16:00:00,0.46499999999999997
2023-11-11 17:00:00,0.0
2023-11-11 18:00:00,0.0
2023-11-11 19:00:00,0.0
2023-11-11 20:00:00,0.0
2023-11-11 21:00:00,0.0
2023-11-11 22:00:00,0.0
2023-11-11 23:00:00,0.0
2023-11-12 00:00:00,0.0
2023-11-12 01:00:00,0.0
2023-11-12 02:00:00,0.0
2023-11-12 03:00:00,0.0
2023-11-12 04:00:00,0.0
2023-11-12 05:00:00,0.0
2023-11-12 06:00:00,0.0
2023-11-12 07:00:00,0.022
2023-11-12 08:00:00,3.9299999999999997
2023-11-12 09:00:00,12.815999999999999
2023-11-12 10:00:00,13.376
2023-11-12 11:00:00,17.938000000000002
2023-11-12 12:00:00,14.435
2023-11-12 13:00:00,8.585
2023-11-12 14:00:00,7.699
2023-11-12 15:00:00,8.383
2023-11-12 16:00:00,2.9779999999999998
2023-11-12 17:00:00,0.22000000000000003
2023-11-12 18:00:00,0.0
2023-11-12 19:00:00,0.0
2023-11-12 20:00:00,0.0
2023-11-12 21:00:00,0.0
2023-11-12 22:00:00,0.0
2023-11-12 23:00:00,0.0
2023-11-13 00:00:00,0.0
2023-11-13 01:00:00,0.0
2023-11-13 02:00:00,0.0
2023-11-13 03:00:00,0.0
2023-11-13 04:00:00,0.0
2023-11-13 05:00:00,0.0
2023-11-13 06:00:00,0.074
2023-11-13 07:00:00,1.7469999999999999
2023-11-13 08:00:00,8.701
2023-11-13 09:00:00,16.573
2023-11-13 10:00:00,19.607
2023-11-13 11:00:00,16.57
2023-11-13 12:00:00,16.793
2023-11-13 13:00:00,16.478
2023-11-13 14:00:00,11.142
2023-11-13 15:00:00,4.359
2023-11-13 16:00:00,2.404
2023-11-13 17:00:00,0.402
2023-11-13 18:00:00,0.0
2023-11-13 19:00:00,0.0
2023-11-13 20:00:00,0.0
2023-11-13 21:00:00,0.0
2023-11-13 22:00:00,0.0
2023-11-13 23:00:00,0.0
2023-11-14 00:00:00,0.0
2023-11-14 01:00:00,0.0
2023-11-14 02:00:00,0.0
2023-11-14 03:00:00,0.0
2023-11-14 04:00:00,0.0
2023-11-14 05:00:00,0.0
2023-11-14 06:00:00,0.0
2023-11-14 07:00:00,0.183
2023-11-14 08:00:00,1.639
2023-11-14 09:00:00,4.243
2023-11-14 10:00:00,7.128
2023-11-14 11:00:00,8.081
2023-11-14 12:00:00,5.67
2023-11-14 13:00:00,13.322
2023-11-14 14:00:00,12.806000000000001
2023-11-14 15:00:00,7.492999999999999
2023-11-14 16:00:00,2.83
2023-11-14 17:00:00,0.203
2023-11-14 18:00:00,0.0
2023-11-14 19:00:00,0.0
2023-11-14 20:00:00,0.0
2023-11-14 21:00:00,0.0
2023-11-14 22:00:00,0.0
2023-11-14 23:00:00,0.0
2023-11-15 00:00:00,0.0
2023-11-15 01:00:00,0.0
2023-11-15 02:00:00,0.0
2023-11-15 03:00:00,0.0
2023-11-15 04:00:00,0.0
2023-11-15 05:00:00,0.0
2023-11-15 06:00:00,0.069
2023-11-15 07:00:00,1.941
2023-11-15 08:00:00,8.324
2023-11-15 09:00:00,11.355
2023-11-15 10:00:00,13.29
2023-11-15 11:00:00,16.165
2023-11-15 12:00:00,16.446
2023-11-15 13:00:00,15.465
2023-11-15 14:00:00,12.326
2023-11-15 15:00:00,8.15
2023-11-15 16:00:00,2.988
2023-11-15 17:00:00,0.186
2023-11-15 18:00:00,0.0
2023-11-15 19:00:00,0.0
2023-11-15 20:00:00,0.0
2023-11-15 21:00:00,0.0
2023-11-15 22:00:00,0.0
2023-11-15 23:00:00,0.0
2023-11-16 00:00:00,0.0
2023-11-16 01:00:00,0.0
2023-11-16 02:00:00,0.0
2023-11-16 03:00:00,0.0
2023-11-16 04:00:00,0.0
2023-11-16 05:00:00,0.0
2023-11-16 06:00:00,0.0
2023-11-16 07:00:00,1.21
2023-11-16 08:00:00,3.169
2023-11-16 09:00:00,5.586
2023-11-16 10:00:00,11.248000000000001
2023-11-16 11:00:00,9.03
2023-11-16 12:00:00,10.126
2023-11-16 13:00:00,14.882000000000001
2023-11-16 14:00:00,11.548
2023-11-16 15:00:00,6.202
2023-11-16 16:00:00,3.1550000000000002
2023-11-16 17:00:00,0.22599999999999998
2023-11-16 18:00:00,0.0
2023-11-16 19:00:00,0.0
2023-11-16 20:00:00,0.0
2023-11-16 21:00:00,0.0
2023-11-16 22:00:00,0.0
2023-11-16 23:00:00,0.0
2023-11-17 00:00:00,0.0
2023-11-17 01:00:00,0.0
2023-11-17 02:00:00,0.0
2023-11-17 03:00:00,0.0
2023-11-17 04:00:00,0.0
2023-11-17 05:00:00,0.0
2023-11-17 06:00:00,0.063
2023-11-17 07:00:00,2.607
2023-11-17 08:00:00,8.549
2023-11-17 09:00:00,16.149
2023-11-17 10:00:00,20.352
2023-11-17 11:00:00,18.243000000000002
2023-11-17 12:00:00,17.634999999999998
2023-11-17 13:00:00,16.367
2023-11-17 14:00:00,13.283999999999999
2023-11-17 15:00:00,8.719
2023-11-17 16:00:00,3.275
2023-11-17 17:00:00,0.239
2023-11-17 18:00:00,0.0
2023-11-17 19:00:00,0.0
2023-11-17 20:00:00,0.0
2023-11-17 21:00:00,0.0
2023-11-17 22:00:00,0.0
2023-11-17 23:00:00,0.0
2023-11-18 00:00:00,0.0
2023-11-18 01:00:00,0.0
2023-11-18 02:00:00,0.0
2023-11-18 03:00:00,0.0
2023-11-18 04:00:00,0.0
2023-11-18 05:00:00,0.0
2023-11-18 06:00:00,0.043
2023-11-18 07:00:00,2.499
2023-11-18 08:00:00,8.373000000000001
2023-11-18 09:00:00,15.77
2023-11-18 10:00:00,19.832
2023-11-18 11:00:00,17.568
2023-11-18 12:00:00,16.922
2023-11-18 13:00:00,15.638
2023-11-18 14:00:00,12.612
2023-11-18 15:00:00,8.281
2023-11-18 16:00:00,3.132
2023-11-18 17:00:00,0.248
2023-11-18 18:00:00,0.0
2023-11-18 19:00:00,0.0
2023-11-18 20:00:00,0.0
2023-11-18 21:00:00,0.0
2023-11-18 22:00:00,0.0
2023-11-18 23:00:00,0.0
2023-11-19 00:00:00,0.0
2023-11-19 01:00:00,0.0
2023-11-19 02:00:00,0.0
2023-11-19 03:00:00,0.0
2023-11-19 04:00:00,0.0
2023-11-19 05:00:00,0.0
2023-11-19 06:00:00,0.09
2023-11-19 07:00:00,2.103
2023-11-19 08:00:00,7.877000000000001
2023-11-19 09:00:00,14.778
2023-11-19 10:00:00,18.624000000000002
2023-11-19 11:00:00,17.142
2023-11-19 12:00:00,16.399
2023-11-19 13:00:00,14.968
2023-11-19 14:00:00,12.125
2023-11-19 15:00:00,7.652
2023-11-19 16:00:00,3.103
2023-11-19 17:00:00,0.28
2023-11-19 18:00:00,0.0
2023-11-19 19:00:00,0.0
2023-11-19 20:00:00,0.0
2023-11-19 21:00:00,0.0
2023-11-19 22:00:00,0.0
2023-11-19 23:00:00,0.0
2023-11-20 00:00:00,0.0
2023-11-20 01:00:00,0.0
2023-11-20 02:00:00,0.0
2023-11-20 03:00:00,0.0
2023-11-20 04:00:00,0.0
2023-11-20 05:00:00,0.0
2023-11-20 06:00:00,0.041
2023-11-20 07:00:00,2.46
2023-11-20 08:00:00,7.62
2023-11-20 09:00:00,14.149000000000001
2023-11-20 10:00:00,18.103
2023-11-20 11:00:00,16.596
2023-11-20 12:00:00,16.394
2023-11-20 13:00:00,15.274
2023-11-20 14:00:00,12.35
2023-11-20 15:00:00,8.094
2023-11-20 16:00:00,3.054
2023-11-20 17:00:00,0.22699999999999998
2023-11-20 18:00:00,0.0
2023-11-20 19:00:00,0.0
2023-11-20 20:00:00,0.0
2023-11-20 21:00:00,0.0
2023-11-20 22:00:00,0.0
2023-11-20 23:00:00,0.0
2023-11-21 00:00:00,0.0
2023-11-21 01:00:00,0.0
2023-11-21 02:00:00,0.0
2023-11-21 03:00:00,0.0
2023-11-21 04:00:00,0.0
2023-11-21 05:00:00,0.0
2023-11-21 06:00:00,0.04
2023-11-21 07:00:00,2.323
2023-11-21 08:00:00,7.686
2023-11-21 09:00:00,13.162
2023-11-21 10:00:00,18.084
2023-11-21 11:00:00,17.382
2023-11-21 12:00:00,16.554000000000002
2023-11-21 13:00:00,15.178
2023-11-21 14:00:00,12.346
2023-11-21 15:00:00,8.143
2023-11-21 16:00:00,3.033
2023-11-21 17:00:00,0.20400000000000001
2023-11-21 18:00:00,0.0
2023-11-21 19:00:00,0.0
2023-11-21 20:00:00,0.0
2023-11-21 21:00:00,0.0
2023-11-21 22:00:00,0.0
2023-11-21 23:00:00,0.0
2023-11-22 00:00:00,0.0
2023-11-22 01:00:00,0.0
2023-11-22 02:00:00,0.0
2023-11-22 03:00:00,0.0
2023-11-22 04:00:00,0.0
2023-11-22 05:00:00,0.0
2023-11-22 06:00:00,0.005
2023-11-22 07:00:00,1.998
2023-11-22 08:00:00,7.615
2023-11-22 09:00:00,14.036
2023-11-22 10:00:00,18.188000000000002
2023-11-22 11:00:00,16.872
2023-11-22 12:00:00,16.371000000000002
2023-11-22 13:00:00,15.069
2023-11-22 14:00:00,11.996
2023-11-22 15:00:00,7.946
2023-11-22 16:00:00,2.952
2023-11-22 17:00:00,0.22799999999999998
2023-11-22 18:00:00,0.0
2023-11-22 19:00:00,0.0
2023-11-22 20:00:00,0.0
2023-11-22 21:00:00,0.0
2023-11-22 22:00:00,0.0
2023-11-22 23:00:00,0.0
2023-11-23 00:00:00,0.0
2023-11-23 01:00:00,0.0
2023-11-23 02:00:00,0.0
2023-11-23 03:00:00,0.0
2023-11-23 04:00:00,0.0
2023-11-23 05:00:00,0.0
2023-11-23 06:00:00,0.047
2023-11-23 07:00:00,2.7
2023-11-23 08:00:00,7.078
2023-11-23 09:00:00,13.183
2023-11-23 10:00:00,16.893
2023-11-23 11:00:00,16.094
2023-11-23 12:00:00,15.783999999999999
2023-11-23 13:00:00,14.706
2023-11-23 14:00:00,11.926
2023-11-23 15:00:00,7.622999999999999
2023-11-23 16:00:00,2.833
2023-11-23 17:00:00,0.243
2023-11-23 18:00:00,0.0
2023-11-23 19:00:00,0.0
2023-11-23 20:00:00,0.0
2023-11-23 21:00:00,0.0
2023-11-23 22:00:00,0.0
2023-11-23 23:00:00,0.0
2023-11-24 00:00:00,0.0
2023-11-24 01:00:00,0.0
2023-11-24 02:00:00,0.0
2023-11-24 03:00:00,0.0
2023-11-24 04:00:00,0.0
2023-11-24 05:00:00,0.0
2023-11-24 06:00:00,0.032
2023-11-24 07:00:00,2.16
2023-11-24 08:00:00,7.422000000000001
2023-11-24 09:00:00,14.129000000000001
2023-11-24 10:00:00,18.379
2023-11-24 11:00:00,16.71
2023-11-24 12:00:00,14.961000000000002
2023-11-24 13:00:00,14.52
2023-11-24 14:00:00,12.733
2023-11-24 15:00:00,7.2700000000000005
2023-11-24 16:00:00,2.957
2023-11-24 17:00:00,0.32999999999999996
2023-11-24 18:00:00,0.0
2023-11-24 19:00:00,0.0
2023-11-24 20:00:00,0.0
2023-11-24 21:00:00,0.0
2023-11-24 22:00:00,0.0
2023-11-24 23:00:00,0.0
2023-11-25 00:00:00,0.0
2023-11-25 01:00:00,0.0
2023-11-25 02:00:00,0.0
2023-11-25 03:00:00,0.0
2023-11-25 04:00:00,0.0
2023-11-25 05:00:00,0.0
2023-11-25 06:00:00,0.011
2023-11-25 07:00:00,2.043
2023-11-25 08:00:00,7.341
2023-11-25 09:00:00,13.621
2023-11-25 10:00:00,17.726
2023-11-25 11:00:00,16.791
2023-11-25 12:00:00,16.137
2023-11-25 13:00:00,14.771999999999998
2023-11-25 14:00:00,11.825
2023-11-25 15:00:00,7.705
2023-11-25 16:00:00,3.0
2023-11-25 17:00:00,0.275
2023-11-25 18:00:00,0.0
2023-11-25 19:00:00,0.0
2023-11-25 20:00:00,0.0
2023-11-25 21:00:00,0.0
2023-11-25 22:00:00,0.0
2023-11-25 23:00:00,0.0
2023-11-26 00:00:00,0.0
2023-11-26 01:00:00,0.0
2023-11-26 02:00:00,0.0
2023-11-26 03:00:00,0.0
2023-11-26 04:00:00,0.0
2023-11-26 05:00:00,0.0
2023-11-26 06:00:00,0.017
2023-11-26 07:00:00,2.068
2023-11-26 08:00:00,7.247
2023-11-26 09:00:00,13.622
2023-11-26 10:00:00,17.628
2023-11-26 11:00:00,16.376
2023-11-26 12:00:00,15.751000000000001
2023-11-26 13:00:00,14.617
2023-11-26 14:00:00,11.602
2023-11-26 15:00:00,7.6080000000000005
2023-11-26 16:00:00,3.045
2023-11-26 17:00:00,0.264
2023-11-26 18:00:00,0.0
2023-11-26 19:00:00,0.0
2023-11-26 20:00:00,0.0
2023-11-26 21:00:00,0.0
2023-11-26 22:00:00,0.0
2023-11-26 23:00:00,0.0
2023-11-27 00:00:00,0.0
2023-11-27 01:00:00,0.0
2023-11-27 02:00:00,0.0
2023-11-27 03:00:00,0.0
2023-11-27 04:00:00,0.0
2023-11-27 05:00:00,0.0
2023-11-27 06:00:00,0.013
2023-11-27 07:00:00,1.999
2023-11-27 08:00:00,6.978
2023-11-27 09:00:00,13.136
2023-11-27 10:00:00,17.069
2023-11-27 11:00:00,16.171
2023-11-27 12:00:00,15.496
2023-11-27 13:00:00,14.337
2023-11-27 14:00:00,11.288
2023-11-27 15:00:00,7.228999999999999
2023-11-27 16:00:00,2.855
2023-11-27 17:00:00,0.26
2023-11-27 18:00:00,0.0
2023-11-27 19:00:00,0.0
2023-11-27 20:00:00,0.0
2023-11-27 21:00:00,0.0
2023-11-27 22:00:00,0.0
2023-11-27 23:00:00,0.0
2023-11-28 00:00:00,0.0
2023-11-28 01:00:00,0.0
2023-11-28 02:00:00,0.0
2023-11-28 03:00:00,0.0
2023-11-28 04:00:00,0.0
2023-11-28 05:00:00,0.0
2023-11-28 06:00:00,0.008
2023-11-28 07:00:00,1.889
2023-11-28 08:00:00,6.858
2023-11-28 09:00:00,12.827
2023-11-28 10:00:00,16.77
2023-11-28 11:00:00,16.569000000000003
2023-11-28 12:00:00,15.986
2023-11-28 13:00:00,14.715
2023-11-28 14:00:00,11.703
2023-11-28 15:00:00,7.161
2023-11-28 16:00:00,2.58
2023-11-28 17:00:00,0.23
2023-11-28 18:00:00,0.0
2023-11-28 19:00:00,0.0
2023-11-28 20:00:00,0.0
2023-11-28 21:00:00,0.0
2023-11-28 22:00:00,0.0
2023-11-28 23:00:00,0.0
2023-11-29 00:00:00,0.0
2023-11-29 01:00:00,0.0
2023-11-29 02:00:00,0.0
2023-11-29 03:00:00,0.0
2023-11-29 04:00:00,0.0
2023-11-29 05:00:00,0.0
2023-11-29 06:00:00,0.0
2023-11-29 07:00:00,0.497
2023-11-29 08:00:00,2.521
2023-11-29 09:00:00,3.259
2023-11-29 10:00:00,5.099
2023-11-29 11:00:00,7.558
2023-11-29 12:00:00,7.817
2023-11-29 13:00:00,11.481
2023-11-29 14:00:00,7.221
2023-11-29 15:00:00,4.651
2023-11-29 16:00:00,2.517
2023-11-29 17:00:00,0.344
2023-11-29 18:00:00,0.0
2023-11-29 19:00:00,0.0
2023-11-29 20:00:00,0.0
2023-11-29 21:00:00,0.0
2023-11-29 22:00:00,0.0
2023-11-29 23:00:00,0.0
2023-11-30 00:00:00,0.0
2023-11-30 01:00:00,0.0
2023-11-30 02:00:00,0.0
2023-11-30 03:00:00,0.0
2023-11-30 04:00:00,0.0
2023-11-30 05:00:00,0.0
2023-11-30 06:00:00,0.0
2023-11-30 07:00:00,0.6859999999999999
2023-11-30 08:00:00,4.448
2023-11-30 09:00:00,6.422
2023-11-30 10:00:00,9.52
2023-11-30 11:00:00,10.664
2023-11-30 12:00:00,14.464
2023-11-30 13:00:00,10.889
2023-11-30 14:00:00,11.219
2023-11-30 15:00:00,7.092
2023-11-30 16:00:00,1.9729999999999999
2023-11-30 17:00:00,0.0
2023-11-30 18:00:00,0.0
2023-11-30 19:00:00,0.0
2023-11-30 20:00:00,0.0
2023-11-30 21:00:00,0.0
2023-11-30 22:00:00,0.0
2023-11-30 23:00:00,0.0
2023-12-01 00:00:00,0.0
2023-12-01 01:00:00,0.0
2023-12-01 02:00:00,0.0
2023-12-01 03:00:00,0.0
2023-12-01 04:00:00,0.0
2023-12-01 05:00:00,0.0
2023-12-01 06:00:00,0.0
2023-12-01 07:00:00,0.12
2023-12-01 08:00:00,1.317
2023-12-01 09:00:00,4.5440000000000005
2023-12-01 10:00:00,8.393
2023-12-01 11:00:00,9.327
2023-12-01 12:00:00,17.519
2023-12-01 13:00:00,13.378
2023-12-01 14:00:00,12.013
2023-12-01 15:00:00,7.422
2023-12-01 16:00:00,2.2520000000000002
2023-12-01 17:00:00,0.34299999999999997
2023-12-01 18:00:00,0.0
2023-12-01 19:00:00,0.0
2023-12-01 20:00:00,0.0
2023-12-01 21:00:00,0.0
2023-12-01 22:00:00,0.0
2023-12-01 23:00:00,0.0
2023-12-02 00:00:00,0.0
2023-12-02 01:00:00,0.0
2023-12-02 02:00:00,0.0
2023-12-02 03:00:00,0.0
2023-12-02 04:00:00,0.0
2023-12-02 05:00:00,0.0
2023-12-02 06:00:00,0.0
2023-12-02 07:00:00,0.8160000000000001
2023-12-02 08:00:00,4.314
2023-12-02 09:00:00,8.228
2023-12-02 10:00:00,9.068000000000001
2023-12-02 11:00:00,8.361
2023-12-02 12:00:00,6.051
2023-12-02 13:00:00,6.96
2023-12-02 14:00:00,6.71
2023-12-02 15:00:00,4.551
2023-12-02 16:00:00,2.871
2023-12-02 17:00:00,0.254
2023-12-02 18:00:00,0.0
2023-12-02 19:00:00,0.0
2023-12-02 20:00:00,0.0
2023-12-02 21:00:00,0.0
2023-12-02 22:00:00,0.0
2023-12-02 23:00:00,0.0
2023-12-03 00:00:00,0.0
2023-12-03 01:00:00,0.0
2023-12-03 02:00:00,0.0
2023-12-03 03:00:00,0.0
2023-12-03 04:00:00,0.0
2023-12-03 05:00:00,0.0
2023-12-03 06:00:00,0.0
2023-12-03 07:00:00,0.371
2023-12-03 08:00:00,2.242
2023-12-03 09:00:00,4.752000000000001
2023-12-03 10:00:00,6.960000000000001
2023-12-03 11:00:00,12.282
2023-12-03 12:00:00,13.98
2023-12-03 13:00:00,12.653
2023-12-03 14:00:00,9.551
2023-12-03 15:00:00,5.141
2023-12-03 16:00:00,2.431
2023-12-03 17:00:00,0.41300000000000003
2023-12-03 18:00:00,0.0
2023-12-03 19:00:00,0.0
2023-12-03 20:00:00,0.0
2023-12-03 21:00:00,0.0
2023-12-03 22:00:00,0.0
2023-12-03 23:00:00,0.0
2023-12-04 00:00:00,0.0
2023-12-04 01:00:00,0.0
2023-12-04 02:00:00,0.0
2023-12-04 03:00:00,0.0
2023-12-04 04:00:00,0.0
2023-12-04 05:00:00,0.0
2023-12-04 06:00:00,0.0
2023-12-04 07:00:00,0.18
2023-12-04 08:00:00,1.843
2023-12-04 09:00:00,5.752000000000001
2023-12-04 10:00:00,11.024000000000001
2023-12-04 11:00:00,11.399000000000001
2023-12-04 12:00:00,15.179
2023-12-04 13:00:00,10.546
2023-12-04 14:00:00,6.931
2023-12-04 15:00:00,6.67
2023-12-04 16:00:00,2.817
2023-12-04 17:00:00,0.273
2023-12-04 18:00:00,0.0
2023-12-04 19:00:00,0.0
2023-12-04 20:00:00,0.0
2023-12-04 21:00:00,0.0
2023-12-04 22:00:00,0.0
2023-12-04 23:00:00,0.0
2023-12-05 00:00:00,0.0
2023-12-05 01:00:00,0.0
2023-12-05 02:00:00,0.0
2023-12-05 03:00:00,0.0
2023-12-05 04:00:00,0.0
2023-12-05 05:00:00,0.0
2023-12-05 06:00:00,0.0
2023-12-05 07:00:00,1.478
2023-12-05 08:00:00,6.345000000000001
2023-12-05 09:00:00,12.323
2023-12-05 10:00:00,16.387
2023-12-05 11:00:00,15.516
2023-12-05 12:00:00,14.95
2023-12-05 13:00:00,11.929
2023-12-05 14:00:00,9.102
2023-12-05 15:00:00,4.663
2023-12-05 16:00:00,2.318
2023-12-05 17:00:00,0.357
2023-12-05 18:00:00,0.0
2023-12-05 19:00:00,0.0
2023-12-05 20:00:00,0.0
2023-12-05 21:00:00,0.0
2023-12-05 22:00:00,0.0
2023-12-05 23:00:00,0.0
2023-12-06 00:00:00,0.0
2023-12-06 01:00:00,0.0
2023-12-06 02:00:00,0.0
2023-12-06 03:00:00,0.0
2023-12-06 04:00:00,0.0
2023-12-06 05:00:00,0.0
2023-12-06 06:00:00,0.0
2023-12-06 07:00:00,0.192
2023-12-06 08:00:00,1.71
2023-12-06 09:00:00,2.909
2023-12-06 10:00:00,2.6879999999999997
2023-12-06 11:00:00,4.842
2023-12-06 12:00:00,6.162
2023-12-06 13:00:00,6.287
2023-12-06 14:00:00,6.115
2023-12-06 15:00:00,5.701
2023-12-06 16:00:00,4.405
2023-12-06 17:00:00,0.29500000000000004
2023-12-06 18:00:00,0.0
2023-12-06 19:00:00,0.0
2023-12-06 20:00:00,0.0
2023-12-06 21:00:00,0.0
2023-12-06 22:00:00,0.0
2023-12-06 23:00:00,0.0
2023-12-07 00:00:00,0.0
2023-12-07 01:00:00,0.0
2023-12-07 02:00:00,0.0
2023-12-07 03:00:00,0.0
2023-12-07 04:00:00,0.0
2023-12-07 05:00:00,0.0
2023-12-07 06:00:00,0.0
2023-12-07 07:00:00,1.624
2023-12-07 08:00:00,6.541
2023-12-07 09:00:00,13.125
2023-12-07 10:00:00,17.338
2023-12-07 11:00:00,15.945
2023-12-07 12:00:00,15.52
2023-12-07 13:00:00,14.575
2023-12-07 14:00:00,11.713000000000001
2023-12-07 15:00:00,7.792
2023-12-07 16:00:00,2.907
2023-12-07 17:00:00,0.193
2023-12-07 18:00:00,0.0
2023-12-07 19:00:00,0.0
2023-12-07 20:00:00,0.0
2023-12-07 21:00:00,0.0
2023-12-07 22:00:00,0.0
2023-12-07 23:00:00,0.0
2023-12-08 00:00:00,0.0
2023-12-08 01:00:00,0.0
2023-12-08 02:00:00,0.0
2023-12-08 03:00:00,0.0
2023-12-08 04:00:00,0.0
2023-12-08 05:00:00,0.0
2023-12-08 06:00:00,0.0
2023-12-08 07:00:00,0.956
2023-12-08 08:00:00,6.068
2023-12-08 09:00:00,12.019
2023-12-08 10:00:00,16.384
2023-12-08 11:00:00,15.280000000000001
2023-12-08 12:00:00,13.791
2023-12-08 13:00:00,14.062
2023-12-08 14:00:00,10.73
2023-12-08 15:00:00,3.509
2023-12-08 16:00:00,1.794
2023-12-08 17:00:00,0.23099999999999998
2023-12-08 18:00:00,0.0
2023-12-08 19:00:00,0.0
2023-12-08 20:00:00,0.0
2023-12-08 21:00:00,0.0
2023-12-08 22:00:00,0.0
2023-12-08 23:00:00,0.0
2023-12-09 00:00:00,0.0
2023-12-09 01:00:00,0.0
2023-12-09 02:00:00,0.0
2023-12-09 03:00:00,0.0
2023-12-09 04:00:00,0.0
2023-12-09 05:00:00,0.0
2023-12-09 06:00:00,0.0
2023-12-09 07:00:00,0.743
2023-12-09 08:00:00,2.064
2023-12-09 09:00:00,6.087
2023-12-09 10:00:00,5.979
2023-12-09 11:00:00,6.198
2023-12-09 12:00:00,7.2620000000000005
2023-12-09 13:00:00,4.7940000000000005
2023-12-09 14:00:00,3.699
2023-12-09 15:00:00,3.284
2023-12-09 16:00:00,1.16
2023-12-09 17:00:00,0.09699999999999999
2023-12-09 18:00:00,0.0
2023-12-09 19:00:00,0.0
2023-12-09 20:00:00,0.0
2023-12-09 21:00:00,0.0
2023-12-09 22:00:00,0.0
2023-12-09 23:00:00,0.0
2023-12-10 00:00:00,0.0
2023-12-10 01:00:00,0.0
2023-12-10 02:00:00,0.0
2023-12-10 03:00:00,0.0
2023-12-10 04:00:00,0.0
2023-12-10 05:00:00,0.0
2023-12-10 06:00:00,0.0
2023-12-10 07:00:00,1.3519999999999999
2023-12-10 08:00:00,5.533
2023-12-10 09:00:00,10.052
2023-12-10 10:00:00,9.364
2023-12-10 11:00:00,13.548
2023-12-10 12:00:00,16.476
2023-12-10 13:00:00,13.855
2023-12-10 14:00:00,9.204
2023-12-10 15:00:00,4.686
2023-12-10 16:00:00,2.108
2023-12-10 17:00:00,0.164
2023-12-10 18:00:00,0.0
2023-12-10 19:00:00,0.0
2023-12-10 20:00:00,0.0
2023-12-10 21:00:00,0.0
2023-12-10 22:00:00,0.0
2023-12-10 23:00:00,0.0
2023-12-11 00:00:00,0.0
2023-12-11 01:00:00,0.0
2023-12-11 02:00:00,0.0
2023-12-11 03:00:00,0.0
2023-12-11 04:00:00,0.0
2023-12-11 05:00:00,0.0
2023-12-11 06:00:00,0.0
2023-12-11 07:00:00,0.846
2023-12-11 08:00:00,4.045
2023-12-11 09:00:00,7.274
2023-12-11 10:00:00,10.168
2023-12-11 11:00:00,12.45
2023-12-11 12:00:00,12.99
2023-12-11 13:00:00,12.193999999999999
2023-12-11 14:00:00,9.906
2023-12-11 15:00:00,4.344
2023-12-11 16:00:00,1.357
2023-12-11 17:00:00,0.20400000000000001
2023-12-11 18:00:00,0.0
2023-12-11 19:00:00,0.0
2023-12-11 20:00:00,0.0
2023-12-11 21:00:00,0.0
2023-12-11 22:00:00,0.0
2023-12-11 23:00:00,0.0
2023-12-12 00:00:00,0.0
2023-12-12 01:00:00,0.0
2023-12-12 02:00:00,0.0
2023-12-12 03:00:00,0.0
2023-12-12 04:00:00,0.0
2023-12-12 05:00:00,0.0
2023-12-12 06:00:00,0.0
2023-12-12 07:00:00,1.311
2023-12-12 08:00:00,5.658
2023-12-12 09:00:00,11.440999999999999
2023-12-12 10:00:00,15.666
2023-12-12 11:00:00,15.038
2023-12-12 12:00:00,14.636
2023-12-12 13:00:00,13.519
2023-12-12 14:00:00,10.686
2023-12-12 15:00:00,7.219
2023-12-12 16:00:00,2.943
2023-12-12 17:00:00,0.247
2023-12-12 18:00:00,0.0
2023-12-12 19:00:00,0.0
2023-12-12 20:00:00,0.0
2023-12-12 21:00:00,0.0
2023-12-12 22:00:00,0.0
2023-12-12 23:00:00,0.0
2023-12-13 00:00:00,0.0
2023-12-13 01:00:00,0.0
2023-12-13 02:00:00,0.0
2023-12-13 03:00:00,0.0
2023-12-13 04:00:00,0.0
2023-12-13 05:00:00,0.0
2023-12-13 06:00:00,0.0
2023-12-13 07:00:00,0.0
2023-12-13 08:00:00,0.362
2023-12-13 09:00:00,0.856
2023-12-13 10:00:00,2.207
2023-12-13 11:00:00,4.017
2023-12-13 12:00:00,3.513
2023-12-13 13:00:00,3.1470000000000002
2023-12-13 14:00:00,3.388
2023-12-13 15:00:00,2.156
2023-12-13 16:00:00,1.588
2023-12-13 17:00:00,0.02
2023-12-13 18:00:00,0.0
2023-12-13 19:00:00,0.0
2023-12-13 20:00:00,0.0
2023-12-13 21:00:00,0.0
2023-12-13 22:00:00,0.0
2023-12-13 23:00:00,0.0
2023-12-14 00:00:00,0.0
2023-12-14 01:00:00,0.0
2023-12-14 02:00:00,0.0
2023-12-14 03:00:00,0.0
2023-12-14 04:00:00,0.0
2023-12-14 05:00:00,0.0
2023-12-14 06:00:00,0.0
2023-12-14 07:00:00,0.548
2023-12-14 08:00:00,2.245
2023-12-14 09:00:00,3.363
2023-12-14 10:00:00,4.024
2023-12-14 11:00:00,7.975
2023-12-14 12:00:00,7.563000000000001
2023-12-14 13:00:00,8.709
2023-12-14 14:00:00,4.7170000000000005
2023-12-14 15:00:00,3.79
2023-12-14 16:00:00,1.329
2023-12-14 17:00:00,0.03
2023-12-14 18:00:00,0.0
2023-12-14 19:00:00,0.0
2023-12-14 20:00:00,0.0
2023-12-14 21:00:00,0.0
2023-12-14 22:00:00,0.0
2023-12-14 23:00:00,0.0
2023-12-15 00:00:00,0.0
2023-12-15 01:00:00,0.0
2023-12-15 02:00:00,0.0
2023-12-15 03:00:00,0.0
2023-12-15 04:00:00,0.0
2023-12-15 05:00:00,0.0
2023-12-15 06:00:00,0.0
2023-12-15 07:00:00,0.639
2023-12-15 08:00:00,4.7780000000000005
2023-12-15 09:00:00,11.479
2023-12-15 10:00:00,15.984
2023-12-15 11:00:00,15.214
2023-12-15 12:00:00,13.909
2023-12-15 13:00:00,14.33
2023-12-15 14:00:00,10.690000000000001
2023-12-15 15:00:00,7.944
2023-12-15 16:00:00,3.705
2023-12-15 17:00:00,0.33999999999999997
2023-12-15 18:00:00,0.0
2023-12-15 19:00:00,0.0
2023-12-15 20:00:00,0.0
2023-12-15 21:00:00,0.0
2023-12-15 22:00:00,0.0
2023-12-15 23:00:00,0.0
2023-12-16 00:00:00,0.0
2023-12-16 01:00:00,0.0
2023-12-16 02:00:00,0.0
2023-12-16 03:00:00,0.0
2023-12-16 04:00:00,0.0
2023-12-16 05:00:00,0.0
2023-12-16 06:00:00,0.0
2023-12-16 07:00:00,0.479
2023-12-16 08:00:00,5.16
2023-12-16 09:00:00,5.527
2023-12-16 10:00:00,14.732
2023-12-16 11:00:00,12.315
2023-12-16 12:00:00,15.343
2023-12-16 13:00:00,12.164
2023-12-16 14:00:00,6.112
2023-12-16 15:00:00,3.114
2023-12-16 16:00:00,0.764
2023-12-16 17:00:00,0.076
2023-12-16 18:00:00,0.0
2023-12-16 19:00:00,0.0
2023-12-16 20:00:00,0.0
2023-12-16 21:00:00,0.0
2023-12-16 22:00:00,0.0
2023-12-16 23:00:00,0.0
2023-12-17 00:00:00,0.0
2023-12-17 01:00:00,0.0
2023-12-17 02:00:00,0.0
2023-12-17 03:00:00,0.0
2023-12-17 04:00:00,0.0
2023-12-17 05:00:00,0.0
2023-12-17 06:00:00,0.0
2023-12-17 07:00:00,0.31
2023-12-17 08:00:00,1.812
2023-12-17 09:00:00,2.883
2023-12-17 10:00:00,5.926
2023-12-17 11:00:00,9.57
2023-12-17 12:00:00,8.473
2023-12-17 13:00:00,6.733
2023-12-17 14:00:00,4.614
2023-12-17 15:00:00,2.692
2023-12-17 16:00:00,1.1
2023-12-17 17:00:00,0.068
2023-12-17 18:00:00,0.0
2023-12-17 19:00:00,0.0
2023-12-17 20:00:00,0.0
2023-12-17 21:00:00,0.0
2023-12-17 22:00:00,0.0
2023-12-17 23:00:00,0.0
2023-12-18 00:00:00,0.0
2023-12-18 01:00:00,0.0
2023-12-18 02:00:00,0.0
2023-12-18 03:00:00,0.0
2023-12-18 04:00:00,0.0
2023-12-18 05:00:00,0.0
2023-12-18 06:00:00,0.0
2023-12-18 07:00:00,0.272
2023-12-18 08:00:00,1.723
2023-12-18 09:00:00,2.0180000000000002
2023-12-18 10:00:00,3.245
2023-12-18 11:00:00,2.5860000000000003
2023-12-18 12:00:00,2.7270000000000003
2023-12-18 13:00:00,2.306
2023-12-18 14:00:00,1.842
2023-12-18 15:00:00,1.1640000000000001
2023-12-18 16:00:00,1.0070000000000001
2023-12-18 17:00:00,0.031
2023-12-18 18:00:00,0.0
2023-12-18 19:00:00,0.0
2023-12-18 20:00:00,0.0
2023-12-18 21:00:00,0.0
2023-12-18 22:00:00,0.0
2023-12-18 23:00:00,0.0
2023-12-19 00:00:00,0.0
2023-12-19 01:00:00,0.0
2023-12-19 02:00:00,0.0
2023-12-19 03:00:00,0.0
2023-12-19 04:00:00,0.0
2023-12-19 05:00:00,0.0
2023-12-19 06:00:00,0.0
2023-12-19 07:00:00,0.35200000000000004
2023-12-19 08:00:00,2.19
2023-12-19 09:00:00,3.4619999999999997
2023-12-19 10:00:00,5.1530000000000005
2023-12-19 11:00:00,8.184000000000001
2023-12-19 12:00:00,8.334
2023-12-19 13:00:00,13.753
2023-12-19 14:00:00,9.396999999999998
2023-12-19 15:00:00,7.852
2023-12-19 16:00:00,3.324
2023-12-19 17:00:00,0.231
2023-12-19 18:00:00,0.0
2023-12-19 19:00:00,0.0
2023-12-19 20:00:00,0.0
2023-12-19 21:00:00,0.0
2023-12-19 22:00:00,0.0
2023-12-19 23:00:00,0.0
2023-12-20 00:00:00,0.0
2023-12-20 01:00:00,0.0
2023-12-20 02:00:00,0.0
2023-12-20 03:00:00,0.0
2023-12-20 04:00:00,0.0
2023-12-20 05:00:00,0.0
2023-12-20 06:00:00,0.0
2023-12-20 07:00:00,0.287
2023-12-20 08:00:00,1.944
2023-12-20 09:00:00,3.654
2023-12-20 10:00:00,4.782
2023-12-20 11:00:00,6.075
2023-12-20 12:00:00,7.662
2023-12-20 13:00:00,7.960000000000001
2023-12-20 14:00:00,5.241
2023-12-20 15:00:00,5.848000000000001
2023-12-20 16:00:00,3.972
2023-12-20 17:00:00,0.337
2023-12-20 18:00:00,0.0
2023-12-20 19:00:00,0.0
2023-12-20 20:00:00,0.0
2023-12-20 21:00:00,0.0
2023-12-20 22:00:00,0.0
2023-12-20 23:00:00,0.0
2023-12-21 00:00:00,0.0
2023-12-21 01:00:00,0.0
2023-12-21 02:00:00,0.0
2023-12-21 03:00:00,0.0
2023-12-21 04:00:00,0.0
2023-12-21 05:00:00,0.0
2023-12-21 06:00:00,0.0
2023-12-21 07:00:00,0.156
2023-12-21 08:00:00,1.004
2023-12-21 09:00:00,3.071
2023-12-21 10:00:00,4.772
2023-12-21 11:00:00,5.365
2023-12-21 12:00:00,5.3919999999999995
2023-12-21 13:00:00,5.8469999999999995
2023-12-21 14:00:00,5.476
2023-12-21 15:00:00,2.992
2023-12-21 16:00:00,1.357
2023-12-21 17:00:00,0.195
2023-12-21 18:00:00,0.0
2023-12-21 19:00:00,0.0
2023-12-21 20:00:00,0.0
2023-12-21 21:00:00,0.0
2023-12-21 22:00:00,0.0
2023-12-21 23:00:00,0.0
2023-12-22 00:00:00,0.0
2023-12-22 01:00:00,0.0
2023-12-22 02:00:00,0.0
2023-12-22 03:00:00,0.0
2023-12-22 04:00:00,0.0
2023-12-22 05:00:00,0.0
2023-12-22 06:00:00,0.0
2023-12-22 07:00:00,0.538
2023-12-22 08:00:00,2.5220000000000002
2023-12-22 09:00:00,6.846
2023-12-22 10:00:00,7.008
2023-12-22 11:00:00,9.254999999999999
2023-12-22 12:00:00,6.649
2023-12-22 13:00:00,6.963
2023-12-22 14:00:00,6.747
2023-12-22 15:00:00,8.609
2023-12-22 16:00:00,2.578
2023-12-22 17:00:00,0.243
2023-12-22 18:00:00,0.0
2023-12-22 19:00:00,0.0
2023-12-22 20:00:00,0.0
2023-12-22 21:00:00,0.0
2023-12-22 22:00:00,0.0
2023-12-22 23:00:00,0.0
2023-12-23 00:00:00,0.0
2023-12-23 01:00:00,0.0
2023-12-23 02:00:00,0.0
2023-12-23 03:00:00,0.0
2023-12-23 04:00:00,0.0
2023-12-23 05:00:00,0.0
2023-12-23 06:00:00,0.0
2023-12-23 07:00:00,0.0
2023-12-23 08:00:00,0.758
2023-12-23 09:00:00,2.621
2023-12-23 10:00:00,6.140000000000001
2023-12-23 11:00:00,8.698
2023-12-23 12:00:00,5.687
2023-12-23 13:00:00,9.826
2023-12-23 14:00:00,6.442
2023-12-23 15:00:00,8.06
2023-12-23 16:00:00,3.372
2023-12-23 17:00:00,0.505
2023-12-23 18:00:00,0.0
2023-12-23 19:00:00,0.0
2023-12-23 20:00:00,0.0
2023-12-23 21:00:00,0.0
2023-12-23 22:00:00,0.0
2023-12-23 23:00:00,0.0
2023-12-24 00:00:00,0.0
2023-12-24 01:00:00,0.0
2023-12-24 02:00:00,0.0
2023-12-24 03:00:00,0.0
2023-12-24 04:00:00,0.0
2023-12-24 05:00:00,0.0
2023-12-24 06:00:00,0.0
2023-12-24 07:00:00,0.964
2023-12-24 08:00:00,5.471
2023-12-24 09:00:00,11.845
2023-12-24 10:00:00,16.853
2023-12-24 11:00:00,16.47
2023-12-24 12:00:00,15.991
2023-12-24 13:00:00,15.056000000000001
2023-12-24 14:00:00,12.129999999999999
2023-12-24 15:00:00,8.294
2023-12-24 16:00:00,3.543
2023-12-24 17:00:00,0.37
2023-12-24 18:00:00,0.0
2023-12-24 19:00:00,0.0
2023-12-24 20:00:00,0.0
2023-12-24 21:00:00,0.0
2023-12-24 22:00:00,0.0
2023-12-24 23:00:00,0.0
2023-12-25 00:00:00,0.0
2023-12-25 01:00:00,0.0
2023-12-25 02:00:00,0.0
2023-12-25 03:00:00,0.0
2023-12-25 04:00:00,0.0
2023-12-25 05:00:00,0.0
2023-12-25 06:00:00,0.0
2023-12-25 07:00:00,1.0619999999999998
2023-12-25 08:00:00,5.689
2023-12-25 09:00:00,12.042
2023-12-25 10:00:00,16.868000000000002
2023-12-25 11:00:00,16.38
2023-12-25 12:00:00,15.870999999999999
2023-12-25 13:00:00,14.938
2023-12-25 14:00:00,11.783
2023-12-25 15:00:00,8.347
2023-12-25 16:00:00,3.785
2023-12-25 17:00:00,0.44
2023-12-25 18:00:00,0.0
2023-12-25 19:00:00,0.0
2023-12-25 20:00:00,0.0
2023-12-25 21:00:00,0.0
2023-12-25 22:00:00,0.0
2023-12-25 23:00:00,0.0
2023-12-26 00:00:00,0.0
2023-12-26 01:00:00,0.0
2023-12-26 02:00:00,0.0
2023-12-26 03:00:00,0.0
2023-12-26 04:00:00,0.0
2023-12-26 05:00:00,0.0
2023-12-26 06:00:00,0.0
2023-12-26 07:00:00,0.542
2023-12-26 08:00:00,1.2069999999999999
2023-12-26 09:00:00,3.2430000000000003
2023-12-26 10:00:00,8.859
2023-12-26 11:00:00,16.342
2023-12-26 12:00:00,12.535
2023-12-26 13:00:00,14.75
2023-12-26 14:00:00,11.742
2023-12-26 15:00:00,8.112
2023-12-26 16:00:00,3.591
2023-12-26 17:00:00,0.338
2023-12-26 18:00:00,0.0
2023-12-26 19:00:00,0.0
2023-12-26 20:00:00,0.0
2023-12-26 21:00:00,0.0
2023-12-26 22:00:00,0.0
2023-12-26 23:00:00,0.0
2023-12-27 00:00:00,0.0
2023-12-27 01:00:00,0.0
2023-12-27 02:00:00,0.0
2023-12-27 03:00:00,0.0
2023-12-27 04:00:00,0.0
2023-12-27 05:00:00,0.0
2023-12-27 06:00:00,0.0
2023-12-27 07:00:00,0.627
2023-12-27 08:00:00,1.968
2023-12-27 09:00:00,4.531000000000001
2023-12-27 10:00:00,12.295
2023-12-27 11:00:00,13.718
2023-12-27 12:00:00,12.455
2023-12-27 13:00:00,10.427
2023-12-27 14:00:00,7.186
2023-12-27 15:00:00,3.835
2023-12-27 16:00:00,1.151
2023-12-27 17:00:00,0.046
2023-12-27 18:00:00,0.0
2023-12-27 19:00:00,0.0
2023-12-27 20:00:00,0.0
2023-12-27 21:00:00,0.0
2023-12-27 22:00:00,0.0
2023-12-27 23:00:00,0.0
2023-12-28 00:00:00,0.0
2023-12-28 01:00:00,0.0
2023-12-28 02:00:00,0.0
2023-12-28 03:00:00,0.0
2023-12-28 04:00:00,0.0
2023-12-28 05:00:00,0.0
2023-12-28 06:00:00,0.0
2023-12-28 07:00:00,0.389
2023-12-28 08:00:00,2.753
2023-12-28 09:00:00,5.54
2023-12-28 10:00:00,12.525
2023-12-28 11:00:00,15.492
2023-12-28 12:00:00,13.378
2023-12-28 13:00:00,13.215
2023-12-28 14:00:00,7.482000000000001
2023-12-28 15:00:00,5.691
2023-12-28 16:00:00,3.2640000000000002
2023-12-28 17:00:00,0.558
2023-12-28 18:00:00,0.0
2023-12-28 19:00:00,0.0
2023-12-28 20:00:00,0.0
2023-12-28 21:00:00,0.0
2023-12-28 22:00:00,0.0
2023-12-28 23:00:00,0.0
2023-12-29 00:00:00,0.0
2023-12-29 01:00:00,0.0
2023-12-29 02:00:00,0.0
2023-12-29 03:00:00,0.0
2023-12-29 04:00:00,0.0
2023-12-29 05:00:00,0.0
2023-12-29 06:00:00,0.0
2023-12-29 07:00:00,0.611
2023-12-29 08:00:00,3.406
2023-12-29 09:00:00,5.948
2023-12-29 10:00:00,14.505
2023-12-29 11:00:00,13.225
2023-12-29 12:00:00,13.886
2023-12-29 13:00:00,13.510000000000002
2023-12-29 14:00:00,10.998999999999999
2023-12-29 15:00:00,7.232
2023-12-29 16:00:00,3.427
2023-12-29 17:00:00,0.476
2023-12-29 18:00:00,0.0
2023-12-29 19:00:00,0.0
2023-12-29 20:00:00,0.0
2023-12-29 21:00:00,0.0
2023-12-29 22:00:00,0.0
2023-12-29 23:00:00,0.0
2023-12-30 00:00:00,0.0
2023-12-30 01:00:00,0.0
2023-12-30 02:00:00,0.0
2023-12-30 03:00:00,0.0
2023-12-30 04:00:00,0.0
2023-12-30 05:00:00,0.0
2023-12-30 06:00:00,0.0
2023-12-30 07:00:00,0.724
2023-12-30 08:00:00,5.217
2023-12-30 09:00:00,10.804
2023-12-30 10:00:00,13.92
2023-12-30 11:00:00,13.322
2023-12-30 12:00:00,14.089
2023-12-30 13:00:00,10.992
2023-12-30 14:00:00,9.307
2023-12-30 15:00:00,6.6
2023-12-30 16:00:00,3.028
2023-12-30 17:00:00,0.8719999999999999
2023-12-30 18:00:00,0.0
2023-12-30 19:00:00,0.0
2023-12-30 20:00:00,0.0
2023-12-30 21:00:00,0.0
2023-12-30 22:00:00,0.0
2023-12-30 23:00:00,0.0
2023-12-31 00:00:00,0.0
2023-12-31 01:00:00,0.0
2023-12-31 02:00:00,0.0
2023-12-31 03:00:00,0.0
2023-12-31 04:00:00,0.0
2023-12-31 05:00:00,0.0
2023-12-31 06:00:00,0.0
2023-12-31 07:00:00,0.742
2023-12-31 08:00:00,4.736
2023-12-31 09:00:00,10.908999999999999
2023-12-31 10:00:00,15.674
2023-12-31 11:00:00,15.244
2023-12-31 12:00:00,14.748000000000001
2023-12-31 13:00:00,14.227
2023-12-31 14:00:00,11.911000000000001
2023-12-31 15:00:00,7.333
2023-12-31 16:00:00,2.933
2023-12-31 17:00:00,0.389
2023-12-31 18:00:00,0.0
2023-12-31 19:00:00,0.0
2023-12-31 20:00:00,0.0
2023-12-31 21:00:00,0.0
2023-12-31 22:00:00,0.0
2023-12-31 23:00:00,0.0
