Time,Temperature
2021-01-01 00:00:00,7.927508333333334
2021-01-01 01:00:00,7.4405600000000005
2021-01-01 02:00:00,6.9728900000000005
2021-01-01 03:00:00,6.526291666666666
2021-01-01 04:00:00,6.145101666666666
2021-01-01 05:00:00,5.993188333333333
2021-01-01 06:00:00,5.8545066666666665
2021-01-01 07:00:00,6.63887
2021-01-01 08:00:00,9.476035
2021-01-01 09:00:00,12.171033333333332
2021-01-01 10:00:00,14.509833333333335
2021-01-01 11:00:00,17.185799999999997
2021-01-01 12:00:00,18.318766666666665
2021-01-01 13:00:00,17.05895
2021-01-01 14:00:00,18.31996666666667
2021-01-01 15:00:00,14.905233333333333
2021-01-01 16:00:00,12.1005
2021-01-01 17:00:00,11.842366666666667
2021-01-01 18:00:00,11.755416666666667
2021-01-01 19:00:00,11.313649999999999
2021-01-01 20:00:00,10.957016666666668
2021-01-01 21:00:00,10.876233333333333
2021-01-01 22:00:00,10.8513
2021-01-01 23:00:00,10.4016
2021-01-02 00:00:00,10.152966666666666
2021-01-02 01:00:00,10.052345
2021-01-02 02:00:00,9.686354999999999
2021-01-02 03:00:00,9.402524999999999
2021-01-02 04:00:00,8.915798333333333
2021-01-02 05:00:00,8.759553333333335
2021-01-02 06:00:00,8.63429
2021-01-02 07:00:00,9.949684999999999
2021-01-02 08:00:00,13.55055
2021-01-02 09:00:00,16.63985
2021-01-02 10:00:00,18.944133333333333
2021-01-02 11:00:00,20.404583333333335
2021-01-02 12:00:00,19.290766666666666
2021-01-02 13:00:00,16.84325
2021-01-02 14:00:00,15.878583333333333
2021-01-02 15:00:00,14.206516666666666
2021-01-02 16:00:00,13.382866666666667
2021-01-02 17:00:00,13.170133333333332
2021-01-02 18:00:00,12.837150000000001
2021-01-02 19:00:00,12.846916666666667
2021-01-02 20:00:00,13.427950000000001
2021-01-02 21:00:00,13.73005
2021-01-02 22:00:00,13.771099999999999
2021-01-02 23:00:00,13.660766666666666
2021-01-03 00:00:00,13.198649999999999
2021-01-03 01:00:00,12.45825
2021-01-03 02:00:00,12.009350000000001
2021-01-03 03:00:00,11.859966666666667
2021-01-03 04:00:00,11.830283333333334
2021-01-03 05:00:00,11.882100000000001
2021-01-03 06:00:00,12.261149999999999
2021-01-03 07:00:00,13.194716666666666
2021-01-03 08:00:00,16.151149999999998
2021-01-03 09:00:00,19.30388333333333
2021-01-03 10:00:00,21.735316666666666
2021-01-03 11:00:00,22.893349999999998
2021-01-03 12:00:00,19.778366666666667
2021-01-03 13:00:00,19.575166666666668
2021-01-03 14:00:00,18.70485
2021-01-03 15:00:00,16.806816666666666
2021-01-03 16:00:00,15.456133333333334
2021-01-03 17:00:00,14.8735
2021-01-03 18:00:00,14.814633333333335
2021-01-03 19:00:00,15.264266666666666
2021-01-03 20:00:00,15.672883333333335
2021-01-03 21:00:00,15.648433333333333
2021-01-03 22:00:00,15.622533333333333
2021-01-03 23:00:00,15.514199999999999
2021-01-04 00:00:00,15.310966666666667
2021-01-04 01:00:00,15.23725
2021-01-04 02:00:00,15.375083333333333
2021-01-04 03:00:00,15.23935
2021-01-04 04:00:00,15.186516666666668
2021-01-04 05:00:00,15.21445
2021-01-04 06:00:00,15.159116666666668
2021-01-04 07:00:00,15.097199999999999
2021-01-04 08:00:00,15.984433333333333
2021-01-04 09:00:00,18.080933333333334
2021-01-04 10:00:00,20.9224
2021-01-04 11:00:00,20.07095
2021-01-04 12:00:00,18.816866666666666
2021-01-04 13:00:00,18.878666666666668
2021-01-04 14:00:00,18.568783333333332
2021-01-04 15:00:00,18.2696
2021-01-04 16:00:00,17.17135
2021-01-04 17:00:00,16.324916666666667
2021-01-04 18:00:00,16.057833333333335
2021-01-04 19:00:00,15.929316666666667
2021-01-04 20:00:00,16.3244
2021-01-04 21:00:00,16.3706
2021-01-04 22:00:00,16.288466666666668
2021-01-04 23:00:00,16.199566666666666
2021-01-05 00:00:00,16.131016666666667
2021-01-05 01:00:00,16.016933333333334
2021-01-05 02:00:00,15.790516666666667
2021-01-05 03:00:00,15.726650000000001
2021-01-05 04:00:00,15.596566666666666
2021-01-05 05:00:00,15.866183333333334
2021-01-05 06:00:00,15.933383333333333
2021-01-05 07:00:00,15.968516666666666
2021-01-05 08:00:00,16.911466666666666
2021-01-05 09:00:00,18.34173333333333
2021-01-05 10:00:00,20.27665
2021-01-05 11:00:00,23.1155
2021-01-05 12:00:00,23.497916666666665
2021-01-05 13:00:00,20.611116666666664
2021-01-05 14:00:00,20.199716666666667
2021-01-05 15:00:00,18.516650000000002
2021-01-05 16:00:00,17.356716666666667
2021-01-05 17:00:00,17.4061
2021-01-05 18:00:00,16.501266666666666
2021-01-05 19:00:00,15.375033333333333
2021-01-05 20:00:00,15.4396
2021-01-05 21:00:00,15.4353
2021-01-05 22:00:00,15.383183333333333
2021-01-05 23:00:00,15.386216666666666
2021-01-06 00:00:00,15.290799999999999
2021-01-06 01:00:00,15.1858
2021-01-06 02:00:00,14.95335
2021-01-06 03:00:00,14.824516666666666
2021-01-06 04:00:00,14.272616666666666
2021-01-06 05:00:00,13.974983333333334
2021-01-06 06:00:00,13.602416666666667
2021-01-06 07:00:00,13.373416666666666
2021-01-06 08:00:00,14.202683333333333
2021-01-06 09:00:00,15.253566666666668
2021-01-06 10:00:00,17.715
2021-01-06 11:00:00,19.983533333333334
2021-01-06 12:00:00,18.477466666666665
2021-01-06 13:00:00,18.0852
2021-01-06 14:00:00,17.68951666666667
2021-01-06 15:00:00,16.349066666666666
2021-01-06 16:00:00,15.136833333333334
2021-01-06 17:00:00,14.4182
2021-01-06 18:00:00,14.098766666666668
2021-01-06 19:00:00,14.315616666666667
2021-01-06 20:00:00,14.395666666666667
2021-01-06 21:00:00,14.345483333333334
2021-01-06 22:00:00,14.393116666666666
2021-01-06 23:00:00,14.372683333333333
2021-01-07 00:00:00,14.51675
2021-01-07 01:00:00,14.797916666666667
2021-01-07 02:00:00,14.852533333333334
2021-01-07 03:00:00,14.164433333333333
2021-01-07 04:00:00,13.374833333333333
2021-01-07 05:00:00,12.931333333333333
2021-01-07 06:00:00,12.6037
2021-01-07 07:00:00,12.420283333333334
2021-01-07 08:00:00,12.970466666666665
2021-01-07 09:00:00,14.416866666666666
2021-01-07 10:00:00,15.941166666666668
2021-01-07 11:00:00,17.707966666666668
2021-01-07 12:00:00,18.976916666666668
2021-01-07 13:00:00,19.154616666666666
2021-01-07 14:00:00,17.516816666666667
2021-01-07 15:00:00,15.062016666666667
2021-01-07 16:00:00,13.541416666666667
2021-01-07 17:00:00,12.166366666666667
2021-01-07 18:00:00,11.076233333333333
2021-01-07 19:00:00,10.221236666666666
2021-01-07 20:00:00,9.719898333333333
2021-01-07 21:00:00,9.130621666666666
2021-01-07 22:00:00,8.650728333333332
2021-01-07 23:00:00,8.144936666666666
2021-01-08 00:00:00,7.49564
2021-01-08 01:00:00,6.860761666666666
2021-01-08 02:00:00,5.983621666666666
2021-01-08 03:00:00,5.6038033333333335
2021-01-08 04:00:00,5.5240366666666665
2021-01-08 05:00:00,5.792436666666666
2021-01-08 06:00:00,5.891046666666667
2021-01-08 07:00:00,6.055265
2021-01-08 08:00:00,6.229361666666667
2021-01-08 09:00:00,7.1032399999999996
2021-01-08 10:00:00,7.975548333333333
2021-01-08 11:00:00,8.860401666666666
2021-01-08 12:00:00,9.321855
2021-01-08 13:00:00,8.483175
2021-01-08 14:00:00,8.16549
2021-01-08 15:00:00,7.845628333333334
2021-01-08 16:00:00,7.575035
2021-01-08 17:00:00,7.170249999999999
2021-01-08 18:00:00,6.825670000000001
2021-01-08 19:00:00,6.534566666666667
2021-01-08 20:00:00,6.537274999999999
2021-01-08 21:00:00,6.652285
2021-01-08 22:00:00,6.725168333333333
2021-01-08 23:00:00,6.794325
2021-01-09 00:00:00,6.827875000000001
2021-01-09 01:00:00,6.811285
2021-01-09 02:00:00,6.802341666666666
2021-01-09 03:00:00,6.664025
2021-01-09 04:00:00,6.5493950000000005
2021-01-09 05:00:00,6.421715000000001
2021-01-09 06:00:00,6.027488333333333
2021-01-09 07:00:00,6.306518333333333
2021-01-09 08:00:00,8.627738333333333
2021-01-09 09:00:00,8.850668333333335
2021-01-09 10:00:00,10.458883333333334
2021-01-09 11:00:00,12.894666666666666
2021-01-09 12:00:00,14.560883333333333
2021-01-09 13:00:00,13.596749999999998
2021-01-09 14:00:00,11.424366666666666
2021-01-09 15:00:00,11.279216666666667
2021-01-09 16:00:00,10.914983333333334
2021-01-09 17:00:00,10.334200000000001
2021-01-09 18:00:00,10.309916666666668
2021-01-09 19:00:00,10.308616666666666
2021-01-09 20:00:00,10.504883333333334
2021-01-09 21:00:00,10.654483333333333
2021-01-09 22:00:00,10.7971
2021-01-09 23:00:00,10.791883333333335
2021-01-10 00:00:00,10.689
2021-01-10 01:00:00,10.524216666666666
2021-01-10 02:00:00,10.369716666666667
2021-01-10 03:00:00,10.142196666666667
2021-01-10 04:00:00,9.813645000000001
2021-01-10 05:00:00,9.578641666666666
2021-01-10 06:00:00,9.324440000000001
2021-01-10 07:00:00,9.083656666666666
2021-01-10 08:00:00,9.340283333333334
2021-01-10 09:00:00,10.271943333333333
2021-01-10 10:00:00,12.400083333333333
2021-01-10 11:00:00,16.201116666666667
2021-01-10 12:00:00,16.81615
2021-01-10 13:00:00,16.126916666666666
2021-01-10 14:00:00,14.980833333333333
2021-01-10 15:00:00,13.757100000000001
2021-01-10 16:00:00,12.817166666666667
2021-01-10 17:00:00,12.049416666666668
2021-01-10 18:00:00,11.514800000000001
2021-01-10 19:00:00,11.124166666666667
2021-01-10 20:00:00,10.863466666666666
2021-01-10 21:00:00,10.651716666666665
2021-01-10 22:00:00,10.48325
2021-01-10 23:00:00,10.355983333333334
2021-01-11 00:00:00,10.337316666666668
2021-01-11 01:00:00,10.407166666666665
2021-01-11 02:00:00,10.3302
2021-01-11 03:00:00,10.2672
2021-01-11 04:00:00,9.905316666666666
2021-01-11 05:00:00,9.678901666666667
2021-01-11 06:00:00,9.085896666666667
2021-01-11 07:00:00,8.81958
2021-01-11 08:00:00,8.450391666666667
2021-01-11 09:00:00,8.608991666666666
2021-01-11 10:00:00,8.590531666666667
2021-01-11 11:00:00,8.622396666666667
2021-01-11 12:00:00,8.398015
2021-01-11 13:00:00,8.02902
2021-01-11 14:00:00,8.060878333333333
2021-01-11 15:00:00,7.785055
2021-01-11 16:00:00,8.042436666666667
2021-01-11 17:00:00,7.8208400000000005
2021-01-11 18:00:00,7.872656666666667
2021-01-11 19:00:00,7.946276666666666
2021-01-11 20:00:00,8.060698333333333
2021-01-11 21:00:00,8.098165
2021-01-11 22:00:00,8.016716666666666
2021-01-11 23:00:00,8.022678333333333
2021-01-12 00:00:00,7.820103333333334
2021-01-12 01:00:00,7.629203333333334
2021-01-12 02:00:00,7.526913333333334
2021-01-12 03:00:00,7.331686666666667
2021-01-12 04:00:00,7.062918333333333
2021-01-12 05:00:00,6.942880000000001
2021-01-12 06:00:00,6.756306666666666
2021-01-12 07:00:00,7.33299
2021-01-12 08:00:00,9.735416666666667
2021-01-12 09:00:00,11.963733333333332
2021-01-12 10:00:00,13.7338
2021-01-12 11:00:00,15.247016666666667
2021-01-12 12:00:00,17.149116666666664
2021-01-12 13:00:00,18.36958333333333
2021-01-12 14:00:00,18.442316666666667
2021-01-12 15:00:00,15.532716666666666
2021-01-12 16:00:00,13.5043
2021-01-12 17:00:00,12.807633333333333
2021-01-12 18:00:00,12.046183333333333
2021-01-12 19:00:00,11.341883333333334
2021-01-12 20:00:00,11.494666666666665
2021-01-12 21:00:00,11.640433333333334
2021-01-12 22:00:00,11.218083333333334
2021-01-12 23:00:00,10.762383333333334
2021-01-13 00:00:00,10.435766666666666
2021-01-13 01:00:00,10.422283333333333
2021-01-13 02:00:00,10.264083333333334
2021-01-13 03:00:00,9.80677
2021-01-13 04:00:00,9.357616666666667
2021-01-13 05:00:00,9.122951666666667
2021-01-13 06:00:00,8.806606666666665
2021-01-13 07:00:00,10.39756
2021-01-13 08:00:00,15.360516666666665
2021-01-13 09:00:00,17.53315
2021-01-13 10:00:00,18.767833333333332
2021-01-13 11:00:00,15.934483333333333
2021-01-13 12:00:00,16.035516666666666
2021-01-13 13:00:00,16.012866666666664
2021-01-13 14:00:00,15.676733333333335
2021-01-13 15:00:00,13.906983333333333
2021-01-13 16:00:00,12.262616666666666
2021-01-13 17:00:00,11.787683333333332
2021-01-13 18:00:00,11.722299999999999
2021-01-13 19:00:00,11.6229
2021-01-13 20:00:00,11.007100000000001
2021-01-13 21:00:00,10.904083333333334
2021-01-13 22:00:00,11.783083333333334
2021-01-13 23:00:00,11.567883333333333
2021-01-14 00:00:00,11.361683333333334
2021-01-14 01:00:00,11.023349999999999
2021-01-14 02:00:00,11.127116666666666
2021-01-14 03:00:00,10.201075
2021-01-14 04:00:00,10.308950000000001
2021-01-14 05:00:00,10.195134999999999
2021-01-14 06:00:00,10.702416666666666
2021-01-14 07:00:00,12.216033333333334
2021-01-14 08:00:00,17.937616666666667
2021-01-14 09:00:00,18.726200000000002
2021-01-14 10:00:00,20.443516666666667
2021-01-14 11:00:00,18.281383333333334
2021-01-14 12:00:00,17.7386
2021-01-14 13:00:00,17.701216666666667
2021-01-14 14:00:00,17.05075
2021-01-14 15:00:00,16.107866666666666
2021-01-14 16:00:00,14.442866666666667
2021-01-14 17:00:00,13.898183333333332
2021-01-14 18:00:00,13.34935
2021-01-14 19:00:00,13.468616666666666
2021-01-14 20:00:00,13.3799
2021-01-14 21:00:00,13.695583333333333
2021-01-14 22:00:00,14.251983333333333
2021-01-14 23:00:00,13.956033333333332
2021-01-15 00:00:00,13.681083333333333
2021-01-15 01:00:00,13.632033333333334
2021-01-15 02:00:00,13.785266666666667
2021-01-15 03:00:00,14.153816666666668
2021-01-15 04:00:00,14.361799999999999
2021-01-15 05:00:00,14.237333333333334
2021-01-15 06:00:00,13.66465
2021-01-15 07:00:00,14.698633333333333
2021-01-15 08:00:00,19.103116666666665
2021-01-15 09:00:00,19.6874
2021-01-15 10:00:00,19.096549999999997
2021-01-15 11:00:00,19.228694915254238
2021-01-15 12:00:00,19.144033333333333
2021-01-15 13:00:00,18.82988333333333
2021-01-15 14:00:00,19.31185
2021-01-15 15:00:00,17.557633333333335
2021-01-15 16:00:00,16.288666666666668
2021-01-15 17:00:00,16.482216666666666
2021-01-15 18:00:00,15.210033333333334
2021-01-15 19:00:00,14.5452
2021-01-15 20:00:00,14.206666666666667
2021-01-15 21:00:00,14.225249999999999
2021-01-15 22:00:00,13.942833333333335
2021-01-15 23:00:00,14.027033333333332
2021-01-16 00:00:00,14.207266666666667
2021-01-16 01:00:00,14.116083333333334
2021-01-16 02:00:00,14.48075
2021-01-16 03:00:00,14.408383333333335
2021-01-16 04:00:00,14.822266666666668
2021-01-16 05:00:00,15.044083333333333
2021-01-16 06:00:00,15.531383333333334
2021-01-16 07:00:00,16.002066666666668
2021-01-16 08:00:00,18.073583333333332
2021-01-16 09:00:00,18.81611666666667
2021-01-16 10:00:00,19.554733333333335
2021-01-16 11:00:00,20.418566666666667
2021-01-16 12:00:00,20.123183333333333
2021-01-16 13:00:00,19.49255
2021-01-16 14:00:00,18.510350000000003
2021-01-16 15:00:00,17.93665
2021-01-16 16:00:00,17.054133333333333
2021-01-16 17:00:00,16.2938
2021-01-16 18:00:00,15.993400000000001
2021-01-16 19:00:00,15.4025
2021-01-16 20:00:00,14.872333333333334
2021-01-16 21:00:00,14.895066666666667
2021-01-16 22:00:00,14.717333333333332
2021-01-16 23:00:00,14.589466666666668
2021-01-17 00:00:00,14.498883333333334
2021-01-17 01:00:00,14.353100000000001
2021-01-17 02:00:00,14.094066666666667
2021-01-17 03:00:00,14.027616666666667
2021-01-17 04:00:00,13.734016666666667
2021-01-17 05:00:00,13.5998
2021-01-17 06:00:00,13.5527
2021-01-17 07:00:00,13.583416666666666
2021-01-17 08:00:00,14.286216666666666
2021-01-17 09:00:00,15.37475
2021-01-17 10:00:00,16.7759
2021-01-17 11:00:00,18.39035
2021-01-17 12:00:00,19.809616666666667
2021-01-17 13:00:00,20.0322
2021-01-17 14:00:00,19.871483333333334
2021-01-17 15:00:00,18.382783333333336
2021-01-17 16:00:00,17.011266666666668
2021-01-17 17:00:00,16.08823333333333
2021-01-17 18:00:00,15.187533333333333
2021-01-17 19:00:00,14.510883333333334
2021-01-17 20:00:00,13.748433333333333
2021-01-17 21:00:00,13.057883333333333
2021-01-17 22:00:00,12.54765
2021-01-17 23:00:00,11.7866
2021-01-18 00:00:00,11.127016666666666
2021-01-18 01:00:00,10.816416666666667
2021-01-18 02:00:00,10.509316666666667
2021-01-18 03:00:00,10.038018333333333
2021-01-18 04:00:00,9.72251
2021-01-18 05:00:00,9.480986666666666
2021-01-18 06:00:00,9.370098333333335
2021-01-18 07:00:00,9.742096666666667
2021-01-18 08:00:00,12.246616666666666
2021-01-18 09:00:00,15.24575
2021-01-18 10:00:00,17.5794
2021-01-18 11:00:00,20.132933333333334
2021-01-18 12:00:00,21.239250000000002
2021-01-18 13:00:00,18.324633333333335
2021-01-18 14:00:00,16.35845
2021-01-18 15:00:00,15.431433333333333
2021-01-18 16:00:00,13.657233333333332
2021-01-18 17:00:00,12.897066666666666
2021-01-18 18:00:00,12.392149999999999
2021-01-18 19:00:00,12.712633333333335
2021-01-18 20:00:00,11.995233333333335
2021-01-18 21:00:00,11.967916666666667
2021-01-18 22:00:00,11.88915
2021-01-18 23:00:00,11.785833333333333
2021-01-19 00:00:00,11.811083333333332
2021-01-19 01:00:00,11.914633333333335
2021-01-19 02:00:00,11.736733333333332
2021-01-19 03:00:00,11.4832
2021-01-19 04:00:00,11.0939
2021-01-19 05:00:00,10.8224
2021-01-19 06:00:00,10.74825
2021-01-19 07:00:00,11.560083333333333
2021-01-19 08:00:00,15.342666666666666
2021-01-19 09:00:00,15.94665
2021-01-19 10:00:00,18.140566666666665
2021-01-19 11:00:00,17.339533333333335
2021-01-19 12:00:00,15.430233333333332
2021-01-19 13:00:00,15.284566666666667
2021-01-19 14:00:00,15.058433333333333
2021-01-19 15:00:00,14.665083333333333
2021-01-19 16:00:00,14.684416666666667
2021-01-19 17:00:00,14.480533333333334
2021-01-19 18:00:00,14.312999999999999
2021-01-19 19:00:00,14.492333333333333
2021-01-19 20:00:00,14.629116666666667
2021-01-19 21:00:00,14.684383333333333
2021-01-19 22:00:00,14.573450000000001
2021-01-19 23:00:00,14.4826
2021-01-20 00:00:00,14.535816666666667
2021-01-20 01:00:00,14.5175
2021-01-20 02:00:00,14.641983333333334
2021-01-20 03:00:00,14.591233333333333
2021-01-20 04:00:00,14.60135
2021-01-20 05:00:00,14.82305
2021-01-20 06:00:00,14.872166666666667
2021-01-20 07:00:00,15.4341
2021-01-20 08:00:00,16.227516666666666
2021-01-20 09:00:00,16.90765
2021-01-20 10:00:00,18.02925
2021-01-20 11:00:00,17.99425
2021-01-20 12:00:00,19.890449999999998
2021-01-20 13:00:00,19.186083333333332
2021-01-20 14:00:00,18.912783333333334
2021-01-20 15:00:00,17.663816666666666
2021-01-20 16:00:00,16.205433333333335
2021-01-20 17:00:00,15.647733333333333
2021-01-20 18:00:00,15.789966666666666
2021-01-20 19:00:00,16.07968333333333
2021-01-20 20:00:00,16.027866666666668
2021-01-20 21:00:00,15.771866666666666
2021-01-20 22:00:00,15.983416666666667
2021-01-20 23:00:00,15.96865
2021-01-21 00:00:00,15.90445
2021-01-21 01:00:00,15.682483333333332
2021-01-21 02:00:00,15.573583333333334
2021-01-21 03:00:00,16.203716666666665
2021-01-21 04:00:00,16.71
2021-01-21 05:00:00,17.42911666666667
2021-01-21 06:00:00,17.5317
2021-01-21 07:00:00,17.956583333333334
2021-01-21 08:00:00,20.6581
2021-01-21 09:00:00,19.932683333333333
2021-01-21 10:00:00,20.436183333333336
2021-01-21 11:00:00,20.586066666666667
2021-01-21 12:00:00,20.93006666666667
2021-01-21 13:00:00,21.406483333333334
2021-01-21 14:00:00,21.563933333333335
2021-01-21 15:00:00,21.293683333333334
2021-01-21 16:00:00,19.933366666666664
2021-01-21 17:00:00,19.111933333333333
2021-01-21 18:00:00,18.779733333333336
2021-01-21 19:00:00,18.546833333333332
2021-01-21 20:00:00,19.322316666666666
2021-01-21 21:00:00,18.140916666666666
2021-01-21 22:00:00,17.925933333333333
2021-01-21 23:00:00,17.581966666666666
2021-01-22 00:00:00,17.93231666666667
2021-01-22 01:00:00,18.007083333333334
2021-01-22 02:00:00,17.849
2021-01-22 03:00:00,17.62473333333333
2021-01-22 04:00:00,17.645983333333334
2021-01-22 05:00:00,18.2635
2021-01-22 06:00:00,19.082516666666667
2021-01-22 07:00:00,19.754916666666666
2021-01-22 08:00:00,21.838166666666666
2021-01-22 09:00:00,24.237216666666665
2021-01-22 10:00:00,24.784983333333333
2021-01-22 11:00:00,25.97618333333333
2021-01-22 12:00:00,28.312416666666664
2021-01-22 13:00:00,28.254283333333333
2021-01-22 14:00:00,28.4903
2021-01-22 15:00:00,28.194666666666667
2021-01-22 16:00:00,23.706616666666665
2021-01-22 17:00:00,23.057133333333333
2021-01-22 18:00:00,21.2247
2021-01-22 19:00:00,20.9862
2021-01-22 20:00:00,20.6861
2021-01-22 21:00:00,21.231583333333333
2021-01-22 22:00:00,20.553633333333334
2021-01-22 23:00:00,20.45255
2021-01-23 00:00:00,20.118166666666664
2021-01-23 01:00:00,19.4705
2021-01-23 02:00:00,18.89378333333333
2021-01-23 03:00:00,18.2851
2021-01-23 04:00:00,17.936516666666666
2021-01-23 05:00:00,17.516366666666666
2021-01-23 06:00:00,17.374433333333332
2021-01-23 07:00:00,17.5865
2021-01-23 08:00:00,19.06253333333333
2021-01-23 09:00:00,22.4043
2021-01-23 10:00:00,24.26311666666667
2021-01-23 11:00:00,26.233516666666667
2021-01-23 12:00:00,26.69451666666667
2021-01-23 13:00:00,22.885066666666667
2021-01-23 14:00:00,21.986816666666666
2021-01-23 15:00:00,21.828083333333332
2021-01-23 16:00:00,20.449716666666667
2021-01-23 17:00:00,19.715533333333333
2021-01-23 18:00:00,18.963616666666667
2021-01-23 19:00:00,17.941816666666668
2021-01-23 20:00:00,17.61165
2021-01-23 21:00:00,17.4614
2021-01-23 22:00:00,17.672233333333335
2021-01-23 23:00:00,17.07061666666667
2021-01-24 00:00:00,16.596066666666665
2021-01-24 01:00:00,16.525
2021-01-24 02:00:00,16.78725
2021-01-24 03:00:00,17.17781666666667
2021-01-24 04:00:00,17.420833333333334
2021-01-24 05:00:00,16.730016666666668
2021-01-24 06:00:00,15.920216666666667
2021-01-24 07:00:00,15.07415
2021-01-24 08:00:00,14.875216666666667
2021-01-24 09:00:00,15.102450000000001
2021-01-24 10:00:00,15.677716666666667
2021-01-24 11:00:00,16.642283333333335
2021-01-24 12:00:00,17.048133333333332
2021-01-24 13:00:00,16.990883333333333
2021-01-24 14:00:00,17.08716666666667
2021-01-24 15:00:00,17.10118333333333
2021-01-24 16:00:00,16.505483333333334
2021-01-24 17:00:00,15.909383333333333
2021-01-24 18:00:00,15.627316666666667
2021-01-24 19:00:00,15.7699
2021-01-24 20:00:00,15.9944
2021-01-24 21:00:00,16.052933333333335
2021-01-24 22:00:00,15.73445
2021-01-24 23:00:00,15.72205
2021-01-25 00:00:00,15.756866666666667
2021-01-25 01:00:00,15.57575
2021-01-25 02:00:00,15.63575
2021-01-25 03:00:00,15.766166666666667
2021-01-25 04:00:00,15.6541
2021-01-25 05:00:00,15.234483333333333
2021-01-25 06:00:00,14.768383333333333
2021-01-25 07:00:00,14.931816666666666
2021-01-25 08:00:00,17.29008333333333
2021-01-25 09:00:00,18.746666666666666
2021-01-25 10:00:00,19.089233333333333
2021-01-25 11:00:00,19.5163
2021-01-25 12:00:00,20.174249999999997
2021-01-25 13:00:00,19.728916666666667
2021-01-25 14:00:00,19.70025
2021-01-25 15:00:00,19.545166666666667
2021-01-25 16:00:00,17.591633333333334
2021-01-25 17:00:00,18.564766666666667
2021-01-25 18:00:00,17.603766666666665
2021-01-25 19:00:00,16.27188333333333
2021-01-25 20:00:00,16.253833333333333
2021-01-25 21:00:00,16.4976
2021-01-25 22:00:00,16.682016666666666
2021-01-25 23:00:00,16.603316666666665
2021-01-26 00:00:00,16.7262
2021-01-26 01:00:00,16.686799999999998
2021-01-26 02:00:00,16.17885
2021-01-26 03:00:00,16.4749
2021-01-26 04:00:00,16.466383333333333
2021-01-26 05:00:00,16.138683333333333
2021-01-26 06:00:00,15.671683333333334
2021-01-26 07:00:00,15.67775
2021-01-26 08:00:00,16.888983333333332
2021-01-26 09:00:00,21.878133333333334
2021-01-26 10:00:00,23.5233
2021-01-26 11:00:00,20.660566666666668
2021-01-26 12:00:00,20.557333333333336
2021-01-26 13:00:00,20.69568333333333
2021-01-26 14:00:00,20.756866666666667
2021-01-26 15:00:00,19.6659
2021-01-26 16:00:00,18.041166666666665
2021-01-26 17:00:00,18.523216666666666
2021-01-26 18:00:00,17.82525
2021-01-26 19:00:00,18.162699999999997
2021-01-26 20:00:00,18.48886666666667
2021-01-26 21:00:00,18.448616666666666
2021-01-26 22:00:00,17.717716666666668
2021-01-26 23:00:00,17.68255
2021-01-27 00:00:00,17.70335
2021-01-27 01:00:00,15.968449999999999
2021-01-27 02:00:00,16.3887
2021-01-27 03:00:00,16.0722
2021-01-27 04:00:00,15.5608
2021-01-27 05:00:00,15.29235
2021-01-27 06:00:00,15.253616666666666
2021-01-27 07:00:00,15.569716666666666
2021-01-27 08:00:00,16.212516666666666
2021-01-27 09:00:00,16.70446666666667
2021-01-27 10:00:00,17.98463333333333
2021-01-27 11:00:00,19.987066666666667
2021-01-27 12:00:00,19.8662
2021-01-27 13:00:00,20.749183333333335
2021-01-27 14:00:00,20.45266666666667
2021-01-27 15:00:00,18.773716666666665
2021-01-27 16:00:00,17.15625
2021-01-27 17:00:00,16.3375
2021-01-27 18:00:00,15.770083333333334
2021-01-27 19:00:00,15.985933333333334
2021-01-27 20:00:00,15.822433333333333
2021-01-27 21:00:00,15.7056
2021-01-27 22:00:00,15.598899999999999
2021-01-27 23:00:00,15.437800000000001
2021-01-28 00:00:00,15.341166666666668
2021-01-28 01:00:00,15.155383333333333
2021-01-28 02:00:00,15.0012
2021-01-28 03:00:00,15.2791
2021-01-28 04:00:00,15.0887
2021-01-28 05:00:00,15.040966666666666
2021-01-28 06:00:00,14.858016666666666
2021-01-28 07:00:00,14.9911
2021-01-28 08:00:00,17.937833333333334
2021-01-28 09:00:00,18.784083333333335
2021-01-28 10:00:00,21.954833333333333
2021-01-28 11:00:00,23.0378
2021-01-28 12:00:00,24.711666666666666
2021-01-28 13:00:00,26.34745
2021-01-28 14:00:00,26.050883333333335
2021-01-28 15:00:00,23.931866666666668
2021-01-28 16:00:00,20.81785
2021-01-28 17:00:00,19.883283333333335
2021-01-28 18:00:00,18.638166666666667
2021-01-28 19:00:00,17.80655
2021-01-28 20:00:00,17.448766666666664
2021-01-28 21:00:00,16.8143
2021-01-28 22:00:00,15.85815
2021-01-28 23:00:00,14.8831
2021-01-29 00:00:00,14.233633333333334
2021-01-29 01:00:00,13.733783333333333
2021-01-29 02:00:00,13.195033333333333
2021-01-29 03:00:00,12.752
2021-01-29 04:00:00,12.298166666666667
2021-01-29 05:00:00,11.935433333333332
2021-01-29 06:00:00,11.618716666666668
2021-01-29 07:00:00,12.298383333333334
2021-01-29 08:00:00,15.52515
2021-01-29 09:00:00,18.67475
2021-01-29 10:00:00,19.211850000000002
2021-01-29 11:00:00,18.53095
2021-01-29 12:00:00,18.178366666666665
2021-01-29 13:00:00,17.649483333333333
2021-01-29 14:00:00,17.010550000000002
2021-01-29 15:00:00,16.13335
2021-01-29 16:00:00,14.782316666666667
2021-01-29 17:00:00,14.291316666666667
2021-01-29 18:00:00,14.012616666666666
2021-01-29 19:00:00,14.086116666666667
2021-01-29 20:00:00,14.219583333333333
2021-01-29 21:00:00,14.3793
2021-01-29 22:00:00,14.087250000000001
2021-01-29 23:00:00,13.86585
2021-01-30 00:00:00,13.523466666666668
2021-01-30 01:00:00,13.196266666666666
2021-01-30 02:00:00,12.932966666666665
2021-01-30 03:00:00,13.058766666666665
2021-01-30 04:00:00,12.556366666666666
2021-01-30 05:00:00,12.695283333333332
2021-01-30 06:00:00,12.395966666666668
2021-01-30 07:00:00,13.041833333333333
2021-01-30 08:00:00,15.317
2021-01-30 09:00:00,16.681433333333334
2021-01-30 10:00:00,16.966833333333334
2021-01-30 11:00:00,17.450366666666664
2021-01-30 12:00:00,17.64725
2021-01-30 13:00:00,17.33261666666667
2021-01-30 14:00:00,17.599266666666665
2021-01-30 15:00:00,16.649016666666668
2021-01-30 16:00:00,15.155966666666666
2021-01-30 17:00:00,14.749366666666667
2021-01-30 18:00:00,14.377216666666667
2021-01-30 19:00:00,14.68055
2021-01-30 20:00:00,14.631783333333335
2021-01-30 21:00:00,15.038783333333333
2021-01-30 22:00:00,14.906233333333335
2021-01-30 23:00:00,14.665133333333333
2021-01-31 00:00:00,14.331633333333334
2021-01-31 01:00:00,14.035699999999999
2021-01-31 02:00:00,13.713466666666667
2021-01-31 03:00:00,13.739933333333333
2021-01-31 04:00:00,13.774949999999999
2021-01-31 05:00:00,13.9834
2021-01-31 06:00:00,14.165833333333333
2021-01-31 07:00:00,15.690116666666666
2021-01-31 08:00:00,19.33715
2021-01-31 09:00:00,20.304366666666667
2021-01-31 10:00:00,21.292666666666666
2021-01-31 11:00:00,20.46901666666667
2021-01-31 12:00:00,20.061316666666666
2021-01-31 13:00:00,19.677933333333332
2021-01-31 14:00:00,19.683366666666664
2021-01-31 15:00:00,18.838266666666666
2021-01-31 16:00:00,17.39816666666667
2021-01-31 17:00:00,17.893016666666664
2021-01-31 18:00:00,15.921850000000001
2021-01-31 19:00:00,15.764683333333332
2021-01-31 20:00:00,16.578066666666665
2021-01-31 21:00:00,16.922183333333333
2021-01-31 22:00:00,16.980016666666668
2021-01-31 23:00:00,16.7222
2021-02-01 00:00:00,16.469416666666667
2021-02-01 01:00:00,16.788633333333333
2021-02-01 02:00:00,16.903
2021-02-01 03:00:00,16.632583333333333
2021-02-01 04:00:00,16.619283333333335
2021-02-01 05:00:00,16.50085
2021-02-01 06:00:00,16.622433333333333
2021-02-01 07:00:00,17.7455
2021-02-01 08:00:00,22.6275
2021-02-01 09:00:00,25.588833333333334
2021-02-01 10:00:00,25.892866666666666
2021-02-01 11:00:00,23.794333333333334
2021-02-01 12:00:00,24.193783333333332
2021-02-01 13:00:00,23.914316666666664
2021-02-01 14:00:00,22.9266
2021-02-01 15:00:00,21.600183333333334
2021-02-01 16:00:00,19.521616666666667
2021-02-01 17:00:00,18.934033333333332
2021-02-01 18:00:00,18.725683333333333
2021-02-01 19:00:00,18.12265
2021-02-01 20:00:00,18.318416666666668
2021-02-01 21:00:00,18.067533333333333
2021-02-01 22:00:00,17.847883333333336
2021-02-01 23:00:00,18.02058333333333
2021-02-02 00:00:00,18.15
2021-02-02 01:00:00,17.983316666666667
2021-02-02 02:00:00,17.789949999999997
2021-02-02 03:00:00,17.622700000000002
2021-02-02 04:00:00,17.83171666666667
2021-02-02 05:00:00,17.565749999999998
2021-02-02 06:00:00,17.61456666666667
2021-02-02 07:00:00,18.8392
2021-02-02 08:00:00,23.862666666666666
2021-02-02 09:00:00,26.583166666666667
2021-02-02 10:00:00,28.202350000000003
2021-02-02 11:00:00,29.97635
2021-02-02 12:00:00,28.082333333333334
2021-02-02 13:00:00,25.99188333333333
2021-02-02 14:00:00,25.2837
2021-02-02 15:00:00,24.051133333333333
2021-02-02 16:00:00,20.915566666666667
2021-02-02 17:00:00,18.470899999999997
2021-02-02 18:00:00,17.1442
2021-02-02 19:00:00,16.866466666666668
2021-02-02 20:00:00,16.571616666666667
2021-02-02 21:00:00,16.329216666666667
2021-02-02 22:00:00,16.002433333333332
2021-02-02 23:00:00,15.669333333333332
2021-02-03 00:00:00,15.553366666666667
2021-02-03 01:00:00,15.411316666666666
2021-02-03 02:00:00,15.281066666666668
2021-02-03 03:00:00,15.135700000000002
2021-02-03 04:00:00,14.786583333333335
2021-02-03 05:00:00,14.824933333333332
2021-02-03 06:00:00,14.867983333333333
2021-02-03 07:00:00,15.388766666666667
2021-02-03 08:00:00,17.411033333333332
2021-02-03 09:00:00,18.504633333333334
2021-02-03 10:00:00,19.180400000000002
2021-02-03 11:00:00,19.5118
2021-02-03 12:00:00,19.996166666666667
2021-02-03 13:00:00,19.979033333333334
2021-02-03 14:00:00,19.700816666666665
2021-02-03 15:00:00,18.937883333333332
2021-02-03 16:00:00,16.990466666666666
2021-02-03 17:00:00,16.386866666666666
2021-02-03 18:00:00,15.869983333333332
2021-02-03 19:00:00,15.741533333333333
2021-02-03 20:00:00,15.79485
2021-02-03 21:00:00,15.81245
2021-02-03 22:00:00,15.597583333333334
2021-02-03 23:00:00,15.434483333333333
2021-02-04 00:00:00,15.251866666666666
2021-02-04 01:00:00,14.933133333333334
2021-02-04 02:00:00,14.783616666666667
2021-02-04 03:00:00,14.800516666666665
2021-02-04 04:00:00,14.8466
2021-02-04 05:00:00,15.060300000000002
2021-02-04 06:00:00,15.103633333333333
2021-02-04 07:00:00,16.2657
2021-02-04 08:00:00,20.221166666666665
2021-02-04 09:00:00,21.613533333333333
2021-02-04 10:00:00,21.991133333333334
2021-02-04 11:00:00,21.9959
2021-02-04 12:00:00,22.5429
2021-02-04 13:00:00,22.1405
2021-02-04 14:00:00,21.574416666666664
2021-02-04 15:00:00,20.640933333333333
2021-02-04 16:00:00,18.266016666666665
2021-02-04 17:00:00,17.29085
2021-02-04 18:00:00,17.128833333333333
2021-02-04 19:00:00,17.025683333333333
2021-02-04 20:00:00,16.929033333333333
2021-02-04 21:00:00,16.769283333333334
2021-02-04 22:00:00,16.36671666666667
2021-02-04 23:00:00,16.471716666666666
2021-02-05 00:00:00,16.486533333333334
2021-02-05 01:00:00,16.372416666666666
2021-02-05 02:00:00,16.153466666666667
2021-02-05 03:00:00,15.895083333333334
2021-02-05 04:00:00,15.756483333333334
2021-02-05 05:00:00,15.605466666666667
2021-02-05 06:00:00,15.327816666666667
2021-02-05 07:00:00,16.308049999999998
2021-02-05 08:00:00,19.50695
2021-02-05 09:00:00,20.556500000000003
2021-02-05 10:00:00,21.349333333333334
2021-02-05 11:00:00,20.903566666666666
2021-02-05 12:00:00,21.01581666666667
2021-02-05 13:00:00,21.183483333333335
2021-02-05 14:00:00,21.17805
2021-02-05 15:00:00,20.884166666666665
2021-02-05 16:00:00,19.560350000000003
2021-02-05 17:00:00,19.579216666666664
2021-02-05 18:00:00,18.3125
2021-02-05 19:00:00,17.392999999999997
2021-02-05 20:00:00,17.45716666666667
2021-02-05 21:00:00,17.262416666666663
2021-02-05 22:00:00,17.266583333333337
2021-02-05 23:00:00,17.45225
2021-02-06 00:00:00,17.434016666666665
2021-02-06 01:00:00,17.327099999999998
2021-02-06 02:00:00,16.994433333333333
2021-02-06 03:00:00,17.120516666666667
2021-02-06 04:00:00,16.713516666666667
2021-02-06 05:00:00,17.08625
2021-02-06 06:00:00,16.8626
2021-02-06 07:00:00,19.501216666666668
2021-02-06 08:00:00,21.93355
2021-02-06 09:00:00,22.025316666666665
2021-02-06 10:00:00,22.145416666666666
2021-02-06 11:00:00,23.3166
2021-02-06 12:00:00,24.473333333333336
2021-02-06 13:00:00,23.772233333333336
2021-02-06 14:00:00,23.7848
2021-02-06 15:00:00,22.987033333333333
2021-02-06 16:00:00,21.00361666666667
2021-02-06 17:00:00,20.82705
2021-02-06 18:00:00,20.039266666666666
2021-02-06 19:00:00,18.975316666666668
2021-02-06 20:00:00,18.5168
2021-02-06 21:00:00,18.19718333333333
2021-02-06 22:00:00,18.255283333333335
2021-02-06 23:00:00,18.62615
2021-02-07 00:00:00,18.57695
2021-02-07 01:00:00,18.267
2021-02-07 02:00:00,17.602899999999998
2021-02-07 03:00:00,17.2604
2021-02-07 04:00:00,17.361766666666664
2021-02-07 05:00:00,17.453533333333333
2021-02-07 06:00:00,17.17565
2021-02-07 07:00:00,19.60171666666667
2021-02-07 08:00:00,23.04553333333333
2021-02-07 09:00:00,21.446866666666665
2021-02-07 10:00:00,21.14765
2021-02-07 11:00:00,21.001649999999998
2021-02-07 12:00:00,21.60995
2021-02-07 13:00:00,20.81818333333333
2021-02-07 14:00:00,20.492883333333335
2021-02-07 15:00:00,19.804366666666667
2021-02-07 16:00:00,18.1643
2021-02-07 17:00:00,18.21315
2021-02-07 18:00:00,17.99805
2021-02-07 19:00:00,17.762016666666668
2021-02-07 20:00:00,17.6888
2021-02-07 21:00:00,17.708383333333334
2021-02-07 22:00:00,17.82355
2021-02-07 23:00:00,17.668116666666666
2021-02-08 00:00:00,17.543883333333333
2021-02-08 01:00:00,17.306833333333334
2021-02-08 02:00:00,17.048033333333333
2021-02-08 03:00:00,16.898783333333334
2021-02-08 04:00:00,16.58185
2021-02-08 05:00:00,15.974516666666666
2021-02-08 06:00:00,16.241116666666667
2021-02-08 07:00:00,16.224833333333333
2021-02-08 08:00:00,16.67795
2021-02-08 09:00:00,17.385816666666663
2021-02-08 10:00:00,18.798116666666665
2021-02-08 11:00:00,20.334633333333333
2021-02-08 12:00:00,20.736566666666665
2021-02-08 13:00:00,20.173733333333335
2021-02-08 14:00:00,19.5459
2021-02-08 15:00:00,19.236083333333333
2021-02-08 16:00:00,18.967766666666666
2021-02-08 17:00:00,18.496316666666665
2021-02-08 18:00:00,18.389783333333334
2021-02-08 19:00:00,17.9679
2021-02-08 20:00:00,17.727516666666666
2021-02-08 21:00:00,17.572433333333333
2021-02-08 22:00:00,17.47351666666667
2021-02-08 23:00:00,17.077816666666667
2021-02-09 00:00:00,16.643266666666666
2021-02-09 01:00:00,16.3665
2021-02-09 02:00:00,16.177416666666666
2021-02-09 03:00:00,16.08395
2021-02-09 04:00:00,15.955116666666667
2021-02-09 05:00:00,15.918583333333334
2021-02-09 06:00:00,15.982916666666666
2021-02-09 07:00:00,16.0513
2021-02-09 08:00:00,16.200133333333333
2021-02-09 09:00:00,16.152766666666665
2021-02-09 10:00:00,16.289983333333332
2021-02-09 11:00:00,16.425383333333333
2021-02-09 12:00:00,16.3658
2021-02-09 13:00:00,16.1936
2021-02-09 14:00:00,16.387166666666666
2021-02-09 15:00:00,16.893766666666668
2021-02-09 16:00:00,16.990966666666665
2021-02-09 17:00:00,16.727233333333334
2021-02-09 18:00:00,16.655216666666668
2021-02-09 19:00:00,16.792566666666666
2021-02-09 20:00:00,16.80975
2021-02-09 21:00:00,16.518966666666664
2021-02-09 22:00:00,16.211850000000002
2021-02-09 23:00:00,15.709133333333334
2021-02-10 00:00:00,15.527366666666667
2021-02-10 01:00:00,15.401416666666668
2021-02-10 02:00:00,15.3612
2021-02-10 03:00:00,15.132200000000001
2021-02-10 04:00:00,14.679450000000001
2021-02-10 05:00:00,15.151116666666667
2021-02-10 06:00:00,15.515016666666666
2021-02-10 07:00:00,15.420633333333335
2021-02-10 08:00:00,14.805683333333333
2021-02-10 09:00:00,14.8104
2021-02-10 10:00:00,14.747633333333335
2021-02-10 11:00:00,14.248583333333332
2021-02-10 12:00:00,14.6317
2021-02-10 13:00:00,14.601216666666666
2021-02-10 14:00:00,14.693116666666667
2021-02-10 15:00:00,14.263683333333335
2021-02-10 16:00:00,14.257666666666667
2021-02-10 17:00:00,14.31315
2021-02-10 18:00:00,14.3528
2021-02-10 19:00:00,14.513916666666667
2021-02-10 20:00:00,14.664983333333334
2021-02-10 21:00:00,14.61585
2021-02-10 22:00:00,14.578466666666666
2021-02-10 23:00:00,14.742966666666666
2021-02-11 00:00:00,14.733983333333333
2021-02-11 01:00:00,14.641083333333334
2021-02-11 02:00:00,14.470583333333334
2021-02-11 03:00:00,14.137916666666666
2021-02-11 04:00:00,13.879433333333333
2021-02-11 05:00:00,13.918383333333333
2021-02-11 06:00:00,14.158366666666666
2021-02-11 07:00:00,15.069383333333333
2021-02-11 08:00:00,17.358900000000002
2021-02-11 09:00:00,16.271016666666664
2021-02-11 10:00:00,17.116633333333333
2021-02-11 11:00:00,19.839716666666668
2021-02-11 12:00:00,19.43163333333333
2021-02-11 13:00:00,19.885833333333334
2021-02-11 14:00:00,20.27915
2021-02-11 15:00:00,19.88285
2021-02-11 16:00:00,18.722216666666668
2021-02-11 17:00:00,17.779616666666666
2021-02-11 18:00:00,16.890583333333332
2021-02-11 19:00:00,16.48795
2021-02-11 20:00:00,16.4541
2021-02-11 21:00:00,16.2078
2021-02-11 22:00:00,16.169566666666665
2021-02-11 23:00:00,15.84855
2021-02-12 00:00:00,15.395833333333334
2021-02-12 01:00:00,14.955166666666667
2021-02-12 02:00:00,14.762616666666666
2021-02-12 03:00:00,14.612966666666667
2021-02-12 04:00:00,14.428083333333332
2021-02-12 05:00:00,14.585516666666667
2021-02-12 06:00:00,14.442133333333334
2021-02-12 07:00:00,16.147183333333334
2021-02-12 08:00:00,17.919050000000002
2021-02-12 09:00:00,20.172816666666666
2021-02-12 10:00:00,23.458683333333333
2021-02-12 11:00:00,25.647933333333334
2021-02-12 12:00:00,23.6145
2021-02-12 13:00:00,22.244616666666666
2021-02-12 14:00:00,21.26878333333333
2021-02-12 15:00:00,19.846516666666666
2021-02-12 16:00:00,18.012166666666666
2021-02-12 17:00:00,17.14215
2021-02-12 18:00:00,16.720633333333332
2021-02-12 19:00:00,16.705366666666666
2021-02-12 20:00:00,16.054466666666666
2021-02-12 21:00:00,15.653416666666667
2021-02-12 22:00:00,16.040133333333333
2021-02-12 23:00:00,16.272666666666666
2021-02-13 00:00:00,16.493199999999998
2021-02-13 01:00:00,16.208983333333332
2021-02-13 02:00:00,16.47165
2021-02-13 03:00:00,16.057183333333334
2021-02-13 04:00:00,15.8579
2021-02-13 05:00:00,15.151416666666668
2021-02-13 06:00:00,14.885
2021-02-13 07:00:00,15.575483333333333
2021-02-13 08:00:00,16.950033333333334
2021-02-13 09:00:00,18.005083333333335
2021-02-13 10:00:00,20.522
2021-02-13 11:00:00,21.19925
2021-02-13 12:00:00,22.2888
2021-02-13 13:00:00,22.278233333333333
2021-02-13 14:00:00,21.133033333333334
2021-02-13 15:00:00,19.392966666666666
2021-02-13 16:00:00,18.587100000000003
2021-02-13 17:00:00,17.932816666666668
2021-02-13 18:00:00,16.9371
2021-02-13 19:00:00,16.691083333333335
2021-02-13 20:00:00,16.8314
2021-02-13 21:00:00,16.973933333333335
2021-02-13 22:00:00,17.115416666666665
2021-02-13 23:00:00,16.45446666666667
2021-02-14 00:00:00,16.3695
2021-02-14 01:00:00,16.199033333333333
2021-02-14 02:00:00,16.2621
2021-02-14 03:00:00,16.320283333333332
2021-02-14 04:00:00,16.50101666666667
2021-02-14 05:00:00,16.484433333333335
2021-02-14 06:00:00,16.16795
2021-02-14 07:00:00,18.0064
2021-02-14 08:00:00,20.400616666666668
2021-02-14 09:00:00,21.094333333333335
2021-02-14 10:00:00,22.3337
2021-02-14 11:00:00,22.946783333333332
2021-02-14 12:00:00,20.3874
2021-02-14 13:00:00,20.522499999999997
2021-02-14 14:00:00,22.515483333333336
2021-02-14 15:00:00,23.5273
2021-02-14 16:00:00,21.77715
2021-02-14 17:00:00,20.913133333333334
2021-02-14 18:00:00,19.774749999999997
2021-02-14 19:00:00,19.301383333333334
2021-02-14 20:00:00,18.8544
2021-02-14 21:00:00,18.64816666666667
2021-02-14 22:00:00,18.369449999999997
2021-02-14 23:00:00,18.62496666666667
2021-02-15 00:00:00,18.6694
2021-02-15 01:00:00,18.346733333333336
2021-02-15 02:00:00,18.603566666666666
2021-02-15 03:00:00,18.44505
2021-02-15 04:00:00,18.149983333333335
2021-02-15 05:00:00,17.515249999999998
2021-02-15 06:00:00,16.750466666666668
2021-02-15 07:00:00,19.306383333333333
2021-02-15 08:00:00,24.1415
2021-02-15 09:00:00,26.51696666666667
2021-02-15 10:00:00,28.854716666666665
2021-02-15 11:00:00,26.002133333333333
2021-02-15 12:00:00,25.228866666666665
2021-02-15 13:00:00,24.75381666666667
2021-02-15 14:00:00,23.909233333333336
2021-02-15 15:00:00,22.465183333333336
2021-02-15 16:00:00,20.502233333333333
2021-02-15 17:00:00,19.339383333333334
2021-02-15 18:00:00,19.096466666666668
2021-02-15 19:00:00,18.674233333333333
2021-02-15 20:00:00,18.100900000000003
2021-02-15 21:00:00,18.041600000000003
2021-02-15 22:00:00,17.874450000000003
2021-02-15 23:00:00,17.657766666666664
2021-02-16 00:00:00,17.3662
2021-02-16 01:00:00,16.950133333333333
2021-02-16 02:00:00,16.69291666666667
2021-02-16 03:00:00,16.515733333333333
2021-02-16 04:00:00,16.283833333333334
2021-02-16 05:00:00,16.472333333333335
2021-02-16 06:00:00,16.344016666666665
2021-02-16 07:00:00,17.2109
2021-02-16 08:00:00,18.18936666666667
2021-02-16 09:00:00,18.337249999999997
2021-02-16 10:00:00,20.399283333333337
2021-02-16 11:00:00,20.76245
2021-02-16 12:00:00,21.002533333333336
2021-02-16 13:00:00,21.346066666666665
2021-02-16 14:00:00,20.514216666666666
2021-02-16 15:00:00,20.81996666666667
2021-02-16 16:00:00,19.013183333333334
2021-02-16 17:00:00,18.5277
2021-02-16 18:00:00,18.17165
2021-02-16 19:00:00,17.62458333333333
2021-02-16 20:00:00,17.124333333333333
2021-02-16 21:00:00,17.312416666666664
2021-02-16 22:00:00,17.101333333333333
2021-02-16 23:00:00,17.364649999999997
2021-02-17 00:00:00,17.67843333333333
2021-02-17 01:00:00,17.61
2021-02-17 02:00:00,17.765016666666668
2021-02-17 03:00:00,17.851233333333333
2021-02-17 04:00:00,17.81585
2021-02-17 05:00:00,17.337316666666666
2021-02-17 06:00:00,16.86573333333333
2021-02-17 07:00:00,17.026516666666666
2021-02-17 08:00:00,18.5204
2021-02-17 09:00:00,20.01581666666667
2021-02-17 10:00:00,22.04235
2021-02-17 11:00:00,24.55346666666667
2021-02-17 12:00:00,26.36093333333333
2021-02-17 13:00:00,24.838866666666664
2021-02-17 14:00:00,21.606483333333333
2021-02-17 15:00:00,20.658466666666666
2021-02-17 16:00:00,18.935350000000003
2021-02-17 17:00:00,18.1639
2021-02-17 18:00:00,17.59283333333333
2021-02-17 19:00:00,17.6026
2021-02-17 20:00:00,17.09671666666667
2021-02-17 21:00:00,16.727133333333335
2021-02-17 22:00:00,16.357083333333332
2021-02-17 23:00:00,15.9826
2021-02-18 00:00:00,15.784600000000001
2021-02-18 01:00:00,15.61635
2021-02-18 02:00:00,15.269866666666667
2021-02-18 03:00:00,15.067466666666666
2021-02-18 04:00:00,14.87715
2021-02-18 05:00:00,14.570983333333334
2021-02-18 06:00:00,14.210866666666668
2021-02-18 07:00:00,14.64325
2021-02-18 08:00:00,17.96333333333333
2021-02-18 09:00:00,20.409583333333334
2021-02-18 10:00:00,21.249399999999998
2021-02-18 11:00:00,19.155050000000003
2021-02-18 12:00:00,18.887600000000003
2021-02-18 13:00:00,19.33986666666667
2021-02-18 14:00:00,18.745383333333333
2021-02-18 15:00:00,18.056483333333333
2021-02-18 16:00:00,16.726
2021-02-18 17:00:00,16.085383333333333
2021-02-18 18:00:00,15.677933333333334
2021-02-18 19:00:00,15.4701
2021-02-18 20:00:00,15.435983333333333
2021-02-18 21:00:00,15.453149999999999
2021-02-18 22:00:00,15.31925
2021-02-18 23:00:00,15.092866666666668
2021-02-19 00:00:00,14.8384
2021-02-19 01:00:00,14.792866666666667
2021-02-19 02:00:00,14.710049999999999
2021-02-19 03:00:00,14.308516666666666
2021-02-19 04:00:00,13.893716666666668
2021-02-19 05:00:00,13.670966666666667
2021-02-19 06:00:00,13.598733333333334
2021-02-19 07:00:00,14.796983333333333
2021-02-19 08:00:00,18.230766666666668
2021-02-19 09:00:00,19.7803
2021-02-19 10:00:00,19.509633333333333
2021-02-19 11:00:00,19.87366666666667
2021-02-19 12:00:00,19.6517
2021-02-19 13:00:00,19.51855
2021-02-19 14:00:00,19.049950000000003
2021-02-19 15:00:00,18.061133333333334
2021-02-19 16:00:00,16.744
2021-02-19 17:00:00,16.14975
2021-02-19 18:00:00,15.953833333333334
2021-02-19 19:00:00,16.118550000000003
2021-02-19 20:00:00,15.526633333333333
2021-02-19 21:00:00,15.104383333333335
2021-02-19 22:00:00,15.570500000000001
2021-02-19 23:00:00,15.6789
2021-02-20 00:00:00,15.6484
2021-02-20 01:00:00,15.408883333333334
2021-02-20 02:00:00,15.394166666666667
2021-02-20 03:00:00,15.010066666666667
2021-02-20 04:00:00,14.5496
2021-02-20 05:00:00,14.082066666666666
2021-02-20 06:00:00,14.041666666666666
2021-02-20 07:00:00,15.948333333333332
2021-02-20 08:00:00,19.89475
2021-02-20 09:00:00,20.465966666666667
2021-02-20 10:00:00,19.837366666666664
2021-02-20 11:00:00,20.477733333333333
2021-02-20 12:00:00,20.666483333333336
2021-02-20 13:00:00,20.609933333333334
2021-02-20 14:00:00,20.02381666666667
2021-02-20 15:00:00,19.814383333333335
2021-02-20 16:00:00,18.49045
2021-02-20 17:00:00,17.650816666666667
2021-02-20 18:00:00,17.462516666666666
2021-02-20 19:00:00,17.149150000000002
2021-02-20 20:00:00,17.026833333333332
2021-02-20 21:00:00,16.726016666666666
2021-02-20 22:00:00,16.428533333333334
2021-02-20 23:00:00,16.761266666666668
2021-02-21 00:00:00,15.890733333333333
2021-02-21 01:00:00,15.795633333333335
2021-02-21 02:00:00,16.403566666666666
2021-02-21 03:00:00,16.151216666666667
2021-02-21 04:00:00,15.658916666666666
2021-02-21 05:00:00,15.290183333333333
2021-02-21 06:00:00,15.390416666666665
2021-02-21 07:00:00,17.3754
2021-02-21 08:00:00,21.198683333333335
2021-02-21 09:00:00,20.464166666666664
2021-02-21 10:00:00,21.49318333333333
2021-02-21 11:00:00,22.557766666666666
2021-02-21 12:00:00,22.596766666666667
2021-02-21 13:00:00,22.48213333333333
2021-02-21 14:00:00,22.444200000000002
2021-02-21 15:00:00,21.922733333333333
2021-02-21 16:00:00,20.132150000000003
2021-02-21 17:00:00,18.9266
2021-02-21 18:00:00,18.409666666666666
2021-02-21 19:00:00,17.437883333333332
2021-02-21 20:00:00,17.171533333333333
2021-02-21 21:00:00,17.264366666666668
2021-02-21 22:00:00,17.051433333333332
2021-02-21 23:00:00,17.143050000000002
2021-02-22 00:00:00,16.947433333333333
2021-02-22 01:00:00,17.037666666666667
2021-02-22 02:00:00,16.9419
2021-02-22 03:00:00,16.865133333333333
2021-02-22 04:00:00,16.761033333333334
2021-02-22 05:00:00,16.62565
2021-02-22 06:00:00,16.536216666666668
2021-02-22 07:00:00,19.01993333333333
2021-02-22 08:00:00,22.00433333333333
2021-02-22 09:00:00,23.235383333333335
2021-02-22 10:00:00,24.10155
2021-02-22 11:00:00,23.805799999999998
2021-02-22 12:00:00,23.930183333333332
2021-02-22 13:00:00,23.70735
2021-02-22 14:00:00,23.053033333333335
2021-02-22 15:00:00,23.10705
2021-02-22 16:00:00,22.21448333333333
2021-02-22 17:00:00,21.394183333333334
2021-02-22 18:00:00,20.82088333333333
2021-02-22 19:00:00,19.82858333333333
2021-02-22 20:00:00,19.29795
2021-02-22 21:00:00,18.821649999999998
2021-02-22 22:00:00,18.454966666666667
2021-02-22 23:00:00,18.26405
2021-02-23 00:00:00,18.7018
2021-02-23 01:00:00,18.638033333333333
2021-02-23 02:00:00,18.213883333333335
2021-02-23 03:00:00,17.72256666666667
2021-02-23 04:00:00,17.63498333333333
2021-02-23 05:00:00,17.23695
2021-02-23 06:00:00,17.477
2021-02-23 07:00:00,19.96513333333333
2021-02-23 08:00:00,22.393683333333335
2021-02-23 09:00:00,23.768833333333337
2021-02-23 10:00:00,24.46155
2021-02-23 11:00:00,24.83806666666667
2021-02-23 12:00:00,23.9909
2021-02-23 13:00:00,23.334933333333332
2021-02-23 14:00:00,22.402783333333332
2021-02-23 15:00:00,21.66965
2021-02-23 16:00:00,20.79395
2021-02-23 17:00:00,19.313983333333333
2021-02-23 18:00:00,18.75811666666667
2021-02-23 19:00:00,18.793816666666665
2021-02-23 20:00:00,18.461416666666665
2021-02-23 21:00:00,18.7067
2021-02-23 22:00:00,18.612366666666667
2021-02-23 23:00:00,18.48121666666667
2021-02-24 00:00:00,18.526533333333337
2021-02-24 01:00:00,18.398183333333336
2021-02-24 02:00:00,17.969533333333334
2021-02-24 03:00:00,17.5169
2021-02-24 04:00:00,17.21735
2021-02-24 05:00:00,16.96035
2021-02-24 06:00:00,16.833883333333333
2021-02-24 07:00:00,16.804033333333333
2021-02-24 08:00:00,17.012333333333334
2021-02-24 09:00:00,17.919983333333334
2021-02-24 10:00:00,18.062483333333333
2021-02-24 11:00:00,17.706083333333332
2021-02-24 12:00:00,17.859966666666665
2021-02-24 13:00:00,17.8063
2021-02-24 14:00:00,18.1327
2021-02-24 15:00:00,18.419333333333334
2021-02-24 16:00:00,18.469
2021-02-24 17:00:00,18.218433333333333
2021-02-24 18:00:00,18.236733333333333
2021-02-24 19:00:00,18.45495
2021-02-24 20:00:00,18.499399999999998
2021-02-24 21:00:00,18.578066666666665
2021-02-24 22:00:00,18.246766666666666
2021-02-24 23:00:00,17.861333333333334
2021-02-25 00:00:00,17.85258333333333
2021-02-25 01:00:00,17.721083333333336
2021-02-25 02:00:00,17.668316666666666
2021-02-25 03:00:00,17.335883333333335
2021-02-25 04:00:00,17.368966666666665
2021-02-25 05:00:00,17.397316666666665
2021-02-25 06:00:00,17.571250000000003
2021-02-25 07:00:00,17.519099999999998
2021-02-25 08:00:00,17.109533333333335
2021-02-25 09:00:00,16.947633333333336
2021-02-25 10:00:00,17.126649999999998
2021-02-25 11:00:00,17.979583333333334
2021-02-25 12:00:00,19.4483
2021-02-25 13:00:00,19.99365
2021-02-25 14:00:00,20.510550000000002
2021-02-25 15:00:00,19.759583333333335
2021-02-25 16:00:00,18.8759
2021-02-25 17:00:00,18.567883333333334
2021-02-25 18:00:00,17.977116666666667
2021-02-25 19:00:00,17.84075
2021-02-25 20:00:00,17.8049
2021-02-25 21:00:00,17.637249999999998
2021-02-25 22:00:00,17.94715
2021-02-25 23:00:00,18.292433333333335
2021-02-26 00:00:00,18.768700000000003
2021-02-26 01:00:00,19.02645
2021-02-26 02:00:00,19.256716666666666
2021-02-26 03:00:00,18.80388333333333
2021-02-26 04:00:00,18.6793
2021-02-26 05:00:00,18.750616666666666
2021-02-26 06:00:00,18.671
2021-02-26 07:00:00,19.023683333333334
2021-02-26 08:00:00,19.86115
2021-02-26 09:00:00,21.688366666666663
2021-02-26 10:00:00,24.9788
2021-02-26 11:00:00,23.72641666666667
2021-02-26 12:00:00,23.048466666666666
2021-02-26 13:00:00,22.123766666666665
2021-02-26 14:00:00,22.050583333333336
2021-02-26 15:00:00,21.453116666666666
2021-02-26 16:00:00,20.66851666666667
2021-02-26 17:00:00,20.694883333333333
2021-02-26 18:00:00,20.623816666666666
2021-02-26 19:00:00,20.546400000000002
2021-02-26 20:00:00,20.91715
2021-02-26 21:00:00,20.458833333333335
2021-02-26 22:00:00,19.94425
2021-02-26 23:00:00,20.031133333333333
2021-02-27 00:00:00,19.849749999999997
2021-02-27 01:00:00,19.077266666666667
2021-02-27 02:00:00,18.23995
2021-02-27 03:00:00,17.942533333333333
2021-02-27 04:00:00,17.514666666666667
2021-02-27 05:00:00,16.822483333333334
2021-02-27 06:00:00,16.407366666666668
2021-02-27 07:00:00,15.986483333333332
2021-02-27 08:00:00,16.129116666666665
2021-02-27 09:00:00,16.43263333333333
2021-02-27 10:00:00,16.28121666666667
2021-02-27 11:00:00,16.5806
2021-02-27 12:00:00,16.5697
2021-02-27 13:00:00,16.468766666666667
2021-02-27 14:00:00,16.478516666666668
2021-02-27 15:00:00,16.331283333333335
2021-02-27 16:00:00,16.3928
2021-02-27 17:00:00,16.139766666666667
2021-02-27 18:00:00,16.047083333333333
2021-02-27 19:00:00,16.14115
2021-02-27 20:00:00,16.16555
2021-02-27 21:00:00,16.07545
2021-02-27 22:00:00,16.509683333333335
2021-02-27 23:00:00,16.554816666666667
2021-02-28 00:00:00,16.184683333333332
2021-02-28 01:00:00,16.127133333333333
2021-02-28 02:00:00,16.160183333333332
2021-02-28 03:00:00,16.43935
2021-02-28 04:00:00,16.854933333333335
2021-02-28 05:00:00,17.105999999999998
2021-02-28 06:00:00,17.104716666666665
2021-02-28 07:00:00,17.2146
2021-02-28 08:00:00,17.290583333333334
2021-02-28 09:00:00,17.39858333333333
2021-02-28 10:00:00,17.72461666666667
2021-02-28 11:00:00,18.614216666666668
2021-02-28 12:00:00,18.69865
2021-02-28 13:00:00,19.006916666666665
2021-02-28 14:00:00,19.50228333333333
2021-02-28 15:00:00,18.67945
2021-02-28 16:00:00,18.270633333333333
2021-02-28 17:00:00,18.166633333333333
2021-02-28 18:00:00,18.231716666666667
2021-02-28 19:00:00,18.408816666666667
2021-02-28 20:00:00,18.17895
2021-02-28 21:00:00,18.096600000000002
2021-02-28 22:00:00,18.16325
2021-02-28 23:00:00,18.236683333333335
2021-03-01 00:00:00,18.327333333333332
2021-03-01 01:00:00,18.43181666666667
2021-03-01 02:00:00,18.5801
2021-03-01 03:00:00,18.741733333333332
2021-03-01 04:00:00,18.881733333333333
2021-03-01 05:00:00,18.251883333333335
2021-03-01 06:00:00,17.974600000000002
2021-03-01 07:00:00,18.045399999999997
2021-03-01 08:00:00,18.696900000000003
2021-03-01 09:00:00,19.702383333333334
2021-03-01 10:00:00,20.325216666666666
2021-03-01 11:00:00,21.21735
2021-03-01 12:00:00,20.958133333333333
2021-03-01 13:00:00,21.71691666666667
2021-03-01 14:00:00,22.063483333333334
2021-03-01 15:00:00,21.672016666666664
2021-03-01 16:00:00,20.939083333333333
2021-03-01 17:00:00,20.561500000000002
2021-03-01 18:00:00,19.6082
2021-03-01 19:00:00,19.865266666666667
2021-03-01 20:00:00,19.827416666666668
2021-03-01 21:00:00,19.322
2021-03-01 22:00:00,19.225783333333332
2021-03-01 23:00:00,19.459566666666667
2021-03-02 00:00:00,19.9096
2021-03-02 01:00:00,20.23695
2021-03-02 02:00:00,19.891416666666665
2021-03-02 03:00:00,20.621366666666667
2021-03-02 04:00:00,20.0633
2021-03-02 05:00:00,18.291433333333334
2021-03-02 06:00:00,17.461116666666666
2021-03-02 07:00:00,17.245866666666664
2021-03-02 08:00:00,18.006983333333334
2021-03-02 09:00:00,20.345066666666664
2021-03-02 10:00:00,22.24805
2021-03-02 11:00:00,24.536983333333335
2021-03-02 12:00:00,25.243233333333333
2021-03-02 13:00:00,25.905849999999997
2021-03-02 14:00:00,26.075866666666666
2021-03-02 15:00:00,23.940366666666666
2021-03-02 16:00:00,20.17565
2021-03-02 17:00:00,18.73483333333333
2021-03-02 18:00:00,18.408066666666667
2021-03-02 19:00:00,18.18765
2021-03-02 20:00:00,17.998566666666665
2021-03-02 21:00:00,17.879583333333336
2021-03-02 22:00:00,17.57698333333333
2021-03-02 23:00:00,17.100933333333334
2021-03-03 00:00:00,16.806533333333334
2021-03-03 01:00:00,16.59545
2021-03-03 02:00:00,15.99595
2021-03-03 03:00:00,16.160916666666665
2021-03-03 04:00:00,16.17008333333333
2021-03-03 05:00:00,16.083733333333335
2021-03-03 06:00:00,15.893216666666666
2021-03-03 07:00:00,15.997449999999999
2021-03-03 08:00:00,16.33008333333333
2021-03-03 09:00:00,16.505666666666666
2021-03-03 10:00:00,16.448766666666668
2021-03-03 11:00:00,16.466266666666666
2021-03-03 12:00:00,16.468366666666665
2021-03-03 13:00:00,16.378433333333334
2021-03-03 14:00:00,16.210933333333333
2021-03-03 15:00:00,16.27955
2021-03-03 16:00:00,16.428216666666668
2021-03-03 17:00:00,16.4489
2021-03-03 18:00:00,16.27825
2021-03-03 19:00:00,15.9631
2021-03-03 20:00:00,15.926966666666667
2021-03-03 21:00:00,15.961183333333334
2021-03-03 22:00:00,16.118483333333334
2021-03-03 23:00:00,16.424683333333334
2021-03-04 00:00:00,16.567999999999998
2021-03-04 01:00:00,16.764916666666668
2021-03-04 02:00:00,16.902583333333332
2021-03-04 03:00:00,16.982566666666667
2021-03-04 04:00:00,16.849133333333334
2021-03-04 05:00:00,16.570266666666665
2021-03-04 06:00:00,16.482566666666667
2021-03-04 07:00:00,16.36541666666667
2021-03-04 08:00:00,16.244933333333332
2021-03-04 09:00:00,16.373783333333332
2021-03-04 10:00:00,16.85255
2021-03-04 11:00:00,17.229100000000003
2021-03-04 12:00:00,17.147299999999998
2021-03-04 13:00:00,17.464616666666664
2021-03-04 14:00:00,17.568233333333335
2021-03-04 15:00:00,17.604266666666668
2021-03-04 16:00:00,17.198983333333334
2021-03-04 17:00:00,16.856033333333333
2021-03-04 18:00:00,16.90748333333333
2021-03-04 19:00:00,17.108816666666666
2021-03-04 20:00:00,17.24458333333333
2021-03-04 21:00:00,17.221616666666666
2021-03-04 22:00:00,17.20041666666667
2021-03-04 23:00:00,17.42618333333333
2021-03-05 00:00:00,17.5134
2021-03-05 01:00:00,17.59105
2021-03-05 02:00:00,17.8136
2021-03-05 03:00:00,18.047933333333333
2021-03-05 04:00:00,18.174249999999997
2021-03-05 05:00:00,18.285233333333334
2021-03-05 06:00:00,18.0987
2021-03-05 07:00:00,18.1439
2021-03-05 08:00:00,18.0953
2021-03-05 09:00:00,18.233533333333334
2021-03-05 10:00:00,18.765466666666665
2021-03-05 11:00:00,19.00075
2021-03-05 12:00:00,19.040716666666665
2021-03-05 13:00:00,18.561033333333334
2021-03-05 14:00:00,18.189133333333334
2021-03-05 15:00:00,18.147550000000003
2021-03-05 16:00:00,18.177599999999998
2021-03-05 17:00:00,18.20106666666667
2021-03-05 18:00:00,18.311066666666665
2021-03-05 19:00:00,18.2484
2021-03-05 20:00:00,18.398666666666667
2021-03-05 21:00:00,18.421266666666668
2021-03-05 22:00:00,18.31436666666667
2021-03-05 23:00:00,18.304616666666668
2021-03-06 00:00:00,18.24748333333333
2021-03-06 01:00:00,18.090950000000003
2021-03-06 02:00:00,18.04348333333333
2021-03-06 03:00:00,17.982916666666664
2021-03-06 04:00:00,17.964783333333333
2021-03-06 05:00:00,17.95221666666667
2021-03-06 06:00:00,17.977216666666667
2021-03-06 07:00:00,18.075716666666665
2021-03-06 08:00:00,18.196666666666665
2021-03-06 09:00:00,18.262533333333334
2021-03-06 10:00:00,18.456766666666667
2021-03-06 11:00:00,18.5138
2021-03-06 12:00:00,18.76898333333333
2021-03-06 13:00:00,18.759466666666665
2021-03-06 14:00:00,18.785149999999998
2021-03-06 15:00:00,19.047116666666668
2021-03-06 16:00:00,19.134916666666665
2021-03-06 17:00:00,19.191216666666666
2021-03-06 18:00:00,19.301750000000002
2021-03-06 19:00:00,19.12545
2021-03-06 20:00:00,19.03711666666667
2021-03-06 21:00:00,18.902416666666667
2021-03-06 22:00:00,18.74958333333333
2021-03-06 23:00:00,18.64555
2021-03-07 00:00:00,18.38045
2021-03-07 01:00:00,18.321066666666663
2021-03-07 02:00:00,18.267783333333334
2021-03-07 03:00:00,18.065316666666668
2021-03-07 04:00:00,18.01611666666667
2021-03-07 05:00:00,17.997883333333334
2021-03-07 06:00:00,17.850199999999997
2021-03-07 07:00:00,17.80725
2021-03-07 08:00:00,17.739683333333335
2021-03-07 09:00:00,17.684083333333334
2021-03-07 10:00:00,17.68723333333333
2021-03-07 11:00:00,17.619716666666665
2021-03-07 12:00:00,17.591166666666666
2021-03-07 13:00:00,17.704633333333334
2021-03-07 14:00:00,17.7619
2021-03-07 15:00:00,17.788083333333336
2021-03-07 16:00:00,17.900583333333334
2021-03-07 17:00:00,18.226233333333333
2021-03-07 18:00:00,17.685283333333334
2021-03-07 19:00:00,17.53275
2021-03-07 20:00:00,17.648083333333332
2021-03-07 21:00:00,17.66445
2021-03-07 22:00:00,17.69703333333333
2021-03-07 23:00:00,17.527866666666668
2021-03-08 00:00:00,17.2233
2021-03-08 01:00:00,16.950866666666666
2021-03-08 02:00:00,16.794816666666666
2021-03-08 03:00:00,16.661416666666664
2021-03-08 04:00:00,16.545766666666665
2021-03-08 05:00:00,16.39858333333333
2021-03-08 06:00:00,16.5313
2021-03-08 07:00:00,16.781183333333335
2021-03-08 08:00:00,16.916166666666665
2021-03-08 09:00:00,17.28535
2021-03-08 10:00:00,17.43415
2021-03-08 11:00:00,17.6466
2021-03-08 12:00:00,18.224116666666664
2021-03-08 13:00:00,19.016383333333334
2021-03-08 14:00:00,18.78495
2021-03-08 15:00:00,18.794983333333334
2021-03-08 16:00:00,18.41241666666667
2021-03-08 17:00:00,17.85295
2021-03-08 18:00:00,17.346116666666667
2021-03-08 19:00:00,17.1814
2021-03-08 20:00:00,17.197999999999997
2021-03-08 21:00:00,17.29805
2021-03-08 22:00:00,17.142083333333336
2021-03-08 23:00:00,17.184016666666665
2021-03-09 00:00:00,17.264
2021-03-09 01:00:00,17.232983333333333
2021-03-09 02:00:00,17.086650000000002
2021-03-09 03:00:00,16.950216666666666
2021-03-09 04:00:00,16.853616666666667
2021-03-09 05:00:00,16.595216666666666
2021-03-09 06:00:00,16.680016666666667
2021-03-09 07:00:00,17.10506666666667
2021-03-09 08:00:00,17.5476
2021-03-09 09:00:00,17.92636666666667
2021-03-09 10:00:00,18.563466666666667
2021-03-09 11:00:00,18.9712
2021-03-09 12:00:00,19.507983333333335
2021-03-09 13:00:00,20.24205
2021-03-09 14:00:00,19.8516
2021-03-09 15:00:00,19.678166666666666
2021-03-09 16:00:00,19.3463
2021-03-09 17:00:00,18.40423333333333
2021-03-09 18:00:00,17.97065
2021-03-09 19:00:00,17.99191666666667
2021-03-09 20:00:00,17.676916666666667
2021-03-09 21:00:00,17.59851666666667
2021-03-09 22:00:00,17.716933333333333
2021-03-09 23:00:00,17.767616666666665
2021-03-10 00:00:00,17.64175
2021-03-10 01:00:00,17.5744
2021-03-10 02:00:00,17.494716666666665
2021-03-10 03:00:00,17.541183333333333
2021-03-10 04:00:00,17.44605
2021-03-10 05:00:00,17.338233333333335
2021-03-10 06:00:00,17.3617
2021-03-10 07:00:00,17.29205
2021-03-10 08:00:00,17.423783333333333
2021-03-10 09:00:00,17.68936666666667
2021-03-10 10:00:00,17.968416666666666
2021-03-10 11:00:00,18.2247
2021-03-10 12:00:00,18.1752
2021-03-10 13:00:00,17.91146666666667
2021-03-10 14:00:00,18.108083333333333
2021-03-10 15:00:00,18.1843
2021-03-10 16:00:00,18.006516666666666
2021-03-10 17:00:00,18.00685
2021-03-10 18:00:00,17.8644
2021-03-10 19:00:00,17.882333333333335
2021-03-10 20:00:00,17.640416666666667
2021-03-10 21:00:00,17.605033333333335
2021-03-10 22:00:00,17.67281666666667
2021-03-10 23:00:00,17.721383333333332
2021-03-11 00:00:00,17.67506666666667
2021-03-11 01:00:00,17.557650000000002
2021-03-11 02:00:00,17.453783333333334
2021-03-11 03:00:00,17.424416666666666
2021-03-11 04:00:00,17.123966666666664
2021-03-11 05:00:00,16.87183333333333
2021-03-11 06:00:00,17.132266666666666
2021-03-11 07:00:00,17.235266666666668
2021-03-11 08:00:00,17.833916666666667
2021-03-11 09:00:00,18.431616666666667
2021-03-11 10:00:00,19.68936666666667
2021-03-11 11:00:00,19.832416666666667
2021-03-11 12:00:00,19.762733333333333
2021-03-11 13:00:00,19.833483333333334
2021-03-11 14:00:00,20.01785
2021-03-11 15:00:00,20.499166666666667
2021-03-11 16:00:00,20.3611
2021-03-11 17:00:00,19.758899999999997
2021-03-11 18:00:00,19.046049999999997
2021-03-11 19:00:00,19.030083333333334
2021-03-11 20:00:00,19.094216666666668
2021-03-11 21:00:00,19.254633333333334
2021-03-11 22:00:00,19.036483333333333
2021-03-11 23:00:00,18.910766666666667
2021-03-12 00:00:00,18.565283333333333
2021-03-12 01:00:00,18.78601666666667
2021-03-12 02:00:00,19.301433333333332
2021-03-12 03:00:00,19.312933333333334
2021-03-12 04:00:00,19.228266666666666
2021-03-12 05:00:00,18.699183333333334
2021-03-12 06:00:00,18.217100000000002
2021-03-12 07:00:00,19.574266666666666
2021-03-12 08:00:00,23.280633333333334
2021-03-12 09:00:00,25.357633333333336
2021-03-12 10:00:00,24.45521666666667
2021-03-12 11:00:00,24.01973333333333
2021-03-12 12:00:00,24.0963
2021-03-12 13:00:00,23.943066666666667
2021-03-12 14:00:00,23.88815
2021-03-12 15:00:00,23.363400000000002
2021-03-12 16:00:00,22.567083333333336
2021-03-12 17:00:00,22.241416666666666
2021-03-12 18:00:00,21.892633333333333
2021-03-12 19:00:00,21.065350000000002
2021-03-12 20:00:00,20.9301
2021-03-12 21:00:00,20.975316666666668
2021-03-12 22:00:00,21.050816666666666
2021-03-12 23:00:00,21.253933333333336
2021-03-13 00:00:00,21.13015
2021-03-13 01:00:00,20.230616666666666
2021-03-13 02:00:00,19.52235
2021-03-13 03:00:00,18.967116666666666
2021-03-13 04:00:00,18.751433333333335
2021-03-13 05:00:00,18.71063333333333
2021-03-13 06:00:00,18.38175
2021-03-13 07:00:00,18.441933333333335
2021-03-13 08:00:00,18.907916666666665
2021-03-13 09:00:00,19.4367
2021-03-13 10:00:00,20.195933333333336
2021-03-13 11:00:00,20.83015
2021-03-13 12:00:00,21.624983333333333
2021-03-13 13:00:00,21.35213333333333
2021-03-13 14:00:00,21.465766666666664
2021-03-13 15:00:00,21.01513333333333
2021-03-13 16:00:00,20.1454
2021-03-13 17:00:00,19.417983333333332
2021-03-13 18:00:00,18.918583333333334
2021-03-13 19:00:00,18.692166666666665
2021-03-13 20:00:00,18.72695
2021-03-13 21:00:00,19.005133333333333
2021-03-13 22:00:00,19.278633333333335
2021-03-13 23:00:00,19.429933333333334
2021-03-14 00:00:00,19.39265
2021-03-14 01:00:00,19.265583333333332
2021-03-14 02:00:00,19.041866666666667
2021-03-14 03:00:00,18.82805
2021-03-14 04:00:00,18.402716666666667
2021-03-14 05:00:00,18.134483333333332
2021-03-14 06:00:00,17.940366666666666
2021-03-14 07:00:00,18.12163333333333
2021-03-14 08:00:00,18.87793333333333
2021-03-14 09:00:00,18.9833
2021-03-14 10:00:00,18.861983333333335
2021-03-14 11:00:00,18.670849999999998
2021-03-14 12:00:00,19.269266666666667
2021-03-14 13:00:00,19.547233333333335
2021-03-14 14:00:00,19.247916666666665
2021-03-14 15:00:00,19.843666666666667
2021-03-14 16:00:00,19.565833333333334
2021-03-14 17:00:00,19.15236666666667
2021-03-14 18:00:00,18.67275
2021-03-14 19:00:00,18.72985
2021-03-14 20:00:00,18.884349999999998
2021-03-14 21:00:00,19.24845
2021-03-14 22:00:00,19.20133333333333
2021-03-14 23:00:00,19.507716666666667
2021-03-15 00:00:00,19.55956666666667
2021-03-15 01:00:00,19.328500000000002
2021-03-15 02:00:00,18.607000000000003
2021-03-15 03:00:00,18.31265
2021-03-15 04:00:00,18.18338333333333
2021-03-15 05:00:00,18.121916666666667
2021-03-15 06:00:00,17.902383333333333
2021-03-15 07:00:00,18.165116666666666
2021-03-15 08:00:00,19.213683333333332
2021-03-15 09:00:00,21.69863333333333
2021-03-15 10:00:00,22.903783333333333
2021-03-15 11:00:00,23.493566666666666
2021-03-15 12:00:00,23.3211
2021-03-15 13:00:00,23.443550000000002
2021-03-15 14:00:00,22.760566666666666
2021-03-15 15:00:00,22.124000000000002
2021-03-15 16:00:00,21.502716666666668
2021-03-15 17:00:00,20.453883333333334
2021-03-15 18:00:00,19.786683333333333
2021-03-15 19:00:00,19.601616666666665
2021-03-15 20:00:00,19.900633333333335
2021-03-15 21:00:00,20.021383333333333
2021-03-15 22:00:00,20.428733333333334
2021-03-15 23:00:00,20.40625
2021-03-16 00:00:00,20.264833333333332
2021-03-16 01:00:00,20.504033333333332
2021-03-16 02:00:00,20.177016666666667
2021-03-16 03:00:00,19.748583333333332
2021-03-16 04:00:00,19.402916666666666
2021-03-16 05:00:00,19.015216666666667
2021-03-16 06:00:00,18.845216666666666
2021-03-16 07:00:00,20.279966666666667
2021-03-16 08:00:00,22.342716666666668
2021-03-16 09:00:00,25.406566666666667
2021-03-16 10:00:00,24.927366666666668
2021-03-16 11:00:00,24.807883333333333
2021-03-16 12:00:00,25.208516666666664
2021-03-16 13:00:00,25.467316666666665
2021-03-16 14:00:00,24.229533333333332
2021-03-16 15:00:00,23.564700000000002
2021-03-16 16:00:00,23.110200000000003
2021-03-16 17:00:00,23.399266666666666
2021-03-16 18:00:00,22.256233333333334
2021-03-16 19:00:00,21.350733333333334
2021-03-16 20:00:00,20.720883333333333
2021-03-16 21:00:00,20.28308333333333
2021-03-16 22:00:00,20.176666666666666
2021-03-16 23:00:00,20.371283333333334
2021-03-17 00:00:00,20.935366666666667
2021-03-17 01:00:00,21.271216666666664
2021-03-17 02:00:00,21.323616666666666
2021-03-17 03:00:00,20.77171666666667
2021-03-17 04:00:00,20.664283333333334
2021-03-17 05:00:00,20.275716666666664
2021-03-17 06:00:00,20.1728
2021-03-17 07:00:00,22.2402
2021-03-17 08:00:00,25.6302
2021-03-17 09:00:00,25.319466666666663
2021-03-17 10:00:00,25.55228333333333
2021-03-17 11:00:00,25.70266666666667
2021-03-17 12:00:00,26.347916666666666
2021-03-17 13:00:00,25.465466666666664
2021-03-17 14:00:00,25.322316666666666
2021-03-17 15:00:00,24.159699999999997
2021-03-17 16:00:00,23.130316666666666
2021-03-17 17:00:00,22.603233333333332
2021-03-17 18:00:00,22.048383333333334
2021-03-17 19:00:00,21.9486
2021-03-17 20:00:00,21.889866666666666
2021-03-17 21:00:00,22.072233333333333
2021-03-17 22:00:00,22.070516666666666
2021-03-17 23:00:00,21.944483333333334
2021-03-18 00:00:00,21.8011
2021-03-18 01:00:00,21.700233333333333
2021-03-18 02:00:00,21.611316666666667
2021-03-18 03:00:00,21.516616666666668
2021-03-18 04:00:00,21.053133333333335
2021-03-18 05:00:00,20.657366666666668
2021-03-18 06:00:00,20.3585
2021-03-18 07:00:00,20.184649999999998
2021-03-18 08:00:00,20.049500000000002
2021-03-18 09:00:00,20.069200000000002
2021-03-18 10:00:00,20.360166666666665
2021-03-18 11:00:00,20.870150000000002
2021-03-18 12:00:00,20.97655
2021-03-18 13:00:00,21.346966666666667
2021-03-18 14:00:00,21.8978
2021-03-18 15:00:00,21.74431666666667
2021-03-18 16:00:00,21.423883333333333
2021-03-18 17:00:00,21.0401
2021-03-18 18:00:00,20.70293333333333
2021-03-18 19:00:00,20.691033333333333
2021-03-18 20:00:00,20.793349999999997
2021-03-18 21:00:00,21.11755
2021-03-18 22:00:00,21.223583333333334
2021-03-18 23:00:00,21.282766666666664
2021-03-19 00:00:00,21.433116666666667
2021-03-19 01:00:00,21.393166666666666
2021-03-19 02:00:00,21.422583333333332
2021-03-19 03:00:00,21.1112
2021-03-19 04:00:00,20.883366666666667
2021-03-19 05:00:00,20.863666666666667
2021-03-19 06:00:00,20.775716666666664
2021-03-19 07:00:00,20.65651666666667
2021-03-19 08:00:00,20.72191666666667
2021-03-19 09:00:00,21.105900000000002
2021-03-19 10:00:00,21.82585
2021-03-19 11:00:00,23.088933333333333
2021-03-19 12:00:00,24.29713333333333
2021-03-19 13:00:00,24.210583333333332
2021-03-19 14:00:00,23.916166666666665
2021-03-19 15:00:00,23.087516666666666
2021-03-19 16:00:00,22.486733333333333
2021-03-19 17:00:00,21.69225
2021-03-19 18:00:00,21.285700000000002
2021-03-19 19:00:00,21.031616666666665
2021-03-19 20:00:00,20.906983333333336
2021-03-19 21:00:00,21.21398333333333
2021-03-19 22:00:00,21.369833333333336
2021-03-19 23:00:00,21.38455
2021-03-20 00:00:00,21.065583333333333
2021-03-20 01:00:00,21.20365
2021-03-20 02:00:00,21.322316666666666
2021-03-20 03:00:00,20.664383333333333
2021-03-20 04:00:00,20.616249999999997
2021-03-20 05:00:00,20.32625
2021-03-20 06:00:00,20.32715
2021-03-20 07:00:00,21.900699999999997
2021-03-20 08:00:00,23.933
2021-03-20 09:00:00,25.364383333333333
2021-03-20 10:00:00,26.172583333333332
2021-03-20 11:00:00,25.791633333333333
2021-03-20 12:00:00,26.43228333333333
2021-03-20 13:00:00,26.132883333333332
2021-03-20 14:00:00,25.75625
2021-03-20 15:00:00,24.63765
2021-03-20 16:00:00,24.06501666666667
2021-03-20 17:00:00,23.361016666666668
2021-03-20 18:00:00,22.778166666666667
2021-03-20 19:00:00,22.502266666666667
2021-03-20 20:00:00,21.996266666666667
2021-03-20 21:00:00,21.79478333333333
2021-03-20 22:00:00,21.44285
2021-03-20 23:00:00,21.275283333333334
2021-03-21 00:00:00,21.282383333333332
2021-03-21 01:00:00,21.21036666666667
2021-03-21 02:00:00,21.328033333333334
2021-03-21 03:00:00,21.332833333333333
2021-03-21 04:00:00,21.5756
2021-03-21 05:00:00,21.474
2021-03-21 06:00:00,20.989483333333332
2021-03-21 07:00:00,21.059250000000002
2021-03-21 08:00:00,21.031200000000002
2021-03-21 09:00:00,21.352216666666667
2021-03-21 10:00:00,21.38015
2021-03-21 11:00:00,19.918999999999997
2021-03-21 12:00:00,19.11821666666667
2021-03-21 13:00:00,18.417983333333332
2021-03-21 14:00:00,18.181316666666664
2021-03-21 15:00:00,17.866416666666666
2021-03-21 16:00:00,17.275316666666665
2021-03-21 17:00:00,16.523683333333334
2021-03-21 18:00:00,15.985716666666667
2021-03-21 19:00:00,15.70435
2021-03-21 20:00:00,15.49335
2021-03-21 21:00:00,15.331633333333334
2021-03-21 22:00:00,14.863133333333334
2021-03-21 23:00:00,14.498016666666667
2021-03-22 00:00:00,14.487933333333332
2021-03-22 01:00:00,14.378483333333334
2021-03-22 02:00:00,14.220766666666666
2021-03-22 03:00:00,13.962066666666667
2021-03-22 04:00:00,13.8682
2021-03-22 05:00:00,13.63875
2021-03-22 06:00:00,13.54225
2021-03-22 07:00:00,13.633166666666666
2021-03-22 08:00:00,13.67205
2021-03-22 09:00:00,13.916016666666668
2021-03-22 10:00:00,14.876883333333332
2021-03-22 11:00:00,17.71833333333333
2021-03-22 12:00:00,18.47605
2021-03-22 13:00:00,19.447516666666665
2021-03-22 14:00:00,20.038816666666666
2021-03-22 15:00:00,20.2568
2021-03-22 16:00:00,19.2006
2021-03-22 17:00:00,17.8005
2021-03-22 18:00:00,16.884033333333335
2021-03-22 19:00:00,16.764133333333334
2021-03-22 20:00:00,16.87785
2021-03-22 21:00:00,16.858816666666666
2021-03-22 22:00:00,16.651433333333333
2021-03-22 23:00:00,16.063916666666664
2021-03-23 00:00:00,16.093383333333332
2021-03-23 01:00:00,16.15093333333333
2021-03-23 02:00:00,16.085733333333334
2021-03-23 03:00:00,15.994033333333334
2021-03-23 04:00:00,15.933266666666666
2021-03-23 05:00:00,15.819433333333334
2021-03-23 06:00:00,15.848083333333333
2021-03-23 07:00:00,16.043083333333335
2021-03-23 08:00:00,16.67605
2021-03-23 09:00:00,18.676333333333332
2021-03-23 10:00:00,18.236083333333333
2021-03-23 11:00:00,18.08216666666667
2021-03-23 12:00:00,17.384816666666666
2021-03-23 13:00:00,17.50841666666667
2021-03-23 14:00:00,17.901149999999998
2021-03-23 15:00:00,17.732783333333334
2021-03-23 16:00:00,17.602383333333332
2021-03-23 17:00:00,17.119533333333333
2021-03-23 18:00:00,17.346166666666665
2021-03-23 19:00:00,17.63628333333333
2021-03-23 20:00:00,17.658483333333333
2021-03-23 21:00:00,17.621050000000004
2021-03-23 22:00:00,17.64805
2021-03-23 23:00:00,17.651933333333332
2021-03-24 00:00:00,17.47165
2021-03-24 01:00:00,17.382266666666666
2021-03-24 02:00:00,17.178016666666668
2021-03-24 03:00:00,16.85095
2021-03-24 04:00:00,16.747583333333335
2021-03-24 05:00:00,16.457933333333333
2021-03-24 06:00:00,16.498566666666665
2021-03-24 07:00:00,17.063316666666665
2021-03-24 08:00:00,18.041099999999997
2021-03-24 09:00:00,21.163783333333335
2021-03-24 10:00:00,22.8759
2021-03-24 11:00:00,23.88935
2021-03-24 12:00:00,25.448266666666665
2021-03-24 13:00:00,26.04413333333333
2021-03-24 14:00:00,23.411
2021-03-24 15:00:00,22.353533333333335
2021-03-24 16:00:00,21.385966666666665
2021-03-24 17:00:00,20.7749
2021-03-24 18:00:00,20.686216666666667
2021-03-24 19:00:00,20.522733333333335
2021-03-24 20:00:00,20.456966666666666
2021-03-24 21:00:00,20.777616666666667
2021-03-24 22:00:00,20.516783333333333
2021-03-24 23:00:00,20.335966666666664
2021-03-25 00:00:00,20.123916666666666
2021-03-25 01:00:00,19.850966666666668
2021-03-25 02:00:00,19.847766666666665
2021-03-25 03:00:00,19.123266666666666
2021-03-25 04:00:00,19.0443
2021-03-25 05:00:00,18.955383333333334
2021-03-25 06:00:00,18.73285
2021-03-25 07:00:00,18.877083333333335
2021-03-25 08:00:00,19.541216666666667
2021-03-25 09:00:00,21.765383333333332
2021-03-25 10:00:00,22.102516666666666
2021-03-25 11:00:00,22.378516666666666
2021-03-25 12:00:00,22.47938333333333
2021-03-25 13:00:00,22.037166666666668
2021-03-25 14:00:00,21.8079
2021-03-25 15:00:00,21.14698333333333
2021-03-25 16:00:00,20.421766666666667
2021-03-25 17:00:00,19.740866666666665
2021-03-25 18:00:00,19.436283333333332
2021-03-25 19:00:00,19.467716666666668
2021-03-25 20:00:00,19.403833333333335
2021-03-25 21:00:00,19.27165
2021-03-25 22:00:00,19.12503333333333
2021-03-25 23:00:00,18.990616666666664
2021-03-26 00:00:00,18.620116666666668
2021-03-26 01:00:00,18.219766666666665
2021-03-26 02:00:00,18.067416666666666
2021-03-26 03:00:00,17.938666666666666
2021-03-26 04:00:00,17.86365
2021-03-26 05:00:00,17.726850000000002
2021-03-26 06:00:00,17.676183333333334
2021-03-26 07:00:00,17.72648333333333
2021-03-26 08:00:00,17.91955
2021-03-26 09:00:00,18.217683333333333
2021-03-26 10:00:00,18.638783333333333
2021-03-26 11:00:00,19.6034
2021-03-26 12:00:00,21.351283333333335
2021-03-26 13:00:00,22.04375
2021-03-26 14:00:00,21.579933333333333
2021-03-26 15:00:00,21.053150000000002
2021-03-26 16:00:00,20.642466666666667
2021-03-26 17:00:00,19.799516666666666
2021-03-26 18:00:00,19.554366666666667
2021-03-26 19:00:00,19.605050000000002
2021-03-26 20:00:00,19.87271666666667
2021-03-26 21:00:00,20.22801666666667
2021-03-26 22:00:00,20.434849999999997
2021-03-26 23:00:00,20.55388333333333
2021-03-27 00:00:00,20.275683333333333
2021-03-27 01:00:00,20.295016666666665
2021-03-27 02:00:00,20.37183333333333
2021-03-27 03:00:00,20.099516666666666
2021-03-27 04:00:00,20.0247
2021-03-27 05:00:00,20.1058
2021-03-27 06:00:00,20.075316666666666
2021-03-27 07:00:00,20.3061
2021-03-27 08:00:00,20.7729
2021-03-27 09:00:00,22.826733333333333
2021-03-27 10:00:00,23.12451666666667
2021-03-27 11:00:00,23.416316666666667
2021-03-27 12:00:00,24.7226
2021-03-27 13:00:00,24.560266666666667
2021-03-27 14:00:00,23.909516666666665
2021-03-27 15:00:00,23.860183333333335
2021-03-27 16:00:00,23.074316666666668
2021-03-27 17:00:00,22.360766666666667
2021-03-27 18:00:00,21.9228
2021-03-27 19:00:00,22.099766666666667
2021-03-27 20:00:00,21.55698333333333
2021-03-27 21:00:00,21.604683333333334
2021-03-27 22:00:00,21.843733333333333
2021-03-27 23:00:00,21.328733333333332
2021-03-28 00:00:00,21.264599999999998
2021-03-28 01:00:00,21.3391
2021-03-28 02:00:00,21.11116666666667
2021-03-28 03:00:00,20.978233333333332
2021-03-28 04:00:00,21.44588333333333
2021-03-28 05:00:00,21.251583333333333
2021-03-28 06:00:00,21.496133333333333
2021-03-28 07:00:00,21.86225
2021-03-28 08:00:00,23.07046666666667
2021-03-28 09:00:00,25.752416666666665
2021-03-28 10:00:00,26.685433333333332
2021-03-28 11:00:00,28.090866666666667
2021-03-28 12:00:00,27.888883333333336
2021-03-28 13:00:00,28.122616666666666
2021-03-28 14:00:00,27.690133333333332
2021-03-28 15:00:00,27.550583333333336
2021-03-28 16:00:00,26.905016666666665
2021-03-28 17:00:00,26.249066666666668
2021-03-28 18:00:00,25.037233333333333
2021-03-28 19:00:00,24.427533333333333
2021-03-28 20:00:00,24.004316666666668
2021-03-28 21:00:00,23.624883333333333
2021-03-28 22:00:00,23.276183333333332
2021-03-28 23:00:00,23.079349999999998
2021-03-29 00:00:00,22.88605
2021-03-29 01:00:00,22.934433333333335
2021-03-29 02:00:00,22.965766666666664
2021-03-29 03:00:00,22.930349999999997
2021-03-29 04:00:00,22.84991666666667
2021-03-29 05:00:00,22.712083333333332
2021-03-29 06:00:00,22.634316666666667
2021-03-29 07:00:00,23.41783333333333
2021-03-29 08:00:00,24.706
2021-03-29 09:00:00,25.44385
2021-03-29 10:00:00,26.617716666666663
2021-03-29 11:00:00,27.49845
2021-03-29 12:00:00,28.390833333333333
2021-03-29 13:00:00,28.7618
2021-03-29 14:00:00,27.866983333333334
2021-03-29 15:00:00,27.036266666666666
2021-03-29 16:00:00,25.878566666666664
2021-03-29 17:00:00,25.189966666666667
2021-03-29 18:00:00,24.623783333333332
2021-03-29 19:00:00,24.28195
2021-03-29 20:00:00,24.343083333333333
2021-03-29 21:00:00,24.345883333333333
2021-03-29 22:00:00,24.31955
2021-03-29 23:00:00,24.33765
2021-03-30 00:00:00,24.162966666666666
2021-03-30 01:00:00,24.051433333333332
2021-03-30 02:00:00,23.9674
2021-03-30 03:00:00,23.810333333333332
2021-03-30 04:00:00,23.735200000000003
2021-03-30 05:00:00,23.743783333333333
2021-03-30 06:00:00,23.661783333333336
2021-03-30 07:00:00,24.12683333333333
2021-03-30 08:00:00,25.322066666666668
2021-03-30 09:00:00,27.5111
2021-03-30 10:00:00,28.714949999999998
2021-03-30 11:00:00,29.272783333333333
2021-03-30 12:00:00,28.746266666666667
2021-03-30 13:00:00,28.668916666666668
2021-03-30 14:00:00,27.932983333333333
2021-03-30 15:00:00,27.131516666666666
2021-03-30 16:00:00,26.176966666666665
2021-03-30 17:00:00,25.50136666666667
2021-03-30 18:00:00,24.86315
2021-03-30 19:00:00,24.406366666666667
2021-03-30 20:00:00,24.229433333333336
2021-03-30 21:00:00,24.038516666666666
2021-03-30 22:00:00,23.971516666666666
2021-03-30 23:00:00,23.797266666666665
2021-03-31 00:00:00,23.732716666666665
2021-03-31 01:00:00,23.633266666666668
2021-03-31 02:00:00,23.555366666666664
2021-03-31 03:00:00,23.528399999999998
2021-03-31 04:00:00,23.45521666666667
2021-03-31 05:00:00,23.286233333333332
2021-03-31 06:00:00,23.181333333333335
2021-03-31 07:00:00,23.68985
2021-03-31 08:00:00,24.78693333333333
2021-03-31 09:00:00,26.2728
2021-03-31 10:00:00,27.61093333333333
2021-03-31 11:00:00,27.467100000000002
2021-03-31 12:00:00,28.09466666666667
2021-03-31 13:00:00,27.521616666666667
2021-03-31 14:00:00,26.671266666666668
2021-03-31 15:00:00,26.670716666666667
2021-03-31 16:00:00,25.9953
2021-03-31 17:00:00,25.403483333333334
2021-03-31 18:00:00,24.691683333333334
2021-03-31 19:00:00,24.0961
2021-03-31 20:00:00,23.886466666666664
2021-03-31 21:00:00,23.82831666666667
2021-03-31 22:00:00,23.831316666666666
2021-03-31 23:00:00,23.797966666666664
2021-04-01 00:00:00,23.6956
2021-04-01 01:00:00,23.577766666666665
2021-04-01 02:00:00,23.4835
2021-04-01 03:00:00,23.588616666666667
2021-04-01 04:00:00,23.574866666666665
2021-04-01 05:00:00,23.5068
2021-04-01 06:00:00,23.411316666666668
2021-04-01 07:00:00,23.973166666666668
2021-04-01 08:00:00,25.35265
2021-04-01 09:00:00,27.269866666666665
2021-04-01 10:00:00,27.64715
2021-04-01 11:00:00,27.883366666666667
2021-04-01 12:00:00,28.4417
2021-04-01 13:00:00,28.3178
2021-04-01 14:00:00,28.841083333333334
2021-04-01 15:00:00,27.254450000000002
2021-04-01 16:00:00,26.50515
2021-04-01 17:00:00,25.970933333333335
2021-04-01 18:00:00,25.237866666666665
2021-04-01 19:00:00,24.734166666666667
2021-04-01 20:00:00,24.264666666666667
2021-04-01 21:00:00,23.99588333333333
2021-04-01 22:00:00,23.690583333333333
2021-04-01 23:00:00,23.4545
2021-04-02 00:00:00,23.37108333333333
2021-04-02 01:00:00,23.196466666666666
2021-04-02 02:00:00,22.991216666666666
2021-04-02 03:00:00,22.810333333333332
2021-04-02 04:00:00,22.788666666666664
2021-04-02 05:00:00,22.749916666666667
2021-04-02 06:00:00,22.732366666666667
2021-04-02 07:00:00,23.255283333333335
2021-04-02 08:00:00,24.304733333333335
2021-04-02 09:00:00,25.910716666666666
2021-04-02 10:00:00,26.917466666666666
2021-04-02 11:00:00,28.42135
2021-04-02 12:00:00,29.405416666666667
2021-04-02 13:00:00,29.419066666666666
2021-04-02 14:00:00,28.624783333333333
2021-04-02 15:00:00,27.672666666666665
2021-04-02 16:00:00,26.96398333333333
2021-04-02 17:00:00,25.986833333333333
2021-04-02 18:00:00,25.179016666666666
2021-04-02 19:00:00,24.6088
2021-04-02 20:00:00,24.445216666666667
2021-04-02 21:00:00,24.555266666666668
2021-04-02 22:00:00,24.022816666666664
2021-04-02 23:00:00,23.707916666666666
2021-04-03 00:00:00,24.116666666666667
2021-04-03 01:00:00,23.57268333333333
2021-04-03 02:00:00,23.118816666666664
2021-04-03 03:00:00,23.408683333333332
2021-04-03 04:00:00,23.0804
2021-04-03 05:00:00,22.969299999999997
2021-04-03 06:00:00,23.04093333333333
2021-04-03 07:00:00,24.87496666666667
2021-04-03 08:00:00,27.69271666666667
2021-04-03 09:00:00,28.227966666666667
2021-04-03 10:00:00,28.5758
2021-04-03 11:00:00,28.807983333333333
2021-04-03 12:00:00,30.33855
2021-04-03 13:00:00,30.230183333333333
2021-04-03 14:00:00,30.544966666666667
2021-04-03 15:00:00,28.881283333333332
2021-04-03 16:00:00,27.71146666666667
2021-04-03 17:00:00,27.034366666666664
2021-04-03 18:00:00,26.5024
2021-04-03 19:00:00,26.0519
2021-04-03 20:00:00,25.734616666666668
2021-04-03 21:00:00,25.52241666666667
2021-04-03 22:00:00,25.244083333333332
2021-04-03 23:00:00,25.118850000000002
2021-04-04 00:00:00,24.8893
2021-04-04 01:00:00,24.575966666666666
2021-04-04 02:00:00,24.5478
2021-04-04 03:00:00,24.88426666666667
2021-04-04 04:00:00,24.911816666666667
2021-04-04 05:00:00,24.510616666666667
2021-04-04 06:00:00,23.851666666666667
2021-04-04 07:00:00,23.7181
2021-04-04 08:00:00,24.303449999999998
2021-04-04 09:00:00,24.0295
2021-04-04 10:00:00,23.410866666666667
2021-04-04 11:00:00,22.573616666666666
2021-04-04 12:00:00,22.309450000000002
2021-04-04 13:00:00,21.962033333333334
2021-04-04 14:00:00,21.732266666666664
2021-04-04 15:00:00,21.285816666666665
2021-04-04 16:00:00,21.12251666666667
2021-04-04 17:00:00,21.187783333333336
2021-04-04 18:00:00,21.167133333333332
2021-04-04 19:00:00,21.202283333333334
2021-04-04 20:00:00,21.19515
2021-04-04 21:00:00,20.79265
2021-04-04 22:00:00,21.1154
2021-04-04 23:00:00,20.9976
2021-04-05 00:00:00,20.607450000000004
2021-04-05 01:00:00,20.561233333333334
2021-04-05 02:00:00,20.4721
2021-04-05 03:00:00,19.951483333333332
2021-04-05 04:00:00,19.693166666666666
2021-04-05 05:00:00,19.596983333333334
2021-04-05 06:00:00,19.578866666666666
2021-04-05 07:00:00,19.788883333333334
2021-04-05 08:00:00,19.935066666666668
2021-04-05 09:00:00,20.2306
2021-04-05 10:00:00,20.44023333333333
2021-04-05 11:00:00,20.360566666666667
2021-04-05 12:00:00,20.41525
2021-04-05 13:00:00,20.453233333333333
2021-04-05 14:00:00,20.3134
2021-04-05 15:00:00,20.49911666666667
2021-04-05 16:00:00,20.473216666666666
2021-04-05 17:00:00,20.323666666666668
2021-04-05 18:00:00,20.249950000000002
2021-04-05 19:00:00,20.371433333333336
2021-04-05 20:00:00,20.54615
2021-04-05 21:00:00,20.46196666666667
2021-04-05 22:00:00,20.546783333333334
2021-04-05 23:00:00,20.44205
2021-04-06 00:00:00,20.4972
2021-04-06 01:00:00,20.49576666666667
2021-04-06 02:00:00,20.464299999999998
2021-04-06 03:00:00,20.525316666666665
2021-04-06 04:00:00,20.39265
2021-04-06 05:00:00,20.3455
2021-04-06 06:00:00,20.36615
2021-04-06 07:00:00,20.856566666666666
2021-04-06 08:00:00,21.269583333333333
2021-04-06 09:00:00,21.343966666666667
2021-04-06 10:00:00,21.2575
2021-04-06 11:00:00,22.591366666666666
2021-04-06 12:00:00,23.126366666666666
2021-04-06 13:00:00,24.59215
2021-04-06 14:00:00,24.331583333333334
2021-04-06 15:00:00,23.620616666666667
2021-04-06 16:00:00,22.7115
2021-04-06 17:00:00,21.715733333333333
2021-04-06 18:00:00,21.192283333333332
2021-04-06 19:00:00,21.213666666666665
2021-04-06 20:00:00,21.220683333333334
2021-04-06 21:00:00,21.235333333333333
2021-04-06 22:00:00,21.198666666666668
2021-04-06 23:00:00,21.1399
2021-04-07 00:00:00,21.02061666666667
2021-04-07 01:00:00,20.963816666666666
2021-04-07 02:00:00,20.605566666666668
2021-04-07 03:00:00,20.33788333333333
2021-04-07 04:00:00,20.056116666666664
2021-04-07 05:00:00,19.83755
2021-04-07 06:00:00,19.817816666666666
2021-04-07 07:00:00,19.879983333333332
2021-04-07 08:00:00,20.094733333333334
2021-04-07 09:00:00,20.382416666666664
2021-04-07 10:00:00,20.590066666666665
2021-04-07 11:00:00,20.616183333333332
2021-04-07 12:00:00,20.99566666666667
2021-04-07 13:00:00,21.9776
2021-04-07 14:00:00,21.720933333333335
2021-04-07 15:00:00,21.167866666666665
2021-04-07 16:00:00,20.825366666666664
2021-04-07 17:00:00,20.720033333333333
2021-04-07 18:00:00,20.2586
2021-04-07 19:00:00,20.1516
2021-04-07 20:00:00,20.454250000000002
2021-04-07 21:00:00,20.405716666666667
2021-04-07 22:00:00,20.595433333333336
2021-04-07 23:00:00,20.676750000000002
2021-04-08 00:00:00,20.665816666666668
2021-04-08 01:00:00,20.60895
2021-04-08 02:00:00,20.515083333333333
2021-04-08 03:00:00,20.44223333333333
2021-04-08 04:00:00,20.410500000000003
2021-04-08 05:00:00,20.429783333333333
2021-04-08 06:00:00,20.190483333333336
2021-04-08 07:00:00,20.317483333333332
2021-04-08 08:00:00,20.757783333333336
2021-04-08 09:00:00,21.75796666666667
2021-04-08 10:00:00,21.427133333333334
2021-04-08 11:00:00,21.1973
2021-04-08 12:00:00,21.158466666666666
2021-04-08 13:00:00,21.614583333333332
2021-04-08 14:00:00,22.178783333333335
2021-04-08 15:00:00,22.22758333333333
2021-04-08 16:00:00,21.851616666666665
2021-04-08 17:00:00,21.305583333333335
2021-04-08 18:00:00,20.92843333333333
2021-04-08 19:00:00,21.088483333333333
2021-04-08 20:00:00,21.164550000000002
2021-04-08 21:00:00,21.115616666666668
2021-04-08 22:00:00,20.952366666666666
2021-04-08 23:00:00,20.582716666666666
2021-04-09 00:00:00,20.1793
2021-04-09 01:00:00,19.992233333333335
2021-04-09 02:00:00,18.8705
2021-04-09 03:00:00,18.222050000000003
2021-04-09 04:00:00,17.768449999999998
2021-04-09 05:00:00,18.003383333333332
2021-04-09 06:00:00,18.2736
2021-04-09 07:00:00,18.4481
2021-04-09 08:00:00,18.475383333333333
2021-04-09 09:00:00,18.690383333333333
2021-04-09 10:00:00,18.196083333333334
2021-04-09 11:00:00,18.31338333333333
2021-04-09 12:00:00,18.831366666666668
2021-04-09 13:00:00,18.86045
2021-04-09 14:00:00,18.73655
2021-04-09 15:00:00,18.70095
2021-04-09 16:00:00,18.838516666666667
2021-04-09 17:00:00,18.97325
2021-04-09 18:00:00,18.950249999999997
2021-04-09 19:00:00,19.094866666666668
2021-04-09 20:00:00,19.1549
2021-04-09 21:00:00,19.260616666666667
2021-04-09 22:00:00,19.399716666666666
2021-04-09 23:00:00,19.485966666666666
2021-04-10 00:00:00,19.40615
2021-04-10 01:00:00,19.173266666666667
2021-04-10 02:00:00,18.96235
2021-04-10 03:00:00,18.766333333333332
2021-04-10 04:00:00,18.522583333333333
2021-04-10 05:00:00,18.515066666666666
2021-04-10 06:00:00,18.630166666666664
2021-04-10 07:00:00,19.681350000000002
2021-04-10 08:00:00,20.002183333333335
2021-04-10 09:00:00,21.146466666666665
2021-04-10 10:00:00,21.639499999999998
2021-04-10 11:00:00,22.197766666666666
2021-04-10 12:00:00,22.488633333333333
2021-04-10 13:00:00,22.56908333333333
2021-04-10 14:00:00,22.25551666666667
2021-04-10 15:00:00,22.047766666666668
2021-04-10 16:00:00,21.105116666666667
2021-04-10 17:00:00,20.2167
2021-04-10 18:00:00,19.656583333333334
2021-04-10 19:00:00,19.532016666666667
2021-04-10 20:00:00,19.641883333333332
2021-04-10 21:00:00,19.774350000000002
2021-04-10 22:00:00,20.052133333333334
2021-04-10 23:00:00,20.030966666666664
2021-04-11 00:00:00,19.771633333333334
2021-04-11 01:00:00,19.528399999999998
2021-04-11 02:00:00,19.27715
2021-04-11 03:00:00,19.134216666666664
2021-04-11 04:00:00,19.205550000000002
2021-04-11 05:00:00,19.033849999999997
2021-04-11 06:00:00,18.95563333333333
2021-04-11 07:00:00,19.030066666666666
2021-04-11 08:00:00,20.08295
2021-04-11 09:00:00,20.860149999999997
2021-04-11 10:00:00,21.5392
2021-04-11 11:00:00,23.246283333333334
2021-04-11 12:00:00,23.522116666666665
2021-04-11 13:00:00,23.64036666666667
2021-04-11 14:00:00,23.201716666666666
2021-04-11 15:00:00,22.849483333333335
2021-04-11 16:00:00,22.042966666666665
2021-04-11 17:00:00,20.829116666666668
2021-04-11 18:00:00,20.135949999999998
2021-04-11 19:00:00,19.819366666666667
2021-04-11 20:00:00,19.78898333333333
2021-04-11 21:00:00,20.021633333333334
2021-04-11 22:00:00,20.260516666666668
2021-04-11 23:00:00,20.33225
2021-04-12 00:00:00,20.4615
2021-04-12 01:00:00,20.172966666666664
2021-04-12 02:00:00,20.27105
2021-04-12 03:00:00,20.154083333333332
2021-04-12 04:00:00,20.3336
2021-04-12 05:00:00,20.440583333333333
2021-04-12 06:00:00,20.67915
2021-04-12 07:00:00,21.46538333333333
2021-04-12 08:00:00,22.49318333333333
2021-04-12 09:00:00,23.573533333333334
2021-04-12 10:00:00,24.433116666666667
2021-04-12 11:00:00,24.31683333333333
2021-04-12 12:00:00,25.326483333333332
2021-04-12 13:00:00,25.32705
2021-04-12 14:00:00,25.405516666666664
2021-04-12 15:00:00,24.74663333333333
2021-04-12 16:00:00,23.462966666666667
2021-04-12 17:00:00,23.340899999999998
2021-04-12 18:00:00,22.549183333333335
2021-04-12 19:00:00,21.8609
2021-04-12 20:00:00,21.539533333333335
2021-04-12 21:00:00,21.486449999999998
2021-04-12 22:00:00,21.342483333333334
2021-04-12 23:00:00,21.555866666666667
2021-04-13 00:00:00,21.398716666666665
2021-04-13 01:00:00,20.956383333333335
2021-04-13 02:00:00,21.201349999999998
2021-04-13 03:00:00,21.335616666666667
2021-04-13 04:00:00,21.380999999999997
2021-04-13 05:00:00,20.9869
2021-04-13 06:00:00,21.13293333333333
2021-04-13 07:00:00,23.500616666666666
2021-04-13 08:00:00,25.1769
2021-04-13 09:00:00,26.719749999999998
2021-04-13 10:00:00,27.206183333333335
2021-04-13 11:00:00,26.928783333333335
2021-04-13 12:00:00,27.234933333333334
2021-04-13 13:00:00,27.022066666666667
2021-04-13 14:00:00,26.670883333333332
2021-04-13 15:00:00,27.10115
2021-04-13 16:00:00,26.49138333333333
2021-04-13 17:00:00,25.409733333333335
2021-04-13 18:00:00,24.805933333333332
2021-04-13 19:00:00,24.365066666666667
2021-04-13 20:00:00,23.7237
2021-04-13 21:00:00,23.258066666666664
2021-04-13 22:00:00,22.942400000000003
2021-04-13 23:00:00,22.440166666666666
2021-04-14 00:00:00,21.971516666666666
2021-04-14 01:00:00,21.6687
2021-04-14 02:00:00,21.59335
2021-04-14 03:00:00,21.763083333333334
2021-04-14 04:00:00,21.809666666666665
2021-04-14 05:00:00,21.8841
2021-04-14 06:00:00,22.1279
2021-04-14 07:00:00,23.393050000000002
2021-04-14 08:00:00,22.793566666666667
2021-04-14 09:00:00,22.49046666666667
2021-04-14 10:00:00,22.078
2021-04-14 11:00:00,21.97076666666667
2021-04-14 12:00:00,22.07225
2021-04-14 13:00:00,22.019483333333334
2021-04-14 14:00:00,21.79845
2021-04-14 15:00:00,21.654716666666666
2021-04-14 16:00:00,21.4805
2021-04-14 17:00:00,21.42705
2021-04-14 18:00:00,21.34455
2021-04-14 19:00:00,21.34225
2021-04-14 20:00:00,21.271566666666665
2021-04-14 21:00:00,21.332866666666668
2021-04-14 22:00:00,21.32745
2021-04-14 23:00:00,21.194233333333333
2021-04-15 00:00:00,20.99298333333333
2021-04-15 01:00:00,20.573616666666666
2021-04-15 02:00:00,20.439716666666666
2021-04-15 03:00:00,20.228066666666667
2021-04-15 04:00:00,19.946133333333332
2021-04-15 05:00:00,19.8159
2021-04-15 06:00:00,19.978099999999998
2021-04-15 07:00:00,20.0929
2021-04-15 08:00:00,20.11795
2021-04-15 09:00:00,20.054366666666667
2021-04-15 10:00:00,20.026200000000003
2021-04-15 11:00:00,20.255566666666667
2021-04-15 12:00:00,20.28506666666667
2021-04-15 13:00:00,19.980366666666665
2021-04-15 14:00:00,19.85235
2021-04-15 15:00:00,19.9665
2021-04-15 16:00:00,20.088633333333334
2021-04-15 17:00:00,20.169533333333334
2021-04-15 18:00:00,20.13838333333333
2021-04-15 19:00:00,20.292250000000003
2021-04-15 20:00:00,20.47693333333333
2021-04-15 21:00:00,20.624033333333333
2021-04-15 22:00:00,20.64303333333333
2021-04-15 23:00:00,20.747533333333333
2021-04-16 00:00:00,20.774749999999997
2021-04-16 01:00:00,20.612883333333333
2021-04-16 02:00:00,20.426166666666667
2021-04-16 03:00:00,20.201216666666667
2021-04-16 04:00:00,19.977766666666664
2021-04-16 05:00:00,19.988216666666666
2021-04-16 06:00:00,20.14275
2021-04-16 07:00:00,20.313816666666664
2021-04-16 08:00:00,20.353366666666666
2021-04-16 09:00:00,20.618583333333333
2021-04-16 10:00:00,20.797716666666666
2021-04-16 11:00:00,20.844583333333333
2021-04-16 12:00:00,20.993233333333333
2021-04-16 13:00:00,21.7346
2021-04-16 14:00:00,21.36098333333333
2021-04-16 15:00:00,21.232233333333333
2021-04-16 16:00:00,21.014983333333337
2021-04-16 17:00:00,20.9936
2021-04-16 18:00:00,21.213866666666664
2021-04-16 19:00:00,20.99685
2021-04-16 20:00:00,20.861866666666668
2021-04-16 21:00:00,20.9372
2021-04-16 22:00:00,20.941633333333336
2021-04-16 23:00:00,21.12858333333333
2021-04-17 00:00:00,21.250983333333334
2021-04-17 01:00:00,21.2878
2021-04-17 02:00:00,21.241033333333334
2021-04-17 03:00:00,21.26605
2021-04-17 04:00:00,21.168333333333333
2021-04-17 05:00:00,21.122700000000002
2021-04-17 06:00:00,21.113433333333333
2021-04-17 07:00:00,21.00885
2021-04-17 08:00:00,20.963816666666666
2021-04-17 09:00:00,20.860533333333333
2021-04-17 10:00:00,20.79085
2021-04-17 11:00:00,20.902516666666667
2021-04-17 12:00:00,20.668916666666668
2021-04-17 13:00:00,20.846933333333332
2021-04-17 14:00:00,21.218466666666664
2021-04-17 15:00:00,21.627383333333334
2021-04-17 16:00:00,21.50595
2021-04-17 17:00:00,21.104916666666668
2021-04-17 18:00:00,21.165300000000002
2021-04-17 19:00:00,21.198533333333334
2021-04-17 20:00:00,21.392533333333333
2021-04-17 21:00:00,21.404049999999998
2021-04-17 22:00:00,21.23593333333333
2021-04-17 23:00:00,20.150716666666664
2021-04-18 00:00:00,20.612450000000003
2021-04-18 01:00:00,20.998333333333335
2021-04-18 02:00:00,21.245116666666664
2021-04-18 03:00:00,21.209816666666665
2021-04-18 04:00:00,21.264633333333332
2021-04-18 05:00:00,21.165483333333334
2021-04-18 06:00:00,21.150883333333336
2021-04-18 07:00:00,22.78395
2021-04-18 08:00:00,22.218983333333334
2021-04-18 09:00:00,23.0372
2021-04-18 10:00:00,23.7963
2021-04-18 11:00:00,23.83595
2021-04-18 12:00:00,22.888416666666668
2021-04-18 13:00:00,21.379900000000003
2021-04-18 14:00:00,20.989833333333333
2021-04-18 15:00:00,21.179033333333333
2021-04-18 16:00:00,21.0167
2021-04-18 17:00:00,20.954866666666664
2021-04-18 18:00:00,20.793016666666666
2021-04-18 19:00:00,20.719133333333332
2021-04-18 20:00:00,20.80636666666667
2021-04-18 21:00:00,20.7491
2021-04-18 22:00:00,20.652766666666665
2021-04-18 23:00:00,20.471
2021-04-19 00:00:00,20.189883333333334
2021-04-19 01:00:00,20.108549999999997
2021-04-19 02:00:00,20.06996666666667
2021-04-19 03:00:00,19.962633333333333
2021-04-19 04:00:00,19.65475
2021-04-19 05:00:00,19.26448333333333
2021-04-19 06:00:00,19.39196666666667
2021-04-19 07:00:00,19.617316666666667
2021-04-19 08:00:00,20.13533333333333
2021-04-19 09:00:00,20.32585
2021-04-19 10:00:00,21.003249999999998
2021-04-19 11:00:00,21.6671
2021-04-19 12:00:00,22.60235
2021-04-19 13:00:00,21.854633333333332
2021-04-19 14:00:00,21.94203333333333
2021-04-19 15:00:00,21.805533333333337
2021-04-19 16:00:00,21.15056666666667
2021-04-19 17:00:00,20.718166666666665
2021-04-19 18:00:00,20.449866666666665
2021-04-19 19:00:00,20.3765
2021-04-19 20:00:00,20.32453333333333
2021-04-19 21:00:00,20.27991666666667
2021-04-19 22:00:00,20.373833333333334
2021-04-19 23:00:00,20.3347
2021-04-20 00:00:00,20.31445
2021-04-20 01:00:00,20.292216666666665
2021-04-20 02:00:00,20.07035
2021-04-20 03:00:00,19.86706666666667
2021-04-20 04:00:00,19.68316666666667
2021-04-20 05:00:00,19.51975
2021-04-20 06:00:00,19.58735
2021-04-20 07:00:00,19.869716666666665
2021-04-20 08:00:00,20.39538333333333
2021-04-20 09:00:00,21.71505
2021-04-20 10:00:00,22.418833333333332
2021-04-20 11:00:00,22.153166666666667
2021-04-20 12:00:00,22.89946666666667
2021-04-20 13:00:00,22.803516666666667
2021-04-20 14:00:00,23.362450000000003
2021-04-20 15:00:00,22.467233333333333
2021-04-20 16:00:00,21.9011
2021-04-20 17:00:00,21.506449999999997
2021-04-20 18:00:00,21.155516666666664
2021-04-20 19:00:00,20.83795
2021-04-20 20:00:00,21.0458
2021-04-20 21:00:00,21.16283333333333
2021-04-20 22:00:00,21.2361
2021-04-20 23:00:00,21.321866666666665
2021-04-21 00:00:00,21.38065
2021-04-21 01:00:00,21.275566666666666
2021-04-21 02:00:00,20.87156666666667
2021-04-21 03:00:00,20.50433333333333
2021-04-21 04:00:00,20.09733333333333
2021-04-21 05:00:00,20.155283333333333
2021-04-21 06:00:00,20.291316666666667
2021-04-21 07:00:00,22.41375
2021-04-21 08:00:00,23.830366666666666
2021-04-21 09:00:00,23.71101666666667
2021-04-21 10:00:00,25.119766666666667
2021-04-21 11:00:00,26.269783333333333
2021-04-21 12:00:00,26.533283333333333
2021-04-21 13:00:00,25.94023333333333
2021-04-21 14:00:00,24.582833333333333
2021-04-21 15:00:00,23.5401
2021-04-21 16:00:00,22.817349999999998
2021-04-21 17:00:00,22.21806666666667
2021-04-21 18:00:00,21.726533333333336
2021-04-21 19:00:00,21.38246666666667
2021-04-21 20:00:00,21.31093333333333
2021-04-21 21:00:00,21.1905
2021-04-21 22:00:00,21.1694
2021-04-21 23:00:00,21.08406666666667
2021-04-22 00:00:00,20.835866666666668
2021-04-22 01:00:00,20.906799999999997
2021-04-22 02:00:00,20.9508
2021-04-22 03:00:00,20.487933333333334
2021-04-22 04:00:00,20.6454
2021-04-22 05:00:00,20.708033333333333
2021-04-22 06:00:00,20.81395
2021-04-22 07:00:00,21.426683333333333
2021-04-22 08:00:00,22.854
2021-04-22 09:00:00,24.087083333333332
2021-04-22 10:00:00,26.168033333333334
2021-04-22 11:00:00,26.638716666666667
2021-04-22 12:00:00,25.727266666666665
2021-04-22 13:00:00,25.553583333333332
2021-04-22 14:00:00,25.67343333333333
2021-04-22 15:00:00,26.18375
2021-04-22 16:00:00,25.747216666666667
2021-04-22 17:00:00,25.65165
2021-04-22 18:00:00,24.972033333333336
2021-04-22 19:00:00,23.869666666666667
2021-04-22 20:00:00,23.794216666666667
2021-04-22 21:00:00,23.78151666666667
2021-04-22 22:00:00,23.540916666666664
2021-04-22 23:00:00,23.078599999999998
2021-04-23 00:00:00,22.813583333333334
2021-04-23 01:00:00,22.8961
2021-04-23 02:00:00,22.879133333333336
2021-04-23 03:00:00,22.79855
2021-04-23 04:00:00,22.824666666666666
2021-04-23 05:00:00,22.43273333333333
2021-04-23 06:00:00,23.077066666666667
2021-04-23 07:00:00,24.93345
2021-04-23 08:00:00,26.045483333333333
2021-04-23 09:00:00,27.560583333333334
2021-04-23 10:00:00,28.985433333333333
2021-04-23 11:00:00,30.341672413793102
2021-04-23 12:00:00,30.496222222222222
2021-04-23 13:00:00,30.441200000000002
2021-04-23 14:00:00,30.41575
2021-04-23 15:00:00,30.53405357142857
2021-04-23 16:00:00,29.521683333333332
2021-04-23 17:00:00,28.341
2021-04-23 18:00:00,27.53555
2021-04-23 19:00:00,26.178600000000003
2021-04-23 20:00:00,25.355233333333334
2021-04-23 21:00:00,24.842116666666666
2021-04-23 22:00:00,23.780283333333333
2021-04-23 23:00:00,23.760983333333332
2021-04-24 00:00:00,23.656133333333333
2021-04-24 01:00:00,23.483349999999998
2021-04-24 02:00:00,23.202233333333332
2021-04-24 03:00:00,23.121933333333335
2021-04-24 04:00:00,22.58963333333333
2021-04-24 05:00:00,22.429016666666666
2021-04-24 06:00:00,22.226566666666667
2021-04-24 07:00:00,22.121133333333333
2021-04-24 08:00:00,22.186533333333333
2021-04-24 09:00:00,22.542250000000003
2021-04-24 10:00:00,22.929816666666667
2021-04-24 11:00:00,22.7775
2021-04-24 12:00:00,22.873883333333332
2021-04-24 13:00:00,22.970166666666668
2021-04-24 14:00:00,22.7425
2021-04-24 15:00:00,22.597516666666664
2021-04-24 16:00:00,22.548533333333335
2021-04-24 17:00:00,22.648149999999998
2021-04-24 18:00:00,22.240033333333333
2021-04-24 19:00:00,22.32786666666667
2021-04-24 20:00:00,22.5002
2021-04-24 21:00:00,22.463283333333333
2021-04-24 22:00:00,22.47205
2021-04-24 23:00:00,22.42895
2021-04-25 00:00:00,22.358366666666665
2021-04-25 01:00:00,22.278650000000003
2021-04-25 02:00:00,22.181933333333333
2021-04-25 03:00:00,22.138516666666664
2021-04-25 04:00:00,22.151133333333334
2021-04-25 05:00:00,22.056333333333335
2021-04-25 06:00:00,22.02695
2021-04-25 07:00:00,22.19385
2021-04-25 08:00:00,22.162866666666666
2021-04-25 09:00:00,22.4804
2021-04-25 10:00:00,22.559433333333335
2021-04-25 11:00:00,23.245716666666667
2021-04-25 12:00:00,23.63516666666667
2021-04-25 13:00:00,22.800666666666665
2021-04-25 14:00:00,22.855516666666666
2021-04-25 15:00:00,22.364233333333335
2021-04-25 16:00:00,22.134900000000002
2021-04-25 17:00:00,21.984683333333333
2021-04-25 18:00:00,21.698500000000003
2021-04-25 19:00:00,21.38086666666667
2021-04-25 20:00:00,21.01815
2021-04-25 21:00:00,20.726016666666666
2021-04-25 22:00:00,20.581683333333334
2021-04-25 23:00:00,20.353233333333332
2021-04-26 00:00:00,20.1904
2021-04-26 01:00:00,19.94973333333333
2021-04-26 02:00:00,19.93085
2021-04-26 03:00:00,20.408466666666666
2021-04-26 04:00:00,20.55711666666667
2021-04-26 05:00:00,20.629450000000002
2021-04-26 06:00:00,20.843616666666666
2021-04-26 07:00:00,21.078333333333333
2021-04-26 08:00:00,21.331233333333333
2021-04-26 09:00:00,21.45903333333333
2021-04-26 10:00:00,21.62683333333333
2021-04-26 11:00:00,21.651799999999998
2021-04-26 12:00:00,21.708666666666666
2021-04-26 13:00:00,22.243816666666664
2021-04-26 14:00:00,22.602449999999997
2021-04-26 15:00:00,21.970283333333334
2021-04-26 16:00:00,21.814416666666666
2021-04-26 17:00:00,21.7186
2021-04-26 18:00:00,21.57625
2021-04-26 19:00:00,21.5073
2021-04-26 20:00:00,21.560883333333333
2021-04-26 21:00:00,21.567016666666667
2021-04-26 22:00:00,21.19325
2021-04-26 23:00:00,21.007116666666665
2021-04-27 00:00:00,20.909516666666665
2021-04-27 01:00:00,21.061716666666666
2021-04-27 02:00:00,20.83693333333333
2021-04-27 03:00:00,20.673783333333333
2021-04-27 04:00:00,20.7958
2021-04-27 05:00:00,20.922633333333334
2021-04-27 06:00:00,20.962249999999997
2021-04-27 07:00:00,20.878049999999998
2021-04-27 08:00:00,20.94771666666667
2021-04-27 09:00:00,21.212033333333334
2021-04-27 10:00:00,21.07016666666667
2021-04-27 11:00:00,21.083483333333334
2021-04-27 12:00:00,20.917516666666664
2021-04-27 13:00:00,20.92275
2021-04-27 14:00:00,21.16646666666667
2021-04-27 15:00:00,21.468366666666668
2021-04-27 16:00:00,21.275816666666667
2021-04-27 17:00:00,21.204183333333333
2021-04-27 18:00:00,21.166483333333336
2021-04-27 19:00:00,21.197883333333333
2021-04-27 20:00:00,21.1997
2021-04-27 21:00:00,21.235149999999997
2021-04-27 22:00:00,21.312266666666666
2021-04-27 23:00:00,21.348466666666663
2021-04-28 00:00:00,21.314116666666667
2021-04-28 01:00:00,21.424500000000002
2021-04-28 02:00:00,21.377833333333335
2021-04-28 03:00:00,21.3715
2021-04-28 04:00:00,21.43316666666667
2021-04-28 05:00:00,21.437099999999997
2021-04-28 06:00:00,21.4053
2021-04-28 07:00:00,21.447166666666664
2021-04-28 08:00:00,21.584733333333336
2021-04-28 09:00:00,22.159299999999998
2021-04-28 10:00:00,22.749683333333333
2021-04-28 11:00:00,23.06325
2021-04-28 12:00:00,23.45145
2021-04-28 13:00:00,24.165716666666665
2021-04-28 14:00:00,24.281783333333333
2021-04-28 15:00:00,24.000316666666667
2021-04-28 16:00:00,23.520033333333334
2021-04-28 17:00:00,22.976266666666668
2021-04-28 18:00:00,22.603633333333335
2021-04-28 19:00:00,22.4085
2021-04-28 20:00:00,22.336266666666667
2021-04-28 21:00:00,22.34295
2021-04-28 22:00:00,22.24035
2021-04-28 23:00:00,21.741866666666667
2021-04-29 00:00:00,20.683699999999998
2021-04-29 01:00:00,20.66895
2021-04-29 02:00:00,20.659033333333333
2021-04-29 03:00:00,20.655016666666665
2021-04-29 04:00:00,20.462249999999997
2021-04-29 05:00:00,20.174683333333334
2021-04-29 06:00:00,20.1669
2021-04-29 07:00:00,20.393283333333333
2021-04-29 08:00:00,20.466066666666666
2021-04-29 09:00:00,22.030316666666668
2021-04-29 10:00:00,23.732599999999998
2021-04-29 11:00:00,25.683733333333333
2021-04-29 12:00:00,27.867766666666668
2021-04-29 13:00:00,28.2351
2021-04-29 14:00:00,26.933366666666664
2021-04-29 15:00:00,25.5781
2021-04-29 16:00:00,25.27565
2021-04-29 17:00:00,24.32023333333333
2021-04-29 18:00:00,23.747083333333332
2021-04-29 19:00:00,23.035966666666663
2021-04-29 20:00:00,22.04188333333333
2021-04-29 21:00:00,21.460916666666666
2021-04-29 22:00:00,21.066433333333336
2021-04-29 23:00:00,21.14966666666667
2021-04-30 00:00:00,20.99135
2021-04-30 01:00:00,20.715533333333333
2021-04-30 02:00:00,20.423183333333334
2021-04-30 03:00:00,20.40225
2021-04-30 04:00:00,20.600033333333332
2021-04-30 05:00:00,20.630983333333333
2021-04-30 06:00:00,20.687966666666668
2021-04-30 07:00:00,21.919283333333333
2021-04-30 08:00:00,24.284366666666664
2021-04-30 09:00:00,25.657
2021-04-30 10:00:00,26.5417
2021-04-30 11:00:00,26.58695
2021-04-30 12:00:00,26.889166666666664
2021-04-30 13:00:00,26.56768333333333
2021-04-30 14:00:00,25.81818333333333
2021-04-30 15:00:00,26.130033333333333
2021-04-30 16:00:00,25.281683333333334
2021-04-30 17:00:00,24.776633333333333
2021-04-30 18:00:00,24.250816666666665
2021-04-30 19:00:00,23.5817
2021-04-30 20:00:00,22.999000000000002
2021-04-30 21:00:00,22.828416666666666
2021-04-30 22:00:00,22.345000000000002
2021-04-30 23:00:00,22.108716666666666
2021-05-01 00:00:00,22.045283333333334
2021-05-01 01:00:00,22.024216666666668
2021-05-01 02:00:00,22.057466666666667
2021-05-01 03:00:00,22.1767
2021-05-01 04:00:00,22.08315
2021-05-01 05:00:00,21.8492
2021-05-01 06:00:00,21.89555
2021-05-01 07:00:00,23.135283333333334
2021-05-01 08:00:00,25.651200000000003
2021-05-01 09:00:00,26.321016666666665
2021-05-01 10:00:00,26.858583333333335
2021-05-01 11:00:00,26.992083333333333
2021-05-01 12:00:00,27.667233333333336
2021-05-01 13:00:00,27.457566666666665
2021-05-01 14:00:00,27.71878333333333
2021-05-01 15:00:00,28.676
2021-05-01 16:00:00,27.73708333333333
2021-05-01 17:00:00,27.363
2021-05-01 18:00:00,26.430466666666668
2021-05-01 19:00:00,25.545399999999997
2021-05-01 20:00:00,25.285566666666668
2021-05-01 21:00:00,24.9911
2021-05-01 22:00:00,25.02038333333333
2021-05-01 23:00:00,24.615416666666665
2021-05-02 00:00:00,24.454483333333332
2021-05-02 01:00:00,23.980516666666666
2021-05-02 02:00:00,23.464166666666664
2021-05-02 03:00:00,23.53235
2021-05-02 04:00:00,23.133716666666665
2021-05-02 05:00:00,23.014133333333334
2021-05-02 06:00:00,23.393050000000002
2021-05-02 07:00:00,24.505316666666666
2021-05-02 08:00:00,26.151533333333337
2021-05-02 09:00:00,28.042183333333334
2021-05-02 10:00:00,27.91013333333333
2021-05-02 11:00:00,27.669950000000004
2021-05-02 12:00:00,28.26196666666667
2021-05-02 13:00:00,26.399583333333332
2021-05-02 14:00:00,26.083816666666667
2021-05-02 15:00:00,25.18006666666667
2021-05-02 16:00:00,24.849716666666666
2021-05-02 17:00:00,24.35035
2021-05-02 18:00:00,24.10278333333333
2021-05-02 19:00:00,23.909583333333334
2021-05-02 20:00:00,23.633816666666668
2021-05-02 21:00:00,22.37366666666667
2021-05-02 22:00:00,22.371166666666667
2021-05-02 23:00:00,22.43548333333333
2021-05-03 00:00:00,21.73995
2021-05-03 01:00:00,21.111316666666667
2021-05-03 02:00:00,21.248
2021-05-03 03:00:00,21.350366666666666
2021-05-03 04:00:00,21.915733333333332
2021-05-03 05:00:00,22.344533333333334
2021-05-03 06:00:00,22.136833333333335
2021-05-03 07:00:00,22.185816666666668
2021-05-03 08:00:00,22.111516666666667
2021-05-03 09:00:00,22.001133333333332
2021-05-03 10:00:00,21.926266666666667
2021-05-03 11:00:00,22.008033333333334
2021-05-03 12:00:00,22.068916666666667
2021-05-03 13:00:00,22.095483333333334
2021-05-03 14:00:00,22.086650000000002
2021-05-03 15:00:00,22.049500000000002
2021-05-03 16:00:00,22.02065
2021-05-03 17:00:00,22.038516666666666
2021-05-03 18:00:00,22.145233333333334
2021-05-03 19:00:00,22.287483333333334
2021-05-03 20:00:00,22.3537
2021-05-03 21:00:00,22.483183333333333
2021-05-03 22:00:00,22.619899999999998
2021-05-03 23:00:00,22.570283333333332
2021-05-04 00:00:00,22.426466666666666
2021-05-04 01:00:00,22.411283333333337
2021-05-04 02:00:00,22.570716666666666
2021-05-04 03:00:00,22.5346
2021-05-04 04:00:00,22.517433333333333
2021-05-04 05:00:00,22.618566666666666
2021-05-04 06:00:00,22.807916666666664
2021-05-04 07:00:00,23.4098
2021-05-04 08:00:00,23.983966666666667
2021-05-04 09:00:00,24.717066666666664
2021-05-04 10:00:00,26.329516666666667
2021-05-04 11:00:00,27.398216666666666
2021-05-04 12:00:00,28.638483333333333
2021-05-04 13:00:00,28.839883333333333
2021-05-04 14:00:00,28.863783333333334
2021-05-04 15:00:00,28.429183333333334
2021-05-04 16:00:00,28.270033333333334
2021-05-04 17:00:00,27.065383333333333
2021-05-04 18:00:00,25.975666666666665
2021-05-04 19:00:00,25.748216666666668
2021-05-04 20:00:00,25.866683333333334
2021-05-04 21:00:00,22.184900000000003
2021-05-04 22:00:00,22.035666666666668
2021-05-04 23:00:00,22.046583333333334
2021-05-05 00:00:00,22.206366666666668
2021-05-05 01:00:00,22.345533333333332
2021-05-05 02:00:00,22.61886666666667
2021-05-05 03:00:00,22.27466666666667
2021-05-05 04:00:00,22.549633333333336
2021-05-05 05:00:00,22.71601666666667
2021-05-05 06:00:00,22.709566666666667
2021-05-05 07:00:00,25.50476666666667
2021-05-05 08:00:00,27.3983
2021-05-05 09:00:00,29.421516666666665
2021-05-05 10:00:00,32.06613333333333
2021-05-05 11:00:00,32.1836
2021-05-05 12:00:00,32.950316666666666
2021-05-05 13:00:00,29.685183333333335
2021-05-05 14:00:00,27.776883333333334
2021-05-05 15:00:00,27.654566666666668
2021-05-05 16:00:00,27.263266666666667
2021-05-05 17:00:00,26.680533333333337
2021-05-05 18:00:00,26.4335
2021-05-05 19:00:00,25.57518333333333
2021-05-05 20:00:00,25.207216666666667
2021-05-05 21:00:00,24.8186
2021-05-05 22:00:00,22.77351666666667
2021-05-05 23:00:00,21.970166666666668
2021-05-06 00:00:00,21.535183333333336
2021-05-06 01:00:00,21.538766666666668
2021-05-06 02:00:00,21.5338
2021-05-06 03:00:00,21.47405
2021-05-06 04:00:00,21.42375
2021-05-06 05:00:00,21.307383333333334
2021-05-06 06:00:00,21.284100000000002
2021-05-06 07:00:00,21.340449999999997
2021-05-06 08:00:00,21.60605
2021-05-06 09:00:00,21.980766666666668
2021-05-06 10:00:00,22.302916666666665
2021-05-06 11:00:00,23.165716666666665
2021-05-06 12:00:00,24.6867
2021-05-06 13:00:00,25.179266666666667
2021-05-06 14:00:00,24.46425
2021-05-06 15:00:00,23.900616666666668
2021-05-06 16:00:00,23.633533333333332
2021-05-06 17:00:00,22.731083333333334
2021-05-06 18:00:00,22.2244
2021-05-06 19:00:00,21.840966666666667
2021-05-06 20:00:00,21.560883333333333
2021-05-06 21:00:00,21.474249999999998
2021-05-06 22:00:00,21.630483333333334
2021-05-06 23:00:00,21.716183333333333
2021-05-07 00:00:00,22.116666666666667
2021-05-07 01:00:00,22.323683333333335
2021-05-07 02:00:00,22.317283333333332
2021-05-07 03:00:00,21.8923
2021-05-07 04:00:00,21.792416666666668
2021-05-07 05:00:00,21.860533333333333
2021-05-07 06:00:00,22.37365
2021-05-07 07:00:00,25.846083333333336
2021-05-07 08:00:00,27.3277
2021-05-07 09:00:00,27.759083333333333
2021-05-07 10:00:00,27.472416666666668
2021-05-07 11:00:00,28.054983333333332
2021-05-07 12:00:00,27.65355
2021-05-07 13:00:00,26.919083333333333
2021-05-07 14:00:00,27.360966666666666
2021-05-07 15:00:00,27.926499999999997
2021-05-07 16:00:00,27.5776
2021-05-07 17:00:00,27.00293333333333
2021-05-07 18:00:00,26.49931666666667
2021-05-07 19:00:00,25.79321666666667
2021-05-07 20:00:00,25.05915
2021-05-07 21:00:00,24.821366666666666
2021-05-07 22:00:00,24.709266666666668
2021-05-07 23:00:00,24.393316666666667
2021-05-08 00:00:00,24.269766666666666
2021-05-08 01:00:00,24.197
2021-05-08 02:00:00,24.15995
2021-05-08 03:00:00,23.599216666666667
2021-05-08 04:00:00,23.02965
2021-05-08 05:00:00,22.968700000000002
2021-05-08 06:00:00,23.334983333333334
2021-05-08 07:00:00,24.535383333333336
2021-05-08 08:00:00,27.079566666666665
2021-05-08 09:00:00,29.230999999999998
2021-05-08 10:00:00,29.79375
2021-05-08 11:00:00,30.068566666666666
2021-05-08 12:00:00,31.313533333333332
2021-05-08 13:00:00,30.780516666666664
2021-05-08 14:00:00,31.134433333333334
2021-05-08 15:00:00,30.673766666666666
2021-05-08 16:00:00,29.43365
2021-05-08 17:00:00,28.23101666666667
2021-05-08 18:00:00,27.333166666666667
2021-05-08 19:00:00,26.776333333333334
2021-05-08 20:00:00,26.360133333333334
2021-05-08 21:00:00,26.060200000000002
2021-05-08 22:00:00,25.765033333333335
2021-05-08 23:00:00,25.446933333333334
2021-05-09 00:00:00,25.467383333333334
2021-05-09 01:00:00,25.518466666666665
2021-05-09 02:00:00,25.559483333333333
2021-05-09 03:00:00,25.493933333333334
2021-05-09 04:00:00,25.404400000000003
2021-05-09 05:00:00,25.45145
2021-05-09 06:00:00,25.823966666666667
2021-05-09 07:00:00,26.953033333333334
2021-05-09 08:00:00,27.83566666666667
2021-05-09 09:00:00,29.285816666666665
2021-05-09 10:00:00,30.4412
2021-05-09 11:00:00,30.915266666666664
2021-05-09 12:00:00,31.19271666666667
2021-05-09 13:00:00,29.5498
2021-05-09 14:00:00,29.41525
2021-05-09 15:00:00,29.780616666666667
2021-05-09 16:00:00,28.625333333333334
2021-05-09 17:00:00,27.717966666666666
2021-05-09 18:00:00,26.83855
2021-05-09 19:00:00,26.503966666666667
2021-05-09 20:00:00,26.13785
2021-05-09 21:00:00,25.67796666666667
2021-05-09 22:00:00,25.641483333333333
2021-05-09 23:00:00,25.538166666666665
2021-05-10 00:00:00,25.364033333333335
2021-05-10 01:00:00,25.097883333333336
2021-05-10 02:00:00,24.9701
2021-05-10 03:00:00,24.8388
2021-05-10 04:00:00,24.751533333333334
2021-05-10 05:00:00,24.671083333333335
2021-05-10 06:00:00,25.121933333333335
2021-05-10 07:00:00,26.727033333333335
2021-05-10 08:00:00,28.045616666666668
2021-05-10 09:00:00,29.27975
2021-05-10 10:00:00,29.539499999999997
2021-05-10 11:00:00,28.86028333333333
2021-05-10 12:00:00,30.152866666666668
2021-05-10 13:00:00,30.638266666666667
2021-05-10 14:00:00,30.952650000000002
2021-05-10 15:00:00,29.5849
2021-05-10 16:00:00,28.72488333333333
2021-05-10 17:00:00,27.51275
2021-05-10 18:00:00,26.74905
2021-05-10 19:00:00,26.266683333333333
2021-05-10 20:00:00,26.182033333333333
2021-05-10 21:00:00,26.07453333333333
2021-05-10 22:00:00,26.045883333333332
2021-05-10 23:00:00,26.040149999999997
2021-05-11 00:00:00,26.040666666666667
2021-05-11 01:00:00,26.035700000000002
2021-05-11 02:00:00,25.930466666666668
2021-05-11 03:00:00,25.986183333333333
2021-05-11 04:00:00,25.8554
2021-05-11 05:00:00,25.913349999999998
2021-05-11 06:00:00,26.18495
2021-05-11 07:00:00,27.381266666666665
2021-05-11 08:00:00,27.944533333333332
2021-05-11 09:00:00,29.4606
2021-05-11 10:00:00,30.744016666666667
2021-05-11 11:00:00,30.696266666666666
2021-05-11 12:00:00,30.00728333333333
2021-05-11 13:00:00,30.211816666666667
2021-05-11 14:00:00,30.602383333333332
2021-05-11 15:00:00,30.607599999999998
2021-05-11 16:00:00,29.544733333333333
2021-05-11 17:00:00,28.237583333333337
2021-05-11 18:00:00,27.590616666666666
2021-05-11 19:00:00,27.14923333333333
2021-05-11 20:00:00,27.012999999999998
2021-05-11 21:00:00,26.9574
2021-05-11 22:00:00,26.869216666666667
2021-05-11 23:00:00,26.850250000000003
2021-05-12 00:00:00,26.843
2021-05-12 01:00:00,26.7924
2021-05-12 02:00:00,26.89528333333333
2021-05-12 03:00:00,26.75195
2021-05-12 04:00:00,26.644416666666665
2021-05-12 05:00:00,26.599683333333335
2021-05-12 06:00:00,27.011466666666667
2021-05-12 07:00:00,28.135116666666665
2021-05-12 08:00:00,30.0336
2021-05-12 09:00:00,30.879033333333332
2021-05-12 10:00:00,30.7492
2021-05-12 11:00:00,30.80595
2021-05-12 12:00:00,30.376383333333333
2021-05-12 13:00:00,29.607000000000003
2021-05-12 14:00:00,29.77221666666667
2021-05-12 15:00:00,29.240916666666667
2021-05-12 16:00:00,28.885650000000002
2021-05-12 17:00:00,28.54253333333333
2021-05-12 18:00:00,28.2022
2021-05-12 19:00:00,27.555016666666667
2021-05-12 20:00:00,27.291516666666666
2021-05-12 21:00:00,26.926033333333333
2021-05-12 22:00:00,26.99985
2021-05-12 23:00:00,26.873883333333332
2021-05-13 00:00:00,26.642550000000004
2021-05-13 01:00:00,26.604933333333335
2021-05-13 02:00:00,26.520933333333335
2021-05-13 03:00:00,26.47233333333333
2021-05-13 04:00:00,26.528466666666667
2021-05-13 05:00:00,26.519816666666667
2021-05-13 06:00:00,27.288783333333335
2021-05-13 07:00:00,28.091716666666667
2021-05-13 08:00:00,28.17565
2021-05-13 09:00:00,29.015249999999998
2021-05-13 10:00:00,31.295066666666667
2021-05-13 11:00:00,30.868550000000003
2021-05-13 12:00:00,29.408033333333332
2021-05-13 13:00:00,30.7899
2021-05-13 14:00:00,30.658666666666665
2021-05-13 15:00:00,30.775016666666666
2021-05-13 16:00:00,30.005033333333333
2021-05-13 17:00:00,29.020983333333334
2021-05-13 18:00:00,28.18948333333333
2021-05-13 19:00:00,27.426883333333333
2021-05-13 20:00:00,27.163283333333332
2021-05-13 21:00:00,26.961866666666666
2021-05-13 22:00:00,26.926966666666665
2021-05-13 23:00:00,27.09763333333333
2021-05-14 00:00:00,26.9693
2021-05-14 01:00:00,26.787233333333333
2021-05-14 02:00:00,26.748983333333335
2021-05-14 03:00:00,26.65216666666667
2021-05-14 04:00:00,26.56836666666667
2021-05-14 05:00:00,26.43521666666667
2021-05-14 06:00:00,26.60755
2021-05-14 07:00:00,27.733616666666666
2021-05-14 08:00:00,28.410416666666666
2021-05-14 09:00:00,29.416183333333333
2021-05-14 10:00:00,30.68521666666667
2021-05-14 11:00:00,28.91821666666667
2021-05-14 12:00:00,29.28335
2021-05-14 13:00:00,31.273633333333336
2021-05-14 14:00:00,30.825583333333334
2021-05-14 15:00:00,30.060783333333333
2021-05-14 16:00:00,29.4183
2021-05-14 17:00:00,28.430366666666668
2021-05-14 18:00:00,27.93595
2021-05-14 19:00:00,27.269133333333333
2021-05-14 20:00:00,26.867833333333333
2021-05-14 21:00:00,26.521933333333333
2021-05-14 22:00:00,26.458000000000002
2021-05-14 23:00:00,26.475833333333334
2021-05-15 00:00:00,26.5881
2021-05-15 01:00:00,26.548733333333335
2021-05-15 02:00:00,26.419416666666667
2021-05-15 03:00:00,26.3089
2021-05-15 04:00:00,26.134933333333333
2021-05-15 05:00:00,26.102833333333333
2021-05-15 06:00:00,26.946933333333334
2021-05-15 07:00:00,28.945983333333334
2021-05-15 08:00:00,30.163216666666663
2021-05-15 09:00:00,31.751083333333334
2021-05-15 10:00:00,32.38498333333333
2021-05-15 11:00:00,32.5188
2021-05-15 12:00:00,32.59373333333333
2021-05-15 13:00:00,31.986333333333334
2021-05-15 14:00:00,32.0865
2021-05-15 15:00:00,31.3055
2021-05-15 16:00:00,30.075116666666666
2021-05-15 17:00:00,28.83755
2021-05-15 18:00:00,27.946966666666665
2021-05-15 19:00:00,27.353716666666667
2021-05-15 20:00:00,27.100250000000003
2021-05-15 21:00:00,27.065883333333332
2021-05-15 22:00:00,27.050583333333336
2021-05-15 23:00:00,27.015833333333333
2021-05-16 00:00:00,27.016166666666667
2021-05-16 01:00:00,27.032716666666666
2021-05-16 02:00:00,26.85175
2021-05-16 03:00:00,26.72645
2021-05-16 04:00:00,26.74618333333333
2021-05-16 05:00:00,26.75655
2021-05-16 06:00:00,27.413
2021-05-16 07:00:00,28.63945
2021-05-16 08:00:00,30.421466666666667
2021-05-16 09:00:00,30.69165
2021-05-16 10:00:00,31.25835
2021-05-16 11:00:00,31.357033333333334
2021-05-16 12:00:00,32.45263333333333
2021-05-16 13:00:00,32.0673
2021-05-16 14:00:00,32.54901666666667
2021-05-16 15:00:00,31.717916666666667
2021-05-16 16:00:00,30.393183333333333
2021-05-16 17:00:00,29.185683333333333
2021-05-16 18:00:00,28.44478333333333
2021-05-16 19:00:00,27.99748333333333
2021-05-16 20:00:00,27.88651666666667
2021-05-16 21:00:00,27.81525
2021-05-16 22:00:00,27.618533333333335
2021-05-16 23:00:00,27.502633333333332
2021-05-17 00:00:00,27.315150000000003
2021-05-17 01:00:00,27.25435
2021-05-17 02:00:00,27.15935
2021-05-17 03:00:00,27.116833333333332
2021-05-17 04:00:00,27.1139
2021-05-17 05:00:00,27.098599999999998
2021-05-17 06:00:00,27.37313333333333
2021-05-17 07:00:00,28.564166666666665
2021-05-17 08:00:00,30.772166666666667
2021-05-17 09:00:00,30.8442
2021-05-17 10:00:00,31.647733333333335
2021-05-17 11:00:00,32.830933333333334
2021-05-17 12:00:00,32.11141666666666
2021-05-17 13:00:00,31.752883333333333
2021-05-17 14:00:00,32.5683
2021-05-17 15:00:00,31.122466666666664
2021-05-17 16:00:00,29.699666666666666
2021-05-17 17:00:00,29.292016666666665
2021-05-17 18:00:00,28.644916666666667
2021-05-17 19:00:00,28.47185
2021-05-17 20:00:00,28.2937
2021-05-17 21:00:00,27.979100000000003
2021-05-17 22:00:00,27.777933333333333
2021-05-17 23:00:00,27.818050000000003
2021-05-18 00:00:00,27.749233333333333
2021-05-18 01:00:00,27.656183333333335
2021-05-18 02:00:00,27.63405
2021-05-18 03:00:00,27.470016666666666
2021-05-18 04:00:00,27.453683333333334
2021-05-18 05:00:00,27.41255
2021-05-18 06:00:00,27.783866666666665
2021-05-18 07:00:00,29.749916666666664
2021-05-18 08:00:00,27.8571
2021-05-18 09:00:00,29.457683333333332
2021-05-18 10:00:00,31.221516666666666
2021-05-18 11:00:00,31.8726
2021-05-18 12:00:00,32.350366666666666
2021-05-18 13:00:00,31.858249999999998
2021-05-18 14:00:00,31.525750000000002
2021-05-18 15:00:00,30.2479
2021-05-18 16:00:00,29.59125
2021-05-18 17:00:00,29.23555
2021-05-18 18:00:00,28.829383333333332
2021-05-18 19:00:00,28.414583333333333
2021-05-18 20:00:00,28.17215
2021-05-18 21:00:00,27.537283333333335
2021-05-18 22:00:00,27.639666666666667
2021-05-18 23:00:00,27.77736666666667
2021-05-19 00:00:00,27.704116666666668
2021-05-19 01:00:00,27.456666666666667
2021-05-19 02:00:00,27.366316666666666
2021-05-19 03:00:00,27.39485
2021-05-19 04:00:00,27.301416666666668
2021-05-19 05:00:00,26.419449999999998
2021-05-19 06:00:00,26.61415
2021-05-19 07:00:00,28.42605
2021-05-19 08:00:00,30.00085
2021-05-19 09:00:00,31.402833333333334
2021-05-19 10:00:00,31.844116666666665
2021-05-19 11:00:00,31.290716666666665
2021-05-19 12:00:00,31.993583333333333
2021-05-19 13:00:00,31.29863333333333
2021-05-19 14:00:00,30.821649999999998
2021-05-19 15:00:00,29.874399999999998
2021-05-19 16:00:00,29.688100000000002
2021-05-19 17:00:00,28.633983333333333
2021-05-19 18:00:00,28.381666666666668
2021-05-19 19:00:00,28.10255
2021-05-19 20:00:00,27.914583333333333
2021-05-19 21:00:00,27.772283333333334
2021-05-19 22:00:00,27.82095
2021-05-19 23:00:00,27.733816666666666
2021-05-20 00:00:00,27.681483333333333
2021-05-20 01:00:00,27.60865
2021-05-20 02:00:00,27.620600000000003
2021-05-20 03:00:00,27.564616666666666
2021-05-20 04:00:00,27.5941
2021-05-20 05:00:00,27.568116666666665
2021-05-20 06:00:00,27.7733
2021-05-20 07:00:00,28.293166666666664
2021-05-20 08:00:00,29.507116666666665
2021-05-20 09:00:00,31.645783333333334
2021-05-20 10:00:00,31.30476666666667
2021-05-20 11:00:00,32.40278333333333
2021-05-20 12:00:00,32.290616666666665
2021-05-20 13:00:00,31.888016666666665
2021-05-20 14:00:00,32.14693333333334
2021-05-20 15:00:00,31.352383333333332
2021-05-20 16:00:00,31.182116666666666
2021-05-20 17:00:00,29.970533333333332
2021-05-20 18:00:00,29.23758333333333
2021-05-20 19:00:00,28.74145
2021-05-20 20:00:00,28.36296666666667
2021-05-20 21:00:00,28.100316666666668
2021-05-20 22:00:00,28.120066666666666
2021-05-20 23:00:00,28.098133333333333
2021-05-21 00:00:00,28.036566666666666
2021-05-21 01:00:00,27.7913
2021-05-21 02:00:00,27.8775
2021-05-21 03:00:00,27.50296666666667
2021-05-21 04:00:00,27.724233333333334
2021-05-21 05:00:00,27.733099999999997
2021-05-21 06:00:00,27.863016666666667
2021-05-21 07:00:00,27.430316666666666
2021-05-21 08:00:00,29.064883333333334
2021-05-21 09:00:00,30.6767
2021-05-21 10:00:00,32.19365
2021-05-21 11:00:00,31.22123333333333
2021-05-21 12:00:00,31.98595
2021-05-21 13:00:00,32.027116666666664
2021-05-21 14:00:00,32.26878333333333
2021-05-21 15:00:00,31.877233333333333
2021-05-21 16:00:00,30.750583333333335
2021-05-21 17:00:00,29.566033333333333
2021-05-21 18:00:00,29.036683333333333
2021-05-21 19:00:00,28.718566666666668
2021-05-21 20:00:00,28.32075
2021-05-21 21:00:00,28.235200000000003
2021-05-21 22:00:00,28.1639
2021-05-21 23:00:00,28.16095
2021-05-22 00:00:00,28.062450000000002
2021-05-22 01:00:00,27.791366666666665
2021-05-22 02:00:00,27.802650000000003
2021-05-22 03:00:00,27.762833333333333
2021-05-22 04:00:00,26.774766666666665
2021-05-22 05:00:00,26.392116666666666
2021-05-22 06:00:00,27.11866666666667
2021-05-22 07:00:00,27.61028333333333
2021-05-22 08:00:00,29.11348333333333
2021-05-22 09:00:00,30.85225
2021-05-22 10:00:00,31.811766666666667
2021-05-22 11:00:00,31.54188333333333
2021-05-22 12:00:00,32.25328333333333
2021-05-22 13:00:00,31.6927
2021-05-22 14:00:00,31.063783333333333
2021-05-22 15:00:00,31.25361666666667
2021-05-22 16:00:00,29.970266666666664
2021-05-22 17:00:00,29.1922
2021-05-22 18:00:00,28.673949999999998
2021-05-22 19:00:00,28.008633333333332
2021-05-22 20:00:00,27.792483333333333
2021-05-22 21:00:00,27.629716666666663
2021-05-22 22:00:00,27.635350000000003
2021-05-22 23:00:00,27.6638
2021-05-23 00:00:00,27.648916666666665
2021-05-23 01:00:00,27.526149999999998
2021-05-23 02:00:00,27.420450000000002
2021-05-23 03:00:00,27.423766666666666
2021-05-23 04:00:00,27.188550000000003
2021-05-23 05:00:00,27.199333333333335
2021-05-23 06:00:00,27.802016666666667
2021-05-23 07:00:00,29.763316666666665
2021-05-23 08:00:00,30.45585
2021-05-23 09:00:00,30.574483333333333
2021-05-23 10:00:00,31.811933333333332
2021-05-23 11:00:00,31.095466666666667
2021-05-23 12:00:00,30.081916666666665
2021-05-23 13:00:00,30.060716666666668
2021-05-23 14:00:00,32.00195
2021-05-23 15:00:00,31.50035
2021-05-23 16:00:00,30.33105
2021-05-23 17:00:00,29.368016666666666
2021-05-23 18:00:00,28.622433333333333
2021-05-23 19:00:00,28.039183333333334
2021-05-23 20:00:00,27.98015
2021-05-23 21:00:00,27.91685
2021-05-23 22:00:00,27.667433333333335
2021-05-23 23:00:00,27.70245
2021-05-24 00:00:00,27.597616666666667
2021-05-24 01:00:00,27.695666666666668
2021-05-24 02:00:00,27.483116666666668
2021-05-24 03:00:00,27.464833333333335
2021-05-24 04:00:00,27.431516666666667
2021-05-24 05:00:00,27.401683333333335
2021-05-24 06:00:00,28.224899999999998
2021-05-24 07:00:00,29.760366666666666
2021-05-24 08:00:00,29.2738
2021-05-24 09:00:00,29.742166666666666
2021-05-24 10:00:00,31.29321666666667
2021-05-24 11:00:00,31.500733333333336
2021-05-24 12:00:00,31.939033333333334
2021-05-24 13:00:00,30.430799999999998
2021-05-24 14:00:00,29.612883333333333
2021-05-24 15:00:00,29.665683333333334
2021-05-24 16:00:00,29.8157
2021-05-24 17:00:00,28.868016666666666
2021-05-24 18:00:00,28.3524
2021-05-24 19:00:00,27.839083333333335
2021-05-24 20:00:00,27.665533333333332
2021-05-24 21:00:00,27.279866666666667
2021-05-24 22:00:00,27.14385
2021-05-24 23:00:00,27.045
2021-05-25 00:00:00,27.020233333333334
2021-05-25 01:00:00,27.076516666666667
2021-05-25 02:00:00,26.77505
2021-05-25 03:00:00,26.61395
2021-05-25 04:00:00,26.349566666666664
2021-05-25 05:00:00,26.28216666666667
2021-05-25 06:00:00,26.847649999999998
2021-05-25 07:00:00,28.65056666666667
2021-05-25 08:00:00,28.97115
2021-05-25 09:00:00,27.882
2021-05-25 10:00:00,26.42591666666667
2021-05-25 11:00:00,24.634566666666668
2021-05-25 12:00:00,26.20785
2021-05-25 13:00:00,27.502683333333334
2021-05-25 14:00:00,27.17251666666667
2021-05-25 15:00:00,27.413633333333333
2021-05-25 16:00:00,27.631533333333334
2021-05-25 17:00:00,27.183083333333332
2021-05-25 18:00:00,26.684283333333333
2021-05-25 19:00:00,26.163766666666668
2021-05-25 20:00:00,26.1123
2021-05-25 21:00:00,25.930016666666667
2021-05-25 22:00:00,26.193483333333333
2021-05-25 23:00:00,26.369116666666667
2021-05-26 00:00:00,26.18055
2021-05-26 01:00:00,25.83468333333333
2021-05-26 02:00:00,25.2949
2021-05-26 03:00:00,25.31436666666667
2021-05-26 04:00:00,25.196416666666668
2021-05-26 05:00:00,25.33615
2021-05-26 06:00:00,25.3795
2021-05-26 07:00:00,26.7185
2021-05-26 08:00:00,27.019716666666667
2021-05-26 09:00:00,29.148466666666664
2021-05-26 10:00:00,30.626316666666664
2021-05-26 11:00:00,30.4554
2021-05-26 12:00:00,28.098366666666667
2021-05-26 13:00:00,29.929966666666665
2021-05-26 14:00:00,30.05868333333333
2021-05-26 15:00:00,30.229866666666666
2021-05-26 16:00:00,30.368783333333333
2021-05-26 17:00:00,29.116966666666666
2021-05-26 18:00:00,28.54935
2021-05-26 19:00:00,28.090183333333336
2021-05-26 20:00:00,27.86155
2021-05-26 21:00:00,27.803933333333337
2021-05-26 22:00:00,27.69595
2021-05-26 23:00:00,27.568816666666667
2021-05-27 00:00:00,27.455716666666667
2021-05-27 01:00:00,27.2815
2021-05-27 02:00:00,27.252133333333333
2021-05-27 03:00:00,27.224266666666665
2021-05-27 04:00:00,27.122883333333334
2021-05-27 05:00:00,27.10758333333333
2021-05-27 06:00:00,27.631916666666665
2021-05-27 07:00:00,29.150766666666666
2021-05-27 08:00:00,28.507866666666665
2021-05-27 09:00:00,30.271900000000002
2021-05-27 10:00:00,31.369733333333333
2021-05-27 11:00:00,32.39235
2021-05-27 12:00:00,32.9236
2021-05-27 13:00:00,32.98271666666667
2021-05-27 14:00:00,32.31711666666667
2021-05-27 15:00:00,32.099333333333334
2021-05-27 16:00:00,31.0211
2021-05-27 17:00:00,29.8514
2021-05-27 18:00:00,29.226666666666667
2021-05-27 19:00:00,28.69771666666667
2021-05-27 20:00:00,28.438566666666667
2021-05-27 21:00:00,28.245516666666667
2021-05-27 22:00:00,28.107383333333335
2021-05-27 23:00:00,27.751233333333335
2021-05-28 00:00:00,27.819633333333332
2021-05-28 01:00:00,27.86913333333333
2021-05-28 02:00:00,27.733366666666665
2021-05-28 03:00:00,27.640866666666668
2021-05-28 04:00:00,27.607083333333332
2021-05-28 05:00:00,27.676199999999998
2021-05-28 06:00:00,28.037233333333333
2021-05-28 07:00:00,29.29371666666667
2021-05-28 08:00:00,30.929133333333333
2021-05-28 09:00:00,31.793566666666667
2021-05-28 10:00:00,32.22411666666667
2021-05-28 11:00:00,32.09931666666667
2021-05-28 12:00:00,32.22045
2021-05-28 13:00:00,32.78905
2021-05-28 14:00:00,32.144216666666665
2021-05-28 15:00:00,32.035266666666665
2021-05-28 16:00:00,30.8335
2021-05-28 17:00:00,30.243766666666666
2021-05-28 18:00:00,29.580083333333334
2021-05-28 19:00:00,29.07855
2021-05-28 20:00:00,28.720266666666664
2021-05-28 21:00:00,28.6713
2021-05-28 22:00:00,28.411533333333335
2021-05-28 23:00:00,28.29481666666667
2021-05-29 00:00:00,28.306783333333332
2021-05-29 01:00:00,28.21905
2021-05-29 02:00:00,28.069983333333333
2021-05-29 03:00:00,27.8835
2021-05-29 04:00:00,27.819133333333333
2021-05-29 05:00:00,27.651216666666667
2021-05-29 06:00:00,28.164283333333334
2021-05-29 07:00:00,29.332716666666666
2021-05-29 08:00:00,30.38181666666667
2021-05-29 09:00:00,31.543633333333332
2021-05-29 10:00:00,30.938916666666668
2021-05-29 11:00:00,31.867633333333334
2021-05-29 12:00:00,31.905883333333335
2021-05-29 13:00:00,31.536416666666664
2021-05-29 14:00:00,31.295716666666667
2021-05-29 15:00:00,30.561233333333334
2021-05-29 16:00:00,29.790616666666665
2021-05-29 17:00:00,29.37325
2021-05-29 18:00:00,29.035833333333336
2021-05-29 19:00:00,28.794383333333332
2021-05-29 20:00:00,28.661883333333332
2021-05-29 21:00:00,28.604049999999997
2021-05-29 22:00:00,28.614433333333334
2021-05-29 23:00:00,28.72015
2021-05-30 00:00:00,28.610149999999997
2021-05-30 01:00:00,28.446216666666665
2021-05-30 02:00:00,28.278383333333334
2021-05-30 03:00:00,28.218833333333336
2021-05-30 04:00:00,28.178116666666664
2021-05-30 05:00:00,28.135133333333332
2021-05-30 06:00:00,28.40005
2021-05-30 07:00:00,29.52328333333333
2021-05-30 08:00:00,30.198016666666668
2021-05-30 09:00:00,29.760033333333336
2021-05-30 10:00:00,30.140249999999998
2021-05-30 11:00:00,31.186316666666666
2021-05-30 12:00:00,31.3279
2021-05-30 13:00:00,31.387933333333333
2021-05-30 14:00:00,31.57335
2021-05-30 15:00:00,31.2327
2021-05-30 16:00:00,30.4601
2021-05-30 17:00:00,29.81565
2021-05-30 18:00:00,29.342316666666665
2021-05-30 19:00:00,28.86915
2021-05-30 20:00:00,28.958633333333335
2021-05-30 21:00:00,28.795233333333332
2021-05-30 22:00:00,28.549733333333332
2021-05-30 23:00:00,28.55715
2021-05-31 00:00:00,28.70445
2021-05-31 01:00:00,28.269516666666668
2021-05-31 02:00:00,28.020533333333333
2021-05-31 03:00:00,28.145083333333332
2021-05-31 04:00:00,28.017266666666668
2021-05-31 05:00:00,27.780383333333337
2021-05-31 06:00:00,27.5756
2021-05-31 07:00:00,27.891866666666665
2021-05-31 08:00:00,28.17956666666667
2021-05-31 09:00:00,28.32645
2021-05-31 10:00:00,28.136466666666667
2021-05-31 11:00:00,28.785233333333334
2021-05-31 12:00:00,28.06501666666667
2021-05-31 13:00:00,27.81726666666667
2021-05-31 14:00:00,28.539166666666667
2021-05-31 15:00:00,29.7316
2021-05-31 16:00:00,29.246783333333333
2021-05-31 17:00:00,28.771549999999998
2021-05-31 18:00:00,28.71125
2021-05-31 19:00:00,28.265949999999997
2021-05-31 20:00:00,25.20586666666667
2021-05-31 21:00:00,24.4274
2021-05-31 22:00:00,24.298083333333334
2021-05-31 23:00:00,24.224816666666666
2021-06-01 00:00:00,24.194033333333334
2021-06-01 01:00:00,24.357183333333335
2021-06-01 02:00:00,24.627916666666668
2021-06-01 03:00:00,24.691216666666666
2021-06-01 04:00:00,24.546583333333334
2021-06-01 05:00:00,24.34326666666667
2021-06-01 06:00:00,24.5894
2021-06-01 07:00:00,24.896616666666667
2021-06-01 08:00:00,25.343533333333333
2021-06-01 09:00:00,25.02115
2021-06-01 10:00:00,24.979733333333332
2021-06-01 11:00:00,25.625783333333334
2021-06-01 12:00:00,26.320516666666666
2021-06-01 13:00:00,27.070416666666667
2021-06-01 14:00:00,26.159716666666668
2021-06-01 15:00:00,26.123416666666667
2021-06-01 16:00:00,25.733433333333334
2021-06-01 17:00:00,24.588283333333333
2021-06-01 18:00:00,24.291616666666666
2021-06-01 19:00:00,24.078966666666666
2021-06-01 20:00:00,23.841633333333334
2021-06-01 21:00:00,23.916533333333334
2021-06-01 22:00:00,24.196783333333332
2021-06-01 23:00:00,24.784499999999998
2021-06-02 00:00:00,24.863983333333334
2021-06-02 01:00:00,24.142483333333335
2021-06-02 02:00:00,24.08963333333333
2021-06-02 03:00:00,23.9053
2021-06-02 04:00:00,23.8114
2021-06-02 05:00:00,24.059183333333333
2021-06-02 06:00:00,24.418766666666667
2021-06-02 07:00:00,25.322850000000003
2021-06-02 08:00:00,25.383783333333334
2021-06-02 09:00:00,26.6851
2021-06-02 10:00:00,27.96288333333333
2021-06-02 11:00:00,28.216533333333334
2021-06-02 12:00:00,27.91193333333333
2021-06-02 13:00:00,28.9665
2021-06-02 14:00:00,28.993566666666666
2021-06-02 15:00:00,28.738566666666667
2021-06-02 16:00:00,28.72245
2021-06-02 17:00:00,28.915916666666664
2021-06-02 18:00:00,28.5703
2021-06-02 19:00:00,28.195266666666665
2021-06-02 20:00:00,28.087483333333335
2021-06-02 21:00:00,27.1882
2021-06-02 22:00:00,26.929183333333334
2021-06-02 23:00:00,26.785766666666667
2021-06-03 00:00:00,26.660016666666667
2021-06-03 01:00:00,26.699233333333332
2021-06-03 02:00:00,26.425966666666667
2021-06-03 03:00:00,26.323716666666666
2021-06-03 04:00:00,26.498633333333334
2021-06-03 05:00:00,26.496166666666667
2021-06-03 06:00:00,26.722649999999998
2021-06-03 07:00:00,27.319866666666666
2021-06-03 08:00:00,28.97693333333333
2021-06-03 09:00:00,29.65305
2021-06-03 10:00:00,31.238116666666667
2021-06-03 11:00:00,31.66848333333333
2021-06-03 12:00:00,31.935266666666667
2021-06-03 13:00:00,31.856183333333334
2021-06-03 14:00:00,31.578183333333335
2021-06-03 15:00:00,31.677533333333333
2021-06-03 16:00:00,30.53175
2021-06-03 17:00:00,28.818383333333333
2021-06-03 18:00:00,28.170333333333335
2021-06-03 19:00:00,27.927583333333335
2021-06-03 20:00:00,27.9592
2021-06-03 21:00:00,27.94676666666667
2021-06-03 22:00:00,27.838516666666667
2021-06-03 23:00:00,27.578899999999997
2021-06-04 00:00:00,27.278816666666668
2021-06-04 01:00:00,27.166216666666667
2021-06-04 02:00:00,27.24478333333333
2021-06-04 03:00:00,27.23936666666667
2021-06-04 04:00:00,26.951116666666667
2021-06-04 05:00:00,26.931983333333335
2021-06-04 06:00:00,27.125533333333333
2021-06-04 07:00:00,27.964183333333335
2021-06-04 08:00:00,29.291749999999997
2021-06-04 09:00:00,28.894566666666666
2021-06-04 10:00:00,29.12255
2021-06-04 11:00:00,29.635466666666666
2021-06-04 12:00:00,29.820516666666666
2021-06-04 13:00:00,30.563816666666664
2021-06-04 14:00:00,31.049966666666666
2021-06-04 15:00:00,30.5864
2021-06-04 16:00:00,30.057216666666665
2021-06-04 17:00:00,28.625533333333333
2021-06-04 18:00:00,27.731466666666666
2021-06-04 19:00:00,26.829933333333333
2021-06-04 20:00:00,26.035383333333336
2021-06-04 21:00:00,25.62265
2021-06-04 22:00:00,25.5196
2021-06-04 23:00:00,25.15201666666667
2021-06-05 00:00:00,25.13468333333333
2021-06-05 01:00:00,24.84255
2021-06-05 02:00:00,24.633483333333334
2021-06-05 03:00:00,24.852183333333336
2021-06-05 04:00:00,24.9224
2021-06-05 05:00:00,24.80795
2021-06-05 06:00:00,24.59176666666667
2021-06-05 07:00:00,25.451083333333333
2021-06-05 08:00:00,26.845166666666668
2021-06-05 09:00:00,27.23545
2021-06-05 10:00:00,27.508783333333334
2021-06-05 11:00:00,27.145233333333334
2021-06-05 12:00:00,28.026183333333332
2021-06-05 13:00:00,27.957716666666666
2021-06-05 14:00:00,27.857533333333333
2021-06-05 15:00:00,27.838016666666665
2021-06-05 16:00:00,29.333450000000003
2021-06-05 17:00:00,28.771016666666664
2021-06-05 18:00:00,28.574283333333334
2021-06-05 19:00:00,27.8474
2021-06-05 20:00:00,27.357950000000002
2021-06-05 21:00:00,27.0107
2021-06-05 22:00:00,26.573933333333333
2021-06-05 23:00:00,26.51265
2021-06-06 00:00:00,26.3173
2021-06-06 01:00:00,25.99158333333333
2021-06-06 02:00:00,25.760299999999997
2021-06-06 03:00:00,25.42331666666667
2021-06-06 04:00:00,25.184250000000002
2021-06-06 05:00:00,24.869966666666667
2021-06-06 06:00:00,25.397016666666666
2021-06-06 07:00:00,27.689200000000003
2021-06-06 08:00:00,29.090266666666665
2021-06-06 09:00:00,30.471433333333334
2021-06-06 10:00:00,30.462516666666666
2021-06-06 11:00:00,28.476166666666664
2021-06-06 12:00:00,28.152949999999997
2021-06-06 13:00:00,28.916083333333333
2021-06-06 14:00:00,28.8655
2021-06-06 15:00:00,28.929783333333333
2021-06-06 16:00:00,27.907866666666667
2021-06-06 17:00:00,27.236216666666667
2021-06-06 18:00:00,26.887316666666667
2021-06-06 19:00:00,26.500883333333334
2021-06-06 20:00:00,25.75865
2021-06-06 21:00:00,25.2774
2021-06-06 22:00:00,25.07425
2021-06-06 23:00:00,24.86413333333333
2021-06-07 00:00:00,24.798833333333334
2021-06-07 01:00:00,24.809783333333332
2021-06-07 02:00:00,24.853099999999998
2021-06-07 03:00:00,24.862883333333333
2021-06-07 04:00:00,24.488533333333333
2021-06-07 05:00:00,24.308833333333332
2021-06-07 06:00:00,24.442816666666666
2021-06-07 07:00:00,25.0044
2021-06-07 08:00:00,25.577099999999998
2021-06-07 09:00:00,26.014916666666668
2021-06-07 10:00:00,26.6957
2021-06-07 11:00:00,27.9344
2021-06-07 12:00:00,28.13445
2021-06-07 13:00:00,27.940716666666667
2021-06-07 14:00:00,27.307216666666665
2021-06-07 15:00:00,26.785383333333336
2021-06-07 16:00:00,26.419383333333332
2021-06-07 17:00:00,26.110433333333333
2021-06-07 18:00:00,25.860200000000003
2021-06-07 19:00:00,25.812183333333333
2021-06-07 20:00:00,25.831583333333334
2021-06-07 21:00:00,25.79625
2021-06-07 22:00:00,25.46558333333333
2021-06-07 23:00:00,25.473116666666666
2021-06-08 00:00:00,25.364616666666667
2021-06-08 01:00:00,25.295
2021-06-08 02:00:00,25.25025
2021-06-08 03:00:00,25.139016666666667
2021-06-08 04:00:00,25.07515
2021-06-08 05:00:00,25.10645
2021-06-08 06:00:00,25.243616666666664
2021-06-08 07:00:00,26.093033333333334
2021-06-08 08:00:00,27.11485
2021-06-08 09:00:00,28.167133333333332
2021-06-08 10:00:00,28.79685
2021-06-08 11:00:00,29.431483333333333
2021-06-08 12:00:00,29.764583333333334
2021-06-08 13:00:00,29.73895
2021-06-08 14:00:00,29.344299999999997
2021-06-08 15:00:00,28.25616666666667
2021-06-08 16:00:00,27.600466666666666
2021-06-08 17:00:00,27.32561666666667
2021-06-08 18:00:00,26.806433333333334
2021-06-08 19:00:00,26.170666666666666
2021-06-08 20:00:00,26.188499999999998
2021-06-08 21:00:00,26.047616666666666
2021-06-08 22:00:00,25.951649999999997
2021-06-08 23:00:00,25.830499999999997
2021-06-09 00:00:00,25.29745
2021-06-09 01:00:00,25.124366666666667
2021-06-09 02:00:00,25.283933333333334
2021-06-09 03:00:00,25.4167
2021-06-09 04:00:00,25.1373
2021-06-09 05:00:00,24.962116666666667
2021-06-09 06:00:00,25.172533333333334
2021-06-09 07:00:00,25.214583333333334
2021-06-09 08:00:00,25.716316666666668
2021-06-09 09:00:00,26.59715
2021-06-09 10:00:00,26.5793
2021-06-09 11:00:00,26.575733333333336
2021-06-09 12:00:00,27.341266666666666
2021-06-09 13:00:00,28.24745
2021-06-09 14:00:00,28.21925
2021-06-09 15:00:00,27.570783333333335
2021-06-09 16:00:00,27.248816666666666
2021-06-09 17:00:00,26.61528333333333
2021-06-09 18:00:00,26.226666666666667
2021-06-09 19:00:00,26.1447
2021-06-09 20:00:00,26.182066666666667
2021-06-09 21:00:00,26.27556666666667
2021-06-09 22:00:00,26.3596
2021-06-09 23:00:00,26.280416666666667
2021-06-10 00:00:00,26.285233333333334
2021-06-10 01:00:00,25.973883333333333
2021-06-10 02:00:00,25.837716666666665
2021-06-10 03:00:00,25.208283333333334
2021-06-10 04:00:00,24.901200000000003
2021-06-10 05:00:00,25.258166666666668
2021-06-10 06:00:00,25.4882
2021-06-10 07:00:00,26.64923333333333
2021-06-10 08:00:00,26.858083333333333
2021-06-10 09:00:00,26.969483333333336
2021-06-10 10:00:00,27.801966666666665
2021-06-10 11:00:00,27.851616666666665
2021-06-10 12:00:00,29.020333333333333
2021-06-10 13:00:00,29.489683333333335
2021-06-10 14:00:00,29.56178333333333
2021-06-10 15:00:00,28.973916666666664
2021-06-10 16:00:00,27.68316666666667
2021-06-10 17:00:00,27.392216666666666
2021-06-10 18:00:00,26.8014
2021-06-10 19:00:00,26.64333333333333
2021-06-10 20:00:00,26.6165
2021-06-10 21:00:00,26.475716666666667
2021-06-10 22:00:00,26.477733333333333
2021-06-10 23:00:00,26.27766666666667
2021-06-11 00:00:00,26.2396
2021-06-11 01:00:00,26.23886666666667
2021-06-11 02:00:00,26.19415
2021-06-11 03:00:00,26.083966666666665
2021-06-11 04:00:00,25.782500000000002
2021-06-11 05:00:00,25.398183333333336
2021-06-11 06:00:00,25.7444
2021-06-11 07:00:00,26.891650000000002
2021-06-11 08:00:00,27.747216666666667
2021-06-11 09:00:00,29.059166666666666
2021-06-11 10:00:00,27.540599999999998
2021-06-11 11:00:00,29.191433333333336
2021-06-11 12:00:00,29.6655
2021-06-11 13:00:00,29.768533333333334
2021-06-11 14:00:00,29.4574
2021-06-11 15:00:00,29.105999999999998
2021-06-11 16:00:00,28.4016
2021-06-11 17:00:00,27.727066666666666
2021-06-11 18:00:00,27.298883333333333
2021-06-11 19:00:00,26.624433333333332
2021-06-11 20:00:00,26.03125
2021-06-11 21:00:00,25.547616666666666
2021-06-11 22:00:00,25.38726666666667
2021-06-11 23:00:00,25.494233333333334
2021-06-12 00:00:00,25.85095
2021-06-12 01:00:00,25.98015
2021-06-12 02:00:00,25.595333333333333
2021-06-12 03:00:00,25.8877
2021-06-12 04:00:00,25.674333333333333
2021-06-12 05:00:00,25.3408
2021-06-12 06:00:00,26.184416666666667
2021-06-12 07:00:00,26.502799999999997
2021-06-12 08:00:00,27.27675
2021-06-12 09:00:00,27.56015
2021-06-12 10:00:00,24.5192
2021-06-12 11:00:00,25.040766666666666
2021-06-12 12:00:00,26.139033333333334
2021-06-12 13:00:00,27.09508333333333
2021-06-12 14:00:00,27.269766666666666
2021-06-12 15:00:00,27.246083333333335
2021-06-12 16:00:00,27.057033333333333
2021-06-12 17:00:00,24.8709
2021-06-12 18:00:00,25.166066666666666
2021-06-12 19:00:00,25.335483333333332
2021-06-12 20:00:00,25.521133333333335
2021-06-12 21:00:00,25.967166666666667
2021-06-12 22:00:00,26.211566666666666
2021-06-12 23:00:00,26.508233333333333
2021-06-13 00:00:00,25.84245
2021-06-13 01:00:00,24.752
2021-06-13 02:00:00,24.950433333333333
2021-06-13 03:00:00,25.042416666666668
2021-06-13 04:00:00,25.50861666666667
2021-06-13 05:00:00,25.95225
2021-06-13 06:00:00,26.270533333333333
2021-06-13 07:00:00,26.63385
2021-06-13 08:00:00,27.06615
2021-06-13 09:00:00,27.21288333333333
2021-06-13 10:00:00,27.77945
2021-06-13 11:00:00,28.516233333333332
2021-06-13 12:00:00,28.028266666666664
2021-06-13 13:00:00,28.891933333333334
2021-06-13 14:00:00,28.8657
2021-06-13 15:00:00,28.34505
2021-06-13 16:00:00,27.815883333333332
2021-06-13 17:00:00,27.489433333333334
2021-06-13 18:00:00,26.706583333333334
2021-06-13 19:00:00,26.545883333333332
2021-06-13 20:00:00,26.49685
2021-06-13 21:00:00,26.352483333333332
2021-06-13 22:00:00,26.388883333333336
2021-06-13 23:00:00,26.317766666666667
2021-06-14 00:00:00,26.25765
2021-06-14 01:00:00,26.232000000000003
2021-06-14 02:00:00,26.178916666666666
2021-06-14 03:00:00,26.38178333333333
2021-06-14 04:00:00,26.3133
2021-06-14 05:00:00,26.164516666666668
2021-06-14 06:00:00,26.543183333333335
2021-06-14 07:00:00,28.11645
2021-06-14 08:00:00,29.13175
2021-06-14 09:00:00,29.682766666666666
2021-06-14 10:00:00,30.049333333333333
2021-06-14 11:00:00,29.586333333333336
2021-06-14 12:00:00,29.13693333333333
2021-06-14 13:00:00,29.7301
2021-06-14 14:00:00,29.556116666666664
2021-06-14 15:00:00,29.494766666666667
2021-06-14 16:00:00,28.69635
2021-06-14 17:00:00,28.16285
2021-06-14 18:00:00,27.848533333333332
2021-06-14 19:00:00,27.45955
2021-06-14 20:00:00,27.024866666666664
2021-06-14 21:00:00,26.7421
2021-06-14 22:00:00,26.666800000000002
2021-06-14 23:00:00,26.61825
2021-06-15 00:00:00,26.729
2021-06-15 01:00:00,26.66981666666667
2021-06-15 02:00:00,26.628516666666666
2021-06-15 03:00:00,26.70725
2021-06-15 04:00:00,26.68595
2021-06-15 05:00:00,26.775066666666664
2021-06-15 06:00:00,26.930383333333335
2021-06-15 07:00:00,26.7663
2021-06-15 08:00:00,28.234716666666667
2021-06-15 09:00:00,30.34283333333333
2021-06-15 10:00:00,30.235850000000003
2021-06-15 11:00:00,28.604049999999997
2021-06-15 12:00:00,30.132266666666666
2021-06-15 13:00:00,29.995483333333333
2021-06-15 14:00:00,30.583333333333332
2021-06-15 15:00:00,31.063733333333335
2021-06-15 16:00:00,30.274533333333334
2021-06-15 17:00:00,29.435316666666665
2021-06-15 18:00:00,28.93365
2021-06-15 19:00:00,28.380366666666667
2021-06-15 20:00:00,28.1645
2021-06-15 21:00:00,28.034483333333334
2021-06-15 22:00:00,27.97855
2021-06-15 23:00:00,27.9319
2021-06-16 00:00:00,27.840283333333332
2021-06-16 01:00:00,27.694433333333333
2021-06-16 02:00:00,27.7206
2021-06-16 03:00:00,27.657300000000003
2021-06-16 04:00:00,27.61295
2021-06-16 05:00:00,27.564799999999998
2021-06-16 06:00:00,27.871533333333332
2021-06-16 07:00:00,28.283066666666667
2021-06-16 08:00:00,29.2497
2021-06-16 09:00:00,29.825033333333334
2021-06-16 10:00:00,30.284233333333336
2021-06-16 11:00:00,30.86691666666667
2021-06-16 12:00:00,31.4538
2021-06-16 13:00:00,31.201183333333333
2021-06-16 14:00:00,31.02991666666667
2021-06-16 15:00:00,30.43015
2021-06-16 16:00:00,30.1458
2021-06-16 17:00:00,29.381449999999997
2021-06-16 18:00:00,28.758233333333333
2021-06-16 19:00:00,28.374683333333333
2021-06-16 20:00:00,28.219283333333333
2021-06-16 21:00:00,28.22225
2021-06-16 22:00:00,28.238766666666667
2021-06-16 23:00:00,28.198583333333332
2021-06-17 00:00:00,28.0294
2021-06-17 01:00:00,27.645233333333334
2021-06-17 02:00:00,27.58625
2021-06-17 03:00:00,27.603783333333336
2021-06-17 04:00:00,27.64431666666667
2021-06-17 05:00:00,27.631516666666666
2021-06-17 06:00:00,27.90205
2021-06-17 07:00:00,29.567466666666668
2021-06-17 08:00:00,30.9443
2021-06-17 09:00:00,31.705949999999998
2021-06-17 10:00:00,31.988516666666666
2021-06-17 11:00:00,31.024566666666665
2021-06-17 12:00:00,31.624616666666668
2021-06-17 13:00:00,32.05286666666667
2021-06-17 14:00:00,31.62165
2021-06-17 15:00:00,31.057599999999997
2021-06-17 16:00:00,30.694650000000003
2021-06-17 17:00:00,29.738133333333334
2021-06-17 18:00:00,29.203666666666667
2021-06-17 19:00:00,28.92685
2021-06-17 20:00:00,28.685299999999998
2021-06-17 21:00:00,28.628466666666668
2021-06-17 22:00:00,28.5077
2021-06-17 23:00:00,28.391833333333334
2021-06-18 00:00:00,28.284516666666665
2021-06-18 01:00:00,28.236616666666666
2021-06-18 02:00:00,28.2545
2021-06-18 03:00:00,28.268383333333336
2021-06-18 04:00:00,28.186033333333334
2021-06-18 05:00:00,28.086183333333334
2021-06-18 06:00:00,28.46306666666667
2021-06-18 07:00:00,29.840083333333332
2021-06-18 08:00:00,31.080283333333334
2021-06-18 09:00:00,31.564149999999998
2021-06-18 10:00:00,32.3901
2021-06-18 11:00:00,30.32695
2021-06-18 12:00:00,31.398683333333334
2021-06-18 13:00:00,32.168350000000004
2021-06-18 14:00:00,31.9527
2021-06-18 15:00:00,31.1767
2021-06-18 16:00:00,30.493733333333335
2021-06-18 17:00:00,29.916249999999998
2021-06-18 18:00:00,29.358150000000002
2021-06-18 19:00:00,28.70185
2021-06-18 20:00:00,28.438083333333335
2021-06-18 21:00:00,28.365983333333336
2021-06-18 22:00:00,28.26365
2021-06-18 23:00:00,28.153616666666668
2021-06-19 00:00:00,28.195716666666666
2021-06-19 01:00:00,28.1725
2021-06-19 02:00:00,28.080266666666667
2021-06-19 03:00:00,28.13471666666667
2021-06-19 04:00:00,28.188633333333332
2021-06-19 05:00:00,28.15775
2021-06-19 06:00:00,28.434083333333334
2021-06-19 07:00:00,29.129633333333334
2021-06-19 08:00:00,30.316716666666665
2021-06-19 09:00:00,31.248783333333332
2021-06-19 10:00:00,31.481066666666667
2021-06-19 11:00:00,32.150866666666666
2021-06-19 12:00:00,32.193866666666665
2021-06-19 13:00:00,31.649066666666666
2021-06-19 14:00:00,31.86045
2021-06-19 15:00:00,31.182933333333335
2021-06-19 16:00:00,30.992250000000002
2021-06-19 17:00:00,30.147983333333332
2021-06-19 18:00:00,29.5791
2021-06-19 19:00:00,29.045166666666667
2021-06-19 20:00:00,28.798099999999998
2021-06-19 21:00:00,28.61615
2021-06-19 22:00:00,28.514233333333333
2021-06-19 23:00:00,28.453033333333334
2021-06-20 00:00:00,28.158966666666668
2021-06-20 01:00:00,28.2704
2021-06-20 02:00:00,28.16875
2021-06-20 03:00:00,28.205433333333335
2021-06-20 04:00:00,28.332316666666667
2021-06-20 05:00:00,28.3404
2021-06-20 06:00:00,28.50361666666667
2021-06-20 07:00:00,29.244233333333334
2021-06-20 08:00:00,30.3665
2021-06-20 09:00:00,31.680266666666668
2021-06-20 10:00:00,31.463883333333335
2021-06-20 11:00:00,31.48395
2021-06-20 12:00:00,32.00978333333333
2021-06-20 13:00:00,31.502033333333333
2021-06-20 14:00:00,30.45
2021-06-20 15:00:00,30.370716666666667
2021-06-20 16:00:00,31.08471666666667
2021-06-20 17:00:00,30.661916666666666
2021-06-20 18:00:00,29.760766666666665
2021-06-20 19:00:00,29.33315
2021-06-20 20:00:00,29.08315
2021-06-20 21:00:00,28.823733333333333
2021-06-20 22:00:00,28.747316666666666
2021-06-20 23:00:00,28.710933333333333
2021-06-21 00:00:00,28.6255
2021-06-21 01:00:00,28.641166666666667
2021-06-21 02:00:00,28.624366666666667
2021-06-21 03:00:00,28.560783333333333
2021-06-21 04:00:00,28.668266666666668
2021-06-21 05:00:00,28.674833333333332
2021-06-21 06:00:00,27.956316666666666
2021-06-21 07:00:00,29.063033333333333
2021-06-21 08:00:00,30.122283333333332
2021-06-21 09:00:00,29.20835
2021-06-21 10:00:00,30.407333333333334
2021-06-21 11:00:00,31.037766666666666
2021-06-21 12:00:00,31.04028333333333
2021-06-21 13:00:00,31.269983333333336
2021-06-21 14:00:00,31.274716666666666
2021-06-21 15:00:00,28.441016666666666
2021-06-21 16:00:00,28.22895
2021-06-21 17:00:00,28.872116666666667
2021-06-21 18:00:00,28.93935
2021-06-21 19:00:00,28.84508333333333
2021-06-21 20:00:00,28.755116666666666
2021-06-21 21:00:00,28.678366666666665
2021-06-21 22:00:00,28.79165
2021-06-21 23:00:00,28.723683333333334
2021-06-22 00:00:00,28.467966666666666
2021-06-22 01:00:00,28.347583333333333
2021-06-22 02:00:00,27.778783333333333
2021-06-22 03:00:00,25.450066666666665
2021-06-22 04:00:00,25.724749999999997
2021-06-22 05:00:00,26.211616666666668
2021-06-22 06:00:00,27.025966666666665
2021-06-22 07:00:00,26.81115
2021-06-22 08:00:00,23.9991
2021-06-22 09:00:00,24.05681666666667
2021-06-22 10:00:00,24.46033333333333
2021-06-22 11:00:00,24.829516666666667
2021-06-22 12:00:00,24.83833333333333
2021-06-22 13:00:00,26.171049999999997
2021-06-22 14:00:00,27.10171666666667
2021-06-22 15:00:00,27.56673333333333
2021-06-22 16:00:00,28.024166666666666
2021-06-22 17:00:00,27.19558333333333
2021-06-22 18:00:00,27.41051666666667
2021-06-22 19:00:00,26.960283333333333
2021-06-22 20:00:00,25.5699
2021-06-22 21:00:00,23.366333333333333
2021-06-22 22:00:00,23.603749999999998
2021-06-22 23:00:00,24.22668333333333
2021-06-23 00:00:00,24.779966666666667
2021-06-23 01:00:00,25.018649999999997
2021-06-23 02:00:00,25.129916666666666
2021-06-23 03:00:00,24.932366666666667
2021-06-23 04:00:00,25.116316666666666
2021-06-23 05:00:00,25.516666666666666
2021-06-23 06:00:00,25.685033333333333
2021-06-23 07:00:00,25.919183333333333
2021-06-23 08:00:00,26.27825
2021-06-23 09:00:00,26.1174
2021-06-23 10:00:00,27.03281666666667
2021-06-23 11:00:00,28.7728
2021-06-23 12:00:00,25.528666666666666
2021-06-23 13:00:00,23.910649999999997
2021-06-23 14:00:00,24.06631666666667
2021-06-23 15:00:00,24.359083333333334
2021-06-23 16:00:00,24.555966666666666
2021-06-23 17:00:00,24.6249
2021-06-23 18:00:00,24.90423333333333
2021-06-23 19:00:00,24.6095
2021-06-23 20:00:00,24.166383333333332
2021-06-23 21:00:00,23.878533333333333
2021-06-23 22:00:00,23.8117
2021-06-23 23:00:00,24.272616666666668
2021-06-24 00:00:00,24.126816666666667
2021-06-24 01:00:00,23.755333333333333
2021-06-24 02:00:00,23.643116666666668
2021-06-24 03:00:00,23.785050000000002
2021-06-24 04:00:00,24.039083333333334
2021-06-24 05:00:00,24.172533333333334
2021-06-24 06:00:00,24.07603333333333
2021-06-24 07:00:00,23.982083333333332
2021-06-24 08:00:00,23.91505
2021-06-24 09:00:00,23.784100000000002
2021-06-24 10:00:00,24.039966666666665
2021-06-24 11:00:00,24.08875
2021-06-24 12:00:00,24.052599999999998
2021-06-24 13:00:00,24.045683333333333
2021-06-24 14:00:00,24.4862
2021-06-24 15:00:00,24.65441666666667
2021-06-24 16:00:00,25.178183333333333
2021-06-24 17:00:00,25.0485
2021-06-24 18:00:00,24.460449999999998
2021-06-24 19:00:00,24.0756
2021-06-24 20:00:00,23.98933333333333
2021-06-24 21:00:00,24.012533333333334
2021-06-24 22:00:00,24.05163333333333
2021-06-24 23:00:00,24.033316666666668
2021-06-25 00:00:00,24.080383333333334
2021-06-25 01:00:00,24.15805
2021-06-25 02:00:00,24.12655
2021-06-25 03:00:00,24.1141
2021-06-25 04:00:00,24.18015
2021-06-25 05:00:00,24.263616666666667
2021-06-25 06:00:00,24.4372
2021-06-25 07:00:00,25.006033333333335
2021-06-25 08:00:00,25.17845
2021-06-25 09:00:00,24.87755
2021-06-25 10:00:00,24.587083333333332
2021-06-25 11:00:00,25.430966666666666
2021-06-25 12:00:00,25.859316666666665
2021-06-25 13:00:00,25.957816666666666
2021-06-25 14:00:00,26.85616666666667
2021-06-25 15:00:00,26.886666666666667
2021-06-25 16:00:00,26.01625
2021-06-25 17:00:00,25.939183333333332
2021-06-25 18:00:00,25.71345
2021-06-25 19:00:00,25.509999999999998
2021-06-25 20:00:00,25.57926666666667
2021-06-25 21:00:00,25.482483333333334
2021-06-25 22:00:00,25.4958
2021-06-25 23:00:00,25.46688333333333
2021-06-26 00:00:00,25.43205
2021-06-26 01:00:00,25.4257
2021-06-26 02:00:00,25.416066666666666
2021-06-26 03:00:00,25.410916666666665
2021-06-26 04:00:00,24.520183333333332
2021-06-26 05:00:00,24.757883333333332
2021-06-26 06:00:00,24.407766666666664
2021-06-26 07:00:00,24.366300000000003
2021-06-26 08:00:00,24.65775
2021-06-26 09:00:00,25.197016666666666
2021-06-26 10:00:00,26.022083333333335
2021-06-26 11:00:00,26.36295
2021-06-26 12:00:00,26.792333333333332
2021-06-26 13:00:00,26.006899999999998
2021-06-26 14:00:00,26.162466666666667
2021-06-26 15:00:00,26.72225
2021-06-26 16:00:00,26.91143333333333
2021-06-26 17:00:00,27.614083333333333
2021-06-26 18:00:00,27.16
2021-06-26 19:00:00,26.591716666666667
2021-06-26 20:00:00,26.490383333333334
2021-06-26 21:00:00,26.773799999999998
2021-06-26 22:00:00,26.934900000000003
2021-06-26 23:00:00,26.978
2021-06-27 00:00:00,27.084400000000002
2021-06-27 01:00:00,26.9799
2021-06-27 02:00:00,27.191983333333333
2021-06-27 03:00:00,27.358
2021-06-27 04:00:00,27.065800000000003
2021-06-27 05:00:00,26.8369
2021-06-27 06:00:00,27.10666666666667
2021-06-27 07:00:00,27.703066666666665
2021-06-27 08:00:00,28.51955
2021-06-27 09:00:00,29.174733333333332
2021-06-27 10:00:00,28.948449999999998
2021-06-27 11:00:00,26.798316666666665
2021-06-27 12:00:00,27.377533333333336
2021-06-27 13:00:00,27.066033333333333
2021-06-27 14:00:00,28.240866666666665
2021-06-27 15:00:00,28.7621
2021-06-27 16:00:00,28.5551
2021-06-27 17:00:00,28.324483333333333
2021-06-27 18:00:00,28.092483333333334
2021-06-27 19:00:00,27.796816666666665
2021-06-27 20:00:00,27.911616666666664
2021-06-27 21:00:00,27.948116666666667
2021-06-27 22:00:00,27.8811
2021-06-27 23:00:00,27.69615
2021-06-28 00:00:00,27.674033333333334
2021-06-28 01:00:00,27.567066666666665
2021-06-28 02:00:00,27.46265
2021-06-28 03:00:00,27.52695
2021-06-28 04:00:00,27.255383333333334
2021-06-28 05:00:00,26.802433333333333
2021-06-28 06:00:00,24.7115
2021-06-28 07:00:00,23.7701
2021-06-28 08:00:00,23.634516666666666
2021-06-28 09:00:00,23.424683333333334
2021-06-28 10:00:00,24.339166666666664
2021-06-28 11:00:00,24.352616666666666
2021-06-28 12:00:00,24.566416666666665
2021-06-28 13:00:00,24.919533333333334
2021-06-28 14:00:00,25.53195
2021-06-28 15:00:00,26.524716666666666
2021-06-28 16:00:00,26.586033333333333
2021-06-28 17:00:00,26.6566
2021-06-28 18:00:00,26.239633333333334
2021-06-28 19:00:00,25.717633333333332
2021-06-28 20:00:00,26.004383333333333
2021-06-28 21:00:00,26.4907
2021-06-28 22:00:00,26.905633333333334
2021-06-28 23:00:00,27.101766666666666
2021-06-29 00:00:00,27.1352
2021-06-29 01:00:00,27.184816666666666
2021-06-29 02:00:00,27.22615
2021-06-29 03:00:00,27.379133333333336
2021-06-29 04:00:00,27.429433333333336
2021-06-29 05:00:00,27.4769
2021-06-29 06:00:00,27.71755
2021-06-29 07:00:00,28.364733333333334
2021-06-29 08:00:00,28.9869
2021-06-29 09:00:00,29.240783333333336
2021-06-29 10:00:00,28.983166666666666
2021-06-29 11:00:00,27.810850000000002
2021-06-29 12:00:00,27.18985
2021-06-29 13:00:00,28.397100000000002
2021-06-29 14:00:00,29.115816666666667
2021-06-29 15:00:00,29.327116666666665
2021-06-29 16:00:00,28.806500000000003
2021-06-29 17:00:00,28.64885
2021-06-29 18:00:00,28.24253333333333
2021-06-29 19:00:00,27.980733333333333
2021-06-29 20:00:00,27.6761
2021-06-29 21:00:00,27.575750000000003
2021-06-29 22:00:00,27.639533333333336
2021-06-29 23:00:00,27.579383333333332
2021-06-30 00:00:00,27.6481
2021-06-30 01:00:00,27.564833333333336
2021-06-30 02:00:00,27.456866666666667
2021-06-30 03:00:00,27.378049999999998
2021-06-30 04:00:00,27.377133333333333
2021-06-30 05:00:00,27.43681666666667
2021-06-30 06:00:00,27.667516666666664
2021-06-30 07:00:00,28.26285
2021-06-30 08:00:00,29.114183333333333
2021-06-30 09:00:00,30.028783333333333
2021-06-30 10:00:00,30.56795
2021-06-30 11:00:00,30.35725
2021-06-30 12:00:00,31.00815
2021-06-30 13:00:00,29.943966666666665
2021-06-30 14:00:00,29.374216666666666
2021-06-30 15:00:00,29.089283333333334
2021-06-30 16:00:00,29.3003
2021-06-30 17:00:00,28.832116666666664
2021-06-30 18:00:00,28.41421666666667
2021-06-30 19:00:00,27.734516666666664
2021-06-30 20:00:00,27.284433333333332
2021-06-30 21:00:00,27.44526666666667
2021-06-30 22:00:00,27.479266666666668
2021-06-30 23:00:00,27.58373333333333
2021-07-01 00:00:00,27.587749999999996
2021-07-01 01:00:00,27.551283333333334
2021-07-01 02:00:00,27.52286666666667
2021-07-01 03:00:00,27.490716666666668
2021-07-01 04:00:00,27.45145
2021-07-01 05:00:00,27.344266666666666
2021-07-01 06:00:00,27.584799999999998
2021-07-01 07:00:00,27.958750000000002
2021-07-01 08:00:00,29.03963333333333
2021-07-01 09:00:00,28.982183333333335
2021-07-01 10:00:00,29.5348
2021-07-01 11:00:00,29.46505
2021-07-01 12:00:00,30.125600000000002
2021-07-01 13:00:00,30.65765
2021-07-01 14:00:00,30.374116666666666
2021-07-01 15:00:00,29.93615
2021-07-01 16:00:00,29.47795
2021-07-01 17:00:00,28.836850000000002
2021-07-01 18:00:00,28.622166666666665
2021-07-01 19:00:00,28.27565
2021-07-01 20:00:00,28.073716666666666
2021-07-01 21:00:00,27.94405
2021-07-01 22:00:00,27.83195
2021-07-01 23:00:00,27.685766666666666
2021-07-02 00:00:00,27.526466666666668
2021-07-02 01:00:00,27.49975
2021-07-02 02:00:00,27.52873333333333
2021-07-02 03:00:00,27.63498333333333
2021-07-02 04:00:00,27.63155
2021-07-02 05:00:00,27.62605
2021-07-02 06:00:00,27.855416666666667
2021-07-02 07:00:00,28.615766666666666
2021-07-02 08:00:00,28.860599999999998
2021-07-02 09:00:00,29.14515
2021-07-02 10:00:00,30.731733333333334
2021-07-02 11:00:00,31.4396
2021-07-02 12:00:00,31.701466666666665
2021-07-02 13:00:00,31.603083333333334
2021-07-02 14:00:00,31.389016666666667
2021-07-02 15:00:00,30.6734
2021-07-02 16:00:00,29.727449999999997
2021-07-02 17:00:00,29.298233333333332
2021-07-02 18:00:00,28.760949999999998
2021-07-02 19:00:00,28.357566666666667
2021-07-02 20:00:00,28.0958
2021-07-02 21:00:00,27.945816666666666
2021-07-02 22:00:00,27.832583333333332
2021-07-02 23:00:00,27.883883333333333
2021-07-03 00:00:00,27.84105
2021-07-03 01:00:00,27.713183333333333
2021-07-03 02:00:00,27.608216666666667
2021-07-03 03:00:00,27.479783333333334
2021-07-03 04:00:00,27.389
2021-07-03 05:00:00,27.329150000000002
2021-07-03 06:00:00,27.531133333333333
2021-07-03 07:00:00,28.188433333333332
2021-07-03 08:00:00,29.387433333333334
2021-07-03 09:00:00,29.699383333333333
2021-07-03 10:00:00,31.001466666666666
2021-07-03 11:00:00,31.4805
2021-07-03 12:00:00,31.177650000000003
2021-07-03 13:00:00,30.7815
2021-07-03 14:00:00,30.346783333333335
2021-07-03 15:00:00,30.227433333333334
2021-07-03 16:00:00,29.3852
2021-07-03 17:00:00,28.955050000000004
2021-07-03 18:00:00,28.882916666666667
2021-07-03 19:00:00,28.292733333333334
2021-07-03 20:00:00,28.07215
2021-07-03 21:00:00,28.016983333333332
2021-07-03 22:00:00,27.739483333333332
2021-07-03 23:00:00,27.77265
2021-07-04 00:00:00,27.73025
2021-07-04 01:00:00,27.422316666666667
2021-07-04 02:00:00,27.32845
2021-07-04 03:00:00,27.16
2021-07-04 04:00:00,27.019766666666666
2021-07-04 05:00:00,26.8877
2021-07-04 06:00:00,27.153000000000002
2021-07-04 07:00:00,28.69588333333333
2021-07-04 08:00:00,29.88015
2021-07-04 09:00:00,29.979716666666665
2021-07-04 10:00:00,30.744333333333334
2021-07-04 11:00:00,30.53015
2021-07-04 12:00:00,30.72308333333333
2021-07-04 13:00:00,30.327383333333334
2021-07-04 14:00:00,29.709766666666667
2021-07-04 15:00:00,29.279766666666667
2021-07-04 16:00:00,28.799899999999997
2021-07-04 17:00:00,28.27466666666667
2021-07-04 18:00:00,28.088416666666667
2021-07-04 19:00:00,27.48115
2021-07-04 20:00:00,27.25575
2021-07-04 21:00:00,27.177183333333335
2021-07-04 22:00:00,26.906533333333336
2021-07-04 23:00:00,26.956733333333332
2021-07-05 00:00:00,27.072850000000003
2021-07-05 01:00:00,26.966566666666665
2021-07-05 02:00:00,26.857133333333334
2021-07-05 03:00:00,26.835466666666665
2021-07-05 04:00:00,26.731933333333334
2021-07-05 05:00:00,26.536883333333332
2021-07-05 06:00:00,26.552866666666667
2021-07-05 07:00:00,26.905583333333333
2021-07-05 08:00:00,27.5723
2021-07-05 09:00:00,29.25135
2021-07-05 10:00:00,28.7537
2021-07-05 11:00:00,29.9024
2021-07-05 12:00:00,30.1597
2021-07-05 13:00:00,30.188316666666665
2021-07-05 14:00:00,29.60216666666667
2021-07-05 15:00:00,29.48265
2021-07-05 16:00:00,28.814716666666666
2021-07-05 17:00:00,28.099516666666666
2021-07-05 18:00:00,27.951900000000002
2021-07-05 19:00:00,27.729483333333334
2021-07-05 20:00:00,27.602050000000002
2021-07-05 21:00:00,27.513883333333336
2021-07-05 22:00:00,27.41006666666667
2021-07-05 23:00:00,27.304083333333335
2021-07-06 00:00:00,27.248266666666666
2021-07-06 01:00:00,27.146416666666667
2021-07-06 02:00:00,26.943499999999997
2021-07-06 03:00:00,26.926733333333335
2021-07-06 04:00:00,26.863333333333333
2021-07-06 05:00:00,26.879933333333334
2021-07-06 06:00:00,27.069466666666667
2021-07-06 07:00:00,27.754366666666666
2021-07-06 08:00:00,29.75545
2021-07-06 09:00:00,30.276349999999997
2021-07-06 10:00:00,29.75565
2021-07-06 11:00:00,29.239866666666668
2021-07-06 12:00:00,30.019000000000002
2021-07-06 13:00:00,30.585266666666666
2021-07-06 14:00:00,30.568016666666665
2021-07-06 15:00:00,27.28105
2021-07-06 16:00:00,25.540483333333334
2021-07-06 17:00:00,27.678516666666667
2021-07-06 18:00:00,27.388783333333333
2021-07-06 19:00:00,26.732133333333334
2021-07-06 20:00:00,26.902
2021-07-06 21:00:00,26.821233333333332
2021-07-06 22:00:00,26.895483333333335
2021-07-06 23:00:00,26.868916666666667
2021-07-07 00:00:00,26.194983333333333
2021-07-07 01:00:00,26.36825
2021-07-07 02:00:00,26.39215
2021-07-07 03:00:00,25.536800000000003
2021-07-07 04:00:00,25.325916666666668
2021-07-07 05:00:00,25.60175
2021-07-07 06:00:00,26.19953333333333
2021-07-07 07:00:00,26.9338
2021-07-07 08:00:00,27.630066666666668
2021-07-07 09:00:00,28.317533333333333
2021-07-07 10:00:00,29.460866666666668
2021-07-07 11:00:00,28.946550000000002
2021-07-07 12:00:00,29.456766666666667
2021-07-07 13:00:00,28.94066666666667
2021-07-07 14:00:00,29.21525
2021-07-07 15:00:00,28.577283333333334
2021-07-07 16:00:00,28.578783333333334
2021-07-07 17:00:00,27.828966666666666
2021-07-07 18:00:00,27.330533333333335
2021-07-07 19:00:00,27.0849
2021-07-07 20:00:00,26.999166666666667
2021-07-07 21:00:00,26.865583333333333
2021-07-07 22:00:00,26.908066666666667
2021-07-07 23:00:00,26.734283333333334
2021-07-08 00:00:00,26.7811
2021-07-08 01:00:00,26.85396666666667
2021-07-08 02:00:00,26.80165
2021-07-08 03:00:00,26.811266666666665
2021-07-08 04:00:00,26.678150000000002
2021-07-08 05:00:00,26.356299999999997
2021-07-08 06:00:00,26.805799999999998
2021-07-08 07:00:00,28.105833333333333
2021-07-08 08:00:00,28.847933333333334
2021-07-08 09:00:00,30.028616666666668
2021-07-08 10:00:00,30.16545
2021-07-08 11:00:00,28.733349999999998
2021-07-08 12:00:00,28.61685
2021-07-08 13:00:00,29.459266666666668
2021-07-08 14:00:00,29.3167
2021-07-08 15:00:00,29.13883333333333
2021-07-08 16:00:00,28.593216666666667
2021-07-08 17:00:00,27.97485
2021-07-08 18:00:00,27.616899999999998
2021-07-08 19:00:00,27.09916666666667
2021-07-08 20:00:00,26.84065
2021-07-08 21:00:00,26.86635
2021-07-08 22:00:00,26.876733333333334
2021-07-08 23:00:00,26.639116666666666
2021-07-09 00:00:00,26.85685
2021-07-09 01:00:00,26.625516666666666
2021-07-09 02:00:00,26.4819
2021-07-09 03:00:00,26.257816666666667
2021-07-09 04:00:00,26.263233333333336
2021-07-09 05:00:00,26.042683333333333
2021-07-09 06:00:00,26.6536
2021-07-09 07:00:00,29.606183333333334
2021-07-09 08:00:00,32.654583333333335
2021-07-09 09:00:00,32.745216666666664
2021-07-09 10:00:00,31.012733333333333
2021-07-09 11:00:00,30.654516666666666
2021-07-09 12:00:00,30.717633333333332
2021-07-09 13:00:00,30.9164
2021-07-09 14:00:00,30.267049999999998
2021-07-09 15:00:00,30.128133333333334
2021-07-09 16:00:00,29.572616666666665
2021-07-09 17:00:00,28.58845
2021-07-09 18:00:00,28.144183333333334
2021-07-09 19:00:00,27.544933333333333
2021-07-09 20:00:00,27.229783333333334
2021-07-09 21:00:00,27.179633333333335
2021-07-09 22:00:00,27.153766666666666
2021-07-09 23:00:00,26.887816666666666
2021-07-10 00:00:00,26.7704
2021-07-10 01:00:00,26.4085
2021-07-10 02:00:00,26.47648333333333
2021-07-10 03:00:00,26.3569
2021-07-10 04:00:00,26.046983333333333
2021-07-10 05:00:00,26.055316666666666
2021-07-10 06:00:00,26.35445
2021-07-10 07:00:00,29.255966666666666
2021-07-10 08:00:00,31.060716666666668
2021-07-10 09:00:00,30.742816666666666
2021-07-10 10:00:00,31.177316666666666
2021-07-10 11:00:00,31.52705
2021-07-10 12:00:00,31.06625
2021-07-10 13:00:00,30.89265
2021-07-10 14:00:00,30.44493333333333
2021-07-10 15:00:00,30.217
2021-07-10 16:00:00,29.45865
2021-07-10 17:00:00,28.475416666666668
2021-07-10 18:00:00,28.1375
2021-07-10 19:00:00,27.642933333333335
2021-07-10 20:00:00,27.3326
2021-07-10 21:00:00,27.28545
2021-07-10 22:00:00,27.496
2021-07-10 23:00:00,27.6754
2021-07-11 00:00:00,27.5322
2021-07-11 01:00:00,27.240650000000002
2021-07-11 02:00:00,27.009866666666667
2021-07-11 03:00:00,27.145966666666666
2021-07-11 04:00:00,26.939033333333334
2021-07-11 05:00:00,26.86531666666667
2021-07-11 06:00:00,27.01151666666667
2021-07-11 07:00:00,28.670450000000002
2021-07-11 08:00:00,29.810066666666668
2021-07-11 09:00:00,30.668733333333332
2021-07-11 10:00:00,31.396433333333334
2021-07-11 11:00:00,30.376716666666667
2021-07-11 12:00:00,29.588466666666665
2021-07-11 13:00:00,30.89218333333333
2021-07-11 14:00:00,30.768050000000002
2021-07-11 15:00:00,30.148916666666665
2021-07-11 16:00:00,29.71466666666667
2021-07-11 17:00:00,29.26895
2021-07-11 18:00:00,28.554750000000002
2021-07-11 19:00:00,27.945266666666665
2021-07-11 20:00:00,27.777966666666664
2021-07-11 21:00:00,27.729100000000003
2021-07-11 22:00:00,27.572366666666667
2021-07-11 23:00:00,27.547466666666665
2021-07-12 00:00:00,27.585616666666667
2021-07-12 01:00:00,27.518700000000003
2021-07-12 02:00:00,27.304066666666664
2021-07-12 03:00:00,26.884483333333332
2021-07-12 04:00:00,26.83925
2021-07-12 05:00:00,26.834433333333333
2021-07-12 06:00:00,27.120966666666668
2021-07-12 07:00:00,28.067600000000002
2021-07-12 08:00:00,29.473599999999998
2021-07-12 09:00:00,30.80995
2021-07-12 10:00:00,31.27595
2021-07-12 11:00:00,30.8965
2021-07-12 12:00:00,31.005016666666666
2021-07-12 13:00:00,31.882616666666664
2021-07-12 14:00:00,31.303749999999997
2021-07-12 15:00:00,30.26883333333333
2021-07-12 16:00:00,30.0686
2021-07-12 17:00:00,29.2222
2021-07-12 18:00:00,28.697266666666668
2021-07-12 19:00:00,28.172050000000002
2021-07-12 20:00:00,27.60103333333333
2021-07-12 21:00:00,27.699933333333334
2021-07-12 22:00:00,27.172649999999997
2021-07-12 23:00:00,27.13338333333333
2021-07-13 00:00:00,27.248466666666666
2021-07-13 01:00:00,27.154716666666666
2021-07-13 02:00:00,27.165133333333333
2021-07-13 03:00:00,27.347683333333336
2021-07-13 04:00:00,27.282133333333334
2021-07-13 05:00:00,27.0046
2021-07-13 06:00:00,27.533466666666666
2021-07-13 07:00:00,30.74663333333333
2021-07-13 08:00:00,31.30575
2021-07-13 09:00:00,31.341183333333333
2021-07-13 10:00:00,31.915266666666664
2021-07-13 11:00:00,32.242016666666665
2021-07-13 12:00:00,32.1342
2021-07-13 13:00:00,32.22703333333333
2021-07-13 14:00:00,31.97123333333333
2021-07-13 15:00:00,31.245783333333335
2021-07-13 16:00:00,30.447266666666668
2021-07-13 17:00:00,29.57766666666667
2021-07-13 18:00:00,29.114083333333333
2021-07-13 19:00:00,28.646083333333333
2021-07-13 20:00:00,28.328300000000002
2021-07-13 21:00:00,28.344716666666667
2021-07-13 22:00:00,27.945133333333334
2021-07-13 23:00:00,27.7953
2021-07-14 00:00:00,27.473316666666665
2021-07-14 01:00:00,27.340866666666667
2021-07-14 02:00:00,27.191666666666666
2021-07-14 03:00:00,27.173000000000002
2021-07-14 04:00:00,26.838683333333332
2021-07-14 05:00:00,26.450983333333333
2021-07-14 06:00:00,27.081833333333336
2021-07-14 07:00:00,29.03175
2021-07-14 08:00:00,30.564083333333333
2021-07-14 09:00:00,31.375433333333334
2021-07-14 10:00:00,31.7912
2021-07-14 11:00:00,31.95765
2021-07-14 12:00:00,31.8117
2021-07-14 13:00:00,31.140033333333335
2021-07-14 14:00:00,31.533133333333335
2021-07-14 15:00:00,31.797466666666665
2021-07-14 16:00:00,30.84798333333333
2021-07-14 17:00:00,29.826533333333334
2021-07-14 18:00:00,29.130283333333335
2021-07-14 19:00:00,28.41795
2021-07-14 20:00:00,28.06341666666667
2021-07-14 21:00:00,27.825233333333333
2021-07-14 22:00:00,27.665866666666666
2021-07-14 23:00:00,27.49911666666667
2021-07-15 00:00:00,27.53435
2021-07-15 01:00:00,27.647983333333332
2021-07-15 02:00:00,27.743499999999997
2021-07-15 03:00:00,27.532016666666667
2021-07-15 04:00:00,27.53513333333333
2021-07-15 05:00:00,27.429933333333334
2021-07-15 06:00:00,27.70535
2021-07-15 07:00:00,29.67275
2021-07-15 08:00:00,30.942083333333336
2021-07-15 09:00:00,31.385416666666668
2021-07-15 10:00:00,31.747833333333332
2021-07-15 11:00:00,31.654933333333336
2021-07-15 12:00:00,31.399616666666667
2021-07-15 13:00:00,31.284266666666667
2021-07-15 14:00:00,31.047766666666668
2021-07-15 15:00:00,30.669316666666667
2021-07-15 16:00:00,30.06635
2021-07-15 17:00:00,29.326616666666666
2021-07-15 18:00:00,28.9169
2021-07-15 19:00:00,28.426083333333334
2021-07-15 20:00:00,28.073416666666667
2021-07-15 21:00:00,27.951716666666666
2021-07-15 22:00:00,27.968
2021-07-15 23:00:00,27.875966666666667
2021-07-16 00:00:00,27.843
2021-07-16 01:00:00,27.769166666666667
2021-07-16 02:00:00,27.641833333333334
2021-07-16 03:00:00,27.684233333333335
2021-07-16 04:00:00,27.630883333333333
2021-07-16 05:00:00,27.65983333333333
2021-07-16 06:00:00,27.7631
2021-07-16 07:00:00,28.3514
2021-07-16 08:00:00,29.092583333333334
2021-07-16 09:00:00,29.127149999999997
2021-07-16 10:00:00,28.902566666666665
2021-07-16 11:00:00,30.49615
2021-07-16 12:00:00,26.351533333333336
2021-07-16 13:00:00,26.98186666666667
2021-07-16 14:00:00,28.162166666666668
2021-07-16 15:00:00,28.54945
2021-07-16 16:00:00,27.901816666666665
2021-07-16 17:00:00,27.662533333333332
2021-07-16 18:00:00,26.8932
2021-07-16 19:00:00,26.842750000000002
2021-07-16 20:00:00,26.45376666666667
2021-07-16 21:00:00,26.156133333333333
2021-07-16 22:00:00,26.04755
2021-07-16 23:00:00,25.960683333333336
2021-07-17 00:00:00,26.176083333333334
2021-07-17 01:00:00,26.200716666666665
2021-07-17 02:00:00,26.26768333333333
2021-07-17 03:00:00,26.095633333333335
2021-07-17 04:00:00,26.26513333333333
2021-07-17 05:00:00,26.036749999999998
2021-07-17 06:00:00,26.136533333333333
2021-07-17 07:00:00,26.699266666666666
2021-07-17 08:00:00,27.476666666666667
2021-07-17 09:00:00,27.201233333333334
2021-07-17 10:00:00,25.5662
2021-07-17 11:00:00,25.2318
2021-07-17 12:00:00,25.74485
2021-07-17 13:00:00,26.576733333333333
2021-07-17 14:00:00,26.76955
2021-07-17 15:00:00,27.026799999999998
2021-07-17 16:00:00,26.552333333333333
2021-07-17 17:00:00,26.270266666666664
2021-07-17 18:00:00,26.061249999999998
2021-07-17 19:00:00,25.97736666666667
2021-07-17 20:00:00,26.1303
2021-07-17 21:00:00,26.038149999999998
2021-07-17 22:00:00,25.950483333333334
2021-07-17 23:00:00,25.684416666666667
2021-07-18 00:00:00,25.204983333333335
2021-07-18 01:00:00,25.239916666666666
2021-07-18 02:00:00,24.9606
2021-07-18 03:00:00,24.206983333333334
2021-07-18 04:00:00,24.143683333333335
2021-07-18 05:00:00,24.202516666666668
2021-07-18 06:00:00,24.712716666666665
2021-07-18 07:00:00,23.146766666666668
2021-07-18 08:00:00,23.477083333333333
2021-07-18 09:00:00,24.276416666666666
2021-07-18 10:00:00,25.05728333333333
2021-07-18 11:00:00,27.095833333333335
2021-07-18 12:00:00,27.2495
2021-07-18 13:00:00,25.47488333333333
2021-07-18 14:00:00,26.3616
2021-07-18 15:00:00,26.09035
2021-07-18 16:00:00,26.05575
2021-07-18 17:00:00,25.892483333333335
2021-07-18 18:00:00,26.024816666666666
2021-07-18 19:00:00,25.912033333333333
2021-07-18 20:00:00,26.123299999999997
2021-07-18 21:00:00,26.026883333333334
2021-07-18 22:00:00,26.231116666666665
2021-07-18 23:00:00,25.093916666666665
2021-07-19 00:00:00,25.040983333333333
2021-07-19 01:00:00,25.2883
2021-07-19 02:00:00,24.936683333333335
2021-07-19 03:00:00,24.3867
2021-07-19 04:00:00,24.3741
2021-07-19 05:00:00,24.847233333333335
2021-07-19 06:00:00,24.849249999999998
2021-07-19 07:00:00,24.984333333333332
2021-07-19 08:00:00,25.302383333333335
2021-07-19 09:00:00,25.242316666666667
2021-07-19 10:00:00,25.751199999999997
2021-07-19 11:00:00,26.53715
2021-07-19 12:00:00,25.44158333333333
2021-07-19 13:00:00,25.085266666666666
2021-07-19 14:00:00,25.123183333333333
2021-07-19 15:00:00,25.018649999999997
2021-07-19 16:00:00,24.85503333333333
2021-07-19 17:00:00,24.891983333333332
2021-07-19 18:00:00,25.057033333333333
2021-07-19 19:00:00,25.209349999999997
2021-07-19 20:00:00,25.228716666666667
2021-07-19 21:00:00,25.553916666666666
2021-07-19 22:00:00,25.90758333333333
2021-07-19 23:00:00,26.000933333333332
2021-07-20 00:00:00,25.794950000000004
2021-07-20 01:00:00,25.404616666666666
2021-07-20 02:00:00,25.11113333333333
2021-07-20 03:00:00,24.69336666666667
2021-07-20 04:00:00,24.92035
2021-07-20 05:00:00,25.137483333333332
2021-07-20 06:00:00,25.0715
2021-07-20 07:00:00,25.0926
2021-07-20 08:00:00,24.716666666666665
2021-07-20 09:00:00,24.306316666666664
2021-07-20 10:00:00,24.6928
2021-07-20 11:00:00,24.530183333333333
2021-07-20 12:00:00,23.965666666666667
2021-07-20 13:00:00,23.91688333333333
2021-07-20 14:00:00,24.222483333333333
2021-07-20 15:00:00,24.524783333333335
2021-07-20 16:00:00,24.711216666666665
2021-07-20 17:00:00,24.723183333333335
2021-07-20 18:00:00,24.702733333333335
2021-07-20 19:00:00,24.999750000000002
2021-07-20 20:00:00,25.12503333333333
2021-07-20 21:00:00,25.2876
2021-07-20 22:00:00,25.149583333333332
2021-07-20 23:00:00,25.4921
2021-07-21 00:00:00,25.51033333333333
2021-07-21 01:00:00,25.647116666666665
2021-07-21 02:00:00,25.50595
2021-07-21 03:00:00,24.818050000000003
2021-07-21 04:00:00,24.62935
2021-07-21 05:00:00,24.653333333333332
2021-07-21 06:00:00,24.641783333333333
2021-07-21 07:00:00,24.757416666666664
2021-07-21 08:00:00,25.088616666666667
2021-07-21 09:00:00,25.22115
2021-07-21 10:00:00,25.171466666666667
2021-07-21 11:00:00,25.41783333333333
2021-07-21 12:00:00,25.529816666666665
2021-07-21 13:00:00,25.337750000000003
2021-07-21 14:00:00,25.428766666666665
2021-07-21 15:00:00,25.488283333333335
2021-07-21 16:00:00,25.593233333333334
2021-07-21 17:00:00,25.682599999999997
2021-07-21 18:00:00,25.767766666666667
2021-07-21 19:00:00,25.748749999999998
2021-07-21 20:00:00,25.9196
2021-07-21 21:00:00,26.162883333333333
2021-07-21 22:00:00,26.239766666666664
2021-07-21 23:00:00,26.21128333333333
2021-07-22 00:00:00,26.155116666666668
2021-07-22 01:00:00,26.09645
2021-07-22 02:00:00,26.0091
2021-07-22 03:00:00,25.8024
2021-07-22 04:00:00,25.59423333333333
2021-07-22 05:00:00,25.49625
2021-07-22 06:00:00,25.662466666666667
2021-07-22 07:00:00,27.623216666666668
2021-07-22 08:00:00,29.04935
2021-07-22 09:00:00,28.845416666666665
2021-07-22 10:00:00,29.674683333333334
2021-07-22 11:00:00,30.438333333333333
2021-07-22 12:00:00,30.232016666666667
2021-07-22 13:00:00,30.184516666666664
2021-07-22 14:00:00,31.297166666666666
2021-07-22 15:00:00,30.511466666666667
2021-07-22 16:00:00,30.132783333333336
2021-07-22 17:00:00,29.27925
2021-07-22 18:00:00,29.026216666666667
2021-07-22 19:00:00,28.287633333333336
2021-07-22 20:00:00,27.546533333333333
2021-07-22 21:00:00,27.519583333333333
2021-07-22 22:00:00,27.497233333333334
2021-07-22 23:00:00,27.260266666666666
2021-07-23 00:00:00,27.071216666666665
2021-07-23 01:00:00,26.836599999999997
2021-07-23 02:00:00,26.87636666666667
2021-07-23 03:00:00,26.836183333333334
2021-07-23 04:00:00,26.549516666666666
2021-07-23 05:00:00,26.519333333333336
2021-07-23 06:00:00,26.776083333333336
2021-07-23 07:00:00,29.3016
2021-07-23 08:00:00,32.06548333333333
2021-07-23 09:00:00,33.46536666666667
2021-07-23 10:00:00,35.1523
2021-07-23 11:00:00,36.44301666666667
2021-07-23 12:00:00,36.871316666666665
2021-07-23 13:00:00,35.72201666666667
2021-07-23 14:00:00,33.19676666666667
2021-07-23 15:00:00,33.59855
2021-07-23 16:00:00,32.493766666666666
2021-07-23 17:00:00,31.84798333333333
2021-07-23 18:00:00,31.850383333333333
2021-07-23 19:00:00,31.032516666666666
2021-07-23 20:00:00,30.19203333333333
2021-07-23 21:00:00,29.472083333333334
2021-07-23 22:00:00,29.04975
2021-07-23 23:00:00,28.81658333333333
2021-07-24 00:00:00,28.558266666666665
2021-07-24 01:00:00,28.479016666666666
2021-07-24 02:00:00,28.574383333333333
2021-07-24 03:00:00,28.5679
2021-07-24 04:00:00,28.356550000000002
2021-07-24 05:00:00,28.524033333333332
2021-07-24 06:00:00,26.6332
2021-07-24 07:00:00,25.56478333333333
2021-07-24 08:00:00,27.12686666666667
2021-07-24 09:00:00,29.13795
2021-07-24 10:00:00,32.98478333333333
2021-07-24 11:00:00,34.583466666666666
2021-07-24 12:00:00,33.062016666666665
2021-07-24 13:00:00,32.79168333333333
2021-07-24 14:00:00,29.497016666666664
2021-07-24 15:00:00,30.288383333333332
2021-07-24 16:00:00,31.29665
2021-07-24 17:00:00,30.592066666666668
2021-07-24 18:00:00,29.71806666666667
2021-07-24 19:00:00,28.913183333333333
2021-07-24 20:00:00,29.271916666666666
2021-07-24 21:00:00,29.192600000000002
2021-07-24 22:00:00,29.05441666666667
2021-07-24 23:00:00,28.4936
2021-07-25 00:00:00,27.737000000000002
2021-07-25 01:00:00,26.162333333333333
2021-07-25 02:00:00,24.857000000000003
2021-07-25 03:00:00,25.462566666666664
2021-07-25 04:00:00,25.742733333333334
2021-07-25 05:00:00,25.6798
2021-07-25 06:00:00,26.299116666666666
2021-07-25 07:00:00,27.296666666666667
2021-07-25 08:00:00,29.3594
2021-07-25 09:00:00,30.392133333333334
2021-07-25 10:00:00,30.850283333333334
2021-07-25 11:00:00,30.949783333333336
2021-07-25 12:00:00,31.732000000000003
2021-07-25 13:00:00,31.387633333333333
2021-07-25 14:00:00,31.894766666666666
2021-07-25 15:00:00,31.238283333333335
2021-07-25 16:00:00,30.16463333333333
2021-07-25 17:00:00,28.54905
2021-07-25 18:00:00,28.592233333333336
2021-07-25 19:00:00,28.298350000000003
2021-07-25 20:00:00,28.171133333333334
2021-07-25 21:00:00,28.2256
2021-07-25 22:00:00,28.333666666666666
2021-07-25 23:00:00,28.217016666666666
2021-07-26 00:00:00,28.20785
2021-07-26 01:00:00,28.08086666666667
2021-07-26 02:00:00,27.96441666666667
2021-07-26 03:00:00,27.9035
2021-07-26 04:00:00,27.6481
2021-07-26 05:00:00,27.736333333333334
2021-07-26 06:00:00,27.742616666666667
2021-07-26 07:00:00,29.001433333333335
2021-07-26 08:00:00,31.636950000000002
2021-07-26 09:00:00,31.609233333333336
2021-07-26 10:00:00,31.50048333333333
2021-07-26 11:00:00,29.650666666666666
2021-07-26 12:00:00,30.701216666666667
2021-07-26 13:00:00,30.759933333333333
2021-07-26 14:00:00,28.33856666666667
2021-07-26 15:00:00,30.670366666666666
2021-07-26 16:00:00,30.462033333333334
2021-07-26 17:00:00,30.568766666666665
2021-07-26 18:00:00,30.076633333333334
2021-07-26 19:00:00,29.32005
2021-07-26 20:00:00,28.974899999999998
2021-07-26 21:00:00,28.810033333333333
2021-07-26 22:00:00,28.7484
2021-07-26 23:00:00,28.825266666666668
2021-07-27 00:00:00,28.735850000000003
2021-07-27 01:00:00,28.732166666666668
2021-07-27 02:00:00,28.526316666666666
2021-07-27 03:00:00,28.480933333333333
2021-07-27 04:00:00,28.476049999999997
2021-07-27 05:00:00,28.41096666666667
2021-07-27 06:00:00,28.492250000000002
2021-07-27 07:00:00,30.113666666666667
2021-07-27 08:00:00,32.679116666666665
2021-07-27 09:00:00,33.027166666666666
2021-07-27 10:00:00,33.10338333333333
2021-07-27 11:00:00,33.820366666666665
2021-07-27 12:00:00,34.44963333333333
2021-07-27 13:00:00,34.89068333333333
2021-07-27 14:00:00,35.266600000000004
2021-07-27 15:00:00,32.97425
2021-07-27 16:00:00,27.764166666666664
2021-07-27 17:00:00,28.780083333333334
2021-07-27 18:00:00,29.332766666666668
2021-07-27 19:00:00,29.35868333333333
2021-07-27 20:00:00,28.880633333333332
2021-07-27 21:00:00,25.56605
2021-07-27 22:00:00,26.905616666666667
2021-07-27 23:00:00,27.837283333333335
2021-07-28 00:00:00,28.28545
2021-07-28 01:00:00,28.5594
2021-07-28 02:00:00,28.7107
2021-07-28 03:00:00,28.690033333333336
2021-07-28 04:00:00,28.7148
2021-07-28 05:00:00,28.90045
2021-07-28 06:00:00,28.954250000000002
2021-07-28 07:00:00,29.689183333333336
2021-07-28 08:00:00,31.085500000000003
2021-07-28 09:00:00,32.401916666666665
2021-07-28 10:00:00,33.78835
2021-07-28 11:00:00,33.68533333333333
2021-07-28 12:00:00,33.53991666666666
2021-07-28 13:00:00,33.720816666666664
2021-07-28 14:00:00,32.304566666666666
2021-07-28 15:00:00,28.633516666666665
2021-07-28 16:00:00,26.1013
2021-07-28 17:00:00,26.75235
2021-07-28 18:00:00,27.219083333333334
2021-07-28 19:00:00,27.282383333333332
2021-07-28 20:00:00,27.03783333333333
2021-07-28 21:00:00,27.877833333333335
2021-07-28 22:00:00,27.500666666666667
2021-07-28 23:00:00,27.2168
2021-07-29 00:00:00,27.535183333333336
2021-07-29 01:00:00,27.536716666666667
2021-07-29 02:00:00,27.119500000000002
2021-07-29 03:00:00,27.37911666666667
2021-07-29 04:00:00,27.506500000000003
2021-07-29 05:00:00,27.581233333333333
2021-07-29 06:00:00,27.10735
2021-07-29 07:00:00,28.087066666666665
2021-07-29 08:00:00,28.95358333333333
2021-07-29 09:00:00,29.634666666666664
2021-07-29 10:00:00,29.820416666666667
2021-07-29 11:00:00,29.482683333333334
2021-07-29 12:00:00,28.83785
2021-07-29 13:00:00,27.02225
2021-07-29 14:00:00,27.220233333333333
2021-07-29 15:00:00,27.654999999999998
2021-07-29 16:00:00,27.7869
2021-07-29 17:00:00,28.065566666666665
2021-07-29 18:00:00,28.07176666666667
2021-07-29 19:00:00,27.576216666666667
2021-07-29 20:00:00,27.3349
2021-07-29 21:00:00,27.329716666666666
2021-07-29 22:00:00,27.3272
2021-07-29 23:00:00,27.378
2021-07-30 00:00:00,27.268933333333333
2021-07-30 01:00:00,27.350783333333332
2021-07-30 02:00:00,27.032883333333334
2021-07-30 03:00:00,26.313733333333335
2021-07-30 04:00:00,25.942116666666667
2021-07-30 05:00:00,26.406183333333335
2021-07-30 06:00:00,26.530116666666668
2021-07-30 07:00:00,27.06181666666667
2021-07-30 08:00:00,27.483066666666666
2021-07-30 09:00:00,25.767699999999998
2021-07-30 10:00:00,26.205383333333334
2021-07-30 11:00:00,27.42728333333333
2021-07-30 12:00:00,28.75245
2021-07-30 13:00:00,29.210033333333335
2021-07-30 14:00:00,29.373783333333332
2021-07-30 15:00:00,28.86341666666667
2021-07-30 16:00:00,29.113183333333332
2021-07-30 17:00:00,28.43345
2021-07-30 18:00:00,27.872883333333334
2021-07-30 19:00:00,27.436883333333334
2021-07-30 20:00:00,27.512549999999997
2021-07-30 21:00:00,27.701016666666664
2021-07-30 22:00:00,27.735833333333336
2021-07-30 23:00:00,27.977433333333334
2021-07-31 00:00:00,27.069166666666668
2021-07-31 01:00:00,26.361016666666668
2021-07-31 02:00:00,26.237583333333337
2021-07-31 03:00:00,26.197633333333332
2021-07-31 04:00:00,26.474533333333333
2021-07-31 05:00:00,26.7335
2021-07-31 06:00:00,26.803266666666666
2021-07-31 07:00:00,26.43886666666667
2021-07-31 08:00:00,27.121733333333335
2021-07-31 09:00:00,28.78646666666667
2021-07-31 10:00:00,31.069533333333332
2021-07-31 11:00:00,31.410466666666665
2021-07-31 12:00:00,30.843700000000002
2021-07-31 13:00:00,30.764166666666664
2021-07-31 14:00:00,31.07625
2021-07-31 15:00:00,30.573216666666667
2021-07-31 16:00:00,29.629216666666665
2021-07-31 17:00:00,29.096933333333332
2021-07-31 18:00:00,28.580533333333335
2021-07-31 19:00:00,28.3408
2021-07-31 20:00:00,28.268766666666668
2021-07-31 21:00:00,28.311449999999997
2021-07-31 22:00:00,28.73545
2021-07-31 23:00:00,28.614683333333335
2021-08-01 00:00:00,27.022566666666666
2021-08-01 01:00:00,26.362016666666666
2021-08-01 02:00:00,26.225733333333334
2021-08-01 03:00:00,26.726533333333336
2021-08-01 04:00:00,26.78666666666667
2021-08-01 05:00:00,27.09675
2021-08-01 06:00:00,27.63041666666667
2021-08-01 07:00:00,28.9875
2021-08-01 08:00:00,30.63245
2021-08-01 09:00:00,31.684483333333333
2021-08-01 10:00:00,32.3945
2021-08-01 11:00:00,32.876983333333335
2021-08-01 12:00:00,31.669266666666665
2021-08-01 13:00:00,31.5609
2021-08-01 14:00:00,29.154066666666665
2021-08-01 15:00:00,28.300733333333334
2021-08-01 16:00:00,27.393250000000002
2021-08-01 17:00:00,27.99585
2021-08-01 18:00:00,28.047666666666668
2021-08-01 19:00:00,27.93003333333333
2021-08-01 20:00:00,27.960733333333334
2021-08-01 21:00:00,27.975183333333334
2021-08-01 22:00:00,28.139533333333336
2021-08-01 23:00:00,28.189700000000002
2021-08-02 00:00:00,28.174083333333332
2021-08-02 01:00:00,28.074833333333334
2021-08-02 02:00:00,27.744716666666665
2021-08-02 03:00:00,27.362216666666665
2021-08-02 04:00:00,27.237633333333335
2021-08-02 05:00:00,27.185850000000002
2021-08-02 06:00:00,26.9865
2021-08-02 07:00:00,28.713066666666666
2021-08-02 08:00:00,28.965933333333332
2021-08-02 09:00:00,28.823416666666667
2021-08-02 10:00:00,29.3936
2021-08-02 11:00:00,29.29515
2021-08-02 12:00:00,30.5469
2021-08-02 13:00:00,32.62275
2021-08-02 14:00:00,31.422633333333334
2021-08-02 15:00:00,31.433633333333333
2021-08-02 16:00:00,29.530666666666665
2021-08-02 17:00:00,29.92556666666667
2021-08-02 18:00:00,29.300766666666668
2021-08-02 19:00:00,28.7949
2021-08-02 20:00:00,28.673133333333332
2021-08-02 21:00:00,28.505633333333332
2021-08-02 22:00:00,27.9674
2021-08-02 23:00:00,27.728366666666666
2021-08-03 00:00:00,27.709383333333335
2021-08-03 01:00:00,27.367833333333333
2021-08-03 02:00:00,27.107533333333333
2021-08-03 03:00:00,26.85953333333333
2021-08-03 04:00:00,26.642083333333336
2021-08-03 05:00:00,25.857833333333335
2021-08-03 06:00:00,25.899766666666665
2021-08-03 07:00:00,26.387733333333333
2021-08-03 08:00:00,27.571416666666668
2021-08-03 09:00:00,27.281783333333333
2021-08-03 10:00:00,27.6082
2021-08-03 11:00:00,27.037266666666664
2021-08-03 12:00:00,26.433566666666664
2021-08-03 13:00:00,26.109733333333335
2021-08-03 14:00:00,25.71131666666667
2021-08-03 15:00:00,25.70041666666667
2021-08-03 16:00:00,26.278883333333333
2021-08-03 17:00:00,26.341150000000003
2021-08-03 18:00:00,25.81205
2021-08-03 19:00:00,25.668616666666665
2021-08-03 20:00:00,25.760350000000003
2021-08-03 21:00:00,25.701216666666667
2021-08-03 22:00:00,25.765533333333334
2021-08-03 23:00:00,25.8034
2021-08-04 00:00:00,25.77508333333333
2021-08-04 01:00:00,25.811366666666668
2021-08-04 02:00:00,25.79255
2021-08-04 03:00:00,25.985116666666666
2021-08-04 04:00:00,26.010516666666668
2021-08-04 05:00:00,26.062549999999998
2021-08-04 06:00:00,26.2909
2021-08-04 07:00:00,27.161416666666664
2021-08-04 08:00:00,29.00335
2021-08-04 09:00:00,30.350183333333334
2021-08-04 10:00:00,31.11048333333333
2021-08-04 11:00:00,30.284333333333333
2021-08-04 12:00:00,30.81435
2021-08-04 13:00:00,31.571033333333332
2021-08-04 14:00:00,32.7332
2021-08-04 15:00:00,31.009233333333334
2021-08-04 16:00:00,28.255666666666666
2021-08-04 17:00:00,25.587316666666666
2021-08-04 18:00:00,26.130166666666664
2021-08-04 19:00:00,26.15781666666667
2021-08-04 20:00:00,26.070966666666667
2021-08-04 21:00:00,25.2912
2021-08-04 22:00:00,25.11018333333333
2021-08-04 23:00:00,25.625583333333335
2021-08-05 00:00:00,25.596566666666668
2021-08-05 01:00:00,25.7195
2021-08-05 02:00:00,25.893116666666668
2021-08-05 03:00:00,25.971166666666665
2021-08-05 04:00:00,25.930799999999998
2021-08-05 05:00:00,25.930933333333332
2021-08-05 06:00:00,25.947866666666666
2021-08-05 07:00:00,26.225183333333334
2021-08-05 08:00:00,26.980016666666664
2021-08-05 09:00:00,27.603616666666667
2021-08-05 10:00:00,28.04205
2021-08-05 11:00:00,28.150366666666667
2021-08-05 12:00:00,27.7387
2021-08-05 13:00:00,27.760883333333332
2021-08-05 14:00:00,27.237516666666668
2021-08-05 15:00:00,26.172866666666668
2021-08-05 16:00:00,26.047833333333333
2021-08-05 17:00:00,26.40243333333333
2021-08-05 18:00:00,26.520566666666664
2021-08-05 19:00:00,26.527233333333335
2021-08-05 20:00:00,26.572033333333334
2021-08-05 21:00:00,26.586166666666667
2021-08-05 22:00:00,26.717483333333334
2021-08-05 23:00:00,26.633766666666666
2021-08-06 00:00:00,26.77058333333333
2021-08-06 01:00:00,26.624783333333333
2021-08-06 02:00:00,25.874633333333335
2021-08-06 03:00:00,25.653116666666666
2021-08-06 04:00:00,25.61795
2021-08-06 05:00:00,26.069266666666667
2021-08-06 06:00:00,26.4455
2021-08-06 07:00:00,27.094766666666665
2021-08-06 08:00:00,28.891066666666667
2021-08-06 09:00:00,29.319433333333333
2021-08-06 10:00:00,29.13273333333333
2021-08-06 11:00:00,28.70681666666667
2021-08-06 12:00:00,28.01995
2021-08-06 13:00:00,28.3523
2021-08-06 14:00:00,29.3287
2021-08-06 15:00:00,29.740599999999997
2021-08-06 16:00:00,28.894333333333336
2021-08-06 17:00:00,28.28895
2021-08-06 18:00:00,27.93413333333333
2021-08-06 19:00:00,27.831883333333334
2021-08-06 20:00:00,26.865150000000003
2021-08-06 21:00:00,26.754433333333335
2021-08-06 22:00:00,27.1383
2021-08-06 23:00:00,27.345416666666665
2021-08-07 00:00:00,27.0202
2021-08-07 01:00:00,26.825750000000003
2021-08-07 02:00:00,26.635933333333334
2021-08-07 03:00:00,26.919633333333334
2021-08-07 04:00:00,27.080716666666667
2021-08-07 05:00:00,27.042266666666666
2021-08-07 06:00:00,27.213649999999998
2021-08-07 07:00:00,27.83015
2021-08-07 08:00:00,30.619466666666664
2021-08-07 09:00:00,30.661516666666667
2021-08-07 10:00:00,30.8977
2021-08-07 11:00:00,30.708383333333334
2021-08-07 12:00:00,29.965449999999997
2021-08-07 13:00:00,28.759383333333336
2021-08-07 14:00:00,28.515466666666665
2021-08-07 15:00:00,28.183333333333334
2021-08-07 16:00:00,28.166166666666665
2021-08-07 17:00:00,28.397916666666667
2021-08-07 18:00:00,27.93345
2021-08-07 19:00:00,27.782833333333333
2021-08-07 20:00:00,27.310716666666668
2021-08-07 21:00:00,26.990166666666667
2021-08-07 22:00:00,27.090033333333334
2021-08-07 23:00:00,27.270533333333333
2021-08-08 00:00:00,26.717816666666668
2021-08-08 01:00:00,26.608616666666666
2021-08-08 02:00:00,26.84455
2021-08-08 03:00:00,27.031266666666667
2021-08-08 04:00:00,26.892699999999998
2021-08-08 05:00:00,26.628416666666666
2021-08-08 06:00:00,26.961983333333333
2021-08-08 07:00:00,27.321183333333334
2021-08-08 08:00:00,27.889499999999998
2021-08-08 09:00:00,28.58448333333333
2021-08-08 10:00:00,28.779866666666667
2021-08-08 11:00:00,29.50955
2021-08-08 12:00:00,30.26768333333333
2021-08-08 13:00:00,30.437116666666668
2021-08-08 14:00:00,30.613883333333334
2021-08-08 15:00:00,30.34135
2021-08-08 16:00:00,29.96475
2021-08-08 17:00:00,29.158683333333332
2021-08-08 18:00:00,28.321849999999998
2021-08-08 19:00:00,28.213666666666665
2021-08-08 20:00:00,27.990216666666665
2021-08-08 21:00:00,27.77485
2021-08-08 22:00:00,27.79615
2021-08-08 23:00:00,26.646116666666668
2021-08-09 00:00:00,26.57385
2021-08-09 01:00:00,26.434266666666666
2021-08-09 02:00:00,26.72555
2021-08-09 03:00:00,26.854133333333333
2021-08-09 04:00:00,26.828
2021-08-09 05:00:00,26.988933333333332
2021-08-09 06:00:00,27.053566666666665
2021-08-09 07:00:00,27.436249999999998
2021-08-09 08:00:00,27.988516666666666
2021-08-09 09:00:00,29.5503
2021-08-09 10:00:00,29.279566666666664
2021-08-09 11:00:00,29.50136666666667
2021-08-09 12:00:00,29.8931
2021-08-09 13:00:00,29.15415
2021-08-09 14:00:00,27.71445
2021-08-09 15:00:00,28.02225
2021-08-09 16:00:00,27.5196
2021-08-09 17:00:00,27.439666666666668
2021-08-09 18:00:00,27.368483333333334
2021-08-09 19:00:00,26.36335
2021-08-09 20:00:00,25.93815
2021-08-09 21:00:00,25.638933333333334
2021-08-09 22:00:00,25.484266666666667
2021-08-09 23:00:00,25.570133333333334
2021-08-10 00:00:00,25.678566666666665
2021-08-10 01:00:00,25.7034
2021-08-10 02:00:00,25.932616666666668
2021-08-10 03:00:00,26.164583333333333
2021-08-10 04:00:00,26.499466666666667
2021-08-10 05:00:00,26.511599999999998
2021-08-10 06:00:00,26.60395
2021-08-10 07:00:00,27.31935
2021-08-10 08:00:00,28.708816666666667
2021-08-10 09:00:00,28.6257
2021-08-10 10:00:00,27.76406666666667
2021-08-10 11:00:00,28.035500000000003
2021-08-10 12:00:00,29.65396666666667
2021-08-10 13:00:00,28.751733333333334
2021-08-10 14:00:00,28.662316666666666
2021-08-10 15:00:00,28.650166666666667
2021-08-10 16:00:00,28.569066666666668
2021-08-10 17:00:00,28.189283333333332
2021-08-10 18:00:00,28.00405
2021-08-10 19:00:00,27.74363333333333
2021-08-10 20:00:00,27.596549999999997
2021-08-10 21:00:00,27.31791666666667
2021-08-10 22:00:00,27.071833333333334
2021-08-10 23:00:00,26.968816666666665
2021-08-11 00:00:00,26.962266666666665
2021-08-11 01:00:00,26.9802
2021-08-11 02:00:00,26.94895
2021-08-11 03:00:00,26.641333333333332
2021-08-11 04:00:00,26.618966666666665
2021-08-11 05:00:00,25.89995
2021-08-11 06:00:00,26.20358333333333
2021-08-11 07:00:00,26.910833333333336
2021-08-11 08:00:00,26.695283333333336
2021-08-11 09:00:00,29.807066666666667
2021-08-11 10:00:00,31.219833333333334
2021-08-11 11:00:00,30.78921666666667
2021-08-11 12:00:00,31.100716666666663
2021-08-11 13:00:00,30.197016666666666
2021-08-11 14:00:00,29.946550000000002
2021-08-11 15:00:00,30.626733333333334
2021-08-11 16:00:00,29.688016666666666
2021-08-11 17:00:00,29.277116666666664
2021-08-11 18:00:00,27.247349999999997
2021-08-11 19:00:00,26.73895
2021-08-11 20:00:00,26.762433333333334
2021-08-11 21:00:00,27.019650000000002
2021-08-11 22:00:00,26.915216666666666
2021-08-11 23:00:00,26.779783333333334
2021-08-12 00:00:00,26.8351
2021-08-12 01:00:00,26.583683333333333
2021-08-12 02:00:00,26.58716666666667
2021-08-12 03:00:00,26.59576666666667
2021-08-12 04:00:00,26.148266666666665
2021-08-12 05:00:00,26.043833333333332
2021-08-12 06:00:00,26.35578333333333
2021-08-12 07:00:00,27.116899999999998
2021-08-12 08:00:00,29.181833333333334
2021-08-12 09:00:00,29.67465
2021-08-12 10:00:00,29.557383333333334
2021-08-12 11:00:00,30.073649999999997
2021-08-12 12:00:00,31.362099999999998
2021-08-12 13:00:00,30.247766666666667
2021-08-12 14:00:00,30.254083333333334
2021-08-12 15:00:00,29.005483333333334
2021-08-12 16:00:00,28.459600000000002
2021-08-12 17:00:00,28.3818
2021-08-12 18:00:00,27.57055
2021-08-12 19:00:00,27.638583333333333
2021-08-12 20:00:00,26.941716666666665
2021-08-12 21:00:00,26.581983333333334
2021-08-12 22:00:00,26.753483333333335
2021-08-12 23:00:00,26.565833333333334
2021-08-13 00:00:00,26.6385
2021-08-13 01:00:00,26.30295
2021-08-13 02:00:00,26.1171
2021-08-13 03:00:00,26.140383333333332
2021-08-13 04:00:00,25.9946
2021-08-13 05:00:00,25.84615
2021-08-13 06:00:00,25.864216666666668
2021-08-13 07:00:00,28.096333333333334
2021-08-13 08:00:00,30.0935
2021-08-13 09:00:00,29.266816666666667
2021-08-13 10:00:00,28.451416666666667
2021-08-13 11:00:00,25.342716666666668
2021-08-13 12:00:00,26.433049999999998
2021-08-13 13:00:00,28.787899999999997
2021-08-13 14:00:00,29.673099999999998
2021-08-13 15:00:00,29.93365
2021-08-13 16:00:00,29.0421
2021-08-13 17:00:00,27.468683333333335
2021-08-13 18:00:00,27.403583333333334
2021-08-13 19:00:00,27.261266666666664
2021-08-13 20:00:00,27.300933333333333
2021-08-13 21:00:00,27.380766666666666
2021-08-13 22:00:00,27.118783333333333
2021-08-13 23:00:00,26.923566666666666
2021-08-14 00:00:00,26.842433333333336
2021-08-14 01:00:00,26.748566666666665
2021-08-14 02:00:00,26.810333333333332
2021-08-14 03:00:00,26.519433333333332
2021-08-14 04:00:00,26.457133333333335
2021-08-14 05:00:00,26.731383333333333
2021-08-14 06:00:00,26.71196666666667
2021-08-14 07:00:00,26.268700000000003
2021-08-14 08:00:00,25.8838
2021-08-14 09:00:00,26.195383333333332
2021-08-14 10:00:00,25.3694
2021-08-14 11:00:00,25.8333
2021-08-14 12:00:00,27.516233333333332
2021-08-14 13:00:00,27.557183333333334
2021-08-14 14:00:00,27.518383333333336
2021-08-14 15:00:00,26.11726666666667
2021-08-14 16:00:00,26.978983333333336
2021-08-14 17:00:00,26.012833333333333
2021-08-14 18:00:00,25.869333333333334
2021-08-14 19:00:00,25.67233333333333
2021-08-14 20:00:00,25.942116666666667
2021-08-14 21:00:00,26.0665
2021-08-14 22:00:00,25.9609
2021-08-14 23:00:00,25.907
2021-08-15 00:00:00,25.758750000000003
2021-08-15 01:00:00,25.611733333333333
2021-08-15 02:00:00,25.187583333333336
2021-08-15 03:00:00,24.871266666666667
2021-08-15 04:00:00,24.626616666666667
2021-08-15 05:00:00,24.474466666666668
2021-08-15 06:00:00,24.3825
2021-08-15 07:00:00,24.64235
2021-08-15 08:00:00,25.16936666666667
2021-08-15 09:00:00,25.69485
2021-08-15 10:00:00,26.84105
2021-08-15 11:00:00,27.20361666666667
2021-08-15 12:00:00,27.902316666666664
2021-08-15 13:00:00,27.5854
2021-08-15 14:00:00,27.545016666666665
2021-08-15 15:00:00,27.5811
2021-08-15 16:00:00,26.985833333333336
2021-08-15 17:00:00,26.13853333333333
2021-08-15 18:00:00,25.189766666666667
2021-08-15 19:00:00,25.056466666666665
2021-08-15 20:00:00,25.443166666666666
2021-08-15 21:00:00,25.005616666666665
2021-08-15 22:00:00,24.895266666666664
2021-08-15 23:00:00,25.12835
2021-08-16 00:00:00,24.808783333333334
2021-08-16 01:00:00,24.717116666666666
2021-08-16 02:00:00,24.81405
2021-08-16 03:00:00,24.66738333333333
2021-08-16 04:00:00,24.675283333333333
2021-08-16 05:00:00,24.598583333333334
2021-08-16 06:00:00,24.88605
2021-08-16 07:00:00,25.803283333333336
2021-08-16 08:00:00,28.000616666666666
2021-08-16 09:00:00,27.95328333333333
2021-08-16 10:00:00,27.785166666666665
2021-08-16 11:00:00,28.510733333333334
2021-08-16 12:00:00,27.995083333333334
2021-08-16 13:00:00,29.944650000000003
2021-08-16 14:00:00,30.84875
2021-08-16 15:00:00,30.597266666666666
2021-08-16 16:00:00,29.6461
2021-08-16 17:00:00,29.462933333333336
2021-08-16 18:00:00,28.446583333333333
2021-08-16 19:00:00,27.871533333333332
2021-08-16 20:00:00,27.15808333333333
2021-08-16 21:00:00,26.669966666666667
2021-08-16 22:00:00,26.861866666666668
2021-08-16 23:00:00,26.01418333333333
2021-08-17 00:00:00,25.79905
2021-08-17 01:00:00,25.710166666666666
2021-08-17 02:00:00,25.713366666666666
2021-08-17 03:00:00,25.588966666666668
2021-08-17 04:00:00,25.444383333333334
2021-08-17 05:00:00,25.682416666666665
2021-08-17 06:00:00,25.862583333333337
2021-08-17 07:00:00,27.02555
2021-08-17 08:00:00,28.440283333333333
2021-08-17 09:00:00,30.10873333333333
2021-08-17 10:00:00,30.683666666666667
2021-08-17 11:00:00,31.28605
2021-08-17 12:00:00,33.83566666666667
2021-08-17 13:00:00,32.393566666666665
2021-08-17 14:00:00,33.1634
2021-08-17 15:00:00,32.48198333333333
2021-08-17 16:00:00,31.9628
2021-08-17 17:00:00,30.585449999999998
2021-08-17 18:00:00,29.641416666666668
2021-08-17 19:00:00,28.72843333333333
2021-08-17 20:00:00,28.340066666666665
2021-08-17 21:00:00,28.127850000000002
2021-08-17 22:00:00,27.79295
2021-08-17 23:00:00,27.7305
2021-08-18 00:00:00,27.43475
2021-08-18 01:00:00,27.24025
2021-08-18 02:00:00,27.108333333333334
2021-08-18 03:00:00,27.009816666666666
2021-08-18 04:00:00,27.038483333333332
2021-08-18 05:00:00,26.958816666666667
2021-08-18 06:00:00,26.835433333333334
2021-08-18 07:00:00,28.0734
2021-08-18 08:00:00,29.54191666666667
2021-08-18 09:00:00,30.795216666666665
2021-08-18 10:00:00,31.399733333333334
2021-08-18 11:00:00,30.922349999999998
2021-08-18 12:00:00,31.982183333333335
2021-08-18 13:00:00,32.5434
2021-08-18 14:00:00,31.9386
2021-08-18 15:00:00,30.458816666666667
2021-08-18 16:00:00,28.038366666666665
2021-08-18 17:00:00,27.030583333333333
2021-08-18 18:00:00,26.9274
2021-08-18 19:00:00,27.08581666666667
2021-08-18 20:00:00,27.003083333333333
2021-08-18 21:00:00,26.862483333333333
2021-08-18 22:00:00,26.494533333333333
2021-08-18 23:00:00,25.986616666666666
2021-08-19 00:00:00,25.754399999999997
2021-08-19 01:00:00,25.71715
2021-08-19 02:00:00,25.8662
2021-08-19 03:00:00,25.69765
2021-08-19 04:00:00,25.551783333333333
2021-08-19 05:00:00,25.854216666666666
2021-08-19 06:00:00,25.895683333333334
2021-08-19 07:00:00,27.72725
2021-08-19 08:00:00,28.36575
2021-08-19 09:00:00,29.227899999999998
2021-08-19 10:00:00,29.922433333333334
2021-08-19 11:00:00,27.69771666666667
2021-08-19 12:00:00,27.5924
2021-08-19 13:00:00,27.815833333333334
2021-08-19 14:00:00,28.10115
2021-08-19 15:00:00,28.60328333333333
2021-08-19 16:00:00,28.967
2021-08-19 17:00:00,28.263466666666666
2021-08-19 18:00:00,27.949783333333336
2021-08-19 19:00:00,27.299016666666667
2021-08-19 20:00:00,27.063983333333333
2021-08-19 21:00:00,26.55281666666667
2021-08-19 22:00:00,26.303183333333333
2021-08-19 23:00:00,26.342499999999998
2021-08-20 00:00:00,26.021966666666668
2021-08-20 01:00:00,26.103150000000003
2021-08-20 02:00:00,26.013199999999998
2021-08-20 03:00:00,25.75003333333333
2021-08-20 04:00:00,25.5523
2021-08-20 05:00:00,25.41776666666667
2021-08-20 06:00:00,25.91185
2021-08-20 07:00:00,28.0335
2021-08-20 08:00:00,29.179199999999998
2021-08-20 09:00:00,29.974866666666667
2021-08-20 10:00:00,30.63795
2021-08-20 11:00:00,31.521483333333332
2021-08-20 12:00:00,32.412533333333336
2021-08-20 13:00:00,32.93005
2021-08-20 14:00:00,34.931466666666665
2021-08-20 15:00:00,32.13741666666667
2021-08-20 16:00:00,30.1252
2021-08-20 17:00:00,29.010299999999997
2021-08-20 18:00:00,28.7908
2021-08-20 19:00:00,28.501250000000002
2021-08-20 20:00:00,28.149350000000002
2021-08-20 21:00:00,27.7584
2021-08-20 22:00:00,27.72716666666667
2021-08-20 23:00:00,27.58563333333333
2021-08-21 00:00:00,27.2419
2021-08-21 01:00:00,26.94655
2021-08-21 02:00:00,26.8234
2021-08-21 03:00:00,26.75048333333333
2021-08-21 04:00:00,26.436233333333334
2021-08-21 05:00:00,26.850033333333332
2021-08-21 06:00:00,27.103316666666668
2021-08-21 07:00:00,28.4295
2021-08-21 08:00:00,30.303366666666665
2021-08-21 09:00:00,30.973200000000002
2021-08-21 10:00:00,31.61295
2021-08-21 11:00:00,32.529900000000005
2021-08-21 12:00:00,33.170033333333336
2021-08-21 13:00:00,33.0867
2021-08-21 14:00:00,33.073
2021-08-21 15:00:00,31.786216666666668
2021-08-21 16:00:00,30.062166666666666
2021-08-21 17:00:00,29.7152
2021-08-21 18:00:00,28.977466666666665
2021-08-21 19:00:00,28.596383333333332
2021-08-21 20:00:00,28.436966666666667
2021-08-21 21:00:00,28.311666666666667
2021-08-21 22:00:00,28.175066666666666
2021-08-21 23:00:00,27.821633333333335
2021-08-22 00:00:00,27.580533333333335
2021-08-22 01:00:00,27.522933333333334
2021-08-22 02:00:00,27.48075
2021-08-22 03:00:00,27.34855
2021-08-22 04:00:00,27.277983333333335
2021-08-22 05:00:00,27.170099999999998
2021-08-22 06:00:00,27.49588333333333
2021-08-22 07:00:00,28.615833333333335
2021-08-22 08:00:00,29.64356666666667
2021-08-22 09:00:00,31.00515
2021-08-22 10:00:00,31.933016666666667
2021-08-22 11:00:00,31.80075
2021-08-22 12:00:00,32.70133333333333
2021-08-22 13:00:00,33.071983333333336
2021-08-22 14:00:00,33.141933333333334
2021-08-22 15:00:00,32.284
2021-08-22 16:00:00,31.56321666666667
2021-08-22 17:00:00,30.434700000000003
2021-08-22 18:00:00,29.5856
2021-08-22 19:00:00,28.671100000000003
2021-08-22 20:00:00,28.130283333333335
2021-08-22 21:00:00,27.943433333333335
2021-08-22 22:00:00,27.51481666666667
2021-08-22 23:00:00,27.448916666666666
2021-08-23 00:00:00,27.415200000000002
2021-08-23 01:00:00,27.312416666666664
2021-08-23 02:00:00,27.2288
2021-08-23 03:00:00,27.2172
2021-08-23 04:00:00,27.1907
2021-08-23 05:00:00,27.2044
2021-08-23 06:00:00,27.43545
2021-08-23 07:00:00,28.54713333333333
2021-08-23 08:00:00,29.73551666666667
2021-08-23 09:00:00,31.146883333333335
2021-08-23 10:00:00,31.801283333333334
2021-08-23 11:00:00,31.479433333333336
2021-08-23 12:00:00,31.786350000000002
2021-08-23 13:00:00,31.23486666666667
2021-08-23 14:00:00,31.059283333333333
2021-08-23 15:00:00,30.466549999999998
2021-08-23 16:00:00,30.147483333333334
2021-08-23 17:00:00,29.0043
2021-08-23 18:00:00,28.198866666666667
2021-08-23 19:00:00,27.865833333333335
2021-08-23 20:00:00,27.419216666666667
2021-08-23 21:00:00,27.489116666666668
2021-08-23 22:00:00,27.486
2021-08-23 23:00:00,26.991216666666666
2021-08-24 00:00:00,27.16475
2021-08-24 01:00:00,27.074983333333332
2021-08-24 02:00:00,27.0162
2021-08-24 03:00:00,26.70518333333333
2021-08-24 04:00:00,26.377833333333335
2021-08-24 05:00:00,26.44325
2021-08-24 06:00:00,26.50746666666667
2021-08-24 07:00:00,27.587116666666667
2021-08-24 08:00:00,29.779999999999998
2021-08-24 09:00:00,30.270783333333334
2021-08-24 10:00:00,28.617166666666666
2021-08-24 11:00:00,31.242666666666665
2021-08-24 12:00:00,30.123566666666665
2021-08-24 13:00:00,30.973383333333334
2021-08-24 14:00:00,30.2045
2021-08-24 15:00:00,29.917366666666666
2021-08-24 16:00:00,29.33986666666667
2021-08-24 17:00:00,28.286066666666667
2021-08-24 18:00:00,27.82541666666667
2021-08-24 19:00:00,27.723716666666668
2021-08-24 20:00:00,27.587666666666667
2021-08-24 21:00:00,27.231983333333336
2021-08-24 22:00:00,27.105816666666666
2021-08-24 23:00:00,27.157833333333333
2021-08-25 00:00:00,26.94161666666667
2021-08-25 01:00:00,26.940716666666667
2021-08-25 02:00:00,26.766516666666668
2021-08-25 03:00:00,26.75586666666667
2021-08-25 04:00:00,26.259766666666668
2021-08-25 05:00:00,25.993299999999998
2021-08-25 06:00:00,26.040399999999998
2021-08-25 07:00:00,27.31631666666667
2021-08-25 08:00:00,28.665116666666666
2021-08-25 09:00:00,29.600399999999997
2021-08-25 10:00:00,30.815383333333333
2021-08-25 11:00:00,31.003283333333336
2021-08-25 12:00:00,30.539783333333332
2021-08-25 13:00:00,30.592516666666665
2021-08-25 14:00:00,29.82385
2021-08-25 15:00:00,27.8561
2021-08-25 16:00:00,27.987466666666666
2021-08-25 17:00:00,28.08695
2021-08-25 18:00:00,27.290316666666666
2021-08-25 19:00:00,26.926316666666665
2021-08-25 20:00:00,27.035283333333332
2021-08-25 21:00:00,26.86681666666667
2021-08-25 22:00:00,26.195483333333335
2021-08-25 23:00:00,25.707733333333334
2021-08-26 00:00:00,26.15941666666667
2021-08-26 01:00:00,25.948266666666665
2021-08-26 02:00:00,25.7762
2021-08-26 03:00:00,25.968183333333332
2021-08-26 04:00:00,26.190283333333333
2021-08-26 05:00:00,25.89016666666667
2021-08-26 06:00:00,25.9866
2021-08-26 07:00:00,29.22955
2021-08-26 08:00:00,31.677533333333333
2021-08-26 09:00:00,28.863633333333333
2021-08-26 10:00:00,29.814649999999997
2021-08-26 11:00:00,30.473483333333334
2021-08-26 12:00:00,30.16425
2021-08-26 13:00:00,31.209633333333333
2021-08-26 14:00:00,30.643833333333337
2021-08-26 15:00:00,30.06093333333333
2021-08-26 16:00:00,29.228183333333334
2021-08-26 17:00:00,28.313933333333335
2021-08-26 18:00:00,27.603366666666666
2021-08-26 19:00:00,27.185866666666666
2021-08-26 20:00:00,27.295849999999998
2021-08-26 21:00:00,27.404633333333333
2021-08-26 22:00:00,27.060299999999998
2021-08-26 23:00:00,27.433333333333334
2021-08-27 00:00:00,27.22125
2021-08-27 01:00:00,26.9096
2021-08-27 02:00:00,26.828683333333334
2021-08-27 03:00:00,26.56321666666667
2021-08-27 04:00:00,26.5945
2021-08-27 05:00:00,26.17233333333333
2021-08-27 06:00:00,25.653566666666666
2021-08-27 07:00:00,26.0942
2021-08-27 08:00:00,23.81021666666667
2021-08-27 09:00:00,26.0212
2021-08-27 10:00:00,21.59035
2021-08-27 11:00:00,21.160183333333336
2021-08-27 12:00:00,21.996
2021-08-27 13:00:00,21.968733333333333
2021-08-27 14:00:00,22.13243333333333
2021-08-27 15:00:00,22.297616666666666
2021-08-27 16:00:00,22.356133333333332
2021-08-27 17:00:00,22.08495
2021-08-27 18:00:00,22.58025
2021-08-27 19:00:00,23.113633333333333
2021-08-27 20:00:00,23.352616666666666
2021-08-27 21:00:00,23.449683333333333
2021-08-27 22:00:00,23.47308333333333
2021-08-27 23:00:00,23.6399
2021-08-28 00:00:00,24.028599999999997
2021-08-28 01:00:00,24.393716666666666
2021-08-28 02:00:00,23.561300000000003
2021-08-28 03:00:00,24.13465
2021-08-28 04:00:00,24.40315
2021-08-28 05:00:00,24.250533333333333
2021-08-28 06:00:00,24.08855
2021-08-28 07:00:00,25.185766666666666
2021-08-28 08:00:00,29.58105
2021-08-28 09:00:00,29.614483333333332
2021-08-28 10:00:00,31.005816666666664
2021-08-28 11:00:00,28.010883333333332
2021-08-28 12:00:00,25.121233333333336
2021-08-28 13:00:00,24.7781
2021-08-28 14:00:00,28.695383333333332
2021-08-28 15:00:00,28.160216666666667
2021-08-28 16:00:00,27.3672
2021-08-28 17:00:00,26.33905
2021-08-28 18:00:00,26.057399999999998
2021-08-28 19:00:00,25.547900000000002
2021-08-28 20:00:00,25.28943333333333
2021-08-28 21:00:00,25.381216666666667
2021-08-28 22:00:00,25.997533333333333
2021-08-28 23:00:00,26.58836666666667
2021-08-29 00:00:00,26.54778333333333
2021-08-29 01:00:00,26.519916666666667
2021-08-29 02:00:00,26.127566666666667
2021-08-29 03:00:00,25.96315
2021-08-29 04:00:00,26.123033333333336
2021-08-29 05:00:00,26.092216666666666
2021-08-29 06:00:00,26.251649999999998
2021-08-29 07:00:00,27.845000000000002
2021-08-29 08:00:00,26.48855
2021-08-29 09:00:00,24.899366666666666
2021-08-29 10:00:00,24.722883333333336
2021-08-29 11:00:00,24.753033333333335
2021-08-29 12:00:00,26.46465
2021-08-29 13:00:00,26.930516666666666
2021-08-29 14:00:00,28.12793333333333
2021-08-29 15:00:00,29.56498333333333
2021-08-29 16:00:00,28.113366666666664
2021-08-29 17:00:00,27.587433333333333
2021-08-29 18:00:00,27.252983333333336
2021-08-29 19:00:00,26.837233333333334
2021-08-29 20:00:00,26.733566666666665
2021-08-29 21:00:00,26.64831666666667
2021-08-29 22:00:00,26.627000000000002
2021-08-29 23:00:00,26.56185
2021-08-30 00:00:00,26.550166666666666
2021-08-30 01:00:00,26.596366666666665
2021-08-30 02:00:00,26.47325
2021-08-30 03:00:00,26.067016666666667
2021-08-30 04:00:00,25.998366666666666
2021-08-30 05:00:00,25.926116666666665
2021-08-30 06:00:00,25.927366666666668
2021-08-30 07:00:00,29.263916666666667
2021-08-30 08:00:00,31.813
2021-08-30 09:00:00,30.299283333333335
2021-08-30 10:00:00,30.315716666666667
2021-08-30 11:00:00,30.3383
2021-08-30 12:00:00,30.046550000000003
2021-08-30 13:00:00,30.093833333333336
2021-08-30 14:00:00,27.478283333333334
2021-08-30 15:00:00,27.591183333333333
2021-08-30 16:00:00,27.439383333333335
2021-08-30 17:00:00,27.71565
2021-08-30 18:00:00,27.472050000000003
2021-08-30 19:00:00,26.9867
2021-08-30 20:00:00,26.63675
2021-08-30 21:00:00,26.41481666666667
2021-08-30 22:00:00,26.521700000000003
2021-08-30 23:00:00,26.154366666666665
2021-08-31 00:00:00,26.318233333333335
2021-08-31 01:00:00,26.358616666666666
2021-08-31 02:00:00,26.34218333333333
2021-08-31 03:00:00,26.114700000000003
2021-08-31 04:00:00,26.14725
2021-08-31 05:00:00,25.900366666666667
2021-08-31 06:00:00,26.025483333333334
2021-08-31 07:00:00,29.01815
2021-08-31 08:00:00,28.59615
2021-08-31 09:00:00,29.4579
2021-08-31 10:00:00,29.1565
2021-08-31 11:00:00,26.471999999999998
2021-08-31 12:00:00,24.834283333333335
2021-08-31 13:00:00,24.3749
2021-08-31 14:00:00,24.607300000000002
2021-08-31 15:00:00,26.93723333333333
2021-08-31 16:00:00,26.9937
2021-08-31 17:00:00,25.58575
2021-08-31 18:00:00,25.2024
2021-08-31 19:00:00,25.209266666666668
2021-08-31 20:00:00,25.57903333333333
2021-08-31 21:00:00,25.811466666666668
2021-08-31 22:00:00,25.7774
2021-08-31 23:00:00,25.988999999999997
2021-09-01 00:00:00,26.137583333333335
2021-09-01 01:00:00,26.1393
2021-09-01 02:00:00,25.975399999999997
2021-09-01 03:00:00,25.599033333333335
2021-09-01 04:00:00,25.709983333333334
2021-09-01 05:00:00,25.31676666666667
2021-09-01 06:00:00,25.488733333333336
2021-09-01 07:00:00,27.292433333333335
2021-09-01 08:00:00,27.012983333333334
2021-09-01 09:00:00,28.345666666666666
2021-09-01 10:00:00,26.608549999999997
2021-09-01 11:00:00,27.396116666666668
2021-09-01 12:00:00,28.77198333333333
2021-09-01 13:00:00,28.987366666666667
2021-09-01 14:00:00,28.735833333333336
2021-09-01 15:00:00,28.9635
2021-09-01 16:00:00,27.992283333333333
2021-09-01 17:00:00,26.76745
2021-09-01 18:00:00,26.760316666666665
2021-09-01 19:00:00,26.118733333333335
2021-09-01 20:00:00,25.4912
2021-09-01 21:00:00,25.730866666666667
2021-09-01 22:00:00,26.221216666666667
2021-09-01 23:00:00,26.187683333333332
2021-09-02 00:00:00,26.257633333333334
2021-09-02 01:00:00,26.29025
2021-09-02 02:00:00,26.265233333333335
2021-09-02 03:00:00,26.124783333333333
2021-09-02 04:00:00,25.990916666666667
2021-09-02 05:00:00,26.03745
2021-09-02 06:00:00,26.0423
2021-09-02 07:00:00,28.18948333333333
2021-09-02 08:00:00,29.79955
2021-09-02 09:00:00,29.875133333333334
2021-09-02 10:00:00,29.8658
2021-09-02 11:00:00,30.2174
2021-09-02 12:00:00,30.453683333333334
2021-09-02 13:00:00,30.07838333333333
2021-09-02 14:00:00,30.551933333333334
2021-09-02 15:00:00,29.994083333333332
2021-09-02 16:00:00,29.52466666666667
2021-09-02 17:00:00,28.24116666666667
2021-09-02 18:00:00,27.118333333333332
2021-09-02 19:00:00,26.850683333333333
2021-09-02 20:00:00,26.76966666666667
2021-09-02 21:00:00,26.613916666666668
2021-09-02 22:00:00,26.27926666666667
2021-09-02 23:00:00,26.433
2021-09-03 00:00:00,26.3888
2021-09-03 01:00:00,26.245016666666668
2021-09-03 02:00:00,26.250183333333332
2021-09-03 03:00:00,26.28115
2021-09-03 04:00:00,26.18885
2021-09-03 05:00:00,25.887533333333334
2021-09-03 06:00:00,26.142833333333332
2021-09-03 07:00:00,27.024533333333334
2021-09-03 08:00:00,29.677016666666667
2021-09-03 09:00:00,29.34786666666667
2021-09-03 10:00:00,30.2824
2021-09-03 11:00:00,30.91425
2021-09-03 12:00:00,30.04126666666667
2021-09-03 13:00:00,28.794216666666667
2021-09-03 14:00:00,29.201999999999998
2021-09-03 15:00:00,29.99955
2021-09-03 16:00:00,29.68818333333333
2021-09-03 17:00:00,28.630033333333333
2021-09-03 18:00:00,27.788083333333336
2021-09-03 19:00:00,27.34851666666667
2021-09-03 20:00:00,26.724133333333334
2021-09-03 21:00:00,26.881683333333335
2021-09-03 22:00:00,26.83761666666667
2021-09-03 23:00:00,26.510483333333333
2021-09-04 00:00:00,26.455483333333333
2021-09-04 01:00:00,26.430533333333337
2021-09-04 02:00:00,26.60215
2021-09-04 03:00:00,26.547883333333335
2021-09-04 04:00:00,26.415116666666666
2021-09-04 05:00:00,26.248
2021-09-04 06:00:00,26.212749999999996
2021-09-04 07:00:00,29.874866666666666
2021-09-04 08:00:00,30.227333333333334
2021-09-04 09:00:00,28.9986
2021-09-04 10:00:00,27.047700000000003
2021-09-04 11:00:00,29.56905
2021-09-04 12:00:00,30.603816666666667
2021-09-04 13:00:00,30.72828333333333
2021-09-04 14:00:00,30.1742
2021-09-04 15:00:00,29.965366666666668
2021-09-04 16:00:00,29.585066666666666
2021-09-04 17:00:00,28.353566666666666
2021-09-04 18:00:00,27.227516666666666
2021-09-04 19:00:00,27.08758333333333
2021-09-04 20:00:00,26.933133333333334
2021-09-04 21:00:00,26.7758
2021-09-04 22:00:00,26.618850000000002
2021-09-04 23:00:00,26.63035
2021-09-05 00:00:00,26.60533333333333
2021-09-05 01:00:00,26.610233333333333
2021-09-05 02:00:00,26.7112
2021-09-05 03:00:00,26.510800000000003
2021-09-05 04:00:00,26.520733333333332
2021-09-05 05:00:00,26.300216666666664
2021-09-05 06:00:00,26.674433333333337
2021-09-05 07:00:00,28.6736
2021-09-05 08:00:00,30.87888333333333
2021-09-05 09:00:00,30.79531666666667
2021-09-05 10:00:00,31.544083333333333
2021-09-05 11:00:00,31.773983333333334
2021-09-05 12:00:00,31.912483333333334
2021-09-05 13:00:00,31.04475
2021-09-05 14:00:00,30.754983333333332
2021-09-05 15:00:00,29.76635
2021-09-05 16:00:00,29.34345
2021-09-05 17:00:00,28.710533333333334
2021-09-05 18:00:00,27.928183333333333
2021-09-05 19:00:00,27.221816666666665
2021-09-05 20:00:00,26.708383333333334
2021-09-05 21:00:00,26.775516666666665
2021-09-05 22:00:00,26.680966666666666
2021-09-05 23:00:00,26.504616666666667
2021-09-06 00:00:00,26.3757
2021-09-06 01:00:00,26.530666666666665
2021-09-06 02:00:00,26.359966666666665
2021-09-06 03:00:00,26.2955
2021-09-06 04:00:00,26.20035
2021-09-06 05:00:00,26.04695
2021-09-06 06:00:00,26.197799999999997
2021-09-06 07:00:00,28.176766666666666
2021-09-06 08:00:00,32.38228333333333
2021-09-06 09:00:00,33.38705
2021-09-06 10:00:00,34.731433333333335
2021-09-06 11:00:00,32.150616666666664
2021-09-06 12:00:00,32.110350000000004
2021-09-06 13:00:00,31.909883333333333
2021-09-06 14:00:00,31.096600000000002
2021-09-06 15:00:00,30.532416666666666
2021-09-06 16:00:00,29.44478333333333
2021-09-06 17:00:00,28.800833333333333
2021-09-06 18:00:00,27.7196
2021-09-06 19:00:00,27.646483333333332
2021-09-06 20:00:00,27.679183333333334
2021-09-06 21:00:00,27.43275
2021-09-06 22:00:00,27.26145
2021-09-06 23:00:00,27.269583333333333
2021-09-07 00:00:00,27.468016666666664
2021-09-07 01:00:00,27.203466666666667
2021-09-07 02:00:00,27.143933333333333
2021-09-07 03:00:00,27.2091
2021-09-07 04:00:00,27.1527
2021-09-07 05:00:00,26.861766666666664
2021-09-07 06:00:00,27.14615
2021-09-07 07:00:00,29.868616666666664
2021-09-07 08:00:00,30.9023
2021-09-07 09:00:00,31.014916666666668
2021-09-07 10:00:00,31.216099999999997
2021-09-07 11:00:00,30.947383333333335
2021-09-07 12:00:00,29.8795
2021-09-07 13:00:00,29.81745
2021-09-07 14:00:00,30.845933333333335
2021-09-07 15:00:00,29.95375
2021-09-07 16:00:00,28.915333333333333
2021-09-07 17:00:00,28.216549999999998
2021-09-07 18:00:00,27.70156666666667
2021-09-07 19:00:00,27.66555
2021-09-07 20:00:00,27.623416666666667
2021-09-07 21:00:00,27.381149999999998
2021-09-07 22:00:00,27.220283333333334
2021-09-07 23:00:00,27.2717
2021-09-08 00:00:00,27.397466666666666
2021-09-08 01:00:00,27.201016666666664
2021-09-08 02:00:00,26.930233333333334
2021-09-08 03:00:00,26.297866666666668
2021-09-08 04:00:00,26.29625
2021-09-08 05:00:00,26.2022
2021-09-08 06:00:00,26.36205
2021-09-08 07:00:00,28.596566666666668
2021-09-08 08:00:00,31.774716666666666
2021-09-08 09:00:00,30.758733333333332
2021-09-08 10:00:00,31.179266666666667
2021-09-08 11:00:00,31.532333333333334
2021-09-08 12:00:00,31.661416666666664
2021-09-08 13:00:00,31.4738
2021-09-08 14:00:00,31.08455
2021-09-08 15:00:00,31.066
2021-09-08 16:00:00,30.5231
2021-09-08 17:00:00,29.00926666666667
2021-09-08 18:00:00,27.830433333333335
2021-09-08 19:00:00,27.61071666666667
2021-09-08 20:00:00,27.638316666666665
2021-09-08 21:00:00,27.120116666666668
2021-09-08 22:00:00,26.89155
2021-09-08 23:00:00,26.863566666666667
2021-09-09 00:00:00,26.697983333333333
2021-09-09 01:00:00,26.842750000000002
2021-09-09 02:00:00,26.321633333333335
2021-09-09 03:00:00,26.73125
2021-09-09 04:00:00,26.469299999999997
2021-09-09 05:00:00,26.59786666666667
2021-09-09 06:00:00,26.25186666666667
2021-09-09 07:00:00,28.774333333333335
2021-09-09 08:00:00,32.10796666666667
2021-09-09 09:00:00,33.90643333333333
2021-09-09 10:00:00,34.956916666666665
2021-09-09 11:00:00,33.83055
2021-09-09 12:00:00,32.336083333333335
2021-09-09 13:00:00,31.637150000000002
2021-09-09 14:00:00,30.886683333333334
2021-09-09 15:00:00,30.8503
2021-09-09 16:00:00,30.440966666666668
2021-09-09 17:00:00,29.23885
2021-09-09 18:00:00,27.949483333333333
2021-09-09 19:00:00,27.603216666666665
2021-09-09 20:00:00,27.650083333333335
2021-09-09 21:00:00,27.8039
2021-09-09 22:00:00,27.560683333333333
2021-09-09 23:00:00,27.534033333333333
2021-09-10 00:00:00,27.43661666666667
2021-09-10 01:00:00,27.390066666666666
2021-09-10 02:00:00,27.291800000000002
2021-09-10 03:00:00,26.973783333333333
2021-09-10 04:00:00,26.857633333333336
2021-09-10 05:00:00,26.869716666666665
2021-09-10 06:00:00,26.956333333333337
2021-09-10 07:00:00,28.993133333333333
2021-09-10 08:00:00,29.562166666666666
2021-09-10 09:00:00,29.347816666666667
2021-09-10 10:00:00,29.82156666666667
2021-09-10 11:00:00,30.71806666666667
2021-09-10 12:00:00,30.94318333333333
2021-09-10 13:00:00,30.600666666666665
2021-09-10 14:00:00,30.493166666666664
2021-09-10 15:00:00,30.397016666666666
2021-09-10 16:00:00,29.998416666666667
2021-09-10 17:00:00,29.322283333333335
2021-09-10 18:00:00,28.149516666666667
2021-09-10 19:00:00,27.77705
2021-09-10 20:00:00,27.534883333333333
2021-09-10 21:00:00,27.34371666666667
2021-09-10 22:00:00,27.3897
2021-09-10 23:00:00,27.29855
2021-09-11 00:00:00,27.104033333333334
2021-09-11 01:00:00,27.296066666666665
2021-09-11 02:00:00,27.169966666666667
2021-09-11 03:00:00,26.803166666666666
2021-09-11 04:00:00,26.944533333333332
2021-09-11 05:00:00,26.914783333333332
2021-09-11 06:00:00,26.922866666666668
2021-09-11 07:00:00,27.885933333333334
2021-09-11 08:00:00,29.182216666666665
2021-09-11 09:00:00,30.393383333333336
2021-09-11 10:00:00,30.744516666666666
2021-09-11 11:00:00,32.76421666666667
2021-09-11 12:00:00,35.23641666666666
2021-09-11 13:00:00,34.920100000000005
2021-09-11 14:00:00,34.66258333333334
2021-09-11 15:00:00,34.1074
2021-09-11 16:00:00,33.7162
2021-09-11 17:00:00,32.24095
2021-09-11 18:00:00,30.665950000000002
2021-09-11 19:00:00,29.813333333333333
2021-09-11 20:00:00,29.320116666666664
2021-09-11 21:00:00,29.22945
2021-09-11 22:00:00,29.22735
2021-09-11 23:00:00,28.942933333333333
2021-09-12 00:00:00,28.892133333333334
2021-09-12 01:00:00,28.741483333333335
2021-09-12 02:00:00,28.565383333333333
2021-09-12 03:00:00,28.512066666666666
2021-09-12 04:00:00,28.366866666666667
2021-09-12 05:00:00,28.1204
2021-09-12 06:00:00,28.365066666666667
2021-09-12 07:00:00,29.68365
2021-09-12 08:00:00,30.462733333333333
2021-09-12 09:00:00,32.70943333333334
2021-09-12 10:00:00,35.29423333333333
2021-09-12 11:00:00,33.23876666666667
2021-09-12 12:00:00,36.32125
2021-09-12 13:00:00,34.58161666666667
2021-09-12 14:00:00,34.60596666666667
2021-09-12 15:00:00,33.93871666666667
2021-09-12 16:00:00,34.73988333333333
2021-09-12 17:00:00,34.34486666666667
2021-09-12 18:00:00,31.881216666666667
2021-09-12 19:00:00,30.930383333333335
2021-09-12 20:00:00,30.224833333333333
2021-09-12 21:00:00,29.892999999999997
2021-09-12 22:00:00,29.467516666666665
2021-09-12 23:00:00,29.497083333333332
2021-09-13 00:00:00,29.397
2021-09-13 01:00:00,29.08178333333333
2021-09-13 02:00:00,28.817966666666667
2021-09-13 03:00:00,28.572
2021-09-13 04:00:00,28.577066666666667
2021-09-13 05:00:00,28.570133333333334
2021-09-13 06:00:00,28.5077
2021-09-13 07:00:00,29.011783333333334
2021-09-13 08:00:00,30.612199999999998
2021-09-13 09:00:00,31.124016666666666
2021-09-13 10:00:00,32.95641666666667
2021-09-13 11:00:00,33.999916666666664
2021-09-13 12:00:00,32.60606666666667
2021-09-13 13:00:00,30.715266666666665
2021-09-13 14:00:00,31.285316666666667
2021-09-13 15:00:00,32.4133
2021-09-13 16:00:00,32.41641666666666
2021-09-13 17:00:00,30.443616666666667
2021-09-13 18:00:00,29.2391
2021-09-13 19:00:00,29.235366666666668
2021-09-13 20:00:00,29.025100000000002
2021-09-13 21:00:00,28.763849999999998
2021-09-13 22:00:00,28.341216666666664
2021-09-13 23:00:00,28.193183333333334
2021-09-14 00:00:00,27.888616666666667
2021-09-14 01:00:00,27.70811666666667
2021-09-14 02:00:00,27.512016666666668
2021-09-14 03:00:00,27.532
2021-09-14 04:00:00,27.36253333333333
2021-09-14 05:00:00,27.031016666666666
2021-09-14 06:00:00,27.193133333333332
2021-09-14 07:00:00,31.312416666666667
2021-09-14 08:00:00,32.98048333333333
2021-09-14 09:00:00,32.058733333333336
2021-09-14 10:00:00,27.239933333333333
2021-09-14 11:00:00,26.58735
2021-09-14 12:00:00,27.664066666666667
2021-09-14 13:00:00,28.81433333333333
2021-09-14 14:00:00,28.952283333333334
2021-09-14 15:00:00,29.286733333333334
2021-09-14 16:00:00,28.8036
2021-09-14 17:00:00,28.10115
2021-09-14 18:00:00,27.608766666666668
2021-09-14 19:00:00,26.89538333333333
2021-09-14 20:00:00,26.842883333333337
2021-09-14 21:00:00,26.88445
2021-09-14 22:00:00,26.893233333333335
2021-09-14 23:00:00,26.896816666666666
2021-09-15 00:00:00,26.54736666666667
2021-09-15 01:00:00,26.2899
2021-09-15 02:00:00,26.3672
2021-09-15 03:00:00,26.955983333333332
2021-09-15 04:00:00,26.77926666666667
2021-09-15 05:00:00,26.713883333333335
2021-09-15 06:00:00,27.06436666666667
2021-09-15 07:00:00,29.860566666666667
2021-09-15 08:00:00,32.769800000000004
2021-09-15 09:00:00,31.77465
2021-09-15 10:00:00,33.946266666666666
2021-09-15 11:00:00,32.98605
2021-09-15 12:00:00,32.73758333333333
2021-09-15 13:00:00,31.99295
2021-09-15 14:00:00,32.626799999999996
2021-09-15 15:00:00,32.75438333333333
2021-09-15 16:00:00,32.5158
2021-09-15 17:00:00,31.202233333333332
2021-09-15 18:00:00,29.893483333333332
2021-09-15 19:00:00,29.4256
2021-09-15 20:00:00,29.301416666666668
2021-09-15 21:00:00,29.121283333333334
2021-09-15 22:00:00,28.92706666666667
2021-09-15 23:00:00,28.73755
2021-09-16 00:00:00,28.631983333333334
2021-09-16 01:00:00,28.590283333333332
2021-09-16 02:00:00,28.5326
2021-09-16 03:00:00,28.30571666666667
2021-09-16 04:00:00,28.25115
2021-09-16 05:00:00,27.939533333333333
2021-09-16 06:00:00,28.063216666666666
2021-09-16 07:00:00,29.108116666666668
2021-09-16 08:00:00,30.2519
2021-09-16 09:00:00,31.5455
2021-09-16 10:00:00,33.76063333333333
2021-09-16 11:00:00,34.6173
2021-09-16 12:00:00,28.8375
2021-09-16 13:00:00,24.302366666666668
2021-09-16 14:00:00,23.57315
2021-09-16 15:00:00,24.7978
2021-09-16 16:00:00,26.382633333333334
2021-09-16 17:00:00,27.720966666666666
2021-09-16 18:00:00,27.583466666666666
2021-09-16 19:00:00,27.338733333333334
2021-09-16 20:00:00,27.513066666666667
2021-09-16 21:00:00,26.717116666666666
2021-09-16 22:00:00,26.10193333333333
2021-09-16 23:00:00,25.903950000000002
2021-09-17 00:00:00,26.916249999999998
2021-09-17 01:00:00,26.874366666666667
2021-09-17 02:00:00,26.68345
2021-09-17 03:00:00,26.26931666666667
2021-09-17 04:00:00,25.94138333333333
2021-09-17 05:00:00,26.368966666666665
2021-09-17 06:00:00,26.624183333333335
2021-09-17 07:00:00,27.026633333333333
2021-09-17 08:00:00,29.376700000000003
2021-09-17 09:00:00,30.26448333333333
2021-09-17 10:00:00,33.048516666666664
2021-09-17 11:00:00,31.553916666666666
2021-09-17 12:00:00,31.272716666666668
2021-09-17 13:00:00,31.299216666666666
2021-09-17 14:00:00,31.003566666666664
2021-09-17 15:00:00,30.429100000000002
2021-09-17 16:00:00,29.27235
2021-09-17 17:00:00,28.085883333333335
2021-09-17 18:00:00,27.759316666666667
2021-09-17 19:00:00,27.46455
2021-09-17 20:00:00,27.671366666666664
2021-09-17 21:00:00,27.582266666666666
2021-09-17 22:00:00,27.39223333333333
2021-09-17 23:00:00,27.336233333333332
2021-09-18 00:00:00,27.439833333333336
2021-09-18 01:00:00,27.42005
2021-09-18 02:00:00,27.357716666666665
2021-09-18 03:00:00,27.068316666666664
2021-09-18 04:00:00,26.826366666666665
2021-09-18 05:00:00,26.786183333333334
2021-09-18 06:00:00,26.911366666666666
2021-09-18 07:00:00,27.47555
2021-09-18 08:00:00,29.897366666666667
2021-09-18 09:00:00,29.959466666666668
2021-09-18 10:00:00,30.775666666666666
2021-09-18 11:00:00,30.666816666666666
2021-09-18 12:00:00,30.972816666666667
2021-09-18 13:00:00,30.83948333333333
2021-09-18 14:00:00,30.5013
2021-09-18 15:00:00,29.838716666666667
2021-09-18 16:00:00,29.06448333333333
2021-09-18 17:00:00,28.127533333333336
2021-09-18 18:00:00,27.7926
2021-09-18 19:00:00,27.814383333333335
2021-09-18 20:00:00,27.9434
2021-09-18 21:00:00,27.875083333333333
2021-09-18 22:00:00,27.85963333333333
2021-09-18 23:00:00,27.782683333333335
2021-09-19 00:00:00,27.768966666666664
2021-09-19 01:00:00,27.704383333333332
2021-09-19 02:00:00,26.580683333333337
2021-09-19 03:00:00,26.75635
2021-09-19 04:00:00,26.811433333333333
2021-09-19 05:00:00,26.982083333333332
2021-09-19 06:00:00,26.9993
2021-09-19 07:00:00,27.411633333333334
2021-09-19 08:00:00,29.768733333333333
2021-09-19 09:00:00,29.630233333333333
2021-09-19 10:00:00,29.639216666666666
2021-09-19 11:00:00,29.6238
2021-09-19 12:00:00,29.27755
2021-09-19 13:00:00,29.386816666666668
2021-09-19 14:00:00,29.248683333333336
2021-09-19 15:00:00,28.815183333333334
2021-09-19 16:00:00,28.2989
2021-09-19 17:00:00,27.9487
2021-09-19 18:00:00,27.91371666666667
2021-09-19 19:00:00,28.006283333333332
2021-09-19 20:00:00,27.905649999999998
2021-09-19 21:00:00,27.793349999999997
2021-09-19 22:00:00,27.732966666666666
2021-09-19 23:00:00,27.719383333333333
2021-09-20 00:00:00,27.323016666666668
2021-09-20 01:00:00,27.0979
2021-09-20 02:00:00,26.884083333333333
2021-09-20 03:00:00,26.911350000000002
2021-09-20 04:00:00,26.814566666666668
2021-09-20 05:00:00,26.62245
2021-09-20 06:00:00,26.630883333333333
2021-09-20 07:00:00,27.463216666666664
2021-09-20 08:00:00,28.31586666666667
2021-09-20 09:00:00,27.545333333333335
2021-09-20 10:00:00,28.4861
2021-09-20 11:00:00,30.320666666666668
2021-09-20 12:00:00,31.00426666666667
2021-09-20 13:00:00,30.991
2021-09-20 14:00:00,31.139233333333333
2021-09-20 15:00:00,30.03708333333333
2021-09-20 16:00:00,29.0363
2021-09-20 17:00:00,27.96916666666667
2021-09-20 18:00:00,27.550433333333334
2021-09-20 19:00:00,27.082566666666665
2021-09-20 20:00:00,26.961616666666664
2021-09-20 21:00:00,26.902016666666665
2021-09-20 22:00:00,26.934733333333334
2021-09-20 23:00:00,26.914066666666667
2021-09-21 00:00:00,26.804916666666667
2021-09-21 01:00:00,26.924333333333333
2021-09-21 02:00:00,26.8562
2021-09-21 03:00:00,26.84123333333333
2021-09-21 04:00:00,26.6907
2021-09-21 05:00:00,26.553816666666666
2021-09-21 06:00:00,26.613016666666667
2021-09-21 07:00:00,31.286233333333332
2021-09-21 08:00:00,34.01555
2021-09-21 09:00:00,32.4625
2021-09-21 10:00:00,31.8893
2021-09-21 11:00:00,32.597
2021-09-21 12:00:00,32.60166666666667
2021-09-21 13:00:00,30.096433333333334
2021-09-21 14:00:00,28.839966666666665
2021-09-21 15:00:00,28.975900000000003
2021-09-21 16:00:00,30.19973333333333
2021-09-21 17:00:00,29.104916666666668
2021-09-21 18:00:00,28.120216666666668
2021-09-21 19:00:00,27.739050000000002
2021-09-21 20:00:00,27.455750000000002
2021-09-21 21:00:00,27.381500000000003
2021-09-21 22:00:00,27.3372
2021-09-21 23:00:00,26.92345
2021-09-22 00:00:00,26.913583333333335
2021-09-22 01:00:00,27.029016666666667
2021-09-22 02:00:00,26.97256666666667
2021-09-22 03:00:00,26.6891
2021-09-22 04:00:00,26.58625
2021-09-22 05:00:00,26.526400000000002
2021-09-22 06:00:00,26.743733333333335
2021-09-22 07:00:00,31.33625
2021-09-22 08:00:00,33.35105
2021-09-22 09:00:00,32.17835
2021-09-22 10:00:00,31.81951666666667
2021-09-22 11:00:00,32.00973333333334
2021-09-22 12:00:00,32.62505
2021-09-22 13:00:00,32.24208333333333
2021-09-22 14:00:00,32.28328333333334
2021-09-22 15:00:00,30.657983333333334
2021-09-22 16:00:00,29.757450000000002
2021-09-22 17:00:00,28.886083333333332
2021-09-22 18:00:00,28.171466666666667
2021-09-22 19:00:00,27.989266666666666
2021-09-22 20:00:00,28.07495
2021-09-22 21:00:00,28.153866666666666
2021-09-22 22:00:00,28.206983333333334
2021-09-22 23:00:00,28.20795
2021-09-23 00:00:00,27.776833333333332
2021-09-23 01:00:00,27.32766666666667
2021-09-23 02:00:00,26.758950000000002
2021-09-23 03:00:00,25.548066666666667
2021-09-23 04:00:00,25.18865
2021-09-23 05:00:00,26.09303333333333
2021-09-23 06:00:00,26.7929
2021-09-23 07:00:00,27.396900000000002
2021-09-23 08:00:00,27.69315
2021-09-23 09:00:00,25.701733333333333
2021-09-23 10:00:00,25.99663333333333
2021-09-23 11:00:00,26.303099999999997
2021-09-23 12:00:00,26.05715
2021-09-23 13:00:00,26.982000000000003
2021-09-23 14:00:00,28.2783
2021-09-23 15:00:00,28.328633333333336
2021-09-23 16:00:00,27.588
2021-09-23 17:00:00,24.828566666666667
2021-09-23 18:00:00,24.092366666666667
2021-09-23 19:00:00,24.606749999999998
2021-09-23 20:00:00,25.17215
2021-09-23 21:00:00,25.609666666666666
2021-09-23 22:00:00,25.851316666666666
2021-09-23 23:00:00,26.853916666666667
2021-09-24 00:00:00,27.152449999999998
2021-09-24 01:00:00,27.1843
2021-09-24 02:00:00,27.35568333333333
2021-09-24 03:00:00,27.336683333333333
2021-09-24 04:00:00,27.46235
2021-09-24 05:00:00,27.4963
2021-09-24 06:00:00,26.9794
2021-09-24 07:00:00,27.847383333333333
2021-09-24 08:00:00,28.15535
2021-09-24 09:00:00,28.303350000000002
2021-09-24 10:00:00,27.81993333333333
2021-09-24 11:00:00,29.708900000000003
2021-09-24 12:00:00,29.553766666666668
2021-09-24 13:00:00,29.413083333333336
2021-09-24 14:00:00,28.950783333333334
2021-09-24 15:00:00,29.385983333333332
2021-09-24 16:00:00,28.89111666666667
2021-09-24 17:00:00,28.05453333333333
2021-09-24 18:00:00,27.616783333333334
2021-09-24 19:00:00,27.5043
2021-09-24 20:00:00,27.60325
2021-09-24 21:00:00,27.658166666666666
2021-09-24 22:00:00,27.604316666666666
2021-09-24 23:00:00,27.605916666666666
2021-09-25 00:00:00,27.43605
2021-09-25 01:00:00,27.405916666666666
2021-09-25 02:00:00,27.246483333333334
2021-09-25 03:00:00,26.8603
2021-09-25 04:00:00,26.64895
2021-09-25 05:00:00,26.404066666666665
2021-09-25 06:00:00,26.32923333333333
2021-09-25 07:00:00,26.736666666666668
2021-09-25 08:00:00,28.620099999999997
2021-09-25 09:00:00,29.460033333333335
2021-09-25 10:00:00,29.754583333333336
2021-09-25 11:00:00,29.029983333333334
2021-09-25 12:00:00,30.019133333333333
2021-09-25 13:00:00,30.175583333333336
2021-09-25 14:00:00,29.813683333333334
2021-09-25 15:00:00,29.412366666666667
2021-09-25 16:00:00,28.498116666666665
2021-09-25 17:00:00,27.798033333333333
2021-09-25 18:00:00,27.233099999999997
2021-09-25 19:00:00,27.183533333333333
2021-09-25 20:00:00,27.325666666666667
2021-09-25 21:00:00,27.431233333333335
2021-09-25 22:00:00,27.500766666666667
2021-09-25 23:00:00,27.419466666666665
2021-09-26 00:00:00,27.351133333333333
2021-09-26 01:00:00,27.392216666666666
2021-09-26 02:00:00,27.2219
2021-09-26 03:00:00,26.75405
2021-09-26 04:00:00,26.567833333333333
2021-09-26 05:00:00,26.152466666666665
2021-09-26 06:00:00,26.059266666666666
2021-09-26 07:00:00,27.343316666666666
2021-09-26 08:00:00,27.2763
2021-09-26 09:00:00,26.94895
2021-09-26 10:00:00,27.347283333333333
2021-09-26 11:00:00,28.73163333333333
2021-09-26 12:00:00,28.885766666666665
2021-09-26 13:00:00,28.6544
2021-09-26 14:00:00,30.328866666666666
2021-09-26 15:00:00,29.418783333333334
2021-09-26 16:00:00,28.32831666666667
2021-09-26 17:00:00,27.27286666666667
2021-09-26 18:00:00,26.447683333333334
2021-09-26 19:00:00,26.321883333333336
2021-09-26 20:00:00,26.285149999999998
2021-09-26 21:00:00,26.22085
2021-09-26 22:00:00,26.393116666666668
2021-09-26 23:00:00,26.738333333333333
2021-09-27 00:00:00,26.648083333333332
2021-09-27 01:00:00,26.735666666666663
2021-09-27 02:00:00,26.63116666666667
2021-09-27 03:00:00,26.69765
2021-09-27 04:00:00,26.799083333333332
2021-09-27 05:00:00,26.686383333333332
2021-09-27 06:00:00,26.546550000000003
2021-09-27 07:00:00,26.671983333333333
2021-09-27 08:00:00,27.741083333333332
2021-09-27 09:00:00,28.504033333333332
2021-09-27 10:00:00,29.109733333333335
2021-09-27 11:00:00,29.821983333333332
2021-09-27 12:00:00,30.353283333333334
2021-09-27 13:00:00,30.414166666666667
2021-09-27 14:00:00,30.643633333333334
2021-09-27 15:00:00,29.9218
2021-09-27 16:00:00,28.62301666666667
2021-09-27 17:00:00,27.458016666666666
2021-09-27 18:00:00,26.6677
2021-09-27 19:00:00,26.491183333333332
2021-09-27 20:00:00,26.28545
2021-09-27 21:00:00,26.5317
2021-09-27 22:00:00,26.288516666666666
2021-09-27 23:00:00,25.987166666666667
2021-09-28 00:00:00,26.132566666666666
2021-09-28 01:00:00,26.74566666666667
2021-09-28 02:00:00,26.938750000000002
2021-09-28 03:00:00,26.866633333333333
2021-09-28 04:00:00,26.6954
2021-09-28 05:00:00,26.065583333333333
2021-09-28 06:00:00,26.151416666666666
2021-09-28 07:00:00,27.279633333333333
2021-09-28 08:00:00,29.969116666666665
2021-09-28 09:00:00,31.071866666666665
2021-09-28 10:00:00,31.030483333333333
2021-09-28 11:00:00,31.4045
2021-09-28 12:00:00,31.228316666666668
2021-09-28 13:00:00,31.202583333333333
2021-09-28 14:00:00,30.281616666666665
2021-09-28 15:00:00,29.673983333333336
2021-09-28 16:00:00,28.539133333333332
2021-09-28 17:00:00,27.688933333333335
2021-09-28 18:00:00,27.365599999999997
2021-09-28 19:00:00,27.264333333333333
2021-09-28 20:00:00,27.206666666666667
2021-09-28 21:00:00,27.1938
2021-09-28 22:00:00,27.003866666666667
2021-09-28 23:00:00,27.01356666666667
2021-09-29 00:00:00,26.96555
2021-09-29 01:00:00,27.0899
2021-09-29 02:00:00,26.47215
2021-09-29 03:00:00,26.086816666666667
2021-09-29 04:00:00,26.00835
2021-09-29 05:00:00,25.786616666666664
2021-09-29 06:00:00,25.78865
2021-09-29 07:00:00,27.365183333333334
2021-09-29 08:00:00,29.316783333333333
2021-09-29 09:00:00,30.582600000000003
2021-09-29 10:00:00,31.19158333333333
2021-09-29 11:00:00,31.777033333333335
2021-09-29 12:00:00,31.3558
2021-09-29 13:00:00,30.899483333333333
2021-09-29 14:00:00,31.150966666666665
2021-09-29 15:00:00,30.595450000000003
2021-09-29 16:00:00,29.748749999999998
2021-09-29 17:00:00,29.9638
2021-09-29 18:00:00,29.10376666666667
2021-09-29 19:00:00,28.540183333333335
2021-09-29 20:00:00,28.37923333333333
2021-09-29 21:00:00,28.05
2021-09-29 22:00:00,27.99683333333333
2021-09-29 23:00:00,27.793
2021-09-30 00:00:00,27.544833333333333
2021-09-30 01:00:00,27.421
2021-09-30 02:00:00,27.257633333333334
2021-09-30 03:00:00,27.118766666666666
2021-09-30 04:00:00,27.18355
2021-09-30 05:00:00,26.834183333333332
2021-09-30 06:00:00,26.826716666666666
2021-09-30 07:00:00,28.78558333333333
2021-09-30 08:00:00,31.099516666666666
2021-09-30 09:00:00,31.156533333333336
2021-09-30 10:00:00,31.794800000000002
2021-09-30 11:00:00,32.147416666666665
2021-09-30 12:00:00,32.69545
2021-09-30 13:00:00,33.387950000000004
2021-09-30 14:00:00,32.06758333333333
2021-09-30 15:00:00,30.912
2021-09-30 16:00:00,30.407283333333336
2021-09-30 17:00:00,30.121983333333333
2021-09-30 18:00:00,29.3725
2021-09-30 19:00:00,28.899483333333333
2021-09-30 20:00:00,28.692600000000002
2021-09-30 21:00:00,28.44145
2021-09-30 22:00:00,28.203333333333333
2021-09-30 23:00:00,28.00228333333333
2021-10-01 00:00:00,27.77445
2021-10-01 01:00:00,27.632216666666668
2021-10-01 02:00:00,27.454766666666668
2021-10-01 03:00:00,27.135749999999998
2021-10-01 04:00:00,27.026016666666667
2021-10-01 05:00:00,27.21451666666667
2021-10-01 06:00:00,27.00295
2021-10-01 07:00:00,28.28826666666667
2021-10-01 08:00:00,30.730466666666665
2021-10-01 09:00:00,31.580933333333334
2021-10-01 10:00:00,31.48711666666667
2021-10-01 11:00:00,32.00545
2021-10-01 12:00:00,30.955716666666667
2021-10-01 13:00:00,31.609416666666668
2021-10-01 14:00:00,31.110566666666667
2021-10-01 15:00:00,30.990150000000003
2021-10-01 16:00:00,30.674566666666667
2021-10-01 17:00:00,29.760033333333336
2021-10-01 18:00:00,28.6056
2021-10-01 19:00:00,27.89485
2021-10-01 20:00:00,28.02713333333333
2021-10-01 21:00:00,27.92683333333333
2021-10-01 22:00:00,27.579516666666667
2021-10-01 23:00:00,27.18395
2021-10-02 00:00:00,26.88025
2021-10-02 01:00:00,26.816783333333333
2021-10-02 02:00:00,26.975166666666667
2021-10-02 03:00:00,26.44141666666667
2021-10-02 04:00:00,26.1605
2021-10-02 05:00:00,26.062033333333332
2021-10-02 06:00:00,26.449716666666667
2021-10-02 07:00:00,28.37065
2021-10-02 08:00:00,30.43341666666667
2021-10-02 09:00:00,30.932599999999997
2021-10-02 10:00:00,31.5874
2021-10-02 11:00:00,31.324183333333334
2021-10-02 12:00:00,31.725866666666665
2021-10-02 13:00:00,31.799950000000003
2021-10-02 14:00:00,31.345466666666667
2021-10-02 15:00:00,30.906783333333333
2021-10-02 16:00:00,29.571916666666667
2021-10-02 17:00:00,28.230866666666667
2021-10-02 18:00:00,27.5764
2021-10-02 19:00:00,27.69575
2021-10-02 20:00:00,27.29168333333333
2021-10-02 21:00:00,26.342816666666668
2021-10-02 22:00:00,26.839066666666668
2021-10-02 23:00:00,27.101316666666666
2021-10-03 00:00:00,27.1949
2021-10-03 01:00:00,27.204066666666666
2021-10-03 02:00:00,27.197666666666667
2021-10-03 03:00:00,27.22025
2021-10-03 04:00:00,26.87995
2021-10-03 05:00:00,26.319683333333334
2021-10-03 06:00:00,25.751166666666666
2021-10-03 07:00:00,26.137966666666667
2021-10-03 08:00:00,26.879183333333334
2021-10-03 09:00:00,28.662683333333334
2021-10-03 10:00:00,27.698566666666668
2021-10-03 11:00:00,27.600900000000003
2021-10-03 12:00:00,27.88471666666667
2021-10-03 13:00:00,27.693116666666665
2021-10-03 14:00:00,28.596533333333333
2021-10-03 15:00:00,28.475849999999998
2021-10-03 16:00:00,27.565066666666667
2021-10-03 17:00:00,27.381500000000003
2021-10-03 18:00:00,27.23795
2021-10-03 19:00:00,27.174300000000002
2021-10-03 20:00:00,27.076833333333333
2021-10-03 21:00:00,26.98913333333333
2021-10-03 22:00:00,27.108
2021-10-03 23:00:00,27.117666666666665
2021-10-04 00:00:00,27.061983333333334
2021-10-04 01:00:00,26.925516666666667
2021-10-04 02:00:00,26.965666666666667
2021-10-04 03:00:00,26.87105
2021-10-04 04:00:00,26.572499999999998
2021-10-04 05:00:00,26.376066666666667
2021-10-04 06:00:00,26.445416666666667
2021-10-04 07:00:00,27.143016666666664
2021-10-04 08:00:00,28.528783333333333
2021-10-04 09:00:00,29.39383333333333
2021-10-04 10:00:00,30.2367
2021-10-04 11:00:00,30.564183333333332
2021-10-04 12:00:00,30.55435
2021-10-04 13:00:00,30.62686666666667
2021-10-04 14:00:00,30.30595
2021-10-04 15:00:00,30.013866666666665
2021-10-04 16:00:00,28.870983333333335
2021-10-04 17:00:00,27.998183333333333
2021-10-04 18:00:00,27.452416666666668
2021-10-04 19:00:00,27.281533333333336
2021-10-04 20:00:00,27.24145
2021-10-04 21:00:00,27.6697
2021-10-04 22:00:00,27.848599999999998
2021-10-04 23:00:00,27.583183333333334
2021-10-05 00:00:00,27.499450000000003
2021-10-05 01:00:00,27.456316666666666
2021-10-05 02:00:00,27.28645
2021-10-05 03:00:00,26.856166666666663
2021-10-05 04:00:00,26.819233333333333
2021-10-05 05:00:00,26.821933333333334
2021-10-05 06:00:00,26.98391666666667
2021-10-05 07:00:00,28.475233333333332
2021-10-05 08:00:00,30.563483333333334
2021-10-05 09:00:00,30.41508333333333
2021-10-05 10:00:00,31.160216666666667
2021-10-05 11:00:00,29.311983333333334
2021-10-05 12:00:00,29.640633333333334
2021-10-05 13:00:00,30.00815
2021-10-05 14:00:00,30.066216666666666
2021-10-05 15:00:00,29.556183333333333
2021-10-05 16:00:00,28.364216666666668
2021-10-05 17:00:00,27.884483333333332
2021-10-05 18:00:00,27.777183333333333
2021-10-05 19:00:00,27.898916666666665
2021-10-05 20:00:00,27.817666666666664
2021-10-05 21:00:00,27.881566666666668
2021-10-05 22:00:00,27.681883333333335
2021-10-05 23:00:00,27.4768
2021-10-06 00:00:00,27.2376
2021-10-06 01:00:00,27.0173
2021-10-06 02:00:00,26.833666666666666
2021-10-06 03:00:00,26.3256
2021-10-06 04:00:00,26.1866
2021-10-06 05:00:00,25.914533333333335
2021-10-06 06:00:00,25.996866666666666
2021-10-06 07:00:00,28.25665
2021-10-06 08:00:00,29.718683333333335
2021-10-06 09:00:00,30.591616666666667
2021-10-06 10:00:00,30.96245
2021-10-06 11:00:00,29.879416666666668
2021-10-06 12:00:00,29.32995
2021-10-06 13:00:00,28.79555
2021-10-06 14:00:00,28.424516666666666
2021-10-06 15:00:00,28.37458333333333
2021-10-06 16:00:00,27.94135
2021-10-06 17:00:00,27.992066666666666
2021-10-06 18:00:00,27.899133333333335
2021-10-06 19:00:00,27.886083333333332
2021-10-06 20:00:00,27.872166666666665
2021-10-06 21:00:00,27.55816666666667
2021-10-06 22:00:00,27.411800000000003
2021-10-06 23:00:00,27.415816666666668
2021-10-07 00:00:00,27.419183333333333
2021-10-07 01:00:00,27.4488
2021-10-07 02:00:00,27.378666666666668
2021-10-07 03:00:00,27.216666666666665
2021-10-07 04:00:00,27.078916666666665
2021-10-07 05:00:00,27.020083333333332
2021-10-07 06:00:00,27.244666666666667
2021-10-07 07:00:00,27.74256666666667
2021-10-07 08:00:00,28.081200000000003
2021-10-07 09:00:00,29.22918333333333
2021-10-07 10:00:00,28.98795
2021-10-07 11:00:00,28.785166666666665
2021-10-07 12:00:00,29.14538333333333
2021-10-07 13:00:00,29.016866666666665
2021-10-07 14:00:00,28.5625
2021-10-07 15:00:00,28.237066666666667
2021-10-07 16:00:00,27.2294
2021-10-07 17:00:00,26.92955
2021-10-07 18:00:00,26.660316666666667
2021-10-07 19:00:00,25.361333333333334
2021-10-07 20:00:00,24.625866666666663
2021-10-07 21:00:00,24.726616666666665
2021-10-07 22:00:00,24.641166666666667
2021-10-07 23:00:00,23.509616666666666
2021-10-08 00:00:00,23.930783333333334
2021-10-08 01:00:00,23.831866666666667
2021-10-08 02:00:00,23.725083333333334
2021-10-08 03:00:00,23.833716666666664
2021-10-08 04:00:00,23.764466666666667
2021-10-08 05:00:00,23.985266666666668
2021-10-08 06:00:00,24.027683333333336
2021-10-08 07:00:00,23.940116666666665
2021-10-08 08:00:00,24.061716666666666
2021-10-08 09:00:00,24.07656666666667
2021-10-08 10:00:00,23.858316666666667
2021-10-08 11:00:00,24.267966666666666
2021-10-08 12:00:00,23.99911666666667
2021-10-08 13:00:00,24.001666666666665
2021-10-08 14:00:00,24.259616666666666
2021-10-08 15:00:00,24.17905
2021-10-08 16:00:00,24.176133333333333
2021-10-08 17:00:00,24.408416666666668
2021-10-08 18:00:00,24.57446666666667
2021-10-08 19:00:00,24.671583333333334
2021-10-08 20:00:00,24.44265
2021-10-08 21:00:00,25.006966666666663
2021-10-08 22:00:00,25.23071666666667
2021-10-08 23:00:00,24.723916666666664
2021-10-09 00:00:00,24.740683333333333
2021-10-09 01:00:00,24.633983333333333
2021-10-09 02:00:00,24.952833333333334
2021-10-09 03:00:00,24.726666666666667
2021-10-09 04:00:00,25.1548
2021-10-09 05:00:00,25.138866666666665
2021-10-09 06:00:00,24.96825
2021-10-09 07:00:00,25.03105
2021-10-09 08:00:00,25.437816666666667
2021-10-09 09:00:00,25.723200000000002
2021-10-09 10:00:00,26.30838333333333
2021-10-09 11:00:00,26.467733333333335
2021-10-09 12:00:00,26.467699999999997
2021-10-09 13:00:00,25.30053333333333
2021-10-09 14:00:00,25.234966666666665
2021-10-09 15:00:00,25.069183333333335
2021-10-09 16:00:00,24.760166666666667
2021-10-09 17:00:00,24.837116666666667
2021-10-09 18:00:00,24.77241666666667
2021-10-09 19:00:00,25.707816666666666
2021-10-09 20:00:00,25.223366666666667
2021-10-09 21:00:00,24.686566666666668
2021-10-09 22:00:00,24.53258333333333
2021-10-09 23:00:00,24.135883333333332
2021-10-10 00:00:00,24.734416666666668
2021-10-10 01:00:00,24.804516666666665
2021-10-10 02:00:00,24.870600000000003
2021-10-10 03:00:00,24.49565
2021-10-10 04:00:00,24.917933333333334
2021-10-10 05:00:00,24.875733333333336
2021-10-10 06:00:00,25.253300000000003
2021-10-10 07:00:00,25.472583333333333
2021-10-10 08:00:00,25.80431666666667
2021-10-10 09:00:00,26.078916666666665
2021-10-10 10:00:00,26.042883333333336
2021-10-10 11:00:00,25.111183333333333
2021-10-10 12:00:00,24.68021666666667
2021-10-10 13:00:00,24.8825
2021-10-10 14:00:00,26.139416666666666
2021-10-10 15:00:00,26.355383333333336
2021-10-10 16:00:00,26.264966666666666
2021-10-10 17:00:00,26.329066666666666
2021-10-10 18:00:00,26.30841666666667
2021-10-10 19:00:00,26.24798333333333
2021-10-10 20:00:00,26.065800000000003
2021-10-10 21:00:00,25.963116666666668
2021-10-10 22:00:00,25.826649999999997
2021-10-10 23:00:00,25.907433333333334
2021-10-11 00:00:00,25.840716666666665
2021-10-11 01:00:00,26.007766666666665
2021-10-11 02:00:00,25.471433333333334
2021-10-11 03:00:00,25.780066666666666
2021-10-11 04:00:00,25.70853333333333
2021-10-11 05:00:00,25.62923333333333
2021-10-11 06:00:00,25.5795
2021-10-11 07:00:00,26.71075
2021-10-11 08:00:00,28.141616666666668
2021-10-11 09:00:00,29.53418333333333
2021-10-11 10:00:00,30.736383333333333
2021-10-11 11:00:00,31.536150000000003
2021-10-11 12:00:00,32.74133333333334
2021-10-11 13:00:00,33.2543
2021-10-11 14:00:00,33.12586666666667
2021-10-11 15:00:00,32.59908333333333
2021-10-11 16:00:00,30.1972
2021-10-11 17:00:00,28.618366666666667
2021-10-11 18:00:00,27.640833333333333
2021-10-11 19:00:00,26.862416666666665
2021-10-11 20:00:00,25.991733333333332
2021-10-11 21:00:00,25.316783333333333
2021-10-11 22:00:00,24.664283333333334
2021-10-11 23:00:00,24.411566666666666
2021-10-12 00:00:00,24.041100000000004
2021-10-12 01:00:00,23.547416666666667
2021-10-12 02:00:00,23.109783333333333
2021-10-12 03:00:00,22.887966666666667
2021-10-12 04:00:00,22.564933333333332
2021-10-12 05:00:00,22.35758333333333
2021-10-12 06:00:00,22.420616666666668
2021-10-12 07:00:00,22.928616666666667
2021-10-12 08:00:00,23.552833333333336
2021-10-12 09:00:00,23.911066666666667
2021-10-12 10:00:00,23.862833333333334
2021-10-12 11:00:00,24.283416666666668
2021-10-12 12:00:00,24.354049999999997
2021-10-12 13:00:00,24.68368333333333
2021-10-12 14:00:00,24.517733333333336
2021-10-12 15:00:00,23.958466666666666
2021-10-12 16:00:00,24.076266666666665
2021-10-12 17:00:00,23.852116666666667
2021-10-12 18:00:00,23.518866666666668
2021-10-12 19:00:00,23.01578333333333
2021-10-12 20:00:00,22.955050000000004
2021-10-12 21:00:00,23.12835
2021-10-12 22:00:00,23.032966666666667
2021-10-12 23:00:00,21.95055
2021-10-13 00:00:00,20.889683333333334
2021-10-13 01:00:00,20.443683333333336
2021-10-13 02:00:00,20.897016666666666
2021-10-13 03:00:00,21.4522
2021-10-13 04:00:00,21.53045
2021-10-13 05:00:00,21.97615
2021-10-13 06:00:00,22.67415
2021-10-13 07:00:00,24.540016666666666
2021-10-13 08:00:00,24.743550000000003
2021-10-13 09:00:00,25.763366666666666
2021-10-13 10:00:00,25.791150000000002
2021-10-13 11:00:00,25.619633333333333
2021-10-13 12:00:00,24.97225
2021-10-13 13:00:00,25.02331666666667
2021-10-13 14:00:00,25.28666666666667
2021-10-13 15:00:00,23.603383333333333
2021-10-13 16:00:00,24.3166
2021-10-13 17:00:00,25.134400000000003
2021-10-13 18:00:00,24.928766666666665
2021-10-13 19:00:00,25.03708333333333
2021-10-13 20:00:00,25.38406666666667
2021-10-13 21:00:00,25.582566666666665
2021-10-13 22:00:00,25.723366666666667
2021-10-13 23:00:00,25.456233333333333
2021-10-14 00:00:00,25.739666666666665
2021-10-14 01:00:00,25.5969
2021-10-14 02:00:00,25.4273
2021-10-14 03:00:00,25.290033333333334
2021-10-14 04:00:00,25.5288
2021-10-14 05:00:00,25.15281666666667
2021-10-14 06:00:00,25.23505
2021-10-14 07:00:00,25.450583333333334
2021-10-14 08:00:00,25.961000000000002
2021-10-14 09:00:00,27.077133333333332
2021-10-14 10:00:00,28.471999999999998
2021-10-14 11:00:00,28.20853333333333
2021-10-14 12:00:00,27.98186666666667
2021-10-14 13:00:00,28.623299999999997
2021-10-14 14:00:00,27.788116666666667
2021-10-14 15:00:00,27.8902
2021-10-14 16:00:00,27.313983333333333
2021-10-14 17:00:00,26.700533333333333
2021-10-14 18:00:00,25.977416666666667
2021-10-14 19:00:00,26.020983333333334
2021-10-14 20:00:00,26.031416666666665
2021-10-14 21:00:00,25.979366666666667
2021-10-14 22:00:00,25.733616666666666
2021-10-14 23:00:00,25.531616666666665
2021-10-15 00:00:00,25.5153
2021-10-15 01:00:00,25.276816666666665
2021-10-15 02:00:00,25.059216666666664
2021-10-15 03:00:00,24.763699999999996
2021-10-15 04:00:00,24.500516666666666
2021-10-15 05:00:00,24.25495
2021-10-15 06:00:00,24.118949999999998
2021-10-15 07:00:00,24.198266666666665
2021-10-15 08:00:00,24.180016666666667
2021-10-15 09:00:00,24.08445
2021-10-15 10:00:00,23.988983333333334
2021-10-15 11:00:00,24.482966666666666
2021-10-15 12:00:00,24.2727
2021-10-15 13:00:00,25.077066666666667
2021-10-15 14:00:00,24.944333333333336
2021-10-15 15:00:00,24.477416666666667
2021-10-15 16:00:00,24.307583333333334
2021-10-15 17:00:00,23.81928333333333
2021-10-15 18:00:00,23.82205
2021-10-15 19:00:00,23.95328333333333
2021-10-15 20:00:00,24.061016666666667
2021-10-15 21:00:00,24.31226666666667
2021-10-15 22:00:00,24.34381666666667
2021-10-15 23:00:00,24.411216666666668
2021-10-16 00:00:00,24.587033333333334
2021-10-16 01:00:00,24.602033333333335
2021-10-16 02:00:00,24.3676
2021-10-16 03:00:00,24.343433333333333
2021-10-16 04:00:00,24.3073
2021-10-16 05:00:00,23.77945
2021-10-16 06:00:00,23.37565
2021-10-16 07:00:00,24.096516666666666
2021-10-16 08:00:00,25.30731666666667
2021-10-16 09:00:00,27.637583333333332
2021-10-16 10:00:00,28.806166666666666
2021-10-16 11:00:00,29.9311
2021-10-16 12:00:00,30.82293333333333
2021-10-16 13:00:00,30.72575
2021-10-16 14:00:00,29.46115
2021-10-16 15:00:00,28.685033333333333
2021-10-16 16:00:00,26.69141666666667
2021-10-16 17:00:00,25.3497
2021-10-16 18:00:00,24.458183333333334
2021-10-16 19:00:00,23.67275
2021-10-16 20:00:00,23.108600000000003
2021-10-16 21:00:00,22.61178333333333
2021-10-16 22:00:00,22.199650000000002
2021-10-16 23:00:00,21.910266666666665
2021-10-17 00:00:00,21.676233333333336
2021-10-17 01:00:00,21.42315
2021-10-17 02:00:00,20.823666666666668
2021-10-17 03:00:00,20.463783333333332
2021-10-17 04:00:00,20.39925
2021-10-17 05:00:00,20.378683333333335
2021-10-17 06:00:00,20.283383333333333
2021-10-17 07:00:00,20.887133333333335
2021-10-17 08:00:00,22.035433333333334
2021-10-17 09:00:00,23.307516666666668
2021-10-17 10:00:00,24.82045
2021-10-17 11:00:00,26.495816666666666
2021-10-17 12:00:00,27.209866666666667
2021-10-17 13:00:00,27.24485
2021-10-17 14:00:00,26.51185
2021-10-17 15:00:00,25.352899999999998
2021-10-17 16:00:00,23.505733333333335
2021-10-17 17:00:00,22.372933333333332
2021-10-17 18:00:00,21.591916666666666
2021-10-17 19:00:00,21.0899
2021-10-17 20:00:00,20.6117
2021-10-17 21:00:00,20.22655
2021-10-17 22:00:00,19.67653333333333
2021-10-17 23:00:00,19.545
2021-10-18 00:00:00,19.489766666666664
2021-10-18 01:00:00,19.244866666666667
2021-10-18 02:00:00,18.900133333333333
2021-10-18 03:00:00,18.64741666666667
2021-10-18 04:00:00,18.4317
2021-10-18 05:00:00,18.402516666666667
2021-10-18 06:00:00,18.738400000000002
2021-10-18 07:00:00,18.856383333333333
2021-10-18 08:00:00,19.968133333333334
2021-10-18 09:00:00,21.396733333333334
2021-10-18 10:00:00,22.5011
2021-10-18 11:00:00,23.679016666666666
2021-10-18 12:00:00,26.2652
2021-10-18 13:00:00,28.261183333333335
2021-10-18 14:00:00,28.339716666666668
2021-10-18 15:00:00,28.395683333333334
2021-10-18 16:00:00,23.69125
2021-10-18 17:00:00,22.482233333333333
2021-10-18 18:00:00,22.447400000000002
2021-10-18 19:00:00,22.107599999999998
2021-10-18 20:00:00,22.124033333333333
2021-10-18 21:00:00,22.237133333333336
2021-10-18 22:00:00,22.338316666666667
2021-10-18 23:00:00,22.350316666666668
2021-10-19 00:00:00,22.542466666666666
2021-10-19 01:00:00,22.466333333333335
2021-10-19 02:00:00,22.332733333333334
2021-10-19 03:00:00,22.18505
2021-10-19 04:00:00,21.701649999999997
2021-10-19 05:00:00,21.201500000000003
2021-10-19 06:00:00,21.2905
2021-10-19 07:00:00,23.94955
2021-10-19 08:00:00,27.785700000000002
2021-10-19 09:00:00,29.692783333333335
2021-10-19 10:00:00,27.355633333333333
2021-10-19 11:00:00,27.834016666666667
2021-10-19 12:00:00,28.032316666666667
2021-10-19 13:00:00,26.764666666666667
2021-10-19 14:00:00,27.23505
2021-10-19 15:00:00,26.727516666666666
2021-10-19 16:00:00,24.871466666666667
2021-10-19 17:00:00,24.285416666666666
2021-10-19 18:00:00,23.66975
2021-10-19 19:00:00,23.489283333333333
2021-10-19 20:00:00,23.60346666666667
2021-10-19 21:00:00,23.497883333333334
2021-10-19 22:00:00,23.6947
2021-10-19 23:00:00,24.027416666666667
2021-10-20 00:00:00,24.06925
2021-10-20 01:00:00,24.0167
2021-10-20 02:00:00,24.038333333333334
2021-10-20 03:00:00,23.984050000000003
2021-10-20 04:00:00,24.07203333333333
2021-10-20 05:00:00,24.01383333333333
2021-10-20 06:00:00,24.020699999999998
2021-10-20 07:00:00,25.1508
2021-10-20 08:00:00,28.3709
2021-10-20 09:00:00,29.008033333333334
2021-10-20 10:00:00,28.90666666666667
2021-10-20 11:00:00,28.6094
2021-10-20 12:00:00,28.600033333333332
2021-10-20 13:00:00,29.148933333333332
2021-10-20 14:00:00,29.064833333333336
2021-10-20 15:00:00,26.231516666666668
2021-10-20 16:00:00,25.2853
2021-10-20 17:00:00,24.837433333333333
2021-10-20 18:00:00,24.515133333333335
2021-10-20 19:00:00,24.585116666666668
2021-10-20 20:00:00,24.577066666666667
2021-10-20 21:00:00,24.511750000000003
2021-10-20 22:00:00,24.511950000000002
2021-10-20 23:00:00,24.55571666666667
2021-10-21 00:00:00,24.578983333333333
2021-10-21 01:00:00,24.470183333333335
2021-10-21 02:00:00,24.032016666666667
2021-10-21 03:00:00,24.090633333333336
2021-10-21 04:00:00,23.936783333333334
2021-10-21 05:00:00,23.688933333333335
2021-10-21 06:00:00,23.63065
2021-10-21 07:00:00,27.48803333333333
2021-10-21 08:00:00,28.322633333333332
2021-10-21 09:00:00,28.171633333333332
2021-10-21 10:00:00,26.2479
2021-10-21 11:00:00,24.87845
2021-10-21 12:00:00,22.432866666666666
2021-10-21 13:00:00,20.75785
2021-10-21 14:00:00,20.287366666666667
2021-10-21 15:00:00,20.0628
2021-10-21 16:00:00,18.953683333333334
2021-10-21 17:00:00,18.92618333333333
2021-10-21 18:00:00,19.093466666666664
2021-10-21 19:00:00,18.970783333333333
2021-10-21 20:00:00,18.99638333333333
2021-10-21 21:00:00,18.943983333333335
2021-10-21 22:00:00,18.45716666666667
2021-10-21 23:00:00,17.760083333333334
2021-10-22 00:00:00,17.293200000000002
2021-10-22 01:00:00,16.52085
2021-10-22 02:00:00,16.359333333333336
2021-10-22 03:00:00,16.135833333333334
2021-10-22 04:00:00,15.780083333333332
2021-10-22 05:00:00,15.68045
2021-10-22 06:00:00,15.815366666666668
2021-10-22 07:00:00,15.9779
2021-10-22 08:00:00,16.213250000000002
2021-10-22 09:00:00,16.615866666666665
2021-10-22 10:00:00,17.338866666666668
2021-10-22 11:00:00,17.965916666666665
2021-10-22 12:00:00,18.539783333333332
2021-10-22 13:00:00,18.7824
2021-10-22 14:00:00,18.564666666666668
2021-10-22 15:00:00,18.42415
2021-10-22 16:00:00,18.108150000000002
2021-10-22 17:00:00,17.51288333333333
2021-10-22 18:00:00,17.274983333333335
2021-10-22 19:00:00,16.80548333333333
2021-10-22 20:00:00,16.52525
2021-10-22 21:00:00,16.617316666666667
2021-10-22 22:00:00,16.826866666666668
2021-10-22 23:00:00,16.805416666666666
2021-10-23 00:00:00,17.118283333333334
2021-10-23 01:00:00,17.14153333333333
2021-10-23 02:00:00,17.17
2021-10-23 03:00:00,17.365783333333333
2021-10-23 04:00:00,17.222066666666667
2021-10-23 05:00:00,16.58448333333333
2021-10-23 06:00:00,16.74305
2021-10-23 07:00:00,17.168816666666665
2021-10-23 08:00:00,17.811733333333333
2021-10-23 09:00:00,18.373966666666668
2021-10-23 10:00:00,19.548033333333333
2021-10-23 11:00:00,20.950833333333332
2021-10-23 12:00:00,21.317116666666667
2021-10-23 13:00:00,22.912300000000002
2021-10-23 14:00:00,23.945833333333333
2021-10-23 15:00:00,23.13235
2021-10-23 16:00:00,21.16645
2021-10-23 17:00:00,19.75235
2021-10-23 18:00:00,19.011083333333332
2021-10-23 19:00:00,18.641333333333332
2021-10-23 20:00:00,18.483516666666667
2021-10-23 21:00:00,18.28865
2021-10-23 22:00:00,18.55976666666667
2021-10-23 23:00:00,18.772616666666668
2021-10-24 00:00:00,18.769266666666667
2021-10-24 01:00:00,18.574416666666664
2021-10-24 02:00:00,18.365666666666666
2021-10-24 03:00:00,17.968033333333334
2021-10-24 04:00:00,17.94275
2021-10-24 05:00:00,17.846766666666667
2021-10-24 06:00:00,17.84508333333333
2021-10-24 07:00:00,18.590233333333334
2021-10-24 08:00:00,20.82405
2021-10-24 09:00:00,23.035216666666667
2021-10-24 10:00:00,25.509666666666664
2021-10-24 11:00:00,26.21673333333333
2021-10-24 12:00:00,27.014400000000002
2021-10-24 13:00:00,27.58205
2021-10-24 14:00:00,27.47395
2021-10-24 15:00:00,25.5536
2021-10-24 16:00:00,22.25678333333333
2021-10-24 17:00:00,21.28425
2021-10-24 18:00:00,20.619333333333334
2021-10-24 19:00:00,20.198616666666666
2021-10-24 20:00:00,19.546100000000003
2021-10-24 21:00:00,19.1201
2021-10-24 22:00:00,18.622083333333332
2021-10-24 23:00:00,18.29371666666667
2021-10-25 00:00:00,18.05755
2021-10-25 01:00:00,18.033033333333332
2021-10-25 02:00:00,17.942
2021-10-25 03:00:00,17.871750000000002
2021-10-25 04:00:00,17.875616666666666
2021-10-25 05:00:00,18.088466666666665
2021-10-25 06:00:00,18.264166666666664
2021-10-25 07:00:00,18.602266666666665
2021-10-25 08:00:00,20.641283333333334
2021-10-25 09:00:00,21.257816666666667
2021-10-25 10:00:00,25.05118333333333
2021-10-25 11:00:00,27.209583333333335
2021-10-25 12:00:00,28.925400000000003
2021-10-25 13:00:00,29.779
2021-10-25 14:00:00,30.512333333333334
2021-10-25 15:00:00,28.7728
2021-10-25 16:00:00,25.092783333333333
2021-10-25 17:00:00,23.95965
2021-10-25 18:00:00,22.895233333333334
2021-10-25 19:00:00,22.37775
2021-10-25 20:00:00,22.0182
2021-10-25 21:00:00,21.833583333333333
2021-10-25 22:00:00,21.775916666666667
2021-10-25 23:00:00,21.07715
2021-10-26 00:00:00,21.10373333333333
2021-10-26 01:00:00,21.235683333333334
2021-10-26 02:00:00,21.240566666666666
2021-10-26 03:00:00,21.36825
2021-10-26 04:00:00,21.097533333333335
2021-10-26 05:00:00,20.787366666666667
2021-10-26 06:00:00,20.553099999999997
2021-10-26 07:00:00,22.3465
2021-10-26 08:00:00,24.7475
2021-10-26 09:00:00,27.23385
2021-10-26 10:00:00,28.789133333333332
2021-10-26 11:00:00,28.07485
2021-10-26 12:00:00,27.251666666666665
2021-10-26 13:00:00,27.68415
2021-10-26 14:00:00,26.6864
2021-10-26 15:00:00,26.18025
2021-10-26 16:00:00,23.77106666666667
2021-10-26 17:00:00,23.674433333333333
2021-10-26 18:00:00,23.901616666666666
2021-10-26 19:00:00,24.035316666666667
2021-10-26 20:00:00,23.837733333333333
2021-10-26 21:00:00,23.750083333333336
2021-10-26 22:00:00,23.83155
2021-10-26 23:00:00,23.759633333333333
2021-10-27 00:00:00,23.187966666666668
2021-10-27 01:00:00,23.348033333333333
2021-10-27 02:00:00,23.432450000000003
2021-10-27 03:00:00,23.34565
2021-10-27 04:00:00,23.30955
2021-10-27 05:00:00,23.268700000000003
2021-10-27 06:00:00,23.242183333333333
2021-10-27 07:00:00,23.462966666666667
2021-10-27 08:00:00,24.439116666666667
2021-10-27 09:00:00,25.007166666666667
2021-10-27 10:00:00,25.04481666666667
2021-10-27 11:00:00,25.882183333333334
2021-10-27 12:00:00,25.692783333333335
2021-10-27 13:00:00,24.916633333333333
2021-10-27 14:00:00,25.554666666666666
2021-10-27 15:00:00,24.484016666666665
2021-10-27 16:00:00,24.022116666666665
2021-10-27 17:00:00,23.606916666666667
2021-10-27 18:00:00,23.313633333333332
2021-10-27 19:00:00,23.45853333333333
2021-10-27 20:00:00,23.17931666666667
2021-10-27 21:00:00,23.396133333333335
2021-10-27 22:00:00,23.470883333333333
2021-10-27 23:00:00,23.510133333333332
2021-10-28 00:00:00,23.623283333333333
2021-10-28 01:00:00,23.089850000000002
2021-10-28 02:00:00,22.282716666666666
2021-10-28 03:00:00,22.334233333333334
2021-10-28 04:00:00,22.354433333333336
2021-10-28 05:00:00,22.486300000000004
2021-10-28 06:00:00,22.578416666666666
2021-10-28 07:00:00,22.737000000000002
2021-10-28 08:00:00,23.436616666666666
2021-10-28 09:00:00,24.7765
2021-10-28 10:00:00,25.59365
2021-10-28 11:00:00,26.73695
2021-10-28 12:00:00,25.212783333333334
2021-10-28 13:00:00,25.09988333333333
2021-10-28 14:00:00,25.074566666666666
2021-10-28 15:00:00,24.674883333333334
2021-10-28 16:00:00,23.821083333333334
2021-10-28 17:00:00,23.694583333333334
2021-10-28 18:00:00,23.450966666666666
2021-10-28 19:00:00,23.39235
2021-10-28 20:00:00,23.392233333333333
2021-10-28 21:00:00,23.389816666666665
2021-10-28 22:00:00,23.383683333333334
2021-10-28 23:00:00,23.348416666666665
2021-10-29 00:00:00,23.039116666666665
2021-10-29 01:00:00,23.1807
2021-10-29 02:00:00,23.17823333333333
2021-10-29 03:00:00,22.98501666666667
2021-10-29 04:00:00,22.4467
2021-10-29 05:00:00,22.59218333333333
2021-10-29 06:00:00,22.63453333333333
2021-10-29 07:00:00,22.725133333333336
2021-10-29 08:00:00,23.457800000000002
2021-10-29 09:00:00,23.924983333333333
2021-10-29 10:00:00,25.264850000000003
2021-10-29 11:00:00,25.693233333333335
2021-10-29 12:00:00,26.227333333333334
2021-10-29 13:00:00,25.409083333333335
2021-10-29 14:00:00,25.426983333333332
2021-10-29 15:00:00,24.640566666666665
2021-10-29 16:00:00,23.430866666666667
2021-10-29 17:00:00,23.03205
2021-10-29 18:00:00,22.978316666666668
2021-10-29 19:00:00,23.1728
2021-10-29 20:00:00,23.132366666666666
2021-10-29 21:00:00,23.136233333333333
2021-10-29 22:00:00,23.1657
2021-10-29 23:00:00,23.188100000000002
2021-10-30 00:00:00,23.07221666666667
2021-10-30 01:00:00,23.20545
2021-10-30 02:00:00,23.05815
2021-10-30 03:00:00,22.152516666666667
2021-10-30 04:00:00,21.57061666666667
2021-10-30 05:00:00,21.5989
2021-10-30 06:00:00,21.634116666666667
2021-10-30 07:00:00,21.714366666666667
2021-10-30 08:00:00,22.55575
2021-10-30 09:00:00,22.952916666666667
2021-10-30 10:00:00,23.934450000000002
2021-10-30 11:00:00,24.66981666666667
2021-10-30 12:00:00,26.01131666666667
2021-10-30 13:00:00,25.632166666666667
2021-10-30 14:00:00,25.60145
2021-10-30 15:00:00,25.2513
2021-10-30 16:00:00,24.313116666666666
2021-10-30 17:00:00,22.6033
2021-10-30 18:00:00,21.725583333333336
2021-10-30 19:00:00,21.33578333333333
2021-10-30 20:00:00,21.463483333333333
2021-10-30 21:00:00,21.544800000000002
2021-10-30 22:00:00,21.48995
2021-10-30 23:00:00,21.459266666666668
2021-10-31 00:00:00,21.497933333333332
2021-10-31 01:00:00,21.51905
2021-10-31 02:00:00,21.560333333333332
2021-10-31 03:00:00,21.54135
2021-10-31 04:00:00,21.446716666666664
2021-10-31 05:00:00,21.43415
2021-10-31 06:00:00,21.4617
2021-10-31 07:00:00,21.68566666666667
2021-10-31 08:00:00,22.01241666666667
2021-10-31 09:00:00,22.4725
2021-10-31 10:00:00,22.9811
2021-10-31 11:00:00,23.423116666666665
2021-10-31 12:00:00,24.21013333333333
2021-10-31 13:00:00,24.811416666666666
2021-10-31 14:00:00,24.143316666666667
2021-10-31 15:00:00,23.733616666666666
2021-10-31 16:00:00,22.981133333333332
2021-10-31 17:00:00,22.502133333333333
2021-10-31 18:00:00,22.38065
2021-10-31 19:00:00,22.426166666666667
2021-10-31 20:00:00,22.61415
2021-10-31 21:00:00,22.604100000000003
2021-10-31 22:00:00,22.613283333333335
2021-10-31 23:00:00,22.619766666666667
2021-11-01 00:00:00,22.54618333333333
2021-11-01 01:00:00,22.37923333333333
2021-11-01 02:00:00,22.443683333333336
2021-11-01 03:00:00,22.485166666666665
2021-11-01 04:00:00,22.284266666666667
2021-11-01 05:00:00,22.095833333333335
2021-11-01 06:00:00,22.16828333333333
2021-11-01 07:00:00,23.263683333333333
2021-11-01 08:00:00,23.491316666666666
2021-11-01 09:00:00,25.61616666666667
2021-11-01 10:00:00,27.323616666666666
2021-11-01 11:00:00,27.651383333333335
2021-11-01 12:00:00,26.83625
2021-11-01 13:00:00,25.368383333333334
2021-11-01 14:00:00,25.134933333333333
2021-11-01 15:00:00,24.6905
2021-11-01 16:00:00,23.59691666666667
2021-11-01 17:00:00,23.080066666666667
2021-11-01 18:00:00,22.868466666666666
2021-11-01 19:00:00,23.095683333333334
2021-11-01 20:00:00,23.221316666666667
2021-11-01 21:00:00,23.2883
2021-11-01 22:00:00,23.214783333333333
2021-11-01 23:00:00,23.1555
2021-11-02 00:00:00,23.02155
2021-11-02 01:00:00,22.92375
2021-11-02 02:00:00,22.823383333333332
2021-11-02 03:00:00,22.669483333333336
2021-11-02 04:00:00,22.53825
2021-11-02 05:00:00,22.388366666666666
2021-11-02 06:00:00,22.364416666666667
2021-11-02 07:00:00,22.454666666666665
2021-11-02 08:00:00,22.703166666666668
2021-11-02 09:00:00,22.981883333333332
2021-11-02 10:00:00,24.178183333333333
2021-11-02 11:00:00,25.4942
2021-11-02 12:00:00,26.205683333333333
2021-11-02 13:00:00,26.025033333333333
2021-11-02 14:00:00,25.91303333333333
2021-11-02 15:00:00,24.4367
2021-11-02 16:00:00,23.445
2021-11-02 17:00:00,22.757183333333334
2021-11-02 18:00:00,22.710533333333334
2021-11-02 19:00:00,22.769333333333336
2021-11-02 20:00:00,22.89043333333333
2021-11-02 21:00:00,22.956566666666667
2021-11-02 22:00:00,22.835683333333336
2021-11-02 23:00:00,22.892666666666667
2021-11-03 00:00:00,22.944766666666666
2021-11-03 01:00:00,22.876766666666665
2021-11-03 02:00:00,22.782783333333334
2021-11-03 03:00:00,22.741366666666668
2021-11-03 04:00:00,22.671116666666666
2021-11-03 05:00:00,22.50525
2021-11-03 06:00:00,22.333566666666666
2021-11-03 07:00:00,22.382066666666667
2021-11-03 08:00:00,22.701616666666666
2021-11-03 09:00:00,24.593116666666667
2021-11-03 10:00:00,26.185533333333336
2021-11-03 11:00:00,25.733349999999998
2021-11-03 12:00:00,26.152449999999998
2021-11-03 13:00:00,26.396966666666668
2021-11-03 14:00:00,25.726983333333333
2021-11-03 15:00:00,24.779049999999998
2021-11-03 16:00:00,23.567999999999998
2021-11-03 17:00:00,23.111749999999997
2021-11-03 18:00:00,22.756633333333333
2021-11-03 19:00:00,22.970233333333333
2021-11-03 20:00:00,22.897116666666665
2021-11-03 21:00:00,22.707966666666668
2021-11-03 22:00:00,22.8333
2021-11-03 23:00:00,22.810366666666667
2021-11-04 00:00:00,22.672383333333336
2021-11-04 01:00:00,22.636533333333333
2021-11-04 02:00:00,22.7228
2021-11-04 03:00:00,22.608999999999998
2021-11-04 04:00:00,22.572866666666666
2021-11-04 05:00:00,22.538783333333335
2021-11-04 06:00:00,22.551550000000002
2021-11-04 07:00:00,22.674933333333335
2021-11-04 08:00:00,24.62911666666667
2021-11-04 09:00:00,25.25136666666667
2021-11-04 10:00:00,25.665633333333336
2021-11-04 11:00:00,25.48688333333333
2021-11-04 12:00:00,27.04025
2021-11-04 13:00:00,27.581633333333333
2021-11-04 14:00:00,27.200366666666664
2021-11-04 15:00:00,25.844533333333334
2021-11-04 16:00:00,23.70393333333333
2021-11-04 17:00:00,23.062816666666667
2021-11-04 18:00:00,22.810716666666668
2021-11-04 19:00:00,22.854300000000002
2021-11-04 20:00:00,23.347716666666667
2021-11-04 21:00:00,23.47918333333333
2021-11-04 22:00:00,23.3997
2021-11-04 23:00:00,23.468883333333334
2021-11-05 00:00:00,23.598433333333332
2021-11-05 01:00:00,23.38935
2021-11-05 02:00:00,23.445483333333335
2021-11-05 03:00:00,23.23036666666667
2021-11-05 04:00:00,23.088733333333334
2021-11-05 05:00:00,22.97575
2021-11-05 06:00:00,22.92138333333333
2021-11-05 07:00:00,23.043883333333333
2021-11-05 08:00:00,23.413333333333334
2021-11-05 09:00:00,23.74415
2021-11-05 10:00:00,23.970416666666665
2021-11-05 11:00:00,25.640033333333335
2021-11-05 12:00:00,25.534533333333332
2021-11-05 13:00:00,27.671066666666665
2021-11-05 14:00:00,27.169833333333333
2021-11-05 15:00:00,25.218683333333335
2021-11-05 16:00:00,24.194883333333333
2021-11-05 17:00:00,23.494183333333336
2021-11-05 18:00:00,23.057566666666666
2021-11-05 19:00:00,22.70903333333333
2021-11-05 20:00:00,22.7343
2021-11-05 21:00:00,22.916150000000002
2021-11-05 22:00:00,22.750083333333333
2021-11-05 23:00:00,22.557516666666668
2021-11-06 00:00:00,22.497816666666665
2021-11-06 01:00:00,22.3594
2021-11-06 02:00:00,22.4148
2021-11-06 03:00:00,22.361216666666667
2021-11-06 04:00:00,22.09215
2021-11-06 05:00:00,22.011466666666667
2021-11-06 06:00:00,22.0328
2021-11-06 07:00:00,23.689683333333335
2021-11-06 08:00:00,28.712133333333334
2021-11-06 09:00:00,29.189416666666666
2021-11-06 10:00:00,28.405416666666667
2021-11-06 11:00:00,27.520683333333334
2021-11-06 12:00:00,28.422900000000002
2021-11-06 13:00:00,29.6493
2021-11-06 14:00:00,30.034516666666665
2021-11-06 15:00:00,26.298916666666667
2021-11-06 16:00:00,26.246716666666668
2021-11-06 17:00:00,25.637716666666666
2021-11-06 18:00:00,24.80933333333333
2021-11-06 19:00:00,24.2612
2021-11-06 20:00:00,24.046633333333332
2021-11-06 21:00:00,23.97603333333333
2021-11-06 22:00:00,23.68566666666667
2021-11-06 23:00:00,23.2432
2021-11-07 00:00:00,22.94543333333333
2021-11-07 01:00:00,22.972883333333336
2021-11-07 02:00:00,22.849183333333333
2021-11-07 03:00:00,22.799433333333333
2021-11-07 04:00:00,22.65145
2021-11-07 05:00:00,22.738233333333334
2021-11-07 06:00:00,22.816066666666664
2021-11-07 07:00:00,25.62435
2021-11-07 08:00:00,28.835516666666667
2021-11-07 09:00:00,27.000316666666667
2021-11-07 10:00:00,27.367683333333332
2021-11-07 11:00:00,25.811516666666666
2021-11-07 12:00:00,25.7029
2021-11-07 13:00:00,24.862366666666667
2021-11-07 14:00:00,24.841583333333332
2021-11-07 15:00:00,24.7608
2021-11-07 16:00:00,24.384383333333336
2021-11-07 17:00:00,23.908166666666666
2021-11-07 18:00:00,23.6835
2021-11-07 19:00:00,23.52225
2021-11-07 20:00:00,23.480849999999997
2021-11-07 21:00:00,23.47225
2021-11-07 22:00:00,23.487233333333332
2021-11-07 23:00:00,23.3388
2021-11-08 00:00:00,23.03891666666667
2021-11-08 01:00:00,23.13158333333333
2021-11-08 02:00:00,20.923800000000004
2021-11-08 03:00:00,19.196866666666665
2021-11-08 04:00:00,18.166583333333335
2021-11-08 05:00:00,17.066
2021-11-08 06:00:00,16.4501
2021-11-08 07:00:00,16.25095
2021-11-08 08:00:00,17.98391666666667
2021-11-08 09:00:00,19.744533333333333
2021-11-08 10:00:00,21.5904
2021-11-08 11:00:00,22.78033333333333
2021-11-08 12:00:00,22.744216666666667
2021-11-08 13:00:00,22.150066666666664
2021-11-08 14:00:00,21.6285
2021-11-08 15:00:00,19.750166666666665
2021-11-08 16:00:00,18.089116666666666
2021-11-08 17:00:00,17.599816666666666
2021-11-08 18:00:00,17.165683333333334
2021-11-08 19:00:00,16.8308
2021-11-08 20:00:00,16.493983333333333
2021-11-08 21:00:00,16.309966666666668
2021-11-08 22:00:00,16.33565
2021-11-08 23:00:00,16.172233333333335
2021-11-09 00:00:00,15.750183333333332
2021-11-09 01:00:00,15.677066666666667
2021-11-09 02:00:00,15.561200000000001
2021-11-09 03:00:00,15.43165
2021-11-09 04:00:00,15.204866666666668
2021-11-09 05:00:00,15.041766666666666
2021-11-09 06:00:00,14.655333333333335
2021-11-09 07:00:00,14.641733333333333
2021-11-09 08:00:00,15.239516666666667
2021-11-09 09:00:00,17.293566666666667
2021-11-09 10:00:00,20.913366666666665
2021-11-09 11:00:00,23.484483333333333
2021-11-09 12:00:00,22.870033333333332
2021-11-09 13:00:00,23.590283333333332
2021-11-09 14:00:00,23.646966666666668
2021-11-09 15:00:00,22.652866666666668
2021-11-09 16:00:00,20.262933333333333
2021-11-09 17:00:00,19.43388333333333
2021-11-09 18:00:00,18.47035
2021-11-09 19:00:00,17.969766666666665
2021-11-09 20:00:00,17.9497
2021-11-09 21:00:00,17.90556666666667
2021-11-09 22:00:00,17.463199999999997
2021-11-09 23:00:00,17.0693
2021-11-10 00:00:00,16.823633333333333
2021-11-10 01:00:00,16.523333333333333
2021-11-10 02:00:00,16.29221666666667
2021-11-10 03:00:00,16.152416666666667
2021-11-10 04:00:00,16.03135
2021-11-10 05:00:00,16.010366666666666
2021-11-10 06:00:00,16.29481666666667
2021-11-10 07:00:00,16.615066666666667
2021-11-10 08:00:00,17.416983333333334
2021-11-10 09:00:00,20.675366666666665
2021-11-10 10:00:00,23.210433333333334
2021-11-10 11:00:00,24.58745
2021-11-10 12:00:00,24.519233333333332
2021-11-10 13:00:00,25.807416666666665
2021-11-10 14:00:00,25.977566666666668
2021-11-10 15:00:00,24.168766666666667
2021-11-10 16:00:00,21.289266666666666
2021-11-10 17:00:00,20.7926
2021-11-10 18:00:00,19.759283333333332
2021-11-10 19:00:00,19.199833333333334
2021-11-10 20:00:00,18.976333333333333
2021-11-10 21:00:00,18.757816666666667
2021-11-10 22:00:00,18.667616666666667
2021-11-10 23:00:00,18.499933333333335
2021-11-11 00:00:00,18.3877
2021-11-11 01:00:00,18.08563333333333
2021-11-11 02:00:00,17.706083333333332
2021-11-11 03:00:00,17.47461666666667
2021-11-11 04:00:00,17.442966666666667
2021-11-11 05:00:00,17.060383333333334
2021-11-11 06:00:00,17.18205
2021-11-11 07:00:00,17.8599
2021-11-11 08:00:00,20.798383333333334
2021-11-11 09:00:00,21.85095
2021-11-11 10:00:00,22.8877
2021-11-11 11:00:00,27.2271
2021-11-11 12:00:00,25.83875
2021-11-11 13:00:00,24.42515
2021-11-11 14:00:00,22.762333333333334
2021-11-11 15:00:00,21.4003
2021-11-11 16:00:00,20.629633333333334
2021-11-11 17:00:00,19.97031666666667
2021-11-11 18:00:00,19.834966666666666
2021-11-11 19:00:00,19.354916666666668
2021-11-11 20:00:00,19.2242
2021-11-11 21:00:00,19.4697
2021-11-11 22:00:00,19.57115
2021-11-11 23:00:00,19.621333333333332
2021-11-12 00:00:00,19.867183333333333
2021-11-12 01:00:00,19.891099999999998
2021-11-12 02:00:00,19.591
2021-11-12 03:00:00,19.16368333333333
2021-11-12 04:00:00,18.7559
2021-11-12 05:00:00,18.076416666666667
2021-11-12 06:00:00,17.866066666666665
2021-11-12 07:00:00,18.9072
2021-11-12 08:00:00,22.151283333333332
2021-11-12 09:00:00,25.31478333333333
2021-11-12 10:00:00,27.567416666666666
2021-11-12 11:00:00,28.988766666666667
2021-11-12 12:00:00,29.471566666666668
2021-11-12 13:00:00,25.809649999999998
2021-11-12 14:00:00,24.564466666666664
2021-11-12 15:00:00,22.420366666666666
2021-11-12 16:00:00,21.266233333333332
2021-11-12 17:00:00,21.0075
2021-11-12 18:00:00,21.084516666666666
2021-11-12 19:00:00,21.253733333333333
2021-11-12 20:00:00,21.250766666666667
2021-11-12 21:00:00,20.84241666666667
2021-11-12 22:00:00,20.251083333333334
2021-11-12 23:00:00,20.201383333333336
2021-11-13 00:00:00,20.3903
2021-11-13 01:00:00,20.043583333333334
2021-11-13 02:00:00,19.9135
2021-11-13 03:00:00,19.594683333333332
2021-11-13 04:00:00,18.9421
2021-11-13 05:00:00,18.255550000000003
2021-11-13 06:00:00,18.1302
2021-11-13 07:00:00,19.102833333333333
2021-11-13 08:00:00,20.77695
2021-11-13 09:00:00,23.227616666666666
2021-11-13 10:00:00,24.981966666666665
2021-11-13 11:00:00,25.27405
2021-11-13 12:00:00,27.176883333333333
2021-11-13 13:00:00,28.72781666666667
2021-11-13 14:00:00,28.0609
2021-11-13 15:00:00,24.736033333333335
2021-11-13 16:00:00,22.095533333333332
2021-11-13 17:00:00,21.214583333333334
2021-11-13 18:00:00,20.503233333333334
2021-11-13 19:00:00,20.0885
2021-11-13 20:00:00,19.79641666666667
2021-11-13 21:00:00,19.611933333333333
2021-11-13 22:00:00,19.360149999999997
2021-11-13 23:00:00,19.29508333333333
2021-11-14 00:00:00,19.193716666666667
2021-11-14 01:00:00,18.63318333333333
2021-11-14 02:00:00,18.261000000000003
2021-11-14 03:00:00,17.78033333333333
2021-11-14 04:00:00,17.432583333333334
2021-11-14 05:00:00,17.20755
2021-11-14 06:00:00,17.136883333333333
2021-11-14 07:00:00,18.787283333333335
2021-11-14 08:00:00,21.467633333333332
2021-11-14 09:00:00,24.086383333333334
2021-11-14 10:00:00,26.142033333333334
2021-11-14 11:00:00,26.580666666666666
2021-11-14 12:00:00,23.93775
2021-11-14 13:00:00,23.815066666666667
2021-11-14 14:00:00,23.54025
2021-11-14 15:00:00,21.3961
2021-11-14 16:00:00,20.1673
2021-11-14 17:00:00,19.77893333333333
2021-11-14 18:00:00,19.4266
2021-11-14 19:00:00,19.265583333333332
2021-11-14 20:00:00,19.217633333333332
2021-11-14 21:00:00,19.11113333333333
2021-11-14 22:00:00,19.06928333333333
2021-11-14 23:00:00,18.854983333333333
2021-11-15 00:00:00,19.02195
2021-11-15 01:00:00,19.038866666666667
2021-11-15 02:00:00,18.745133333333335
2021-11-15 03:00:00,18.46315
2021-11-15 04:00:00,18.519766666666666
2021-11-15 05:00:00,18.3889
2021-11-15 06:00:00,18.103599999999997
2021-11-15 07:00:00,19.59756666666667
2021-11-15 08:00:00,22.541733333333333
2021-11-15 09:00:00,23.102683333333335
2021-11-15 10:00:00,23.256483333333332
2021-11-15 11:00:00,24.673366666666666
2021-11-15 12:00:00,24.402449999999998
2021-11-15 13:00:00,23.407516666666666
2021-11-15 14:00:00,22.384783333333335
2021-11-15 15:00:00,21.61635
2021-11-15 16:00:00,20.643433333333334
2021-11-15 17:00:00,20.167366666666666
2021-11-15 18:00:00,19.8297
2021-11-15 19:00:00,19.669500000000003
2021-11-15 20:00:00,19.637333333333334
2021-11-15 21:00:00,19.786283333333333
2021-11-15 22:00:00,19.82381666666667
2021-11-15 23:00:00,19.793466666666667
2021-11-16 00:00:00,19.513433333333335
2021-11-16 01:00:00,19.21486666666667
2021-11-16 02:00:00,18.924316666666666
2021-11-16 03:00:00,18.719983333333335
2021-11-16 04:00:00,18.818383333333333
2021-11-16 05:00:00,18.677833333333336
2021-11-16 06:00:00,18.687583333333333
2021-11-16 07:00:00,19.370416666666664
2021-11-16 08:00:00,23.278383333333334
2021-11-16 09:00:00,26.953216666666666
2021-11-16 10:00:00,28.431983333333335
2021-11-16 11:00:00,28.153833333333335
2021-11-16 12:00:00,26.727
2021-11-16 13:00:00,26.3252
2021-11-16 14:00:00,25.854966666666666
2021-11-16 15:00:00,23.88883333333333
2021-11-16 16:00:00,22.019316666666665
2021-11-16 17:00:00,21.12571666666667
2021-11-16 18:00:00,20.964366666666667
2021-11-16 19:00:00,20.888033333333333
2021-11-16 20:00:00,21.093799999999998
2021-11-16 21:00:00,21.1125
2021-11-16 22:00:00,20.884833333333333
2021-11-16 23:00:00,20.716283333333333
2021-11-17 00:00:00,20.543516666666665
2021-11-17 01:00:00,20.659233333333336
2021-11-17 02:00:00,20.9356
2021-11-17 03:00:00,20.709116666666667
2021-11-17 04:00:00,20.193949999999997
2021-11-17 05:00:00,20.061383333333332
2021-11-17 06:00:00,19.944466666666667
2021-11-17 07:00:00,20.27313333333333
2021-11-17 08:00:00,22.21415
2021-11-17 09:00:00,23.57176666666667
2021-11-17 10:00:00,24.7989
2021-11-17 11:00:00,24.857383333333335
2021-11-17 12:00:00,26.091866666666665
2021-11-17 13:00:00,25.435916666666667
2021-11-17 14:00:00,25.085033333333335
2021-11-17 15:00:00,23.793833333333332
2021-11-17 16:00:00,22.3052
2021-11-17 17:00:00,21.450283333333335
2021-11-17 18:00:00,21.268700000000003
2021-11-17 19:00:00,21.409883333333333
2021-11-17 20:00:00,21.280666666666665
2021-11-17 21:00:00,20.595933333333335
2021-11-17 22:00:00,20.087433333333333
2021-11-17 23:00:00,19.5942
2021-11-18 00:00:00,19.3205
2021-11-18 01:00:00,19.0637
2021-11-18 02:00:00,18.77058333333333
2021-11-18 03:00:00,18.69568333333333
2021-11-18 04:00:00,18.348916666666664
2021-11-18 05:00:00,18.416
2021-11-18 06:00:00,18.4391
2021-11-18 07:00:00,19.231
2021-11-18 08:00:00,22.3261
2021-11-18 09:00:00,26.52828333333333
2021-11-18 10:00:00,25.833266666666667
2021-11-18 11:00:00,26.595133333333333
2021-11-18 12:00:00,28.044533333333334
2021-11-18 13:00:00,28.315749999999998
2021-11-18 14:00:00,28.971066666666665
2021-11-18 15:00:00,25.50026666666667
2021-11-18 16:00:00,21.789649999999998
2021-11-18 17:00:00,20.82043333333333
2021-11-18 18:00:00,20.440533333333335
2021-11-18 19:00:00,20.42843333333333
2021-11-18 20:00:00,20.451866666666668
2021-11-18 21:00:00,20.1037
2021-11-18 22:00:00,19.758249999999997
2021-11-18 23:00:00,19.680116666666667
2021-11-19 00:00:00,19.595183333333335
2021-11-19 01:00:00,19.806933333333333
2021-11-19 02:00:00,19.593
2021-11-19 03:00:00,19.71525
2021-11-19 04:00:00,19.892616666666665
2021-11-19 05:00:00,19.37965
2021-11-19 06:00:00,19.56723333333333
2021-11-19 07:00:00,19.99725
2021-11-19 08:00:00,22.775433333333336
2021-11-19 09:00:00,27.61415
2021-11-19 10:00:00,26.430083333333336
2021-11-19 11:00:00,26.377883333333333
2021-11-19 12:00:00,24.448216666666667
2021-11-19 13:00:00,22.830083333333334
2021-11-19 14:00:00,22.457800000000002
2021-11-19 15:00:00,22.132233333333332
2021-11-19 16:00:00,21.76815
2021-11-19 17:00:00,21.83018333333333
2021-11-19 18:00:00,21.660233333333334
2021-11-19 19:00:00,21.614416666666667
2021-11-19 20:00:00,21.7217
2021-11-19 21:00:00,21.622433333333333
2021-11-19 22:00:00,21.614516666666667
2021-11-19 23:00:00,21.734783333333333
2021-11-20 00:00:00,21.78045
2021-11-20 01:00:00,21.844533333333334
2021-11-20 02:00:00,21.65355
2021-11-20 03:00:00,21.371483333333334
2021-11-20 04:00:00,21.213666666666665
2021-11-20 05:00:00,21.134366666666665
2021-11-20 06:00:00,21.04855
2021-11-20 07:00:00,21.5276
2021-11-20 08:00:00,23.54668333333333
2021-11-20 09:00:00,24.764533333333336
2021-11-20 10:00:00,25.739416666666667
2021-11-20 11:00:00,25.957366666666665
2021-11-20 12:00:00,25.69895
2021-11-20 13:00:00,24.82968333333333
2021-11-20 14:00:00,24.27005
2021-11-20 15:00:00,23.019183333333334
2021-11-20 16:00:00,22.266383333333334
2021-11-20 17:00:00,21.6504
2021-11-20 18:00:00,21.358216666666667
2021-11-20 19:00:00,21.460649999999998
2021-11-20 20:00:00,21.6307
2021-11-20 21:00:00,21.71418333333333
2021-11-20 22:00:00,21.651166666666665
2021-11-20 23:00:00,21.494233333333334
2021-11-21 00:00:00,21.45925
2021-11-21 01:00:00,21.438983333333333
2021-11-21 02:00:00,21.386233333333333
2021-11-21 03:00:00,21.291533333333334
2021-11-21 04:00:00,21.258983333333333
2021-11-21 05:00:00,21.17141666666667
2021-11-21 06:00:00,21.074483333333333
2021-11-21 07:00:00,21.193433333333335
2021-11-21 08:00:00,21.341816666666666
2021-11-21 09:00:00,21.687933333333334
2021-11-21 10:00:00,22.346049999999998
2021-11-21 11:00:00,22.7343
2021-11-21 12:00:00,22.778433333333332
2021-11-21 13:00:00,23.086183333333334
2021-11-21 14:00:00,24.11815
2021-11-21 15:00:00,23.30118333333333
2021-11-21 16:00:00,21.956866666666667
2021-11-21 17:00:00,21.257316666666668
2021-11-21 18:00:00,20.889799999999997
2021-11-21 19:00:00,20.66825
2021-11-21 20:00:00,20.590966666666667
2021-11-21 21:00:00,20.592566666666666
2021-11-21 22:00:00,20.83673333333333
2021-11-21 23:00:00,20.943266666666666
2021-11-22 00:00:00,20.855633333333333
2021-11-22 01:00:00,20.56765
2021-11-22 02:00:00,21.048083333333334
2021-11-22 03:00:00,20.776133333333334
2021-11-22 04:00:00,21.056350000000002
2021-11-22 05:00:00,21.800349999999998
2021-11-22 06:00:00,19.080416666666668
2021-11-22 07:00:00,17.591966666666668
2021-11-22 08:00:00,17.75195
2021-11-22 09:00:00,17.9415
2021-11-22 10:00:00,18.269916666666667
2021-11-22 11:00:00,17.69943333333333
2021-11-22 12:00:00,16.8089
2021-11-22 13:00:00,17.964983333333333
2021-11-22 14:00:00,18.413183333333333
2021-11-22 15:00:00,17.675616666666667
2021-11-22 16:00:00,17.112583333333337
2021-11-22 17:00:00,16.35285
2021-11-22 18:00:00,15.904816666666667
2021-11-22 19:00:00,15.575700000000001
2021-11-22 20:00:00,15.384350000000001
2021-11-22 21:00:00,15.220283333333333
2021-11-22 22:00:00,14.845366666666667
2021-11-22 23:00:00,14.532483333333333
2021-11-23 00:00:00,13.984683333333333
2021-11-23 01:00:00,13.445283333333332
2021-11-23 02:00:00,13.827883333333334
2021-11-23 03:00:00,13.71125
2021-11-23 04:00:00,13.186183333333334
2021-11-23 05:00:00,13.007866666666667
2021-11-23 06:00:00,12.629
2021-11-23 07:00:00,12.502
2021-11-23 08:00:00,12.152199999999999
2021-11-23 09:00:00,12.865783333333333
2021-11-23 10:00:00,13.460216666666666
2021-11-23 11:00:00,13.984933333333334
2021-11-23 12:00:00,14.286399999999999
2021-11-23 13:00:00,15.216316666666668
2021-11-23 14:00:00,15.4971
2021-11-23 15:00:00,15.526716666666665
2021-11-23 16:00:00,15.483233333333335
2021-11-23 17:00:00,14.938333333333333
2021-11-23 18:00:00,14.7897
2021-11-23 19:00:00,15.144466666666666
2021-11-23 20:00:00,15.373199999999999
2021-11-23 21:00:00,15.354333333333333
2021-11-23 22:00:00,15.223983333333333
2021-11-23 23:00:00,15.1739
2021-11-24 00:00:00,15.07495
2021-11-24 01:00:00,14.933516666666666
2021-11-24 02:00:00,15.006966666666667
2021-11-24 03:00:00,14.988216666666666
2021-11-24 04:00:00,15.008183333333333
2021-11-24 05:00:00,15.102
2021-11-24 06:00:00,15.264216666666666
2021-11-24 07:00:00,15.412583333333334
2021-11-24 08:00:00,16.040566666666667
2021-11-24 09:00:00,17.746933333333335
2021-11-24 10:00:00,20.987416666666665
2021-11-24 11:00:00,24.525166666666667
2021-11-24 12:00:00,25.217216666666666
2021-11-24 13:00:00,22.4429
2021-11-24 14:00:00,21.99435
2021-11-24 15:00:00,19.381466666666665
2021-11-24 16:00:00,18.025183333333334
2021-11-24 17:00:00,17.6724
2021-11-24 18:00:00,17.40435
2021-11-24 19:00:00,17.133033333333334
2021-11-24 20:00:00,16.8751
2021-11-24 21:00:00,17.420599999999997
2021-11-24 22:00:00,17.468200000000003
2021-11-24 23:00:00,17.20133333333333
2021-11-25 00:00:00,17.168033333333334
2021-11-25 01:00:00,17.1269
2021-11-25 02:00:00,16.877016666666666
2021-11-25 03:00:00,16.9887
2021-11-25 04:00:00,17.3089
2021-11-25 05:00:00,17.081766666666667
2021-11-25 06:00:00,16.782283333333332
2021-11-25 07:00:00,16.784783333333333
2021-11-25 08:00:00,17.662249999999997
2021-11-25 09:00:00,19.354316666666666
2021-11-25 10:00:00,24.190416666666668
2021-11-25 11:00:00,26.465716666666665
2021-11-25 12:00:00,27.38501666666667
2021-11-25 13:00:00,27.817183333333332
2021-11-25 14:00:00,28.166533333333334
2021-11-25 15:00:00,23.813283333333334
2021-11-25 16:00:00,20.10533333333333
2021-11-25 17:00:00,19.117766666666668
2021-11-25 18:00:00,18.853616666666667
2021-11-25 19:00:00,18.79028333333333
2021-11-25 20:00:00,18.661133333333336
2021-11-25 21:00:00,18.46056666666667
2021-11-25 22:00:00,18.505966666666666
2021-11-25 23:00:00,18.540216666666666
2021-11-26 00:00:00,18.4715
2021-11-26 01:00:00,18.21718333333333
2021-11-26 02:00:00,18.192383333333336
2021-11-26 03:00:00,17.787733333333335
2021-11-26 04:00:00,17.3903
2021-11-26 05:00:00,16.949666666666666
2021-11-26 06:00:00,16.8432
2021-11-26 07:00:00,18.368916666666667
2021-11-26 08:00:00,21.84215
2021-11-26 09:00:00,24.268066666666666
2021-11-26 10:00:00,25.7562
2021-11-26 11:00:00,28.198833333333333
2021-11-26 12:00:00,28.88645
2021-11-26 13:00:00,25.311966666666667
2021-11-26 14:00:00,25.253600000000002
2021-11-26 15:00:00,22.4094
2021-11-26 16:00:00,20.3532
2021-11-26 17:00:00,20.098716666666668
2021-11-26 18:00:00,19.679933333333334
2021-11-26 19:00:00,19.572433333333333
2021-11-26 20:00:00,19.570783333333335
2021-11-26 21:00:00,19.69265
2021-11-26 22:00:00,19.997016666666664
2021-11-26 23:00:00,19.569066666666668
2021-11-27 00:00:00,19.255999999999997
2021-11-27 01:00:00,18.825816666666665
2021-11-27 02:00:00,18.142733333333336
2021-11-27 03:00:00,17.659883333333333
2021-11-27 04:00:00,17.432599999999997
2021-11-27 05:00:00,16.998916666666666
2021-11-27 06:00:00,16.85255
2021-11-27 07:00:00,18.042849999999998
2021-11-27 08:00:00,20.688366666666663
2021-11-27 09:00:00,22.559283333333333
2021-11-27 10:00:00,25.706933333333332
2021-11-27 11:00:00,26.814416666666666
2021-11-27 12:00:00,27.02348333333333
2021-11-27 13:00:00,24.997149999999998
2021-11-27 14:00:00,24.032483333333335
2021-11-27 15:00:00,21.04146666666667
2021-11-27 16:00:00,19.75785
2021-11-27 17:00:00,19.06785
2021-11-27 18:00:00,18.856066666666667
2021-11-27 19:00:00,18.973183333333335
2021-11-27 20:00:00,18.9725
2021-11-27 21:00:00,18.853150000000003
2021-11-27 22:00:00,18.481766666666665
2021-11-27 23:00:00,18.398433333333333
2021-11-28 00:00:00,18.451466666666665
2021-11-28 01:00:00,18.481483333333333
2021-11-28 02:00:00,18.225450000000002
2021-11-28 03:00:00,17.78215
2021-11-28 04:00:00,17.326433333333334
2021-11-28 05:00:00,17.053283333333333
2021-11-28 06:00:00,17.01955
2021-11-28 07:00:00,18.57675
2021-11-28 08:00:00,21.77286666666667
2021-11-28 09:00:00,24.162716666666665
2021-11-28 10:00:00,25.008533333333332
2021-11-28 11:00:00,26.2844
2021-11-28 12:00:00,25.199816666666667
2021-11-28 13:00:00,24.747733333333333
2021-11-28 14:00:00,24.655966666666664
2021-11-28 15:00:00,21.710266666666666
2021-11-28 16:00:00,20.419683333333335
2021-11-28 17:00:00,19.746750000000002
2021-11-28 18:00:00,19.34585
2021-11-28 19:00:00,19.348766666666666
2021-11-28 20:00:00,19.447133333333333
2021-11-28 21:00:00,19.298616666666664
2021-11-28 22:00:00,19.029766666666667
2021-11-28 23:00:00,18.79265
2021-11-29 00:00:00,18.907766666666667
2021-11-29 01:00:00,18.809283333333333
2021-11-29 02:00:00,18.44516666666667
2021-11-29 03:00:00,18.07721666666667
2021-11-29 04:00:00,17.86615
2021-11-29 05:00:00,17.828466666666667
2021-11-29 06:00:00,17.979100000000003
2021-11-29 07:00:00,19.304083333333335
2021-11-29 08:00:00,21.631083333333333
2021-11-29 09:00:00,23.889133333333334
2021-11-29 10:00:00,26.54915
2021-11-29 11:00:00,29.166483333333336
2021-11-29 12:00:00,30.661833333333334
2021-11-29 13:00:00,31.21175
2021-11-29 14:00:00,30.911566666666666
2021-11-29 15:00:00,26.405816666666666
2021-11-29 16:00:00,24.21135
2021-11-29 17:00:00,23.00025
2021-11-29 18:00:00,21.918433333333333
2021-11-29 19:00:00,21.16776666666667
2021-11-29 20:00:00,20.68405
2021-11-29 21:00:00,20.535700000000002
2021-11-29 22:00:00,20.204216666666664
2021-11-29 23:00:00,19.415466666666667
2021-11-30 00:00:00,19.961066666666667
2021-11-30 01:00:00,19.287483333333334
2021-11-30 02:00:00,19.399716666666666
2021-11-30 03:00:00,19.19445
2021-11-30 04:00:00,19.1539
2021-11-30 05:00:00,19.019366666666667
2021-11-30 06:00:00,18.78468333333333
2021-11-30 07:00:00,19.6253
2021-11-30 08:00:00,21.22805
2021-11-30 09:00:00,22.350366666666666
2021-11-30 10:00:00,23.379866666666665
2021-11-30 11:00:00,24.770216666666666
2021-11-30 12:00:00,25.027183333333333
2021-11-30 13:00:00,25.668883333333333
2021-11-30 14:00:00,25.556083333333333
2021-11-30 15:00:00,23.069266666666667
2021-11-30 16:00:00,21.47805
2021-11-30 17:00:00,19.666800000000002
2021-11-30 18:00:00,18.565766666666665
2021-11-30 19:00:00,17.80825
2021-11-30 20:00:00,16.886583333333334
2021-11-30 21:00:00,16.061033333333334
2021-11-30 22:00:00,15.472633333333333
2021-11-30 23:00:00,14.81455
2021-12-01 00:00:00,14.593283333333334
2021-12-01 01:00:00,14.295066666666665
2021-12-01 02:00:00,13.945633333333335
2021-12-01 03:00:00,13.660516666666666
2021-12-01 04:00:00,13.227933333333334
2021-12-01 05:00:00,12.90015
2021-12-01 06:00:00,12.828983333333333
2021-12-01 07:00:00,13.534233333333333
2021-12-01 08:00:00,15.007833333333334
2021-12-01 09:00:00,16.4964
2021-12-01 10:00:00,17.980966666666667
2021-12-01 11:00:00,20.125766666666667
2021-12-01 12:00:00,21.500766666666667
2021-12-01 13:00:00,22.0016
2021-12-01 14:00:00,22.0533
2021-12-01 15:00:00,18.46395
2021-12-01 16:00:00,16.955716666666667
2021-12-01 17:00:00,16.418366666666667
2021-12-01 18:00:00,15.6942
2021-12-01 19:00:00,15.489049999999999
2021-12-01 20:00:00,15.382900000000001
2021-12-01 21:00:00,15.04745
2021-12-01 22:00:00,14.545433333333333
2021-12-01 23:00:00,14.028316666666665
2021-12-02 00:00:00,13.584116666666667
2021-12-02 01:00:00,13.34415
2021-12-02 02:00:00,13.035016666666667
2021-12-02 03:00:00,12.655966666666666
2021-12-02 04:00:00,12.257033333333334
2021-12-02 05:00:00,12.100783333333334
2021-12-02 06:00:00,11.993516666666666
2021-12-02 07:00:00,12.877749999999999
2021-12-02 08:00:00,15.591183333333333
2021-12-02 09:00:00,18.6257
2021-12-02 10:00:00,19.6492
2021-12-02 11:00:00,21.65585
2021-12-02 12:00:00,23.330466666666666
2021-12-02 13:00:00,23.539483333333333
2021-12-02 14:00:00,23.8129
2021-12-02 15:00:00,19.642033333333334
2021-12-02 16:00:00,18.09626666666667
2021-12-02 17:00:00,17.222816666666667
2021-12-02 18:00:00,16.283083333333334
2021-12-02 19:00:00,16.077033333333333
2021-12-02 20:00:00,16.258300000000002
2021-12-02 21:00:00,15.634166666666665
2021-12-02 22:00:00,15.6935
2021-12-02 23:00:00,15.362216666666665
2021-12-03 00:00:00,14.941
2021-12-03 01:00:00,14.606583333333333
2021-12-03 02:00:00,14.206
2021-12-03 03:00:00,13.64795
2021-12-03 04:00:00,13.320816666666667
2021-12-03 05:00:00,13.107533333333333
2021-12-03 06:00:00,12.880383333333333
2021-12-03 07:00:00,14.354700000000001
2021-12-03 08:00:00,16.57595
2021-12-03 09:00:00,18.37636666666667
2021-12-03 10:00:00,19.890866666666668
2021-12-03 11:00:00,21.333016666666666
2021-12-03 12:00:00,22.636766666666666
2021-12-03 13:00:00,23.127916666666668
2021-12-03 14:00:00,23.224466666666668
2021-12-03 15:00:00,19.8755
2021-12-03 16:00:00,18.4926
2021-12-03 17:00:00,17.831233333333333
2021-12-03 18:00:00,17.264799999999997
2021-12-03 19:00:00,17.107916666666664
2021-12-03 20:00:00,17.03173333333333
2021-12-03 21:00:00,16.7036
2021-12-03 22:00:00,16.123483333333333
2021-12-03 23:00:00,15.443983333333334
2021-12-04 00:00:00,14.892683333333334
2021-12-04 01:00:00,14.710116666666666
2021-12-04 02:00:00,14.443516666666666
2021-12-04 03:00:00,14.146633333333334
2021-12-04 04:00:00,14.064133333333332
2021-12-04 05:00:00,13.8751
2021-12-04 06:00:00,13.585833333333333
2021-12-04 07:00:00,14.730266666666667
2021-12-04 08:00:00,17.33525
2021-12-04 09:00:00,19.801066666666667
2021-12-04 10:00:00,22.62615
2021-12-04 11:00:00,20.733666666666668
2021-12-04 12:00:00,20.89435
2021-12-04 13:00:00,21.027350000000002
2021-12-04 14:00:00,19.983133333333335
2021-12-04 15:00:00,18.071616666666667
2021-12-04 16:00:00,16.72918333333333
2021-12-04 17:00:00,16.2387
2021-12-04 18:00:00,16.0079
2021-12-04 19:00:00,15.958683333333333
2021-12-04 20:00:00,16.421833333333336
2021-12-04 21:00:00,16.70365
2021-12-04 22:00:00,16.5744
2021-12-04 23:00:00,16.5149
2021-12-05 00:00:00,16.390816666666666
2021-12-05 01:00:00,16.305983333333334
2021-12-05 02:00:00,16.076966666666667
2021-12-05 03:00:00,16.010566666666666
2021-12-05 04:00:00,16.031983333333333
2021-12-05 05:00:00,15.518116666666666
2021-12-05 06:00:00,15.075533333333334
2021-12-05 07:00:00,15.223266666666666
2021-12-05 08:00:00,18.102216666666667
2021-12-05 09:00:00,20.013733333333334
2021-12-05 10:00:00,21.900983333333333
2021-12-05 11:00:00,24.788383333333336
2021-12-05 12:00:00,25.74705
2021-12-05 13:00:00,22.82195
2021-12-05 14:00:00,22.463216666666664
2021-12-05 15:00:00,19.8279
2021-12-05 16:00:00,19.628766666666667
2021-12-05 17:00:00,18.922349999999998
2021-12-05 18:00:00,18.05098333333333
2021-12-05 19:00:00,17.579933333333333
2021-12-05 20:00:00,17.223066666666668
2021-12-05 21:00:00,16.66828333333333
2021-12-05 22:00:00,16.766000000000002
2021-12-05 23:00:00,16.48355
2021-12-06 00:00:00,16.363583333333334
2021-12-06 01:00:00,16.189016666666667
2021-12-06 02:00:00,15.66235
2021-12-06 03:00:00,15.289216666666666
2021-12-06 04:00:00,14.798366666666668
2021-12-06 05:00:00,14.6028
2021-12-06 06:00:00,14.206916666666666
2021-12-06 07:00:00,15.639100000000001
2021-12-06 08:00:00,18.4648
2021-12-06 09:00:00,21.18456666666667
2021-12-06 10:00:00,22.833983333333332
2021-12-06 11:00:00,24.636216666666666
2021-12-06 12:00:00,25.347083333333334
2021-12-06 13:00:00,25.80681666666667
2021-12-06 14:00:00,25.9285
2021-12-06 15:00:00,22.1951
2021-12-06 16:00:00,20.048316666666665
2021-12-06 17:00:00,18.635683333333336
2021-12-06 18:00:00,17.281233333333333
2021-12-06 19:00:00,16.966516666666667
2021-12-06 20:00:00,16.90135
2021-12-06 21:00:00,17.30868333333333
2021-12-06 22:00:00,17.368550000000003
2021-12-06 23:00:00,16.867183333333333
2021-12-07 00:00:00,16.590966666666667
2021-12-07 01:00:00,16.112116666666665
2021-12-07 02:00:00,15.966466666666667
2021-12-07 03:00:00,15.887316666666667
2021-12-07 04:00:00,15.51415
2021-12-07 05:00:00,15.6876
2021-12-07 06:00:00,15.624883333333335
2021-12-07 07:00:00,16.94165
2021-12-07 08:00:00,19.241833333333332
2021-12-07 09:00:00,21.55838333333333
2021-12-07 10:00:00,23.514599999999998
2021-12-07 11:00:00,23.11456666666667
2021-12-07 12:00:00,23.52446666666667
2021-12-07 13:00:00,21.94718333333333
2021-12-07 14:00:00,21.060783333333333
2021-12-07 15:00:00,20.308783333333334
2021-12-07 16:00:00,19.506233333333334
2021-12-07 17:00:00,19.096166666666665
2021-12-07 18:00:00,18.952583333333333
2021-12-07 19:00:00,18.8457
2021-12-07 20:00:00,18.874950000000002
2021-12-07 21:00:00,18.582266666666666
2021-12-07 22:00:00,18.257866666666665
2021-12-07 23:00:00,17.947366666666664
2021-12-08 00:00:00,17.824716666666667
2021-12-08 01:00:00,17.687683333333332
2021-12-08 02:00:00,17.46946666666667
2021-12-08 03:00:00,17.15968333333333
2021-12-08 04:00:00,16.824283333333334
2021-12-08 05:00:00,16.442316666666667
2021-12-08 06:00:00,16.333983333333332
2021-12-08 07:00:00,17.66215
2021-12-08 08:00:00,21.2928
2021-12-08 09:00:00,21.3307
2021-12-08 10:00:00,21.7479
2021-12-08 11:00:00,21.9327
2021-12-08 12:00:00,21.776333333333334
2021-12-08 13:00:00,21.296033333333334
2021-12-08 14:00:00,21.273716666666665
2021-12-08 15:00:00,19.436116666666667
2021-12-08 16:00:00,18.474216666666667
2021-12-08 17:00:00,18.219316666666668
2021-12-08 18:00:00,18.058033333333334
2021-12-08 19:00:00,18.1973
2021-12-08 20:00:00,18.283016666666665
2021-12-08 21:00:00,18.169566666666665
2021-12-08 22:00:00,18.001166666666666
2021-12-08 23:00:00,17.894983333333336
2021-12-09 00:00:00,17.737616666666668
2021-12-09 01:00:00,17.570216666666667
2021-12-09 02:00:00,17.3702
2021-12-09 03:00:00,17.2889
2021-12-09 04:00:00,16.966533333333334
2021-12-09 05:00:00,16.750066666666665
2021-12-09 06:00:00,16.536783333333332
2021-12-09 07:00:00,17.6468
2021-12-09 08:00:00,20.419449999999998
2021-12-09 09:00:00,21.72058333333333
2021-12-09 10:00:00,22.1281
2021-12-09 11:00:00,22.363183333333332
2021-12-09 12:00:00,22.928716666666666
2021-12-09 13:00:00,23.24386666666667
2021-12-09 14:00:00,22.676499999999997
2021-12-09 15:00:00,20.315466666666666
2021-12-09 16:00:00,18.758666666666667
2021-12-09 17:00:00,18.20446666666667
2021-12-09 18:00:00,17.65215
2021-12-09 19:00:00,17.12088333333333
2021-12-09 20:00:00,17.116016666666667
2021-12-09 21:00:00,17.309383333333333
2021-12-09 22:00:00,17.440766666666665
2021-12-09 23:00:00,17.35925
2021-12-10 00:00:00,17.177533333333333
2021-12-10 01:00:00,17.056516666666667
2021-12-10 02:00:00,16.907116666666667
2021-12-10 03:00:00,17.246683333333333
2021-12-10 04:00:00,16.917016666666665
2021-12-10 05:00:00,16.532116666666667
2021-12-10 06:00:00,16.522983333333332
2021-12-10 07:00:00,18.143649999999997
2021-12-10 08:00:00,21.54855
2021-12-10 09:00:00,24.0729
2021-12-10 10:00:00,25.09825
2021-12-10 11:00:00,24.705050000000004
2021-12-10 12:00:00,24.16545
2021-12-10 13:00:00,24.765066666666666
2021-12-10 14:00:00,23.085066666666666
2021-12-10 15:00:00,20.758316666666666
2021-12-10 16:00:00,19.48708333333333
2021-12-10 17:00:00,19.046499999999998
2021-12-10 18:00:00,18.800483333333332
2021-12-10 19:00:00,19.009566666666668
2021-12-10 20:00:00,19.150199999999998
2021-12-10 21:00:00,19.28255
2021-12-10 22:00:00,19.031966666666666
2021-12-10 23:00:00,18.790583333333334
2021-12-11 00:00:00,18.516450000000003
2021-12-11 01:00:00,18.467499999999998
2021-12-11 02:00:00,18.659366666666664
2021-12-11 03:00:00,18.518433333333334
2021-12-11 04:00:00,18.58696666666667
2021-12-11 05:00:00,17.945783333333335
2021-12-11 06:00:00,17.608383333333336
2021-12-11 07:00:00,19.139733333333332
2021-12-11 08:00:00,21.73215
2021-12-11 09:00:00,23.18705
2021-12-11 10:00:00,23.12755
2021-12-11 11:00:00,23.698733333333333
2021-12-11 12:00:00,24.772383333333334
2021-12-11 13:00:00,24.363983333333334
2021-12-11 14:00:00,23.359983333333332
2021-12-11 15:00:00,21.022583333333333
2021-12-11 16:00:00,19.479866666666666
2021-12-11 17:00:00,18.7317
2021-12-11 18:00:00,18.444599999999998
2021-12-11 19:00:00,18.513933333333334
2021-12-11 20:00:00,18.553683333333332
2021-12-11 21:00:00,18.483283333333336
2021-12-11 22:00:00,18.35873333333333
2021-12-11 23:00:00,18.33155
2021-12-12 00:00:00,18.455066666666667
2021-12-12 01:00:00,18.21451666666667
2021-12-12 02:00:00,17.797283333333333
2021-12-12 03:00:00,17.162533333333332
2021-12-12 04:00:00,16.874566666666666
2021-12-12 05:00:00,16.71955
2021-12-12 06:00:00,17.0933
2021-12-12 07:00:00,18.013283333333334
2021-12-12 08:00:00,21.98535
2021-12-12 09:00:00,25.566683333333334
2021-12-12 10:00:00,27.114416666666667
2021-12-12 11:00:00,25.8363
2021-12-12 12:00:00,25.498350000000002
2021-12-12 13:00:00,25.700283333333335
2021-12-12 14:00:00,24.875366666666665
2021-12-12 15:00:00,23.47621666666667
2021-12-12 16:00:00,21.8621
2021-12-12 17:00:00,20.69656666666667
2021-12-12 18:00:00,20.276416666666666
2021-12-12 19:00:00,18.98758333333333
2021-12-12 20:00:00,18.9708
2021-12-12 21:00:00,19.177766666666667
2021-12-12 22:00:00,19.253899999999998
2021-12-12 23:00:00,18.695733333333333
2021-12-13 00:00:00,18.06886666666667
2021-12-13 01:00:00,17.517533333333333
2021-12-13 02:00:00,16.878833333333333
2021-12-13 03:00:00,16.39913333333333
2021-12-13 04:00:00,15.82595
2021-12-13 05:00:00,15.467649999999999
2021-12-13 06:00:00,15.307016666666668
2021-12-13 07:00:00,15.404666666666666
2021-12-13 08:00:00,15.8722
2021-12-13 09:00:00,16.655033333333332
2021-12-13 10:00:00,18.990116666666665
2021-12-13 11:00:00,21.48435
2021-12-13 12:00:00,23.138199999999998
2021-12-13 13:00:00,24.82518333333333
2021-12-13 14:00:00,23.471466666666668
2021-12-13 15:00:00,19.805966666666666
2021-12-13 16:00:00,18.54205
2021-12-13 17:00:00,17.819333333333336
2021-12-13 18:00:00,16.922733333333333
2021-12-13 19:00:00,16.857899999999997
2021-12-13 20:00:00,16.70446666666667
2021-12-13 21:00:00,16.211316666666665
2021-12-13 22:00:00,16.395333333333333
2021-12-13 23:00:00,17.416600000000003
2021-12-14 00:00:00,17.657883333333334
2021-12-14 01:00:00,17.350066666666667
2021-12-14 02:00:00,17.315266666666666
2021-12-14 03:00:00,17.3715
2021-12-14 04:00:00,17.319033333333334
2021-12-14 05:00:00,17.05816666666667
2021-12-14 06:00:00,16.726866666666666
2021-12-14 07:00:00,16.48385
2021-12-14 08:00:00,17.491966666666666
2021-12-14 09:00:00,21.957133333333335
2021-12-14 10:00:00,23.04525
2021-12-14 11:00:00,26.104683333333334
2021-12-14 12:00:00,27.02763333333333
2021-12-14 13:00:00,23.877783333333333
2021-12-14 14:00:00,22.070116666666667
2021-12-14 15:00:00,20.0852
2021-12-14 16:00:00,19.369433333333333
2021-12-14 17:00:00,18.660389830508475
2021-12-14 18:00:00,18.63041666666667
2021-12-14 19:00:00,18.715933333333332
2021-12-14 20:00:00,19.091783333333336
2021-12-14 21:00:00,18.635283333333334
2021-12-14 22:00:00,18.5977
2021-12-14 23:00:00,18.785216666666667
2021-12-15 00:00:00,18.202366666666666
2021-12-15 01:00:00,18.249866666666666
2021-12-15 02:00:00,18.2756
2021-12-15 03:00:00,18.128983333333334
2021-12-15 04:00:00,17.7332
2021-12-15 05:00:00,17.967916666666667
2021-12-15 06:00:00,18.295683333333333
2021-12-15 07:00:00,18.423466666666666
2021-12-15 08:00:00,19.58833333333333
2021-12-15 09:00:00,20.361766666666664
2021-12-15 10:00:00,20.584266666666668
2021-12-15 11:00:00,21.424683333333334
2021-12-15 12:00:00,20.828516666666665
2021-12-15 13:00:00,20.860400000000002
2021-12-15 14:00:00,21.497966666666667
2021-12-15 15:00:00,21.83513333333333
2021-12-15 16:00:00,21.7848
2021-12-15 17:00:00,20.89585
2021-12-15 18:00:00,20.27541666666667
2021-12-15 19:00:00,20.25678333333333
2021-12-15 20:00:00,20.274566666666665
2021-12-15 21:00:00,19.703533333333333
2021-12-15 22:00:00,19.676733333333335
2021-12-15 23:00:00,19.791116666666667
2021-12-16 00:00:00,19.789733333333334
2021-12-16 01:00:00,19.822266666666668
2021-12-16 02:00:00,19.78485
2021-12-16 03:00:00,20.093816666666665
2021-12-16 04:00:00,20.263266666666667
2021-12-16 05:00:00,20.3984
2021-12-16 06:00:00,20.264216666666666
2021-12-16 07:00:00,20.20518333333333
2021-12-16 08:00:00,21.109033333333333
2021-12-16 09:00:00,21.69455
2021-12-16 10:00:00,21.98913333333333
2021-12-16 11:00:00,23.12735
2021-12-16 12:00:00,23.077416666666668
2021-12-16 13:00:00,23.743949999999998
2021-12-16 14:00:00,22.965183333333336
2021-12-16 15:00:00,23.307683333333333
2021-12-16 16:00:00,22.64865
2021-12-16 17:00:00,21.922116666666668
2021-12-16 18:00:00,21.31705
2021-12-16 19:00:00,21.119333333333334
2021-12-16 20:00:00,20.532483333333335
2021-12-16 21:00:00,20.57678333333333
2021-12-16 22:00:00,20.602866666666667
2021-12-16 23:00:00,20.63703333333333
2021-12-17 00:00:00,20.67575
2021-12-17 01:00:00,20.513433333333335
2021-12-17 02:00:00,20.475683333333333
2021-12-17 03:00:00,20.3676
2021-12-17 04:00:00,19.792366666666666
2021-12-17 05:00:00,19.36735
2021-12-17 06:00:00,19.41385
2021-12-17 07:00:00,19.541733333333333
2021-12-17 08:00:00,20.04028333333333
2021-12-17 09:00:00,20.489050000000002
2021-12-17 10:00:00,21.777983333333335
2021-12-17 11:00:00,22.989233333333335
2021-12-17 12:00:00,23.9205
2021-12-17 13:00:00,22.334433333333333
2021-12-17 14:00:00,21.337333333333333
2021-12-17 15:00:00,20.684649999999998
2021-12-17 16:00:00,19.919150000000002
2021-12-17 17:00:00,19.173366666666666
2021-12-17 18:00:00,18.459600000000002
2021-12-17 19:00:00,18.136016666666666
2021-12-17 20:00:00,17.879866666666665
2021-12-17 21:00:00,17.454216666666664
2021-12-17 22:00:00,16.8633
2021-12-17 23:00:00,16.054183333333334
2021-12-18 00:00:00,15.452333333333334
2021-12-18 01:00:00,15.134166666666665
2021-12-18 02:00:00,14.864233333333335
2021-12-18 03:00:00,14.587833333333332
2021-12-18 04:00:00,14.37645
2021-12-18 05:00:00,14.31405
2021-12-18 06:00:00,14.0985
2021-12-18 07:00:00,14.233066666666668
2021-12-18 08:00:00,14.447566666666667
2021-12-18 09:00:00,14.915466666666667
2021-12-18 10:00:00,15.798583333333333
2021-12-18 11:00:00,18.028433333333332
2021-12-18 12:00:00,18.840016666666667
2021-12-18 13:00:00,20.092733333333335
2021-12-18 14:00:00,20.059266666666666
2021-12-18 15:00:00,18.6678
2021-12-18 16:00:00,17.6636
2021-12-18 17:00:00,17.042383333333333
2021-12-18 18:00:00,16.58575
2021-12-18 19:00:00,16.460766666666668
2021-12-18 20:00:00,16.38703333333333
2021-12-18 21:00:00,16.215083333333332
2021-12-18 22:00:00,15.861033333333333
2021-12-18 23:00:00,15.476416666666667
2021-12-19 00:00:00,14.982816666666668
2021-12-19 01:00:00,14.5722
2021-12-19 02:00:00,14.198566666666666
2021-12-19 03:00:00,13.932883333333333
2021-12-19 04:00:00,13.68765
2021-12-19 05:00:00,13.417416666666666
2021-12-19 06:00:00,13.19565
2021-12-19 07:00:00,13.20605
2021-12-19 08:00:00,13.766616666666666
2021-12-19 09:00:00,14.904066666666667
2021-12-19 10:00:00,16.724616666666666
2021-12-19 11:00:00,18.133516666666665
2021-12-19 12:00:00,19.50088333333333
2021-12-19 13:00:00,19.747683333333335
2021-12-19 14:00:00,20.878033333333335
2021-12-19 15:00:00,18.621100000000002
2021-12-19 16:00:00,17.332016666666668
2021-12-19 17:00:00,17.085483333333332
2021-12-19 18:00:00,16.792916666666667
2021-12-19 19:00:00,16.91045
2021-12-19 20:00:00,16.795216666666665
2021-12-19 21:00:00,16.761633333333332
2021-12-19 22:00:00,16.903316666666665
2021-12-19 23:00:00,17.27105
2021-12-20 00:00:00,17.611716666666666
2021-12-20 01:00:00,17.4886
2021-12-20 02:00:00,16.950566666666667
2021-12-20 03:00:00,17.34988333333333
2021-12-20 04:00:00,17.197883333333333
2021-12-20 05:00:00,16.790866666666666
2021-12-20 06:00:00,13.889616666666665
2021-12-20 07:00:00,12.99105
2021-12-20 08:00:00,13.065850000000001
2021-12-20 09:00:00,13.384416666666665
2021-12-20 10:00:00,13.812083333333334
2021-12-20 11:00:00,13.422500000000001
2021-12-20 12:00:00,13.614166666666668
2021-12-20 13:00:00,14.166383333333332
2021-12-20 14:00:00,14.372883333333334
2021-12-20 15:00:00,14.185783333333335
2021-12-20 16:00:00,13.893666666666666
2021-12-20 17:00:00,13.8376
2021-12-20 18:00:00,13.840833333333334
2021-12-20 19:00:00,13.767683333333334
2021-12-20 20:00:00,13.895549999999998
2021-12-20 21:00:00,13.899783333333334
2021-12-20 22:00:00,13.958433333333334
2021-12-20 23:00:00,14.157416666666668
2021-12-21 00:00:00,14.2554
2021-12-21 01:00:00,14.18935
2021-12-21 02:00:00,14.195483333333334
2021-12-21 03:00:00,14.32035
2021-12-21 04:00:00,14.336366666666667
2021-12-21 05:00:00,14.337733333333334
2021-12-21 06:00:00,14.15805
2021-12-21 07:00:00,13.991800000000001
2021-12-21 08:00:00,14.142716666666667
2021-12-21 09:00:00,14.517183333333332
2021-12-21 10:00:00,14.7613
2021-12-21 11:00:00,15.182433333333334
2021-12-21 12:00:00,15.639800000000001
2021-12-21 13:00:00,16.212733333333333
2021-12-21 14:00:00,16.611833333333333
2021-12-21 15:00:00,16.927583333333335
2021-12-21 16:00:00,17.284916666666668
2021-12-21 17:00:00,17.233600000000003
2021-12-21 18:00:00,17.002233333333333
2021-12-21 19:00:00,16.41405
2021-12-21 20:00:00,16.384383333333332
2021-12-21 21:00:00,16.105033333333335
2021-12-21 22:00:00,16.1775
2021-12-21 23:00:00,15.710483333333334
2021-12-22 00:00:00,15.974483333333334
2021-12-22 01:00:00,16.20596666666667
2021-12-22 02:00:00,16.021916666666666
2021-12-22 03:00:00,15.864966666666668
2021-12-22 04:00:00,15.720433333333334
2021-12-22 05:00:00,15.282933333333334
2021-12-22 06:00:00,14.706216666666668
2021-12-22 07:00:00,15.096683333333335
2021-12-22 08:00:00,16.39665
2021-12-22 09:00:00,18.637316666666667
2021-12-22 10:00:00,20.64591666666667
2021-12-22 11:00:00,22.576433333333334
2021-12-22 12:00:00,22.3867
2021-12-22 13:00:00,22.558366666666664
2021-12-22 14:00:00,23.533816666666667
2021-12-22 15:00:00,21.931716666666667
2021-12-22 16:00:00,19.82968333333333
2021-12-22 17:00:00,18.76833333333333
2021-12-22 18:00:00,18.328483333333335
2021-12-22 19:00:00,18.188
2021-12-22 20:00:00,18.03255
2021-12-22 21:00:00,18.05861666666667
2021-12-22 22:00:00,17.856033333333336
2021-12-22 23:00:00,17.875366666666665
2021-12-23 00:00:00,17.7743
2021-12-23 01:00:00,17.4296
2021-12-23 02:00:00,17.3983
2021-12-23 03:00:00,17.45536666666667
2021-12-23 04:00:00,17.392233333333333
2021-12-23 05:00:00,17.111583333333332
2021-12-23 06:00:00,17.168833333333332
2021-12-23 07:00:00,17.130133333333333
2021-12-23 08:00:00,17.8051
2021-12-23 09:00:00,18.450100000000003
2021-12-23 10:00:00,21.138250000000003
2021-12-23 11:00:00,21.97195
2021-12-23 12:00:00,20.99093333333333
2021-12-23 13:00:00,20.77423333333333
2021-12-23 14:00:00,20.810183333333335
2021-12-23 15:00:00,19.7815
2021-12-23 16:00:00,18.9912
2021-12-23 17:00:00,18.34401666666667
2021-12-23 18:00:00,18.208683333333333
2021-12-23 19:00:00,17.799066666666665
2021-12-23 20:00:00,17.951933333333333
2021-12-23 21:00:00,17.632316666666668
2021-12-23 22:00:00,17.778016666666666
2021-12-23 23:00:00,17.418016666666666
2021-12-24 00:00:00,17.2355
2021-12-24 01:00:00,17.10015
2021-12-24 02:00:00,17.143166666666666
2021-12-24 03:00:00,17.031616666666668
2021-12-24 04:00:00,16.876183333333334
2021-12-24 05:00:00,16.985883333333334
2021-12-24 06:00:00,16.945466666666665
2021-12-24 07:00:00,16.95606666666667
2021-12-24 08:00:00,17.15396666666667
2021-12-24 09:00:00,17.8033
2021-12-24 10:00:00,18.439216666666667
2021-12-24 11:00:00,19.4772
2021-12-24 12:00:00,19.50336666666667
2021-12-24 13:00:00,21.642133333333334
2021-12-24 14:00:00,23.02198333333333
2021-12-24 15:00:00,21.305366666666664
2021-12-24 16:00:00,20.818116666666665
2021-12-24 17:00:00,20.415566666666667
2021-12-24 18:00:00,19.60625
2021-12-24 19:00:00,19.14195
2021-12-24 20:00:00,18.518666666666665
2021-12-24 21:00:00,18.212633333333333
2021-12-24 22:00:00,18.339266666666667
2021-12-24 23:00:00,18.489883333333335
2021-12-25 00:00:00,18.037
2021-12-25 01:00:00,17.65165
2021-12-25 02:00:00,17.101316666666666
2021-12-25 03:00:00,16.644616666666668
2021-12-25 04:00:00,16.371233333333333
2021-12-25 05:00:00,16.145883333333334
2021-12-25 06:00:00,15.95885
2021-12-25 07:00:00,16.2451
2021-12-25 08:00:00,17.80053333333333
2021-12-25 09:00:00,21.08225
2021-12-25 10:00:00,21.330483333333333
2021-12-25 11:00:00,20.33925
2021-12-25 12:00:00,20.528566666666666
2021-12-25 13:00:00,20.04008333333333
2021-12-25 14:00:00,19.3506
2021-12-25 15:00:00,19.05775
2021-12-25 16:00:00,18.469266666666666
2021-12-25 17:00:00,17.918033333333334
2021-12-25 18:00:00,17.680466666666668
2021-12-25 19:00:00,17.821
2021-12-25 20:00:00,17.641666666666666
2021-12-25 21:00:00,16.770933333333332
2021-12-25 22:00:00,15.96435
2021-12-25 23:00:00,15.654349999999999
2021-12-26 00:00:00,15.32545
2021-12-26 01:00:00,14.765183333333335
2021-12-26 02:00:00,14.243616666666666
2021-12-26 03:00:00,13.773
2021-12-26 04:00:00,13.634483333333332
2021-12-26 05:00:00,13.402099999999999
2021-12-26 06:00:00,13.207683333333334
2021-12-26 07:00:00,13.112483333333333
2021-12-26 08:00:00,13.285449999999999
2021-12-26 09:00:00,13.989833333333333
2021-12-26 10:00:00,14.131166666666667
2021-12-26 11:00:00,13.7073
2021-12-26 12:00:00,13.67775
2021-12-26 13:00:00,13.587533333333333
2021-12-26 14:00:00,13.093150000000001
2021-12-26 15:00:00,12.5119
2021-12-26 16:00:00,11.796133333333334
2021-12-26 17:00:00,11.112366666666667
2021-12-26 18:00:00,10.619016666666665
2021-12-26 19:00:00,10.344050000000001
2021-12-26 20:00:00,9.804833333333333
2021-12-26 21:00:00,9.51525
2021-12-26 22:00:00,9.42561
2021-12-26 23:00:00,9.430071666666667
2021-12-27 00:00:00,9.088283333333333
2021-12-27 01:00:00,8.7601
2021-12-27 02:00:00,8.434228333333333
2021-12-27 03:00:00,8.006433333333332
2021-12-27 04:00:00,7.789706666666667
2021-12-27 05:00:00,7.957406666666667
2021-12-27 06:00:00,7.858128333333334
2021-12-27 07:00:00,7.882821666666667
2021-12-27 08:00:00,8.898976666666666
2021-12-27 09:00:00,9.446111666666667
2021-12-27 10:00:00,9.715778333333333
2021-12-27 11:00:00,10.719223333333334
2021-12-27 12:00:00,13.068816666666667
2021-12-27 13:00:00,13.186166666666667
2021-12-27 14:00:00,13.636616666666667
2021-12-27 15:00:00,12.592516666666667
2021-12-27 16:00:00,11.250566666666666
2021-12-27 17:00:00,10.455133333333333
2021-12-27 18:00:00,10.236983333333335
2021-12-27 19:00:00,10.11945
2021-12-27 20:00:00,10.147223333333333
2021-12-27 21:00:00,10.195216666666665
2021-12-27 22:00:00,10.382633333333333
2021-12-27 23:00:00,10.434816666666666
2021-12-28 00:00:00,10.535950000000001
2021-12-28 01:00:00,10.21426
2021-12-28 02:00:00,10.162143333333335
2021-12-28 03:00:00,10.38805
2021-12-28 04:00:00,10.402766666666666
2021-12-28 05:00:00,10.291766666666666
2021-12-28 06:00:00,10.368683333333333
2021-12-28 07:00:00,10.670716666666667
2021-12-28 08:00:00,11.969483333333333
2021-12-28 09:00:00,12.9779
2021-12-28 10:00:00,15.16725
2021-12-28 11:00:00,18.513316666666665
2021-12-28 12:00:00,18.680833333333332
2021-12-28 13:00:00,17.08155
2021-12-28 14:00:00,16.4233
2021-12-28 15:00:00,16.474466666666665
2021-12-28 16:00:00,16.33015
2021-12-28 17:00:00,16.158166666666666
2021-12-28 18:00:00,15.790750000000001
2021-12-28 19:00:00,15.705666666666668
2021-12-28 20:00:00,15.602466666666666
2021-12-28 21:00:00,15.654583333333333
2021-12-28 22:00:00,15.530366666666668
2021-12-28 23:00:00,15.2433
2021-12-29 00:00:00,15.08675
2021-12-29 01:00:00,15.098433333333332
2021-12-29 02:00:00,14.9153
2021-12-29 03:00:00,15.080083333333333
2021-12-29 04:00:00,15.274633333333332
2021-12-29 05:00:00,15.13485
2021-12-29 06:00:00,15.47975
2021-12-29 07:00:00,15.515466666666667
2021-12-29 08:00:00,17.495633333333334
2021-12-29 09:00:00,19.2029
2021-12-29 10:00:00,20.861366666666665
2021-12-29 11:00:00,21.884366666666665
2021-12-29 12:00:00,22.83025
2021-12-29 13:00:00,22.67155
2021-12-29 14:00:00,21.57378333333333
2021-12-29 15:00:00,20.129616666666667
2021-12-29 16:00:00,19.987383333333334
2021-12-29 17:00:00,19.262833333333333
2021-12-29 18:00:00,18.111449999999998
2021-12-29 19:00:00,17.4449
2021-12-29 20:00:00,17.463883333333335
2021-12-29 21:00:00,16.9047
2021-12-29 22:00:00,16.702883333333332
2021-12-29 23:00:00,16.703516666666665
2021-12-30 00:00:00,16.066883333333333
2021-12-30 01:00:00,16.014766666666667
2021-12-30 02:00:00,15.4659
2021-12-30 03:00:00,15.624683333333333
2021-12-30 04:00:00,15.8592
2021-12-30 05:00:00,15.065983333333332
2021-12-30 06:00:00,14.458816666666667
2021-12-30 07:00:00,15.583616666666668
2021-12-30 08:00:00,19.499466666666667
2021-12-30 09:00:00,20.87525
2021-12-30 10:00:00,22.8101
2021-12-30 11:00:00,24.69901666666667
2021-12-30 12:00:00,22.33993333333333
2021-12-30 13:00:00,20.94425
2021-12-30 14:00:00,20.444183333333335
2021-12-30 15:00:00,17.83125
2021-12-30 16:00:00,16.494616666666666
2021-12-30 17:00:00,16.209616666666665
2021-12-30 18:00:00,16.342633333333332
2021-12-30 19:00:00,16.46751666666667
2021-12-30 20:00:00,16.561733333333333
2021-12-30 21:00:00,16.445016666666668
2021-12-30 22:00:00,16.318916666666667
2021-12-30 23:00:00,16.450316666666666
2021-12-31 00:00:00,16.473016666666666
2021-12-31 01:00:00,16.354983333333333
2021-12-31 02:00:00,16.059583333333332
2021-12-31 03:00:00,15.964183333333333
2021-12-31 04:00:00,15.9168
2021-12-31 05:00:00,15.85825
2021-12-31 06:00:00,15.592583333333332
2021-12-31 07:00:00,15.301783333333333
2021-12-31 08:00:00,15.237266666666667
2021-12-31 09:00:00,15.695866666666666
2021-12-31 10:00:00,17.17805
2021-12-31 11:00:00,19.296066666666665
2021-12-31 12:00:00,19.095466666666667
2021-12-31 13:00:00,19.0879
2021-12-31 14:00:00,18.761766666666666
2021-12-31 15:00:00,17.635983333333336
2021-12-31 16:00:00,16.1778
2021-12-31 17:00:00,15.430933333333334
2021-12-31 18:00:00,15.182933333333333
2021-12-31 19:00:00,15.182983333333334
2021-12-31 20:00:00,15.347766666666667
2021-12-31 21:00:00,15.753366666666667
2021-12-31 22:00:00,15.910966666666667
2021-12-31 23:00:00,15.76315
2022-01-01 00:00:00,15.617433333333334
2022-01-01 01:00:00,15.27905
2022-01-01 02:00:00,15.217350000000001
2022-01-01 03:00:00,14.9395
2022-01-01 04:00:00,14.831666666666667
2022-01-01 05:00:00,14.709116666666667
2022-01-01 06:00:00,14.371983333333333
2022-01-01 07:00:00,14.292016666666665
2022-01-01 08:00:00,16.222983333333335
2022-01-01 09:00:00,17.074183333333334
2022-01-01 10:00:00,18.848533333333332
2022-01-01 11:00:00,18.511000000000003
2022-01-01 12:00:00,17.6275
2022-01-01 13:00:00,17.6116
2022-01-01 14:00:00,17.662366666666667
2022-01-01 15:00:00,17.286333333333335
2022-01-01 16:00:00,16.703799999999998
2022-01-01 17:00:00,15.515183333333335
2022-01-01 18:00:00,15.007183333333334
2022-01-01 19:00:00,14.914333333333333
2022-01-01 20:00:00,14.397783333333333
2022-01-01 21:00:00,14.428166666666666
2022-01-01 22:00:00,14.235533333333333
2022-01-01 23:00:00,14.393483333333334
2022-01-02 00:00:00,14.432350000000001
2022-01-02 01:00:00,14.4437
2022-01-02 02:00:00,14.188783333333333
2022-01-02 03:00:00,14.16325
2022-01-02 04:00:00,13.905533333333333
2022-01-02 05:00:00,13.563016666666668
2022-01-02 06:00:00,13.800633333333334
2022-01-02 07:00:00,15.02085
2022-01-02 08:00:00,17.75355
2022-01-02 09:00:00,20.562716666666667
2022-01-02 10:00:00,23.68665
2022-01-02 11:00:00,25.050283333333333
2022-01-02 12:00:00,23.866483333333335
2022-01-02 13:00:00,21.979266666666668
2022-01-02 14:00:00,21.928033333333335
2022-01-02 15:00:00,19.00926666666667
2022-01-02 16:00:00,17.517633333333333
2022-01-02 17:00:00,16.53265
2022-01-02 18:00:00,16.11905
2022-01-02 19:00:00,15.900883333333333
2022-01-02 20:00:00,16.007583333333333
2022-01-02 21:00:00,16.00965
2022-01-02 22:00:00,16.0627
2022-01-02 23:00:00,15.842066666666666
2022-01-03 00:00:00,16.18885
2022-01-03 01:00:00,16.000683333333335
2022-01-03 02:00:00,15.629616666666667
2022-01-03 03:00:00,15.254666666666667
2022-01-03 04:00:00,14.989749999999999
2022-01-03 05:00:00,14.93365
2022-01-03 06:00:00,14.918283333333333
2022-01-03 07:00:00,15.1268
2022-01-03 08:00:00,15.871866666666667
2022-01-03 09:00:00,16.694566666666667
2022-01-03 10:00:00,17.88075
2022-01-03 11:00:00,19.208483333333334
2022-01-03 12:00:00,20.02305
2022-01-03 13:00:00,20.3925
2022-01-03 14:00:00,20.4968
2022-01-03 15:00:00,18.739633333333334
2022-01-03 16:00:00,16.7966
2022-01-03 17:00:00,16.18215
2022-01-03 18:00:00,15.693866666666667
2022-01-03 19:00:00,15.4458
2022-01-03 20:00:00,15.237666666666666
2022-01-03 21:00:00,14.981266666666667
2022-01-03 22:00:00,15.535016666666667
2022-01-03 23:00:00,15.961316666666667
2022-01-04 00:00:00,15.940666666666667
2022-01-04 01:00:00,15.441650000000001
2022-01-04 02:00:00,14.67695
2022-01-04 03:00:00,15.341216666666666
2022-01-04 04:00:00,15.226949999999999
2022-01-04 05:00:00,15.24285
2022-01-04 06:00:00,15.145183333333334
2022-01-04 07:00:00,15.687683333333332
2022-01-04 08:00:00,19.47211666666667
2022-01-04 09:00:00,21.521583333333336
2022-01-04 10:00:00,22.563100000000002
2022-01-04 11:00:00,22.02968333333333
2022-01-04 12:00:00,21.577383333333334
2022-01-04 13:00:00,20.9372
2022-01-04 14:00:00,20.2255
2022-01-04 15:00:00,19.58165
2022-01-04 16:00:00,18.211450000000003
2022-01-04 17:00:00,17.463283333333333
2022-01-04 18:00:00,17.3483
2022-01-04 19:00:00,17.324
2022-01-04 20:00:00,17.063633333333332
2022-01-04 21:00:00,17.270966666666666
2022-01-04 22:00:00,17.393233333333335
2022-01-04 23:00:00,17.4067
2022-01-05 00:00:00,16.72955
2022-01-05 01:00:00,16.684183333333333
2022-01-05 02:00:00,16.296983333333333
2022-01-05 03:00:00,16.123716666666667
2022-01-05 04:00:00,16.1893
2022-01-05 05:00:00,16.609816666666667
2022-01-05 06:00:00,16.828916666666668
2022-01-05 07:00:00,16.902283333333333
2022-01-05 08:00:00,18.22295
2022-01-05 09:00:00,23.828166666666668
2022-01-05 10:00:00,25.832150000000002
2022-01-05 11:00:00,23.68715
2022-01-05 12:00:00,23.711650000000002
2022-01-05 13:00:00,23.703116666666666
2022-01-05 14:00:00,23.5197
2022-01-05 15:00:00,21.82061666666667
2022-01-05 16:00:00,19.571966666666665
2022-01-05 17:00:00,19.64965
2022-01-05 18:00:00,18.910283333333332
2022-01-05 19:00:00,18.54715
2022-01-05 20:00:00,18.024350000000002
2022-01-05 21:00:00,17.413416666666667
2022-01-05 22:00:00,17.233283333333336
2022-01-05 23:00:00,17.447349999999997
2022-01-06 00:00:00,17.782216666666667
2022-01-06 01:00:00,17.421283333333335
2022-01-06 02:00:00,17.097083333333334
2022-01-06 03:00:00,16.764300000000002
2022-01-06 04:00:00,16.564766666666667
2022-01-06 05:00:00,16.669116666666664
2022-01-06 06:00:00,16.827966666666665
2022-01-06 07:00:00,17.182599999999997
2022-01-06 08:00:00,19.36306666666667
2022-01-06 09:00:00,22.606116666666665
2022-01-06 10:00:00,25.190533333333335
2022-01-06 11:00:00,27.100883333333336
2022-01-06 12:00:00,25.29045
2022-01-06 13:00:00,22.982983333333333
2022-01-06 14:00:00,22.037316666666666
2022-01-06 15:00:00,20.41865
2022-01-06 16:00:00,19.469716666666667
2022-01-06 17:00:00,18.526383333333335
2022-01-06 18:00:00,17.915683333333334
2022-01-06 19:00:00,17.77355
2022-01-06 20:00:00,17.615766666666666
2022-01-06 21:00:00,17.296766666666667
2022-01-06 22:00:00,17.081500000000002
2022-01-06 23:00:00,16.624733333333335
2022-01-07 00:00:00,16.3974
2022-01-07 01:00:00,16.195866666666667
2022-01-07 02:00:00,16.0929
2022-01-07 03:00:00,16.002066666666668
2022-01-07 04:00:00,15.42285
2022-01-07 05:00:00,15.252333333333333
2022-01-07 06:00:00,15.197333333333335
2022-01-07 07:00:00,15.503133333333333
2022-01-07 08:00:00,16.498566666666665
2022-01-07 09:00:00,17.909233333333336
2022-01-07 10:00:00,17.408833333333334
2022-01-07 11:00:00,18.005933333333335
2022-01-07 12:00:00,19.2114
2022-01-07 13:00:00,19.423466666666666
2022-01-07 14:00:00,19.764133333333334
2022-01-07 15:00:00,18.748366666666666
2022-01-07 16:00:00,17.33715
2022-01-07 17:00:00,16.644183333333334
2022-01-07 18:00:00,16.03595
2022-01-07 19:00:00,15.77695
2022-01-07 20:00:00,15.86795
2022-01-07 21:00:00,15.664016666666667
2022-01-07 22:00:00,15.49875
2022-01-07 23:00:00,15.619216666666667
2022-01-08 00:00:00,15.458833333333333
2022-01-08 01:00:00,15.5109
2022-01-08 02:00:00,14.865450000000001
2022-01-08 03:00:00,14.616800000000001
2022-01-08 04:00:00,14.401250000000001
2022-01-08 05:00:00,14.048366666666668
2022-01-08 06:00:00,13.944716666666666
2022-01-08 07:00:00,13.889633333333334
2022-01-08 08:00:00,16.9008
2022-01-08 09:00:00,20.821716666666667
2022-01-08 10:00:00,22.8371
2022-01-08 11:00:00,20.326833333333333
2022-01-08 12:00:00,20.05285
2022-01-08 13:00:00,20.0922
2022-01-08 14:00:00,19.416516666666666
2022-01-08 15:00:00,18.1895
2022-01-08 16:00:00,16.389400000000002
2022-01-08 17:00:00,15.9064
2022-01-08 18:00:00,15.461883333333333
2022-01-08 19:00:00,15.624966666666667
2022-01-08 20:00:00,15.285633333333333
2022-01-08 21:00:00,14.990116666666667
2022-01-08 22:00:00,15.02065
2022-01-08 23:00:00,15.1377
2022-01-09 00:00:00,15.508033333333334
2022-01-09 01:00:00,15.6969
2022-01-09 02:00:00,15.503616666666666
2022-01-09 03:00:00,15.040283333333333
2022-01-09 04:00:00,15.051466666666666
2022-01-09 05:00:00,15.03875
2022-01-09 06:00:00,15.399750000000001
2022-01-09 07:00:00,15.7226
2022-01-09 08:00:00,17.109233333333336
2022-01-09 09:00:00,16.312116666666665
2022-01-09 10:00:00,16.623483333333333
2022-01-09 11:00:00,17.329133333333335
2022-01-09 12:00:00,17.795216666666665
2022-01-09 13:00:00,19.94173333333333
2022-01-09 14:00:00,18.914383333333333
2022-01-09 15:00:00,17.728833333333334
2022-01-09 16:00:00,17.224566666666664
2022-01-09 17:00:00,16.73848333333333
2022-01-09 18:00:00,15.784116666666668
2022-01-09 19:00:00,15.555466666666666
2022-01-09 20:00:00,15.575183333333333
2022-01-09 21:00:00,15.1581
2022-01-09 22:00:00,14.914883333333334
2022-01-09 23:00:00,14.656283333333333
2022-01-10 00:00:00,14.594166666666666
2022-01-10 01:00:00,14.860816666666667
2022-01-10 02:00:00,14.90805
2022-01-10 03:00:00,15.046516666666667
2022-01-10 04:00:00,14.801366666666667
2022-01-10 05:00:00,14.577516666666666
2022-01-10 06:00:00,14.919433333333334
2022-01-10 07:00:00,15.310049999999999
2022-01-10 08:00:00,15.882816666666665
2022-01-10 09:00:00,17.13311666666667
2022-01-10 10:00:00,19.27505
2022-01-10 11:00:00,19.4591
2022-01-10 12:00:00,20.458900000000003
2022-01-10 13:00:00,20.100916666666667
2022-01-10 14:00:00,19.131683333333335
2022-01-10 15:00:00,18.459766666666667
2022-01-10 16:00:00,17.3668
2022-01-10 17:00:00,16.55988333333333
2022-01-10 18:00:00,16.59541666666667
2022-01-10 19:00:00,16.86245
2022-01-10 20:00:00,16.633066666666668
2022-01-10 21:00:00,16.650850000000002
2022-01-10 22:00:00,16.913066666666666
2022-01-10 23:00:00,17.125433333333334
2022-01-11 00:00:00,16.9609
2022-01-11 01:00:00,15.83355
2022-01-11 02:00:00,14.179266666666667
2022-01-11 03:00:00,12.953216666666666
2022-01-11 04:00:00,11.687933333333332
2022-01-11 05:00:00,11.277766666666668
2022-01-11 06:00:00,11.364183333333333
2022-01-11 07:00:00,11.334866666666667
2022-01-11 08:00:00,12.453
2022-01-11 09:00:00,14.528216666666667
2022-01-11 10:00:00,15.536966666666666
2022-01-11 11:00:00,16.3763
2022-01-11 12:00:00,17.184
2022-01-11 13:00:00,18.9155
2022-01-11 14:00:00,19.69925
2022-01-11 15:00:00,17.288633333333333
2022-01-11 16:00:00,15.031166666666667
2022-01-11 17:00:00,14.533199999999999
2022-01-11 18:00:00,13.771899999999999
2022-01-11 19:00:00,13.3037
2022-01-11 20:00:00,13.049983333333333
2022-01-11 21:00:00,12.83395
2022-01-11 22:00:00,13.205183333333334
2022-01-11 23:00:00,13.350966666666666
2022-01-12 00:00:00,13.310566666666666
2022-01-12 01:00:00,12.986600000000001
2022-01-12 02:00:00,12.643466666666665
2022-01-12 03:00:00,12.372083333333334
2022-01-12 04:00:00,12.009083333333333
2022-01-12 05:00:00,11.690216666666666
2022-01-12 06:00:00,11.8652
2022-01-12 07:00:00,12.041416666666667
2022-01-12 08:00:00,12.792200000000001
2022-01-12 09:00:00,13.662283333333333
2022-01-12 10:00:00,14.3789
2022-01-12 11:00:00,15.126
2022-01-12 12:00:00,14.967616666666666
2022-01-12 13:00:00,15.684516666666667
2022-01-12 14:00:00,15.600183333333332
2022-01-12 15:00:00,15.2479
2022-01-12 16:00:00,15.38115
2022-01-12 17:00:00,14.82575
2022-01-12 18:00:00,14.6491
2022-01-12 19:00:00,14.806416666666667
2022-01-12 20:00:00,14.768049999999999
2022-01-12 21:00:00,14.8142
2022-01-12 22:00:00,14.93015
2022-01-12 23:00:00,14.8848
2022-01-13 00:00:00,14.892883333333334
2022-01-13 01:00:00,14.908433333333333
2022-01-13 02:00:00,14.5895
2022-01-13 03:00:00,14.387683333333333
2022-01-13 04:00:00,14.237133333333333
2022-01-13 05:00:00,14.225966666666666
2022-01-13 06:00:00,13.8529
2022-01-13 07:00:00,13.504633333333334
2022-01-13 08:00:00,13.80375
2022-01-13 09:00:00,14.662583333333334
2022-01-13 10:00:00,16.07551666666667
2022-01-13 11:00:00,16.706083333333332
2022-01-13 12:00:00,18.915599999999998
2022-01-13 13:00:00,18.973149999999997
2022-01-13 14:00:00,18.47755
2022-01-13 15:00:00,18.2093
2022-01-13 16:00:00,17.397466666666666
2022-01-13 17:00:00,16.290383333333335
2022-01-13 18:00:00,15.584249999999999
2022-01-13 19:00:00,15.4861
2022-01-13 20:00:00,15.375816666666667
2022-01-13 21:00:00,15.192216666666667
2022-01-13 22:00:00,14.67145
2022-01-13 23:00:00,14.182966666666665
2022-01-14 00:00:00,14.033150000000001
2022-01-14 01:00:00,13.705066666666665
2022-01-14 02:00:00,13.31795
2022-01-14 03:00:00,13.243333333333334
2022-01-14 04:00:00,13.278083333333335
2022-01-14 05:00:00,13.00215
2022-01-14 06:00:00,13.248349999999999
2022-01-14 07:00:00,13.815850000000001
2022-01-14 08:00:00,14.095883333333335
2022-01-14 09:00:00,14.202166666666667
2022-01-14 10:00:00,14.450916666666666
2022-01-14 11:00:00,14.462783333333334
2022-01-14 12:00:00,14.54315
2022-01-14 13:00:00,14.693816666666667
2022-01-14 14:00:00,14.9429
2022-01-14 15:00:00,14.978033333333334
2022-01-14 16:00:00,14.90245
2022-01-14 17:00:00,14.851233333333333
2022-01-14 18:00:00,14.915016666666666
2022-01-14 19:00:00,15.045916666666667
2022-01-14 20:00:00,15.223166666666666
2022-01-14 21:00:00,15.2742
2022-01-14 22:00:00,15.265766666666668
2022-01-14 23:00:00,15.432583333333334
2022-01-15 00:00:00,15.460783333333334
2022-01-15 01:00:00,15.333466666666668
2022-01-15 02:00:00,15.273766666666665
2022-01-15 03:00:00,15.30385
2022-01-15 04:00:00,15.125816666666667
2022-01-15 05:00:00,14.93195
2022-01-15 06:00:00,14.9068
2022-01-15 07:00:00,14.875566666666666
2022-01-15 08:00:00,15.257399999999999
2022-01-15 09:00:00,16.538283333333332
2022-01-15 10:00:00,16.5962
2022-01-15 11:00:00,16.99365
2022-01-15 12:00:00,17.41368333333333
2022-01-15 13:00:00,17.5875
2022-01-15 14:00:00,17.908066666666667
2022-01-15 15:00:00,17.200433333333333
2022-01-15 16:00:00,16.614166666666666
2022-01-15 17:00:00,16.5512
2022-01-15 18:00:00,16.527133333333335
2022-01-15 19:00:00,16.77573333333333
2022-01-15 20:00:00,16.831116666666667
2022-01-15 21:00:00,16.704733333333333
2022-01-15 22:00:00,16.643150000000002
2022-01-15 23:00:00,16.4731
2022-01-16 00:00:00,16.327083333333334
2022-01-16 01:00:00,15.935133333333333
2022-01-16 02:00:00,15.72835
2022-01-16 03:00:00,15.52365
2022-01-16 04:00:00,15.678016666666668
2022-01-16 05:00:00,15.969533333333334
2022-01-16 06:00:00,16.026149999999998
2022-01-16 07:00:00,16.1985
2022-01-16 08:00:00,16.484783333333333
2022-01-16 09:00:00,16.804716666666668
2022-01-16 10:00:00,17.021866666666668
2022-01-16 11:00:00,17.97511666666667
2022-01-16 12:00:00,19.412633333333336
2022-01-16 13:00:00,21.406533333333336
2022-01-16 14:00:00,21.3309
2022-01-16 15:00:00,21.075916666666668
2022-01-16 16:00:00,17.932983333333333
2022-01-16 17:00:00,16.875633333333333
2022-01-16 18:00:00,16.402166666666666
2022-01-16 19:00:00,16.399616666666667
2022-01-16 20:00:00,16.340216666666667
2022-01-16 21:00:00,16.095433333333332
2022-01-16 22:00:00,15.671016666666667
2022-01-16 23:00:00,15.972199999999999
2022-01-17 00:00:00,16.035433333333334
2022-01-17 01:00:00,15.8476
2022-01-17 02:00:00,15.811733333333333
2022-01-17 03:00:00,15.727333333333332
2022-01-17 04:00:00,15.57555
2022-01-17 05:00:00,15.541283333333332
2022-01-17 06:00:00,15.510516666666666
2022-01-17 07:00:00,15.706033333333332
2022-01-17 08:00:00,15.839816666666668
2022-01-17 09:00:00,16.038833333333333
2022-01-17 10:00:00,16.224616666666666
2022-01-17 11:00:00,16.33485
2022-01-17 12:00:00,16.302816666666665
2022-01-17 13:00:00,16.2276
2022-01-17 14:00:00,16.235533333333333
2022-01-17 15:00:00,16.146016666666664
2022-01-17 16:00:00,16.050616666666667
2022-01-17 17:00:00,15.953483333333335
2022-01-17 18:00:00,15.895166666666666
2022-01-17 19:00:00,15.938600000000001
2022-01-17 20:00:00,15.937066666666668
2022-01-17 21:00:00,16.049766666666667
2022-01-17 22:00:00,16.079383333333332
2022-01-17 23:00:00,16.115466666666666
2022-01-18 00:00:00,16.006766666666667
2022-01-18 01:00:00,15.945466666666666
2022-01-18 02:00:00,15.9806
2022-01-18 03:00:00,16.005316666666666
2022-01-18 04:00:00,15.350916666666667
2022-01-18 05:00:00,14.737733333333333
2022-01-18 06:00:00,13.938316666666667
2022-01-18 07:00:00,13.760933333333332
2022-01-18 08:00:00,13.752883333333333
2022-01-18 09:00:00,14.602933333333334
2022-01-18 10:00:00,16.943033333333332
2022-01-18 11:00:00,18.5366
2022-01-18 12:00:00,17.8542
2022-01-18 13:00:00,17.004
2022-01-18 14:00:00,17.272133333333333
2022-01-18 15:00:00,17.267283333333335
2022-01-18 16:00:00,17.046666666666667
2022-01-18 17:00:00,16.29785
2022-01-18 18:00:00,15.775716666666666
2022-01-18 19:00:00,15.6351
2022-01-18 20:00:00,15.530966666666666
2022-01-18 21:00:00,15.482249999999999
2022-01-18 22:00:00,15.412983333333333
2022-01-18 23:00:00,15.270299999999999
2022-01-19 00:00:00,15.046666666666665
2022-01-19 01:00:00,14.91824
2022-01-19 07:00:00,12.646999999999998
2022-01-19 08:00:00,13.089550000000001
2022-01-19 09:00:00,15.046766666666667
2022-01-19 10:00:00,18.944016666666666
2022-01-19 11:00:00,21.787433333333336
2022-01-19 12:00:00,24.1707
2022-01-19 13:00:00,21.909100000000002
2022-01-19 14:00:00,19.75088333333333
2022-01-19 15:00:00,17.957583333333332
2022-01-19 16:00:00,17.216816666666666
2022-01-19 17:00:00,16.508633333333332
2022-01-19 18:00:00,15.814216666666665
2022-01-19 19:00:00,14.952766666666667
2022-01-19 20:00:00,14.59105
2022-01-19 21:00:00,14.658116666666666
2022-01-19 22:00:00,14.302366666666668
2022-01-19 23:00:00,14.123700000000001
2022-01-20 00:00:00,13.959866666666667
2022-01-20 01:00:00,13.94575
2022-01-20 02:00:00,13.946633333333333
2022-01-20 03:00:00,14.313533333333334
2022-01-20 04:00:00,14.147833333333333
2022-01-20 05:00:00,13.687299999999999
2022-01-20 06:00:00,13.757166666666667
2022-01-20 07:00:00,13.713783333333334
2022-01-20 08:00:00,16.140183333333333
2022-01-20 09:00:00,20.781433333333332
2022-01-20 10:00:00,21.457533333333334
2022-01-20 11:00:00,20.676166666666667
2022-01-20 12:00:00,20.546816666666665
2022-01-20 13:00:00,19.83148333333333
2022-01-20 14:00:00,18.78805
2022-01-20 15:00:00,17.504399999999997
2022-01-20 16:00:00,16.688016666666666
2022-01-20 17:00:00,16.131783333333335
2022-01-20 18:00:00,15.77435
2022-01-20 19:00:00,15.62805
2022-01-20 20:00:00,15.674166666666668
2022-01-20 21:00:00,15.4053
2022-01-20 22:00:00,15.445033333333333
2022-01-20 23:00:00,15.45055
2022-01-21 00:00:00,15.5453
2022-01-21 01:00:00,15.585866666666668
2022-01-21 02:00:00,15.260533333333333
2022-01-21 03:00:00,14.939333333333334
2022-01-21 04:00:00,14.591016666666667
2022-01-21 05:00:00,14.23335
2022-01-21 06:00:00,14.275933333333334
2022-01-21 07:00:00,14.498366666666666
2022-01-21 08:00:00,16.143383333333333
2022-01-21 09:00:00,18.03335
2022-01-21 10:00:00,18.063133333333333
2022-01-21 11:00:00,18.374716666666664
2022-01-21 12:00:00,19.048783333333333
2022-01-21 13:00:00,17.305116666666667
2022-01-21 14:00:00,17.428549999999998
2022-01-21 15:00:00,17.085033333333335
2022-01-21 16:00:00,16.335666666666665
2022-01-21 17:00:00,15.90285
2022-01-21 18:00:00,15.7826
2022-01-21 19:00:00,15.74935
2022-01-21 20:00:00,15.764633333333334
2022-01-21 21:00:00,15.696983333333332
2022-01-21 22:00:00,15.572883333333332
2022-01-21 23:00:00,15.624766666666666
2022-01-22 00:00:00,15.534366666666667
2022-01-22 01:00:00,15.420399999999999
2022-01-22 02:00:00,15.276516666666668
2022-01-22 03:00:00,15.329716666666666
2022-01-22 04:00:00,15.380616666666667
2022-01-22 05:00:00,15.444783333333334
2022-01-22 06:00:00,15.25305
2022-01-22 07:00:00,15.274466666666667
2022-01-22 08:00:00,15.277600000000001
2022-01-22 09:00:00,15.269716666666666
2022-01-22 10:00:00,15.389633333333334
2022-01-22 11:00:00,15.261566666666665
2022-01-22 12:00:00,15.202466666666668
2022-01-22 13:00:00,14.98535
2022-01-22 14:00:00,15.499033333333333
2022-01-22 15:00:00,15.877566666666667
2022-01-22 16:00:00,15.817916666666667
2022-01-22 17:00:00,15.70175
2022-01-22 18:00:00,15.559583333333334
2022-01-22 19:00:00,15.515983333333333
2022-01-22 20:00:00,15.656166666666667
2022-01-22 21:00:00,15.75785
2022-01-22 22:00:00,15.777866666666666
2022-01-22 23:00:00,15.787700000000001
2022-01-23 00:00:00,15.928133333333333
2022-01-23 01:00:00,15.970266666666667
2022-01-23 02:00:00,16.0326
2022-01-23 03:00:00,15.958599999999999
2022-01-23 04:00:00,15.8262
2022-01-23 05:00:00,16.10915
2022-01-23 06:00:00,16.332583333333336
2022-01-23 07:00:00,16.592916666666667
2022-01-23 08:00:00,17.246816666666668
2022-01-23 09:00:00,18.74271666666667
2022-01-23 10:00:00,18.9613
2022-01-23 11:00:00,19.4812
2022-01-23 12:00:00,20.207666666666668
2022-01-23 13:00:00,19.635683333333336
2022-01-23 14:00:00,19.527983333333335
2022-01-23 15:00:00,18.871283333333334
2022-01-23 16:00:00,18.55515
2022-01-23 17:00:00,17.824666666666666
2022-01-23 18:00:00,17.37485
2022-01-23 19:00:00,17.5031
2022-01-23 20:00:00,17.71145
2022-01-23 21:00:00,17.7716
2022-01-23 22:00:00,17.8211
2022-01-23 23:00:00,18.129483333333333
2022-01-24 00:00:00,17.960616666666667
2022-01-24 01:00:00,17.98205
2022-01-24 02:00:00,17.918316666666666
2022-01-24 03:00:00,17.519099999999998
2022-01-24 04:00:00,17.974666666666668
2022-01-24 05:00:00,17.75156666666667
2022-01-24 06:00:00,17.430416666666666
2022-01-24 07:00:00,17.258683333333334
2022-01-24 08:00:00,17.5679
2022-01-24 09:00:00,17.6993
2022-01-24 10:00:00,18.559733333333334
2022-01-24 11:00:00,21.623316666666668
2022-01-24 12:00:00,20.716716666666667
2022-01-24 13:00:00,19.8642
2022-01-24 14:00:00,19.173783333333333
2022-01-24 15:00:00,18.310799999999997
2022-01-24 16:00:00,17.49855
2022-01-24 17:00:00,17.328516666666665
2022-01-24 18:00:00,17.18985
2022-01-24 19:00:00,17.27205
2022-01-24 20:00:00,17.378933333333336
2022-01-24 21:00:00,17.39108333333333
2022-01-24 22:00:00,17.16436666666667
2022-01-24 23:00:00,17.088900000000002
2022-01-25 00:00:00,16.822266666666668
2022-01-25 01:00:00,16.471533333333333
2022-01-25 02:00:00,16.27315
2022-01-25 03:00:00,16.17815
2022-01-25 04:00:00,16.080666666666666
2022-01-25 05:00:00,15.742883333333333
2022-01-25 06:00:00,15.481033333333333
2022-01-25 07:00:00,15.474933333333333
2022-01-25 08:00:00,16.213416666666667
2022-01-25 09:00:00,16.882983333333335
2022-01-25 10:00:00,16.840366666666668
2022-01-25 11:00:00,17.19875
2022-01-25 12:00:00,17.4937
2022-01-25 13:00:00,17.50385
2022-01-25 14:00:00,19.017933333333335
2022-01-25 15:00:00,20.004583333333336
2022-01-25 16:00:00,17.833433333333335
2022-01-25 17:00:00,16.600066666666667
2022-01-25 18:00:00,16.078233333333333
2022-01-25 19:00:00,16.102566666666668
2022-01-25 20:00:00,16.32075
2022-01-25 21:00:00,16.458983333333332
2022-01-25 22:00:00,16.46515
2022-01-25 23:00:00,16.52105
2022-01-26 00:00:00,16.358333333333334
2022-01-26 01:00:00,16.3333
2022-01-26 02:00:00,16.32245
2022-01-26 03:00:00,16.240716666666668
2022-01-26 04:00:00,16.02253333333333
2022-01-26 05:00:00,16.023033333333334
2022-01-26 06:00:00,15.896666666666667
2022-01-26 07:00:00,15.763116666666667
2022-01-26 08:00:00,15.982283333333333
2022-01-26 09:00:00,17.181500000000003
2022-01-26 10:00:00,17.770216666666666
2022-01-26 11:00:00,18.42865
2022-01-26 12:00:00,19.84425
2022-01-26 13:00:00,19.174716666666665
2022-01-26 14:00:00,19.145833333333332
2022-01-26 15:00:00,18.9083
2022-01-26 16:00:00,18.04665
2022-01-26 17:00:00,17.403666666666666
2022-01-26 18:00:00,17.08966666666667
2022-01-26 19:00:00,17.04168333333333
2022-01-26 20:00:00,17.080283333333334
2022-01-26 21:00:00,17.110116666666666
2022-01-26 22:00:00,17.20788333333333
2022-01-26 23:00:00,17.026633333333333
2022-01-27 00:00:00,16.869766666666667
2022-01-27 01:00:00,16.86903333333333
2022-01-27 02:00:00,16.81485
2022-01-27 03:00:00,16.753916666666665
2022-01-27 04:00:00,16.51043333333333
2022-01-27 05:00:00,16.45795
2022-01-27 06:00:00,16.586983333333333
2022-01-27 07:00:00,16.6857
2022-01-27 08:00:00,16.837799999999998
2022-01-27 09:00:00,16.880866666666666
2022-01-27 10:00:00,17.52465
2022-01-27 11:00:00,19.047633333333334
2022-01-27 12:00:00,19.946133333333332
2022-01-27 13:00:00,19.0288
2022-01-27 14:00:00,19.737816666666667
2022-01-27 15:00:00,19.4489
2022-01-27 16:00:00,18.1535
2022-01-27 17:00:00,17.489966666666664
2022-01-27 18:00:00,17.05655
2022-01-27 19:00:00,16.6739
2022-01-27 20:00:00,16.6067
2022-01-27 21:00:00,16.574616666666667
2022-01-27 22:00:00,16.756616666666666
2022-01-27 23:00:00,17.467383333333334
2022-01-28 00:00:00,17.687516666666667
2022-01-28 01:00:00,17.68753333333333
2022-01-28 02:00:00,17.479233333333333
2022-01-28 03:00:00,17.102149999999998
2022-01-28 04:00:00,16.653683333333333
2022-01-28 05:00:00,16.399966666666668
2022-01-28 06:00:00,16.529083333333332
2022-01-28 07:00:00,16.55591666666667
2022-01-28 08:00:00,16.524083333333333
2022-01-28 09:00:00,16.54025
2022-01-28 10:00:00,16.5015
2022-01-28 11:00:00,16.606683333333333
2022-01-28 12:00:00,16.82721666666667
2022-01-28 13:00:00,17.397266666666667
2022-01-28 14:00:00,17.298883333333333
2022-01-28 15:00:00,17.304666666666666
2022-01-28 16:00:00,17.204283333333333
2022-01-28 17:00:00,16.915566666666667
2022-01-28 18:00:00,16.666416666666667
2022-01-28 19:00:00,16.549466666666667
2022-01-28 20:00:00,16.532416666666666
2022-01-28 21:00:00,16.336866666666666
2022-01-28 22:00:00,16.281166666666667
2022-01-28 23:00:00,16.078533333333333
2022-01-29 00:00:00,16.201633333333334
2022-01-29 01:00:00,16.230316666666667
2022-01-29 02:00:00,16.025533333333335
2022-01-29 03:00:00,15.9965
2022-01-29 04:00:00,16.09995
2022-01-29 05:00:00,16.056183333333333
2022-01-29 06:00:00,15.8834
2022-01-29 07:00:00,15.913083333333333
2022-01-29 08:00:00,15.570916666666667
2022-01-29 09:00:00,15.309783333333334
2022-01-29 10:00:00,16.893
2022-01-29 11:00:00,18.920133333333336
2022-01-29 12:00:00,19.017999999999997
2022-01-29 13:00:00,18.771733333333334
2022-01-29 14:00:00,19.572166666666664
2022-01-29 15:00:00,19.64806666666667
2022-01-29 16:00:00,17.846733333333336
2022-01-29 17:00:00,16.9682
2022-01-29 18:00:00,16.537366666666667
2022-01-29 19:00:00,16.365750000000002
2022-01-29 20:00:00,16.5863
2022-01-29 21:00:00,16.46145
2022-01-29 22:00:00,16.26445
2022-01-29 23:00:00,15.7773
2022-01-30 00:00:00,14.986483333333332
2022-01-30 01:00:00,14.665533333333334
2022-01-30 02:00:00,14.234483333333333
2022-01-30 03:00:00,13.1653
2022-01-30 04:00:00,12.499866666666666
2022-01-30 05:00:00,12.292033333333334
2022-01-30 06:00:00,11.478316666666666
2022-01-30 07:00:00,10.875633333333333
2022-01-30 08:00:00,10.97685
2022-01-30 09:00:00,12.8886
2022-01-30 10:00:00,15.149750000000001
2022-01-30 11:00:00,17.378
2022-01-30 12:00:00,18.8247
2022-01-30 13:00:00,19.17115
2022-01-30 14:00:00,18.444433333333333
2022-01-30 15:00:00,18.1186
2022-01-30 16:00:00,16.096166666666665
2022-01-30 17:00:00,14.889716666666667
2022-01-30 18:00:00,13.833566666666666
2022-01-30 19:00:00,13.186766666666667
2022-01-30 20:00:00,12.7604
2022-01-30 21:00:00,12.819466666666667
2022-01-30 22:00:00,12.468766666666665
2022-01-30 23:00:00,12.034233333333333
2022-01-31 00:00:00,12.00905
2022-01-31 01:00:00,12.155616666666667
2022-01-31 02:00:00,12.333283333333332
2022-01-31 03:00:00,12.497549999999999
2022-01-31 04:00:00,12.433483333333333
2022-01-31 05:00:00,12.010233333333334
2022-01-31 06:00:00,11.7093
2022-01-31 07:00:00,11.961866666666667
2022-01-31 08:00:00,11.785516666666666
2022-01-31 09:00:00,11.637883333333333
2022-01-31 10:00:00,11.540466666666667
2022-01-31 11:00:00,11.581349999999999
2022-01-31 12:00:00,12.739216666666666
2022-01-31 13:00:00,13.336533333333334
2022-01-31 14:00:00,13.5522
2022-01-31 15:00:00,12.9144
2022-01-31 16:00:00,12.212533333333333
2022-01-31 17:00:00,11.82475
2022-01-31 18:00:00,11.59915
2022-01-31 19:00:00,11.527216666666668
2022-01-31 20:00:00,11.442766666666667
2022-01-31 21:00:00,11.2654
2022-01-31 22:00:00,11.135216666666668
2022-01-31 23:00:00,11.38125
2022-02-01 00:00:00,11.5281
2022-02-01 01:00:00,11.493516666666666
2022-02-01 02:00:00,11.489
2022-02-01 03:00:00,11.0428
2022-02-01 04:00:00,11.164733333333334
2022-02-01 05:00:00,11.3714
2022-02-01 06:00:00,11.479199999999999
2022-02-01 07:00:00,11.315933333333334
2022-02-01 08:00:00,11.235733333333334
2022-02-01 09:00:00,11.237133333333333
2022-02-01 10:00:00,11.902099999999999
2022-02-01 11:00:00,12.227283333333332
2022-02-01 12:00:00,12.401333333333334
2022-02-01 13:00:00,13.042116666666667
2022-02-01 14:00:00,12.6765
2022-02-01 15:00:00,13.04415
2022-02-01 16:00:00,13.070183333333334
2022-02-01 17:00:00,12.725983333333334
2022-02-01 18:00:00,12.382433333333333
2022-02-01 19:00:00,12.375883333333332
2022-02-01 20:00:00,12.68645
2022-02-01 21:00:00,13.096216666666667
2022-02-01 22:00:00,13.186983333333334
2022-02-01 23:00:00,13.50065
2022-02-02 00:00:00,13.606466666666668
2022-02-02 01:00:00,13.857016666666668
2022-02-02 02:00:00,13.6411
2022-02-02 03:00:00,13.534216666666667
2022-02-02 04:00:00,13.585683333333332
2022-02-02 05:00:00,13.563733333333333
2022-02-02 06:00:00,13.5922
2022-02-02 07:00:00,13.423499999999999
2022-02-02 08:00:00,13.208833333333333
2022-02-02 09:00:00,13.10945
2022-02-02 10:00:00,13.516083333333334
2022-02-02 11:00:00,13.99545
2022-02-02 12:00:00,14.423399999999999
2022-02-02 13:00:00,15.403866666666666
2022-02-02 14:00:00,15.359166666666665
2022-02-02 15:00:00,15.228416666666668
2022-02-02 16:00:00,14.522333333333334
2022-02-02 17:00:00,14.224133333333333
2022-02-02 18:00:00,13.6454
2022-02-02 19:00:00,13.32615
2022-02-02 20:00:00,13.1911
2022-02-02 21:00:00,13.114166666666668
2022-02-02 22:00:00,12.8444
2022-02-02 23:00:00,12.473633333333334
2022-02-03 00:00:00,12.505883333333333
2022-02-03 01:00:00,12.137816666666668
2022-02-03 02:00:00,11.545616666666666
2022-02-03 03:00:00,11.205350000000001
2022-02-03 04:00:00,10.997833333333334
2022-02-03 05:00:00,10.859516666666668
2022-02-03 06:00:00,10.549183333333334
2022-02-03 07:00:00,9.884691666666667
2022-02-03 08:00:00,10.043966666666668
2022-02-03 09:00:00,10.871616666666666
2022-02-03 10:00:00,11.595766666666666
2022-02-03 11:00:00,12.50005
2022-02-03 12:00:00,13.47655
2022-02-03 13:00:00,13.375300000000001
2022-02-03 14:00:00,13.314833333333333
2022-02-03 15:00:00,13.3729
2022-02-03 16:00:00,12.6738
2022-02-03 17:00:00,12.369583333333333
2022-02-03 18:00:00,12.083599999999999
2022-02-03 19:00:00,11.832483333333332
2022-02-03 20:00:00,11.36425
2022-02-03 21:00:00,11.22155
2022-02-03 22:00:00,11.299566666666667
2022-02-03 23:00:00,11.1137
2022-02-04 00:00:00,11.319533333333334
2022-02-04 01:00:00,11.257666666666667
2022-02-04 02:00:00,11.025383333333334
2022-02-04 03:00:00,10.504716666666667
2022-02-04 04:00:00,10.04698
2022-02-04 05:00:00,9.822686666666668
2022-02-04 06:00:00,9.980373333333334
2022-02-04 07:00:00,10.2685
2022-02-04 08:00:00,11.0049
2022-02-04 09:00:00,11.973333333333333
2022-02-04 10:00:00,13.451033333333333
2022-02-04 11:00:00,14.490716666666666
2022-02-04 12:00:00,15.42975
2022-02-04 13:00:00,17.59463333333333
2022-02-04 14:00:00,19.029016666666667
2022-02-04 15:00:00,18.7667
2022-02-04 16:00:00,15.33815
2022-02-04 17:00:00,14.4332
2022-02-04 18:00:00,13.466633333333334
2022-02-04 19:00:00,12.726333333333335
2022-02-04 20:00:00,11.832216666666666
2022-02-04 21:00:00,11.161316666666666
2022-02-04 22:00:00,10.9992
2022-02-04 23:00:00,11.116766666666667
2022-02-05 00:00:00,11.038233333333332
2022-02-05 01:00:00,10.933933333333332
2022-02-05 02:00:00,10.9609
2022-02-05 03:00:00,10.913183333333333
2022-02-05 04:00:00,10.78725
2022-02-05 05:00:00,10.8682
2022-02-05 06:00:00,10.89495
2022-02-05 07:00:00,10.907166666666665
2022-02-05 08:00:00,11.428466666666667
2022-02-05 09:00:00,12.366783333333332
2022-02-05 10:00:00,13.777466666666667
2022-02-05 11:00:00,15.883983333333333
2022-02-05 12:00:00,18.6326
2022-02-05 13:00:00,19.451999999999998
2022-02-05 14:00:00,16.188383333333334
2022-02-05 15:00:00,16.899583333333332
2022-02-05 16:00:00,16.450933333333335
2022-02-05 17:00:00,15.094733333333332
2022-02-05 18:00:00,14.098233333333333
2022-02-05 19:00:00,13.607466666666665
2022-02-05 20:00:00,13.516383333333332
2022-02-05 21:00:00,13.4563
2022-02-05 22:00:00,13.407516666666668
2022-02-05 23:00:00,13.297916666666667
2022-02-06 00:00:00,13.328533333333333
2022-02-06 01:00:00,13.369200000000001
2022-02-06 02:00:00,13.40615
2022-02-06 03:00:00,13.0419
2022-02-06 04:00:00,12.833333333333334
2022-02-06 05:00:00,12.571983333333332
2022-02-06 06:00:00,12.440850000000001
2022-02-06 07:00:00,12.728133333333334
2022-02-06 08:00:00,14.218216666666667
2022-02-06 09:00:00,14.887533333333332
2022-02-06 10:00:00,15.311649999999998
2022-02-06 11:00:00,15.576400000000001
2022-02-06 12:00:00,16.524800000000003
2022-02-06 13:00:00,16.42525
2022-02-06 14:00:00,16.913016666666667
2022-02-06 15:00:00,15.606383333333333
2022-02-06 16:00:00,15.689133333333332
2022-02-06 17:00:00,14.578983333333333
2022-02-06 18:00:00,14.276183333333334
2022-02-06 19:00:00,14.395100000000001
2022-02-06 20:00:00,14.490166666666665
2022-02-06 21:00:00,14.311466666666666
2022-02-06 22:00:00,14.146633333333334
2022-02-06 23:00:00,14.1609
2022-02-07 00:00:00,14.159866666666666
2022-02-07 01:00:00,14.116000000000001
2022-02-07 02:00:00,14.055983333333334
2022-02-07 03:00:00,13.88215
2022-02-07 04:00:00,13.727383333333334
2022-02-07 05:00:00,13.590583333333333
2022-02-07 06:00:00,13.613183333333332
2022-02-07 07:00:00,13.4872
2022-02-07 08:00:00,13.385016666666667
2022-02-07 09:00:00,13.5459
2022-02-07 10:00:00,13.755083333333333
2022-02-07 11:00:00,13.843133333333332
2022-02-07 12:00:00,13.911200000000001
2022-02-07 13:00:00,13.93185
2022-02-07 14:00:00,14.864583333333334
2022-02-07 15:00:00,15.489666666666666
2022-02-07 16:00:00,16.23571666666667
2022-02-07 17:00:00,16.23635
2022-02-07 18:00:00,15.6408
2022-02-07 19:00:00,15.568566666666667
2022-02-07 20:00:00,15.7619
2022-02-07 21:00:00,15.925916666666666
2022-02-07 22:00:00,16.17285
2022-02-07 23:00:00,16.4008
2022-02-08 00:00:00,16.314133333333334
2022-02-08 01:00:00,15.946983333333332
2022-02-08 02:00:00,15.656033333333333
2022-02-08 03:00:00,15.39195
2022-02-08 04:00:00,15.031783333333333
2022-02-08 05:00:00,14.734466666666666
2022-02-08 06:00:00,14.425466666666667
2022-02-08 07:00:00,14.195583333333333
2022-02-08 08:00:00,13.942833333333335
2022-02-08 09:00:00,15.245366666666666
2022-02-08 10:00:00,18.86375
2022-02-08 11:00:00,18.600416666666668
2022-02-08 12:00:00,17.6705
2022-02-08 13:00:00,17.73795
2022-02-08 14:00:00,17.6058
2022-02-08 15:00:00,16.603566666666666
2022-02-08 16:00:00,16.044833333333333
2022-02-08 17:00:00,15.082216666666666
2022-02-08 18:00:00,15.087416666666666
2022-02-08 19:00:00,15.021033333333332
2022-02-08 20:00:00,14.861216666666667
2022-02-08 21:00:00,14.157216666666667
2022-02-08 22:00:00,13.931133333333332
2022-02-08 23:00:00,13.9281
2022-02-09 00:00:00,13.977133333333335
2022-02-09 01:00:00,13.909116666666668
2022-02-09 02:00:00,13.871466666666667
2022-02-09 03:00:00,13.920466666666666
2022-02-09 04:00:00,13.82405
2022-02-09 05:00:00,13.721749999999998
2022-02-09 06:00:00,13.443383333333335
2022-02-09 07:00:00,13.567333333333332
2022-02-09 08:00:00,14.173666666666666
2022-02-09 09:00:00,14.53195
2022-02-09 10:00:00,14.798383333333334
2022-02-09 11:00:00,15.671033333333332
2022-02-09 12:00:00,16.689583333333335
2022-02-09 13:00:00,16.300016666666668
2022-02-09 14:00:00,17.3949
2022-02-09 15:00:00,16.727616666666666
2022-02-09 16:00:00,16.384983333333334
2022-02-09 17:00:00,15.914133333333332
2022-02-09 18:00:00,15.539233333333334
2022-02-09 19:00:00,15.298633333333333
2022-02-09 20:00:00,15.284383333333333
2022-02-09 21:00:00,15.235916666666666
2022-02-09 22:00:00,15.14405
2022-02-09 23:00:00,14.753166666666665
2022-02-10 00:00:00,14.6504
2022-02-10 01:00:00,14.465233333333334
2022-02-10 02:00:00,14.469850000000001
2022-02-10 03:00:00,14.420916666666667
2022-02-10 04:00:00,14.238166666666666
2022-02-10 05:00:00,14.328883333333332
2022-02-10 06:00:00,14.767916666666668
2022-02-10 07:00:00,14.837216666666666
2022-02-10 08:00:00,15.3208
2022-02-10 09:00:00,15.9661
2022-02-10 10:00:00,16.779016666666667
2022-02-10 11:00:00,17.07675
2022-02-10 12:00:00,16.881483333333332
2022-02-10 13:00:00,16.12605
2022-02-10 14:00:00,15.6821
2022-02-10 15:00:00,15.650733333333333
2022-02-10 16:00:00,15.5616
2022-02-10 17:00:00,15.240733333333333
2022-02-10 18:00:00,15.074183333333334
2022-02-10 19:00:00,15.634466666666667
2022-02-10 20:00:00,15.94395
2022-02-10 21:00:00,15.99495
2022-02-10 22:00:00,15.918800000000001
2022-02-10 23:00:00,15.702566666666666
2022-02-11 00:00:00,15.630033333333333
2022-02-11 01:00:00,15.1407
2022-02-11 02:00:00,14.716916666666666
2022-02-11 03:00:00,14.506066666666667
2022-02-11 04:00:00,14.562916666666666
2022-02-11 05:00:00,14.696633333333333
2022-02-11 06:00:00,14.491299999999999
2022-02-11 07:00:00,15.158633333333334
2022-02-11 08:00:00,18.252
2022-02-11 09:00:00,20.4283
2022-02-11 10:00:00,21.890733333333333
2022-02-11 11:00:00,21.3095
2022-02-11 12:00:00,19.246216666666665
2022-02-11 13:00:00,17.899566666666665
2022-02-11 14:00:00,18.318383333333333
2022-02-11 15:00:00,19.061
2022-02-11 16:00:00,18.737883333333333
2022-02-11 17:00:00,18.07385
2022-02-11 18:00:00,16.83525
2022-02-11 19:00:00,16.52495
2022-02-11 20:00:00,16.32881666666667
2022-02-11 21:00:00,16.332216666666667
2022-02-11 22:00:00,16.593283333333332
2022-02-11 23:00:00,16.579433333333334
2022-02-12 00:00:00,16.6325
2022-02-12 01:00:00,16.671633333333332
2022-02-12 02:00:00,16.437966666666668
2022-02-12 03:00:00,15.771416666666665
2022-02-12 04:00:00,15.11745
2022-02-12 05:00:00,14.8972
2022-02-12 06:00:00,14.768683333333334
2022-02-12 07:00:00,14.789716666666667
2022-02-12 08:00:00,15.416933333333333
2022-02-12 09:00:00,15.585283333333333
2022-02-12 10:00:00,15.581716666666667
2022-02-12 11:00:00,16.7285
2022-02-12 12:00:00,16.740750000000002
2022-02-12 13:00:00,18.460266666666666
2022-02-12 14:00:00,19.008516666666665
2022-02-12 15:00:00,18.36985
2022-02-12 16:00:00,17.263466666666666
2022-02-12 17:00:00,16.576933333333333
2022-02-12 18:00:00,16.39675
2022-02-12 19:00:00,16.065133333333332
2022-02-12 20:00:00,16.013316666666665
2022-02-12 21:00:00,16.056166666666666
2022-02-12 22:00:00,16.586983333333333
2022-02-12 23:00:00,16.669383333333332
2022-02-13 00:00:00,16.368366666666667
2022-02-13 01:00:00,16.05995
2022-02-13 02:00:00,15.845816666666668
2022-02-13 03:00:00,15.700566666666667
2022-02-13 04:00:00,15.446433333333333
2022-02-13 05:00:00,15.072049999999999
2022-02-13 06:00:00,15.023283333333332
2022-02-13 07:00:00,14.974866666666665
2022-02-13 08:00:00,15.116016666666667
2022-02-13 09:00:00,15.319916666666668
2022-02-13 10:00:00,15.531116666666666
2022-02-13 11:00:00,15.661066666666667
2022-02-13 12:00:00,15.8839
2022-02-13 13:00:00,16.073
2022-02-13 14:00:00,16.33635
2022-02-13 15:00:00,16.319933333333335
2022-02-13 16:00:00,15.940983333333332
2022-02-13 17:00:00,15.431083333333333
2022-02-13 18:00:00,14.244166666666667
2022-02-13 19:00:00,14.492750000000001
2022-02-13 20:00:00,14.17435
2022-02-13 21:00:00,13.676433333333334
2022-02-13 22:00:00,13.652800000000001
2022-02-13 23:00:00,12.976816666666668
2022-02-14 00:00:00,12.529933333333332
2022-02-14 01:00:00,12.380466666666667
2022-02-14 02:00:00,12.547400000000001
2022-02-14 03:00:00,13.2266
2022-02-14 04:00:00,13.142583333333333
2022-02-14 05:00:00,12.732266666666668
2022-02-14 06:00:00,12.024666666666667
2022-02-14 07:00:00,11.917533333333333
2022-02-14 08:00:00,12.964733333333333
2022-02-14 09:00:00,14.412866666666668
2022-02-14 10:00:00,17.438883333333333
2022-02-14 11:00:00,21.089683333333333
2022-02-14 12:00:00,22.465733333333333
2022-02-14 13:00:00,20.690833333333334
2022-02-14 14:00:00,19.360383333333335
2022-02-14 15:00:00,19.16445
2022-02-14 16:00:00,17.430816666666665
2022-02-14 17:00:00,15.552683333333334
2022-02-14 18:00:00,14.636416666666666
2022-02-14 19:00:00,14.411866666666667
2022-02-14 20:00:00,14.856016666666667
2022-02-14 21:00:00,14.933383333333333
2022-02-14 22:00:00,15.239583333333334
2022-02-14 23:00:00,15.136516666666667
2022-02-15 00:00:00,14.747250000000001
2022-02-15 01:00:00,14.002116666666666
2022-02-15 02:00:00,13.938066666666666
2022-02-15 03:00:00,14.018033333333333
2022-02-15 04:00:00,14.002066666666668
2022-02-15 05:00:00,13.687116666666666
2022-02-15 06:00:00,13.913366666666667
2022-02-15 07:00:00,14.302766666666667
2022-02-15 08:00:00,14.404816666666667
2022-02-15 09:00:00,15.06805
2022-02-15 10:00:00,15.416283333333332
2022-02-15 11:00:00,17.074516666666668
2022-02-15 12:00:00,18.843983333333334
2022-02-15 13:00:00,19.148033333333334
2022-02-15 14:00:00,19.2471
2022-02-15 15:00:00,18.546166666666668
2022-02-15 16:00:00,16.605033333333335
2022-02-15 17:00:00,15.410333333333334
2022-02-15 18:00:00,14.737950000000001
2022-02-15 19:00:00,14.455233333333332
2022-02-15 20:00:00,14.649516666666667
2022-02-15 21:00:00,14.5806
2022-02-15 22:00:00,14.663966666666665
2022-02-15 23:00:00,14.650516666666666
2022-02-16 00:00:00,14.771383333333334
2022-02-16 01:00:00,14.373899999999999
2022-02-16 02:00:00,13.959266666666668
2022-02-16 03:00:00,13.806916666666666
2022-02-16 04:00:00,13.442866666666667
2022-02-16 05:00:00,13.641816666666667
2022-02-16 06:00:00,13.6025
2022-02-16 07:00:00,13.878883333333333
2022-02-16 08:00:00,14.830683333333333
2022-02-16 09:00:00,14.68875
2022-02-16 10:00:00,15.045816666666667
2022-02-16 11:00:00,15.748483333333333
2022-02-16 12:00:00,15.568233333333332
2022-02-16 13:00:00,15.383199999999999
2022-02-16 14:00:00,15.826966666666667
2022-02-16 15:00:00,15.411133333333334
2022-02-16 16:00:00,15.844433333333335
2022-02-16 17:00:00,15.180200000000001
2022-02-16 18:00:00,14.873216666666668
2022-02-16 19:00:00,14.907183333333334
2022-02-16 20:00:00,15.076983333333335
2022-02-16 21:00:00,15.278733333333333
2022-02-16 22:00:00,15.293766666666667
2022-02-16 23:00:00,15.020883333333334
2022-02-17 00:00:00,14.827433333333333
2022-02-17 01:00:00,14.578949999999999
2022-02-17 02:00:00,14.4212
2022-02-17 03:00:00,14.314483333333333
2022-02-17 04:00:00,14.196200000000001
2022-02-17 05:00:00,13.865583333333332
2022-02-17 06:00:00,13.461133333333333
2022-02-17 07:00:00,13.2996
2022-02-17 08:00:00,13.330116666666667
2022-02-17 09:00:00,13.5526
2022-02-17 10:00:00,13.772466666666666
2022-02-17 11:00:00,13.657266666666667
2022-02-17 12:00:00,13.510083333333334
2022-02-17 13:00:00,13.508483333333334
2022-02-17 14:00:00,13.5215
2022-02-17 15:00:00,13.258616666666667
2022-02-17 16:00:00,13.2355
2022-02-17 17:00:00,13.345133333333333
2022-02-17 18:00:00,13.559683333333334
2022-02-17 19:00:00,13.547766666666666
2022-02-17 20:00:00,13.419433333333334
2022-02-17 21:00:00,13.505466666666667
2022-02-17 22:00:00,13.571233333333334
2022-02-17 23:00:00,13.4464
2022-02-18 00:00:00,13.546316666666666
2022-02-18 01:00:00,13.599216666666667
2022-02-18 02:00:00,13.6287
2022-02-18 03:00:00,13.659933333333333
2022-02-18 04:00:00,13.6427
2022-02-18 05:00:00,13.652933333333333
2022-02-18 06:00:00,13.608866666666668
2022-02-18 07:00:00,13.554483333333334
2022-02-18 08:00:00,13.411183333333334
2022-02-18 09:00:00,13.333116666666665
2022-02-18 10:00:00,13.381033333333333
2022-02-18 11:00:00,13.694516666666667
2022-02-18 12:00:00,14.020100000000001
2022-02-18 13:00:00,14.087283333333334
2022-02-18 14:00:00,14.03805
2022-02-18 15:00:00,14.110283333333333
2022-02-18 16:00:00,14.470266666666667
2022-02-18 17:00:00,14.332783333333333
2022-02-18 18:00:00,14.415166666666666
2022-02-18 19:00:00,14.57915
2022-02-18 20:00:00,14.65145
2022-02-18 21:00:00,14.647966666666667
2022-02-18 22:00:00,14.658083333333334
2022-02-18 23:00:00,14.241316666666668
2022-02-19 00:00:00,13.8915
2022-02-19 01:00:00,13.825066666666666
2022-02-19 02:00:00,13.6293
2022-02-19 03:00:00,13.56115
2022-02-19 04:00:00,13.07765
2022-02-19 05:00:00,11.984933333333334
2022-02-19 06:00:00,11.415333333333333
2022-02-19 07:00:00,10.768283333333333
2022-02-19 08:00:00,10.236716666666666
2022-02-19 09:00:00,10.206916666666666
2022-02-19 10:00:00,10.122883333333334
2022-02-19 11:00:00,9.988638333333334
2022-02-19 12:00:00,9.72268
2022-02-19 13:00:00,9.428788333333333
2022-02-19 14:00:00,8.75948
2022-02-19 15:00:00,8.532705
2022-02-19 16:00:00,9.065381666666667
2022-02-19 17:00:00,8.99632
2022-02-19 18:00:00,8.879928333333334
2022-02-19 19:00:00,8.587520000000001
2022-02-19 20:00:00,7.892096666666666
2022-02-19 21:00:00,7.58357
2022-02-19 22:00:00,7.331126666666666
2022-02-19 23:00:00,7.256941666666666
2022-02-20 00:00:00,6.985716666666667
2022-02-20 01:00:00,6.685408333333333
2022-02-20 02:00:00,6.505316666666667
2022-02-20 03:00:00,6.632621666666666
2022-02-20 04:00:00,6.422093333333334
2022-02-20 05:00:00,5.997678333333334
2022-02-20 06:00:00,6.01061
2022-02-20 07:00:00,5.981328333333334
2022-02-20 08:00:00,5.935466666666667
2022-02-20 09:00:00,6.1027016666666665
2022-02-20 10:00:00,6.300691666666666
2022-02-20 11:00:00,6.509825
2022-02-20 12:00:00,6.54083
2022-02-20 13:00:00,6.594141666666667
2022-02-20 14:00:00,6.4830483333333335
2022-02-20 15:00:00,6.365798333333333
2022-02-20 16:00:00,6.470366666666666
2022-02-20 17:00:00,6.39618
2022-02-20 18:00:00,6.438306666666667
2022-02-20 19:00:00,6.5197666666666665
2022-02-20 20:00:00,6.520691666666667
2022-02-20 21:00:00,6.4568666666666665
2022-02-20 22:00:00,6.275175
2022-02-20 23:00:00,6.061035
2022-02-21 00:00:00,6.0633333333333335
2022-02-21 01:00:00,5.996816666666666
2022-02-21 02:00:00,6.017131666666667
2022-02-21 03:00:00,6.017416666666667
2022-02-21 04:00:00,5.933743333333334
2022-02-21 05:00:00,5.978936666666667
2022-02-21 06:00:00,6.0945116666666665
2022-02-21 07:00:00,6.2277716666666665
2022-02-21 08:00:00,6.112278333333333
2022-02-21 09:00:00,5.94717
2022-02-21 10:00:00,6.461029999999999
2022-02-21 11:00:00,6.999495
2022-02-21 12:00:00,7.620896666666667
2022-02-21 13:00:00,8.058406666666666
2022-02-21 14:00:00,8.278531666666668
2022-02-21 15:00:00,8.127048333333333
2022-02-21 16:00:00,8.176491666666667
2022-02-21 17:00:00,7.898725
2022-02-21 18:00:00,7.774896666666667
2022-02-21 19:00:00,7.7335416666666665
2022-02-21 20:00:00,7.821933333333333
2022-02-21 21:00:00,7.706478333333333
2022-02-21 22:00:00,7.6021149999999995
2022-02-21 23:00:00,7.564038333333333
2022-02-22 00:00:00,7.459876666666667
2022-02-22 01:00:00,7.427441666666667
2022-02-22 02:00:00,7.674765
2022-02-22 03:00:00,8.002813333333332
2022-02-22 04:00:00,8.153451666666667
2022-02-22 05:00:00,7.941826666666667
2022-02-22 06:00:00,8.05686
2022-02-22 07:00:00,8.302966666666666
2022-02-22 08:00:00,8.479636666666666
2022-02-22 09:00:00,8.828321666666666
2022-02-22 10:00:00,9.184266666666668
2022-02-22 11:00:00,9.368036666666665
2022-02-22 12:00:00,10.152215
2022-02-22 13:00:00,10.654683333333333
2022-02-22 14:00:00,11.023883333333334
2022-02-22 15:00:00,10.900016666666666
2022-02-22 16:00:00,10.620233333333335
2022-02-22 17:00:00,10.3185
2022-02-22 18:00:00,9.855739999999999
2022-02-22 19:00:00,9.508056666666667
2022-02-22 20:00:00,9.357025
2022-02-22 21:00:00,9.234133333333334
2022-02-22 22:00:00,9.169031666666665
2022-02-22 23:00:00,8.828671666666667
2022-02-23 00:00:00,8.511065
2022-02-23 01:00:00,8.37032
2022-02-23 02:00:00,8.097165
2022-02-23 03:00:00,8.055225
2022-02-23 04:00:00,8.0327
2022-02-23 05:00:00,7.786696666666667
2022-02-23 06:00:00,7.729841666666667
2022-02-23 07:00:00,7.7550083333333335
2022-02-23 08:00:00,8.213485
2022-02-23 09:00:00,9.90649
2022-02-23 10:00:00,12.509866666666666
2022-02-23 11:00:00,14.889716666666667
2022-02-23 12:00:00,16.308733333333333
2022-02-23 13:00:00,15.751216666666666
2022-02-23 14:00:00,15.436100000000001
2022-02-23 15:00:00,15.100533333333335
2022-02-23 16:00:00,14.482750000000001
2022-02-23 17:00:00,12.837466666666668
2022-02-23 18:00:00,11.8131
2022-02-23 19:00:00,10.949883333333334
2022-02-23 20:00:00,10.3597
2022-02-23 21:00:00,10.263083333333332
2022-02-23 22:00:00,10.03437
2022-02-23 23:00:00,9.880560000000001
2022-02-24 00:00:00,9.632406666666666
2022-02-24 01:00:00,9.362684999999999
2022-02-24 02:00:00,9.35416
2022-02-24 03:00:00,9.156295
2022-02-24 04:00:00,9.007301666666667
2022-02-24 05:00:00,8.90375
2022-02-24 06:00:00,8.6448
2022-02-24 07:00:00,8.673573333333334
2022-02-24 08:00:00,9.648223333333334
2022-02-24 09:00:00,12.823749999999999
2022-02-24 10:00:00,15.168683333333332
2022-02-24 11:00:00,17.860133333333334
2022-02-24 12:00:00,19.69653333333333
2022-02-24 13:00:00,17.20876666666667
2022-02-24 14:00:00,15.727666666666666
2022-02-24 15:00:00,15.07445
2022-02-24 16:00:00,13.299116666666666
2022-02-24 17:00:00,11.80355
2022-02-24 18:00:00,10.967099999999999
2022-02-24 19:00:00,10.837933333333332
2022-02-24 20:00:00,10.497416666666668
2022-02-24 21:00:00,10.452316666666666
2022-02-24 22:00:00,10.607783333333334
2022-02-24 23:00:00,10.306666666666667
2022-02-25 00:00:00,10.626683333333334
2022-02-25 01:00:00,11.29215
2022-02-25 02:00:00,11.316133333333333
2022-02-25 03:00:00,11.392183333333332
2022-02-25 04:00:00,11.487816666666667
2022-02-25 05:00:00,11.501483333333335
2022-02-25 06:00:00,11.5392
2022-02-25 07:00:00,11.583166666666667
2022-02-25 08:00:00,12.390483333333332
2022-02-25 09:00:00,15.40055
2022-02-25 10:00:00,18.993916666666667
2022-02-25 11:00:00,21.28741666666667
2022-02-25 12:00:00,20.61916666666667
2022-02-25 13:00:00,18.548766666666666
2022-02-25 14:00:00,18.4149
2022-02-25 15:00:00,18.10171666666667
2022-02-25 16:00:00,15.730733333333335
2022-02-25 17:00:00,13.845716666666666
2022-02-25 18:00:00,13.125766666666667
2022-02-25 19:00:00,12.7591
2022-02-25 20:00:00,12.461116666666667
2022-02-25 21:00:00,12.573966666666667
2022-02-25 22:00:00,11.959100000000001
2022-02-25 23:00:00,11.826633333333332
2022-02-26 00:00:00,12.02635
2022-02-26 01:00:00,12.474416666666666
2022-02-26 02:00:00,12.3445
2022-02-26 03:00:00,11.952716666666667
2022-02-26 04:00:00,12.233983333333333
2022-02-26 05:00:00,12.495683333333334
2022-02-26 06:00:00,12.318433333333333
2022-02-26 07:00:00,12.559033333333334
2022-02-26 08:00:00,14.368516666666666
2022-02-26 09:00:00,16.85595
2022-02-26 10:00:00,18.007150000000003
2022-02-26 11:00:00,18.767983333333333
2022-02-26 12:00:00,19.5896
2022-02-26 13:00:00,19.33815
2022-02-26 14:00:00,18.996066666666664
2022-02-26 15:00:00,18.657116666666663
2022-02-26 16:00:00,17.550833333333333
2022-02-26 17:00:00,16.015349999999998
2022-02-26 18:00:00,15.631816666666667
2022-02-26 19:00:00,14.666783333333333
2022-02-26 20:00:00,14.144916666666667
2022-02-26 21:00:00,14.521883333333333
2022-02-26 22:00:00,13.872083333333334
2022-02-26 23:00:00,13.7782
2022-02-27 00:00:00,13.880383333333333
2022-02-27 01:00:00,13.450166666666666
2022-02-27 02:00:00,13.490983333333332
2022-02-27 03:00:00,13.656766666666666
2022-02-27 04:00:00,14.334066666666667
2022-02-27 05:00:00,14.154416666666666
2022-02-27 06:00:00,14.28735
2022-02-27 07:00:00,14.890483333333332
2022-02-27 08:00:00,16.980283333333333
2022-02-27 09:00:00,17.887
2022-02-27 10:00:00,18.8635
2022-02-27 11:00:00,20.30715
2022-02-27 12:00:00,20.84991666666667
2022-02-27 13:00:00,20.53036666666667
2022-02-27 14:00:00,21.137616666666666
2022-02-27 15:00:00,19.551433333333332
2022-02-27 16:00:00,18.42458333333333
2022-02-27 17:00:00,17.0476
2022-02-27 18:00:00,15.830833333333334
2022-02-27 19:00:00,15.948316666666667
2022-02-27 20:00:00,15.891950000000001
2022-02-27 21:00:00,15.775333333333332
2022-02-27 22:00:00,15.297916666666667
2022-02-27 23:00:00,14.93045
2022-02-28 00:00:00,14.8694
2022-02-28 01:00:00,14.724683333333333
2022-02-28 02:00:00,14.847033333333334
2022-02-28 03:00:00,14.943816666666667
2022-02-28 04:00:00,14.9199
2022-02-28 05:00:00,15.078750000000001
2022-02-28 06:00:00,15.494233333333334
2022-02-28 07:00:00,15.85075
2022-02-28 08:00:00,17.545099999999998
2022-02-28 09:00:00,19.4218
2022-02-28 10:00:00,18.814733333333333
2022-02-28 11:00:00,19.53548333333333
2022-02-28 12:00:00,19.74565
2022-02-28 13:00:00,20.348333333333336
2022-02-28 14:00:00,20.84038333333333
2022-02-28 15:00:00,19.413133333333334
2022-02-28 16:00:00,18.4367
2022-02-28 17:00:00,17.986083333333333
2022-02-28 18:00:00,17.44493333333333
2022-02-28 19:00:00,17.885316666666665
2022-02-28 20:00:00,17.823566666666668
2022-02-28 21:00:00,17.771016666666664
2022-02-28 22:00:00,17.954083333333333
2022-02-28 23:00:00,18.125616666666666
2022-03-01 00:00:00,18.358316666666667
2022-03-01 01:00:00,18.524033333333332
2022-03-01 02:00:00,18.753249999999998
2022-03-01 03:00:00,18.618666666666666
2022-03-01 04:00:00,18.453116666666666
2022-03-01 05:00:00,18.964383333333334
2022-03-01 06:00:00,19.063883333333333
2022-03-01 07:00:00,19.50995
2022-03-01 08:00:00,21.075583333333334
2022-03-01 09:00:00,25.4237
2022-03-01 10:00:00,25.474733333333333
2022-03-01 11:00:00,25.3395
2022-03-01 12:00:00,25.593766666666667
2022-03-01 13:00:00,25.679183333333334
2022-03-01 14:00:00,24.480349999999998
2022-03-01 15:00:00,24.18413333333333
2022-03-01 16:00:00,23.903683333333333
2022-03-01 17:00:00,22.90898333333333
2022-03-01 18:00:00,22.002383333333334
2022-03-01 19:00:00,21.639633333333332
2022-03-01 20:00:00,21.23085
2022-03-01 21:00:00,21.078166666666668
2022-03-01 22:00:00,19.914133333333332
2022-03-01 23:00:00,19.834383333333335
2022-03-02 00:00:00,20.2287
2022-03-02 01:00:00,18.848200000000002
2022-03-02 02:00:00,18.423933333333334
2022-03-02 03:00:00,18.452883333333332
2022-03-02 04:00:00,18.161033333333332
2022-03-02 05:00:00,18.1912
2022-03-02 06:00:00,18.320666666666668
2022-03-02 07:00:00,19.42301666666667
2022-03-02 08:00:00,23.235266666666668
2022-03-02 09:00:00,25.79965
2022-03-02 10:00:00,24.389316666666666
2022-03-02 11:00:00,25.3474
2022-03-02 12:00:00,24.697200000000002
2022-03-02 13:00:00,23.693050000000003
2022-03-02 14:00:00,22.389883333333334
2022-03-02 15:00:00,18.383166666666668
2022-03-02 16:00:00,17.336383333333334
2022-03-02 17:00:00,17.5803
2022-03-02 18:00:00,17.27065
2022-03-02 19:00:00,17.0454
2022-03-02 20:00:00,16.64355
2022-03-02 21:00:00,16.508583333333334
2022-03-02 22:00:00,16.502966666666666
2022-03-02 23:00:00,16.4481
2022-03-03 00:00:00,16.559083333333334
2022-03-03 01:00:00,16.065316666666668
2022-03-03 02:00:00,16.055633333333333
2022-03-03 03:00:00,15.981133333333332
2022-03-03 04:00:00,15.79345
2022-03-03 05:00:00,15.407649999999999
2022-03-03 06:00:00,15.32755
2022-03-03 07:00:00,15.380016666666668
2022-03-03 08:00:00,15.827566666666666
2022-03-03 09:00:00,16.979516666666665
2022-03-03 10:00:00,18.634333333333334
2022-03-03 11:00:00,20.316566666666667
2022-03-03 12:00:00,21.09303333333333
2022-03-03 13:00:00,20.972733333333334
2022-03-03 14:00:00,20.63631666666667
2022-03-03 15:00:00,22.1789
2022-03-03 16:00:00,21.998866666666668
2022-03-03 17:00:00,19.282033333333334
2022-03-03 18:00:00,18.047683333333335
2022-03-03 19:00:00,17.603216666666665
2022-03-03 20:00:00,17.294883333333335
2022-03-03 21:00:00,17.5638
2022-03-03 22:00:00,17.740233333333332
2022-03-03 23:00:00,17.697333333333333
2022-03-04 00:00:00,17.702983333333336
2022-03-04 01:00:00,17.87595
2022-03-04 02:00:00,17.8725
2022-03-04 03:00:00,17.854533333333332
2022-03-04 04:00:00,17.73711666666667
2022-03-04 05:00:00,17.81885
2022-03-04 06:00:00,17.805933333333332
2022-03-04 07:00:00,17.816716666666665
2022-03-04 08:00:00,19.105683333333335
2022-03-04 09:00:00,21.2675
2022-03-04 10:00:00,22.66855
2022-03-04 11:00:00,23.09215
2022-03-04 12:00:00,23.0317
2022-03-04 13:00:00,23.125983333333334
2022-03-04 14:00:00,22.544116666666664
2022-03-04 15:00:00,21.89985
2022-03-04 16:00:00,21.99925
2022-03-04 17:00:00,20.66753333333333
2022-03-04 18:00:00,20.102733333333333
2022-03-04 19:00:00,19.25906666666667
2022-03-04 20:00:00,18.73373333333333
2022-03-04 21:00:00,18.658733333333334
2022-03-04 22:00:00,18.881666666666668
2022-03-04 23:00:00,18.77493333333333
2022-03-05 00:00:00,18.774216666666668
2022-03-05 01:00:00,19.191433333333336
2022-03-05 02:00:00,19.282933333333336
2022-03-05 03:00:00,18.551133333333333
2022-03-05 04:00:00,17.698516666666666
2022-03-05 05:00:00,18.129366666666666
2022-03-05 06:00:00,17.96395
2022-03-05 07:00:00,18.19995
2022-03-05 08:00:00,20.926566666666666
2022-03-05 09:00:00,22.840899999999998
2022-03-05 10:00:00,22.45035
2022-03-05 11:00:00,22.74075
2022-03-05 12:00:00,23.699166666666667
2022-03-05 13:00:00,24.48445
2022-03-05 14:00:00,24.121533333333332
2022-03-05 15:00:00,23.334083333333336
2022-03-05 16:00:00,23.264433333333333
2022-03-05 17:00:00,21.049633333333336
2022-03-05 18:00:00,18.517833333333332
2022-03-05 19:00:00,18.10295
2022-03-05 20:00:00,17.907716666666666
2022-03-05 21:00:00,17.55976666666667
2022-03-05 22:00:00,17.3785
2022-03-05 23:00:00,17.34126666666667
2022-03-06 00:00:00,17.15035
2022-03-06 01:00:00,17.055866666666667
2022-03-06 02:00:00,16.673466666666666
2022-03-06 03:00:00,16.57765
2022-03-06 04:00:00,16.450283333333335
2022-03-06 05:00:00,16.66078333333333
2022-03-06 06:00:00,16.739966666666668
2022-03-06 07:00:00,16.918266666666668
2022-03-06 08:00:00,17.676750000000002
2022-03-06 09:00:00,18.66776666666667
2022-03-06 10:00:00,19.244766666666667
2022-03-06 11:00:00,19.453166666666668
2022-03-06 12:00:00,18.594783333333332
2022-03-06 13:00:00,17.75198333333333
2022-03-06 14:00:00,17.357450000000004
2022-03-06 15:00:00,17.30935
2022-03-06 16:00:00,17.160716666666666
2022-03-06 17:00:00,17.279783333333334
2022-03-06 18:00:00,16.775766666666666
2022-03-06 19:00:00,16.4715
2022-03-06 20:00:00,16.43645
2022-03-06 21:00:00,16.214216666666665
2022-03-06 22:00:00,15.957983333333335
2022-03-06 23:00:00,15.72705
2022-03-07 00:00:00,15.561583333333335
2022-03-07 01:00:00,15.4766
2022-03-07 02:00:00,15.403066666666666
2022-03-07 03:00:00,15.627533333333334
2022-03-07 04:00:00,15.436350000000001
2022-03-07 05:00:00,15.605016666666668
2022-03-07 06:00:00,15.848083333333333
2022-03-07 07:00:00,16.214033333333333
2022-03-07 08:00:00,17.108216666666667
2022-03-07 09:00:00,18.979983333333333
2022-03-07 10:00:00,20.670983333333332
2022-03-07 11:00:00,21.881966666666663
2022-03-07 12:00:00,23.572283333333335
2022-03-07 13:00:00,22.49585
2022-03-07 14:00:00,23.436316666666666
2022-03-07 15:00:00,23.20671666666667
2022-03-07 16:00:00,22.236733333333333
2022-03-07 17:00:00,20.716216666666664
2022-03-07 18:00:00,19.50905
2022-03-07 19:00:00,18.670216666666665
2022-03-07 20:00:00,18.032483333333335
2022-03-07 21:00:00,17.475716666666663
2022-03-07 22:00:00,16.840349999999997
2022-03-07 23:00:00,16.15065
2022-03-08 00:00:00,15.490733333333333
2022-03-08 01:00:00,14.7836
2022-03-08 02:00:00,14.195883333333335
2022-03-08 03:00:00,13.727183333333333
2022-03-08 04:00:00,13.279283333333332
2022-03-08 05:00:00,12.889766666666667
2022-03-08 06:00:00,12.52535
2022-03-08 07:00:00,14.173399999999999
2022-03-08 08:00:00,16.858700000000002
2022-03-08 09:00:00,19.88311666666667
2022-03-08 10:00:00,21.821683333333333
2022-03-08 11:00:00,19.908466666666666
2022-03-08 12:00:00,20.159266666666667
2022-03-08 13:00:00,19.502766666666666
2022-03-08 14:00:00,18.68575
2022-03-08 15:00:00,18.201833333333333
2022-03-08 16:00:00,16.96625
2022-03-08 17:00:00,15.0662
2022-03-08 18:00:00,14.230383333333332
2022-03-08 19:00:00,14.023716666666667
2022-03-08 20:00:00,13.98475
2022-03-08 21:00:00,13.700166666666666
2022-03-08 22:00:00,13.5181
2022-03-08 23:00:00,13.534916666666668
2022-03-09 00:00:00,13.3008
2022-03-09 01:00:00,13.266433333333334
2022-03-09 02:00:00,13.063866666666666
2022-03-09 03:00:00,12.96775
2022-03-09 04:00:00,12.793983333333333
2022-03-09 05:00:00,12.611916666666668
2022-03-09 06:00:00,12.71545
2022-03-09 07:00:00,15.525316666666667
2022-03-09 08:00:00,19.447083333333335
2022-03-09 09:00:00,22.176116666666665
2022-03-09 10:00:00,20.203666666666667
2022-03-09 11:00:00,20.390383333333332
2022-03-09 12:00:00,21.311449999999997
2022-03-09 13:00:00,21.321633333333335
2022-03-09 14:00:00,21.814149999999998
2022-03-09 15:00:00,21.943033333333332
2022-03-09 16:00:00,19.80415
2022-03-09 17:00:00,18.167933333333334
2022-03-09 18:00:00,16.833916666666667
2022-03-09 19:00:00,16.789983333333332
2022-03-09 20:00:00,16.143283333333333
2022-03-09 21:00:00,16.156266666666667
2022-03-09 22:00:00,15.7894
2022-03-09 23:00:00,15.613883333333332
2022-03-10 00:00:00,16.020400000000002
2022-03-10 01:00:00,16.09355
2022-03-10 02:00:00,16.354583333333334
2022-03-10 03:00:00,16.69945
2022-03-10 04:00:00,16.787950000000002
2022-03-10 05:00:00,16.5737
2022-03-10 06:00:00,16.707516666666667
2022-03-10 07:00:00,19.076283333333333
2022-03-10 08:00:00,22.740566666666666
2022-03-10 09:00:00,25.264
2022-03-10 10:00:00,23.77215
2022-03-10 11:00:00,23.99365
2022-03-10 12:00:00,23.907
2022-03-10 13:00:00,22.99685
2022-03-10 14:00:00,22.282783333333334
2022-03-10 15:00:00,21.291333333333334
2022-03-10 16:00:00,20.429883333333333
2022-03-10 17:00:00,18.909883333333333
2022-03-10 18:00:00,18.0029
2022-03-10 19:00:00,18.147
2022-03-10 20:00:00,17.965083333333332
2022-03-10 21:00:00,17.974433333333334
2022-03-10 22:00:00,17.88775
2022-03-10 23:00:00,17.658216666666664
2022-03-11 00:00:00,17.6074
2022-03-11 01:00:00,17.496766666666666
2022-03-11 02:00:00,17.466366666666666
2022-03-11 03:00:00,17.827683333333333
2022-03-11 04:00:00,18.305516666666666
2022-03-11 05:00:00,18.516933333333334
2022-03-11 06:00:00,18.5825
2022-03-11 07:00:00,18.890916666666666
2022-03-11 08:00:00,21.528200000000002
2022-03-11 09:00:00,23.51105
2022-03-11 10:00:00,23.854983333333333
2022-03-11 11:00:00,24.485116666666666
2022-03-11 12:00:00,24.23003333333333
2022-03-11 13:00:00,23.661416666666664
2022-03-11 14:00:00,23.794183333333333
2022-03-11 15:00:00,22.79348333333333
2022-03-11 16:00:00,21.347416666666668
2022-03-11 17:00:00,20.352733333333333
2022-03-11 18:00:00,20.204783333333335
2022-03-11 19:00:00,18.952650000000002
2022-03-11 20:00:00,18.540666666666667
2022-03-11 21:00:00,18.370583333333332
2022-03-11 22:00:00,18.66645
2022-03-11 23:00:00,18.32068333333333
2022-03-12 00:00:00,18.965666666666667
2022-03-12 01:00:00,19.194399999999998
2022-03-12 02:00:00,19.232066666666665
2022-03-12 03:00:00,19.143983333333335
2022-03-12 04:00:00,18.812316666666668
2022-03-12 05:00:00,18.319000000000003
2022-03-12 06:00:00,18.296266666666668
2022-03-12 07:00:00,21.122799999999998
2022-03-12 08:00:00,24.38315
2022-03-12 09:00:00,23.535383333333336
2022-03-12 10:00:00,23.986866666666668
2022-03-12 11:00:00,24.180516666666666
2022-03-12 12:00:00,24.23936666666667
2022-03-12 13:00:00,24.240333333333336
2022-03-12 14:00:00,23.191433333333332
2022-03-12 15:00:00,22.686633333333337
2022-03-12 16:00:00,22.605849999999997
2022-03-12 17:00:00,20.529283333333336
2022-03-12 18:00:00,20.219983333333335
2022-03-12 19:00:00,20.4776
2022-03-12 20:00:00,20.167283333333334
2022-03-12 21:00:00,20.033666666666665
2022-03-12 22:00:00,19.9251
2022-03-12 23:00:00,19.962116666666667
2022-03-13 00:00:00,19.992016666666665
2022-03-13 01:00:00,19.937366666666666
2022-03-13 02:00:00,20.086566666666666
2022-03-13 03:00:00,20.207666666666668
2022-03-13 04:00:00,20.5644
2022-03-13 05:00:00,20.838733333333334
2022-03-13 06:00:00,20.84565
2022-03-13 07:00:00,21.168850000000003
2022-03-13 08:00:00,22.960433333333334
2022-03-13 09:00:00,25.04625
2022-03-13 10:00:00,25.9918
2022-03-13 11:00:00,25.523083333333332
2022-03-13 12:00:00,25.803716666666666
2022-03-13 13:00:00,26.367849999999997
2022-03-13 14:00:00,25.906816666666668
2022-03-13 15:00:00,25.3477
2022-03-13 16:00:00,24.24505
2022-03-13 17:00:00,22.200933333333335
2022-03-13 18:00:00,20.934016666666665
2022-03-13 19:00:00,20.715500000000002
2022-03-13 20:00:00,20.543533333333336
2022-03-13 21:00:00,20.432566666666666
2022-03-13 22:00:00,20.400066666666664
2022-03-13 23:00:00,20.04985
2022-03-14 00:00:00,19.908683333333332
2022-03-14 01:00:00,19.802383333333335
2022-03-14 02:00:00,19.532366666666668
2022-03-14 03:00:00,19.368533333333335
2022-03-14 04:00:00,19.4
2022-03-14 05:00:00,19.165533333333332
2022-03-14 06:00:00,19.0324
2022-03-14 07:00:00,20.470016666666666
2022-03-14 08:00:00,23.307983333333333
2022-03-14 09:00:00,27.779600000000002
2022-03-14 10:00:00,30.038616666666666
2022-03-14 11:00:00,28.561516666666666
2022-03-14 12:00:00,28.092633333333332
2022-03-14 13:00:00,27.637783333333335
2022-03-14 14:00:00,26.655966666666664
2022-03-14 15:00:00,26.0536
2022-03-14 16:00:00,26.01878333333333
2022-03-14 17:00:00,24.635616666666667
2022-03-14 18:00:00,23.26795
2022-03-14 19:00:00,21.9665
2022-03-14 20:00:00,21.121283333333334
2022-03-14 21:00:00,20.863816666666665
2022-03-14 22:00:00,20.585833333333333
2022-03-14 23:00:00,20.297316666666667
2022-03-15 00:00:00,20.209083333333336
2022-03-15 01:00:00,20.176566666666666
2022-03-15 02:00:00,20.04215
2022-03-15 03:00:00,19.975033333333332
2022-03-15 04:00:00,20.312166666666666
2022-03-15 05:00:00,19.849066666666666
2022-03-15 06:00:00,20.001633333333334
2022-03-15 07:00:00,21.976
2022-03-15 08:00:00,24.161350000000002
2022-03-15 09:00:00,24.6231
2022-03-15 10:00:00,24.8534
2022-03-15 11:00:00,25.521916666666666
2022-03-15 12:00:00,25.36525
2022-03-15 13:00:00,25.254016666666665
2022-03-15 14:00:00,25.3594
2022-03-15 15:00:00,25.672116666666668
2022-03-15 16:00:00,23.96095
2022-03-15 17:00:00,22.284299999999998
2022-03-15 18:00:00,20.6884
2022-03-15 19:00:00,20.606366666666666
2022-03-15 20:00:00,20.413016666666667
2022-03-15 21:00:00,20.704549999999998
2022-03-15 22:00:00,20.601883333333333
2022-03-15 23:00:00,20.352533333333334
2022-03-16 00:00:00,20.111516666666667
2022-03-16 01:00:00,19.541983333333334
2022-03-16 02:00:00,19.190350000000002
2022-03-16 03:00:00,19.15535
2022-03-16 04:00:00,19.316366666666667
2022-03-16 05:00:00,19.33085
2022-03-16 06:00:00,19.25455
2022-03-16 07:00:00,19.115816666666667
2022-03-16 08:00:00,19.17598333333333
2022-03-16 09:00:00,19.465716666666665
2022-03-16 10:00:00,19.399566666666665
2022-03-16 11:00:00,19.642983333333333
2022-03-16 12:00:00,23.680183333333332
2022-03-16 13:00:00,22.97148333333333
2022-03-16 14:00:00,21.739016666666668
2022-03-16 15:00:00,21.61235
2022-03-16 16:00:00,21.3143
2022-03-16 17:00:00,20.31501666666667
2022-03-16 18:00:00,20.272533333333335
2022-03-16 19:00:00,19.894949999999998
2022-03-16 20:00:00,20.052650000000003
2022-03-16 21:00:00,20.26836666666667
2022-03-16 22:00:00,19.796833333333332
2022-03-16 23:00:00,19.826816666666666
2022-03-17 00:00:00,20.059649999999998
2022-03-17 01:00:00,20.355633333333333
2022-03-17 02:00:00,20.735866666666666
2022-03-17 03:00:00,20.940733333333334
2022-03-17 04:00:00,20.969949999999997
2022-03-17 05:00:00,21.04135
2022-03-17 06:00:00,21.0232
2022-03-17 07:00:00,21.247400000000003
2022-03-17 08:00:00,22.190183333333334
2022-03-17 09:00:00,22.513333333333332
2022-03-17 10:00:00,24.118266666666667
2022-03-17 11:00:00,25.10255
2022-03-17 12:00:00,26.16665
2022-03-17 13:00:00,25.711483333333334
2022-03-17 14:00:00,24.043666666666663
2022-03-17 15:00:00,24.94793333333333
2022-03-17 16:00:00,24.564766666666667
2022-03-17 17:00:00,22.89851666666667
2022-03-17 18:00:00,22.311733333333333
2022-03-17 19:00:00,21.877983333333336
2022-03-17 20:00:00,22.0018
2022-03-17 21:00:00,22.738083333333336
2022-03-17 22:00:00,21.7869
2022-03-17 23:00:00,21.34265
2022-03-18 00:00:00,21.790466666666667
2022-03-18 01:00:00,21.72908333333333
2022-03-18 02:00:00,21.846466666666668
2022-03-18 03:00:00,21.794516666666667
2022-03-18 04:00:00,22.028466666666667
2022-03-18 05:00:00,21.655050000000003
2022-03-18 06:00:00,21.669733333333333
2022-03-18 07:00:00,22.659733333333335
2022-03-18 08:00:00,25.037316666666666
2022-03-18 09:00:00,28.696366666666666
2022-03-18 10:00:00,28.586333333333336
2022-03-18 11:00:00,26.811066666666665
2022-03-18 12:00:00,25.019333333333336
2022-03-18 13:00:00,24.762816666666666
2022-03-18 14:00:00,26.50568333333333
2022-03-18 15:00:00,26.628966666666667
2022-03-18 16:00:00,25.955166666666667
2022-03-18 17:00:00,24.842016666666666
2022-03-18 18:00:00,23.53738333333333
2022-03-18 19:00:00,23.148533333333333
2022-03-18 20:00:00,22.467283333333334
2022-03-18 21:00:00,22.186983333333334
2022-03-18 22:00:00,21.662316666666666
2022-03-18 23:00:00,21.583816666666667
2022-03-19 00:00:00,21.61485
2022-03-19 01:00:00,21.236566666666665
2022-03-19 02:00:00,21.2071
2022-03-19 03:00:00,21.2134
2022-03-19 04:00:00,21.207033333333335
2022-03-19 05:00:00,21.14265
2022-03-19 06:00:00,21.104916666666668
2022-03-19 07:00:00,20.420516666666668
2022-03-19 08:00:00,20.298816666666667
2022-03-19 09:00:00,20.085016666666668
2022-03-19 10:00:00,20.38993333333333
2022-03-19 11:00:00,21.16235
2022-03-19 12:00:00,22.1517
2022-03-19 13:00:00,21.77316666666667
2022-03-19 14:00:00,21.59175
2022-03-19 15:00:00,21.39623333333333
2022-03-19 16:00:00,20.78865
2022-03-19 17:00:00,20.4296
2022-03-19 18:00:00,20.284166666666668
2022-03-19 19:00:00,20.087283333333335
2022-03-19 20:00:00,20.376250000000002
2022-03-19 21:00:00,20.501700000000003
2022-03-19 22:00:00,20.492833333333333
2022-03-19 23:00:00,20.7561
2022-03-20 00:00:00,20.791099999999997
2022-03-20 01:00:00,20.322583333333334
2022-03-20 02:00:00,20.138683333333333
2022-03-20 03:00:00,19.803733333333334
2022-03-20 04:00:00,19.618966666666665
2022-03-20 05:00:00,19.368133333333333
2022-03-20 06:00:00,18.974800000000002
2022-03-20 07:00:00,18.507616666666667
2022-03-20 08:00:00,18.188033333333333
2022-03-20 09:00:00,18.0681
2022-03-20 10:00:00,18.17575
2022-03-20 11:00:00,18.02045
2022-03-20 12:00:00,17.923716666666667
2022-03-20 13:00:00,18.238016666666667
2022-03-20 14:00:00,18.250016666666667
2022-03-20 15:00:00,18.60301666666667
2022-03-20 16:00:00,18.538416666666667
2022-03-20 17:00:00,18.249716666666664
2022-03-20 18:00:00,18.193933333333334
2022-03-20 19:00:00,18.397466666666666
2022-03-20 20:00:00,18.687266666666666
2022-03-20 21:00:00,18.79025
2022-03-20 22:00:00,18.993883333333333
2022-03-20 23:00:00,19.060183333333335
2022-03-21 00:00:00,19.2468
2022-03-21 01:00:00,19.32555
2022-03-21 02:00:00,19.538933333333333
2022-03-21 03:00:00,19.817933333333333
2022-03-21 04:00:00,19.890983333333335
2022-03-21 05:00:00,19.976816666666664
2022-03-21 06:00:00,20.216666666666665
2022-03-21 07:00:00,20.477383333333332
2022-03-21 08:00:00,20.7172
2022-03-21 09:00:00,21.00255
2022-03-21 10:00:00,21.073266666666665
2022-03-21 11:00:00,21.537
2022-03-21 12:00:00,21.20293333333333
2022-03-21 13:00:00,21.20155
2022-03-21 14:00:00,20.619449999999997
2022-03-21 15:00:00,20.095383333333334
2022-03-21 16:00:00,19.988133333333334
2022-03-21 17:00:00,19.709166666666665
2022-03-21 18:00:00,19.484083333333334
2022-03-21 19:00:00,19.597816666666667
2022-03-21 20:00:00,19.7511
2022-03-21 21:00:00,19.899366666666666
2022-03-21 22:00:00,19.90426666666667
2022-03-21 23:00:00,19.8452
2022-03-22 00:00:00,19.85183333333333
2022-03-22 01:00:00,19.879466666666666
2022-03-22 02:00:00,19.95296666666667
2022-03-22 03:00:00,20.057266666666667
2022-03-22 04:00:00,19.997116666666667
2022-03-22 05:00:00,19.8716
2022-03-22 06:00:00,19.967333333333332
2022-03-22 07:00:00,20.09463333333333
2022-03-22 08:00:00,20.60125
2022-03-22 09:00:00,21.406183333333335
2022-03-22 10:00:00,22.128683333333335
2022-03-22 11:00:00,22.39623333333333
2022-03-22 12:00:00,22.543883333333333
2022-03-22 13:00:00,22.508699999999997
2022-03-22 14:00:00,21.910649999999997
2022-03-22 15:00:00,21.9402
2022-03-22 16:00:00,21.930616666666666
2022-03-22 17:00:00,21.692116666666667
2022-03-22 18:00:00,21.69315
2022-03-22 19:00:00,21.841983333333335
2022-03-22 20:00:00,21.622
2022-03-22 21:00:00,21.150033333333333
2022-03-22 22:00:00,20.224316666666667
2022-03-22 23:00:00,19.6644
2022-03-23 00:00:00,18.992
2022-03-23 01:00:00,18.435866666666666
2022-03-23 02:00:00,18.08185
2022-03-23 03:00:00,17.97918333333333
2022-03-23 04:00:00,17.744983333333334
2022-03-23 05:00:00,16.489116666666668
2022-03-23 06:00:00,15.42305
2022-03-23 07:00:00,14.409416666666667
2022-03-23 08:00:00,14.29665
2022-03-23 09:00:00,14.437466666666667
2022-03-23 10:00:00,14.8516
2022-03-23 11:00:00,14.7382
2022-03-23 12:00:00,15.230833333333333
2022-03-23 13:00:00,15.469283333333333
2022-03-23 14:00:00,15.5255
2022-03-23 15:00:00,15.220699999999999
2022-03-23 16:00:00,14.856883333333334
2022-03-23 17:00:00,15.074933333333332
2022-03-23 18:00:00,14.653500000000001
2022-03-23 19:00:00,14.446633333333333
2022-03-23 20:00:00,14.290033333333334
2022-03-23 21:00:00,14.385816666666667
2022-03-23 22:00:00,14.148050000000001
2022-03-23 23:00:00,13.944349999999998
2022-03-24 00:00:00,14.043616666666667
2022-03-24 01:00:00,14.3883
2022-03-24 02:00:00,14.70505
2022-03-24 03:00:00,14.877633333333334
2022-03-24 04:00:00,15.078516666666667
2022-03-24 05:00:00,15.0152
2022-03-24 06:00:00,14.952816666666667
2022-03-24 07:00:00,15.08815
2022-03-24 08:00:00,15.424816666666667
2022-03-24 09:00:00,15.792166666666667
2022-03-24 10:00:00,15.936883333333332
2022-03-24 11:00:00,16.087666666666667
2022-03-24 12:00:00,16.0918
2022-03-24 13:00:00,15.978133333333334
2022-03-24 14:00:00,16.036649999999998
2022-03-24 15:00:00,16.093083333333333
2022-03-24 16:00:00,16.0875
2022-03-24 17:00:00,16.19775
2022-03-24 18:00:00,16.420816666666667
2022-03-24 19:00:00,16.548833333333334
2022-03-24 20:00:00,16.620883333333335
2022-03-24 21:00:00,16.58601666666667
2022-03-24 22:00:00,16.5606
2022-03-24 23:00:00,16.691266666666667
2022-03-25 00:00:00,16.784133333333333
2022-03-25 01:00:00,16.901666666666667
2022-03-25 02:00:00,16.881916666666665
2022-03-25 03:00:00,16.90665
2022-03-25 04:00:00,17.030183333333333
2022-03-25 05:00:00,17.2077
2022-03-25 06:00:00,17.442349999999998
2022-03-25 07:00:00,17.718433333333333
2022-03-25 08:00:00,18.281133333333333
2022-03-25 09:00:00,18.84445
2022-03-25 10:00:00,19.853
2022-03-25 11:00:00,21.750999999999998
2022-03-25 12:00:00,22.640566666666665
2022-03-25 13:00:00,23.258433333333336
2022-03-25 14:00:00,24.041483333333336
2022-03-25 15:00:00,24.532266666666665
2022-03-25 16:00:00,24.522583333333333
2022-03-25 17:00:00,24.803833333333333
2022-03-25 18:00:00,24.7489
2022-03-25 19:00:00,24.744733333333333
2022-03-25 20:00:00,24.713183333333333
2022-03-25 21:00:00,24.82435
2022-03-25 22:00:00,24.663
2022-03-25 23:00:00,24.68295
2022-03-26 00:00:00,24.5695
2022-03-26 01:00:00,24.687883333333332
2022-03-26 02:00:00,24.629283333333333
2022-03-26 03:00:00,24.15673333333333
2022-03-26 04:00:00,24.080766666666666
2022-03-26 05:00:00,24.08745
2022-03-26 06:00:00,24.023533333333333
2022-03-26 07:00:00,24.21561666666667
2022-03-26 08:00:00,24.595016666666666
2022-03-26 09:00:00,25.6095
2022-03-26 10:00:00,26.399266666666666
2022-03-26 11:00:00,26.692966666666667
2022-03-26 12:00:00,26.623716666666667
2022-03-26 13:00:00,26.615883333333333
2022-03-26 14:00:00,27.65288333333333
2022-03-26 15:00:00,26.94285
2022-03-26 16:00:00,26.437549999999998
2022-03-26 17:00:00,25.713783333333332
2022-03-26 18:00:00,25.397166666666667
2022-03-26 19:00:00,25.061733333333333
2022-03-26 20:00:00,24.708450000000003
2022-03-26 21:00:00,24.668566666666667
2022-03-26 22:00:00,24.80568333333333
2022-03-26 23:00:00,24.739033333333335
2022-03-27 00:00:00,24.524183333333333
2022-03-27 01:00:00,23.943766666666665
2022-03-27 02:00:00,22.52668333333333
2022-03-27 03:00:00,21.473416666666665
2022-03-27 04:00:00,20.91025
2022-03-27 05:00:00,20.725450000000002
2022-03-27 06:00:00,20.508433333333336
2022-03-27 07:00:00,20.91105
2022-03-27 08:00:00,22.011983333333333
2022-03-27 09:00:00,21.403366666666667
2022-03-27 10:00:00,20.810433333333332
2022-03-27 11:00:00,20.739633333333334
2022-03-27 12:00:00,19.42256666666667
2022-03-27 13:00:00,19.919066666666666
2022-03-27 14:00:00,19.927633333333333
2022-03-27 15:00:00,19.628733333333333
2022-03-27 16:00:00,19.09101666666667
2022-03-27 17:00:00,18.859066666666667
2022-03-27 18:00:00,18.18951666666667
2022-03-27 19:00:00,17.986633333333334
2022-03-27 20:00:00,18.07495
2022-03-27 21:00:00,17.56593333333333
2022-03-27 22:00:00,17.08993333333333
2022-03-27 23:00:00,16.2959
2022-03-28 00:00:00,15.583483333333334
2022-03-28 01:00:00,15.9464
2022-03-28 02:00:00,16.17546666666667
2022-03-28 03:00:00,15.722616666666665
2022-03-28 04:00:00,15.32945
2022-03-28 05:00:00,14.80115
2022-03-28 06:00:00,14.373766666666667
2022-03-28 07:00:00,14.5386
2022-03-28 08:00:00,14.5405
2022-03-28 09:00:00,14.800383333333334
2022-03-28 10:00:00,15.113666666666667
2022-03-28 11:00:00,15.60255
2022-03-28 12:00:00,15.802249999999999
2022-03-28 13:00:00,15.98695
2022-03-28 14:00:00,15.867883333333333
2022-03-28 15:00:00,15.589166666666667
2022-03-28 16:00:00,15.474983333333334
2022-03-28 17:00:00,15.373783333333334
2022-03-28 18:00:00,15.2501
2022-03-28 19:00:00,15.428183333333333
2022-03-28 20:00:00,15.45595
2022-03-28 21:00:00,15.378683333333333
2022-03-28 22:00:00,15.602183333333333
2022-03-28 23:00:00,15.566816666666666
2022-03-29 00:00:00,15.585083333333333
2022-03-29 01:00:00,15.536783333333334
2022-03-29 02:00:00,15.617583333333332
2022-03-29 03:00:00,15.675766666666668
2022-03-29 04:00:00,15.75585
2022-03-29 05:00:00,15.7463
2022-03-29 06:00:00,15.840683333333335
2022-03-29 07:00:00,16.065166666666666
2022-03-29 08:00:00,16.74285
2022-03-29 09:00:00,18.505466666666667
2022-03-29 10:00:00,19.009833333333333
2022-03-29 11:00:00,17.945633333333333
2022-03-29 12:00:00,18.623350000000002
2022-03-29 13:00:00,20.60335
2022-03-29 14:00:00,20.4817
2022-03-29 15:00:00,19.764866666666666
2022-03-29 16:00:00,18.54515
2022-03-29 17:00:00,17.94173333333333
2022-03-29 18:00:00,17.873866666666668
2022-03-29 19:00:00,17.846733333333336
2022-03-29 20:00:00,17.812966666666668
2022-03-29 21:00:00,17.948249999999998
2022-03-29 22:00:00,18.093766666666667
2022-03-29 23:00:00,18.130716666666668
2022-03-30 00:00:00,18.226366666666667
2022-03-30 01:00:00,18.24215
2022-03-30 02:00:00,18.03261666666667
2022-03-30 03:00:00,18.008816666666668
2022-03-30 04:00:00,18.83595
2022-03-30 05:00:00,19.231683333333333
2022-03-30 06:00:00,19.468366666666668
2022-03-30 07:00:00,19.937250000000002
2022-03-30 08:00:00,21.294283333333333
2022-03-30 09:00:00,22.51885
2022-03-30 10:00:00,22.416666666666668
2022-03-30 11:00:00,23.36368333333333
2022-03-30 12:00:00,22.8221
2022-03-30 13:00:00,23.97058333333333
2022-03-30 14:00:00,23.761766666666666
2022-03-30 15:00:00,22.889683333333334
2022-03-30 16:00:00,22.294033333333335
2022-03-30 17:00:00,21.423366666666666
2022-03-30 18:00:00,21.07585
2022-03-30 19:00:00,20.8422
2022-03-30 20:00:00,21.561533333333333
2022-03-30 21:00:00,21.600866666666665
2022-03-30 22:00:00,20.657516666666666
2022-03-30 23:00:00,21.1494
2022-03-31 00:00:00,21.12731666666667
2022-03-31 01:00:00,21.592766666666666
2022-03-31 02:00:00,21.97576666666667
2022-03-31 03:00:00,20.973850000000002
2022-03-31 04:00:00,19.886083333333332
2022-03-31 05:00:00,20.729933333333335
2022-03-31 06:00:00,21.424633333333336
2022-03-31 07:00:00,24.712733333333333
2022-03-31 08:00:00,25.7335
2022-03-31 09:00:00,26.02926666666667
2022-03-31 10:00:00,24.474966666666667
2022-03-31 11:00:00,24.919966666666667
2022-03-31 12:00:00,25.37548333333333
2022-03-31 13:00:00,26.385733333333334
2022-03-31 14:00:00,24.481716666666667
2022-03-31 15:00:00,24.165950000000002
2022-03-31 16:00:00,23.743033333333337
2022-03-31 17:00:00,22.453966666666666
2022-03-31 18:00:00,21.769416666666665
2022-03-31 19:00:00,21.27945
2022-03-31 20:00:00,20.744449999999997
2022-03-31 21:00:00,19.95205
2022-03-31 22:00:00,19.49413333333333
2022-03-31 23:00:00,19.446166666666667
2022-04-01 00:00:00,19.270933333333335
2022-04-01 01:00:00,18.768483333333332
2022-04-01 02:00:00,18.36755
2022-04-01 03:00:00,18.162316666666666
2022-04-01 04:00:00,17.931716666666667
2022-04-01 05:00:00,17.3947
2022-04-01 06:00:00,17.02825
2022-04-01 07:00:00,16.869966666666667
2022-04-01 08:00:00,16.769
2022-04-01 09:00:00,16.679966666666665
2022-04-01 10:00:00,16.872883333333334
2022-04-01 11:00:00,17.28076666666667
2022-04-01 12:00:00,17.452299999999997
2022-04-01 13:00:00,18.339316666666665
2022-04-01 14:00:00,18.2894
2022-04-01 15:00:00,18.870983333333335
2022-04-01 16:00:00,17.693183333333334
2022-04-01 17:00:00,16.614933333333333
2022-04-01 18:00:00,15.87535
2022-04-01 19:00:00,15.5328
2022-04-01 20:00:00,14.19565
2022-04-01 21:00:00,13.267883333333334
2022-04-01 22:00:00,13.0601
2022-04-01 23:00:00,13.061566666666666
2022-04-02 00:00:00,13.123600000000001
2022-04-02 01:00:00,13.207766666666666
2022-04-02 02:00:00,13.110199999999999
2022-04-02 03:00:00,13.204466666666667
2022-04-02 04:00:00,13.327316666666666
2022-04-02 05:00:00,12.95275
2022-04-02 06:00:00,12.821583333333333
2022-04-02 07:00:00,12.508233333333333
2022-04-02 08:00:00,12.7758
2022-04-02 09:00:00,12.912550000000001
2022-04-02 10:00:00,12.283199999999999
2022-04-02 11:00:00,12.466849999999999
2022-04-02 12:00:00,13.49875
2022-04-02 13:00:00,13.817200000000001
2022-04-02 14:00:00,13.742683333333334
2022-04-02 15:00:00,12.986516666666667
2022-04-02 16:00:00,12.324766666666667
2022-04-02 17:00:00,12.018616666666667
2022-04-02 18:00:00,11.717916666666667
2022-04-02 19:00:00,12.090416666666666
2022-04-02 20:00:00,12.041633333333333
2022-04-02 21:00:00,12.494783333333334
2022-04-02 22:00:00,13.143849999999999
2022-04-02 23:00:00,13.344066666666667
2022-04-03 00:00:00,13.417733333333333
2022-04-03 01:00:00,13.395166666666666
2022-04-03 02:00:00,13.335016666666666
2022-04-03 03:00:00,13.2544
2022-04-03 04:00:00,13.335849999999999
2022-04-03 05:00:00,13.425999999999998
2022-04-03 06:00:00,13.446233333333334
2022-04-03 07:00:00,13.7698
2022-04-03 08:00:00,15.280233333333333
2022-04-03 09:00:00,18.625999999999998
2022-04-03 10:00:00,21.1286
2022-04-03 11:00:00,23.306833333333334
2022-04-03 12:00:00,24.54805
2022-04-03 13:00:00,21.954316666666667
2022-04-03 14:00:00,20.833466666666666
2022-04-03 15:00:00,20.489816666666666
2022-04-03 16:00:00,19.287633333333336
2022-04-03 17:00:00,18.27781666666667
2022-04-03 18:00:00,17.036183333333334
2022-04-03 19:00:00,16.4972
2022-04-03 20:00:00,16.439333333333334
2022-04-03 21:00:00,16.273316666666666
2022-04-03 22:00:00,16.245816666666666
2022-04-03 23:00:00,16.43715
2022-04-04 00:00:00,16.146666666666665
2022-04-04 01:00:00,15.706083333333334
2022-04-04 02:00:00,15.482666666666667
2022-04-04 03:00:00,15.418866666666666
2022-04-04 04:00:00,15.154816666666667
2022-04-04 05:00:00,14.629283333333332
2022-04-04 06:00:00,14.893733333333333
2022-04-04 07:00:00,18.05085
2022-04-04 08:00:00,19.949583333333333
2022-04-04 09:00:00,20.793766666666667
2022-04-04 10:00:00,21.9268
2022-04-04 11:00:00,21.581533333333333
2022-04-04 12:00:00,22.375666666666667
2022-04-04 13:00:00,22.49765
2022-04-04 14:00:00,21.715416666666666
2022-04-04 15:00:00,21.170650000000002
2022-04-04 16:00:00,20.29265
2022-04-04 17:00:00,20.00023333333333
2022-04-04 18:00:00,17.855883333333335
2022-04-04 19:00:00,17.211866666666666
2022-04-04 20:00:00,17.101499999999998
2022-04-04 21:00:00,16.962266666666668
2022-04-04 22:00:00,16.770633333333333
2022-04-04 23:00:00,16.556916666666666
2022-04-05 00:00:00,16.641916666666667
2022-04-05 01:00:00,16.52368333333333
2022-04-05 02:00:00,16.255666666666666
2022-04-05 03:00:00,16.304933333333334
2022-04-05 04:00:00,16.285016666666667
2022-04-05 05:00:00,16.197983333333333
2022-04-05 06:00:00,16.265633333333334
2022-04-05 07:00:00,20.17168333333333
2022-04-05 08:00:00,22.6696
2022-04-05 09:00:00,23.097716666666667
2022-04-05 10:00:00,22.595783333333333
2022-04-05 11:00:00,22.939916666666665
2022-04-05 12:00:00,23.448183333333336
2022-04-05 13:00:00,23.27345
2022-04-05 14:00:00,22.487466666666666
2022-04-05 15:00:00,22.216833333333334
2022-04-05 16:00:00,21.593799999999998
2022-04-05 17:00:00,20.297583333333332
2022-04-05 18:00:00,19.532966666666667
2022-04-05 19:00:00,18.492916666666666
2022-04-05 20:00:00,18.474833333333333
2022-04-05 21:00:00,17.983066666666666
2022-04-05 22:00:00,17.967933333333335
2022-04-05 23:00:00,18.204783333333335
2022-04-06 00:00:00,17.9919
2022-04-06 01:00:00,17.656583333333334
2022-04-06 02:00:00,17.499183333333335
2022-04-06 03:00:00,17.720433333333336
2022-04-06 04:00:00,17.643449999999998
2022-04-06 05:00:00,17.495083333333334
2022-04-06 06:00:00,17.748383333333333
2022-04-06 07:00:00,20.491633333333333
2022-04-06 08:00:00,22.6531
2022-04-06 09:00:00,23.7787
2022-04-06 10:00:00,23.828166666666668
2022-04-06 11:00:00,24.263483333333333
2022-04-06 12:00:00,24.25465
2022-04-06 13:00:00,24.089033333333337
2022-04-06 14:00:00,23.665183333333335
2022-04-06 15:00:00,23.024816666666666
2022-04-06 16:00:00,22.18365
2022-04-06 17:00:00,21.203483333333335
2022-04-06 18:00:00,20.035883333333334
2022-04-06 19:00:00,19.67748333333333
2022-04-06 20:00:00,19.565366666666666
2022-04-06 21:00:00,19.372233333333334
2022-04-06 22:00:00,19.00316666666667
2022-04-06 23:00:00,18.814733333333333
2022-04-07 00:00:00,18.7726
2022-04-07 01:00:00,18.507133333333336
2022-04-07 02:00:00,18.53578333333333
2022-04-07 03:00:00,18.366566666666667
2022-04-07 04:00:00,18.034583333333334
2022-04-07 05:00:00,17.62185
2022-04-07 06:00:00,17.7332
2022-04-07 07:00:00,20.227050000000002
2022-04-07 08:00:00,24.569866666666666
2022-04-07 09:00:00,25.245333333333335
2022-04-07 10:00:00,24.461166666666667
2022-04-07 11:00:00,25.4891
2022-04-07 12:00:00,25.208216666666665
2022-04-07 13:00:00,24.72458333333333
2022-04-07 14:00:00,24.040066666666668
2022-04-07 15:00:00,23.073083333333333
2022-04-07 16:00:00,22.4244
2022-04-07 17:00:00,21.501700000000003
2022-04-07 18:00:00,20.89235
2022-04-07 19:00:00,20.3556
2022-04-07 20:00:00,19.9567
2022-04-07 21:00:00,19.791666666666668
2022-04-07 22:00:00,19.824166666666667
2022-04-07 23:00:00,19.41385
2022-04-08 00:00:00,19.442666666666664
2022-04-08 01:00:00,19.216549999999998
2022-04-08 02:00:00,18.946816666666667
2022-04-08 03:00:00,18.985016666666663
2022-04-08 04:00:00,18.779433333333333
2022-04-08 05:00:00,18.2493
2022-04-08 06:00:00,18.1856
2022-04-08 07:00:00,22.015983333333335
2022-04-08 08:00:00,25.876783333333332
2022-04-08 09:00:00,28.708033333333333
2022-04-08 10:00:00,27.5813
2022-04-08 11:00:00,25.972133333333332
2022-04-08 12:00:00,27.08966666666667
2022-04-08 13:00:00,27.006500000000003
2022-04-08 14:00:00,25.72065
2022-04-08 15:00:00,24.299249999999997
2022-04-08 16:00:00,23.285500000000003
2022-04-08 17:00:00,22.192583333333335
2022-04-08 18:00:00,20.6381
2022-04-08 19:00:00,20.116566666666664
2022-04-08 20:00:00,19.777583333333332
2022-04-08 21:00:00,19.52968333333333
2022-04-08 22:00:00,19.341333333333335
2022-04-08 23:00:00,18.994183333333336
2022-04-09 00:00:00,18.653683333333333
2022-04-09 01:00:00,18.288700000000002
2022-04-09 02:00:00,18.22301666666667
2022-04-09 03:00:00,18.067866666666664
2022-04-09 04:00:00,18.245583333333332
2022-04-09 05:00:00,17.933866666666667
2022-04-09 06:00:00,18.097516666666664
2022-04-09 07:00:00,21.543866666666666
2022-04-09 08:00:00,24.7731
2022-04-09 09:00:00,25.73571666666667
2022-04-09 10:00:00,25.566300000000002
2022-04-09 11:00:00,25.33448333333333
2022-04-09 12:00:00,25.571316666666668
2022-04-09 13:00:00,25.351116666666666
2022-04-09 14:00:00,24.60868333333333
2022-04-09 15:00:00,23.75765
2022-04-09 16:00:00,22.879849999999998
2022-04-09 17:00:00,21.71755
2022-04-09 18:00:00,20.486266666666666
2022-04-09 19:00:00,19.734699999999997
2022-04-09 20:00:00,19.473816666666668
2022-04-09 21:00:00,19.691433333333336
2022-04-09 22:00:00,19.644916666666667
2022-04-09 23:00:00,19.411416666666664
2022-04-10 00:00:00,19.18395
2022-04-10 01:00:00,19.02485
2022-04-10 02:00:00,18.729249999999997
2022-04-10 03:00:00,18.750999999999998
2022-04-10 04:00:00,18.689266666666665
2022-04-10 05:00:00,18.8451
2022-04-10 06:00:00,19.158333333333335
2022-04-10 07:00:00,23.15055
2022-04-10 08:00:00,25.177366666666668
2022-04-10 09:00:00,24.802316666666666
2022-04-10 10:00:00,25.269083333333334
2022-04-10 11:00:00,25.2344
2022-04-10 12:00:00,25.800483333333332
2022-04-10 13:00:00,25.82606666666667
2022-04-10 14:00:00,25.151233333333334
2022-04-10 15:00:00,24.00773333333333
2022-04-10 16:00:00,23.70361666666667
2022-04-10 17:00:00,22.4293
2022-04-10 18:00:00,22.09401666666667
2022-04-10 19:00:00,21.533883333333335
2022-04-10 20:00:00,21.100383333333333
2022-04-10 21:00:00,20.958183333333334
2022-04-10 22:00:00,20.75411666666667
2022-04-10 23:00:00,20.6375
2022-04-11 00:00:00,20.4359
2022-04-11 01:00:00,20.90895
2022-04-11 02:00:00,21.435433333333332
2022-04-11 03:00:00,21.561716666666666
2022-04-11 04:00:00,21.352116666666667
2022-04-11 05:00:00,21.11055
2022-04-11 06:00:00,21.362433333333335
2022-04-11 07:00:00,21.994516666666666
2022-04-11 08:00:00,23.68498333333333
2022-04-11 09:00:00,24.527083333333334
2022-04-11 10:00:00,27.17455
2022-04-11 11:00:00,28.123416666666667
2022-04-11 12:00:00,27.384
2022-04-11 13:00:00,28.349783333333335
2022-04-11 14:00:00,27.49641666666667
2022-04-11 15:00:00,26.523533333333333
2022-04-11 16:00:00,26.024966666666668
2022-04-11 17:00:00,24.94718333333333
2022-04-11 18:00:00,23.714916666666667
2022-04-11 19:00:00,23.001316666666664
2022-04-11 20:00:00,22.421666666666667
2022-04-11 21:00:00,22.07315
2022-04-11 22:00:00,22.296266666666668
2022-04-11 23:00:00,22.374450000000003
2022-04-12 00:00:00,21.958683333333333
2022-04-12 01:00:00,21.3089
2022-04-12 02:00:00,21.267383333333335
2022-04-12 03:00:00,21.295516666666668
2022-04-12 04:00:00,21.02691666666667
2022-04-12 05:00:00,20.662883333333333
2022-04-12 06:00:00,21.032433333333334
2022-04-12 07:00:00,24.977933333333333
2022-04-12 08:00:00,25.083333333333332
2022-04-12 09:00:00,27.584349999999997
2022-04-12 10:00:00,27.2255
2022-04-12 11:00:00,26.784983333333333
2022-04-12 12:00:00,27.85278333333333
2022-04-12 13:00:00,27.06325
2022-04-12 14:00:00,27.070933333333336
2022-04-12 15:00:00,27.006449999999997
2022-04-12 16:00:00,25.836683333333333
2022-04-12 17:00:00,24.769883333333333
2022-04-12 18:00:00,23.162216666666666
2022-04-12 19:00:00,22.363133333333334
2022-04-12 20:00:00,22.348466666666663
2022-04-12 21:00:00,22.58716666666667
2022-04-12 22:00:00,22.41668333333333
2022-04-12 23:00:00,22.374416666666665
2022-04-13 00:00:00,22.367866666666664
2022-04-13 01:00:00,22.424899999999997
2022-04-13 02:00:00,22.301966666666665
2022-04-13 03:00:00,22.12255
2022-04-13 04:00:00,22.150466666666667
2022-04-13 05:00:00,22.012866666666664
2022-04-13 06:00:00,22.384616666666666
2022-04-13 07:00:00,23.300666666666665
2022-04-13 08:00:00,24.594216666666668
2022-04-13 09:00:00,24.441566666666667
2022-04-13 10:00:00,23.928800000000003
2022-04-13 11:00:00,25.13035
2022-04-13 12:00:00,25.82175
2022-04-13 13:00:00,27.16735
2022-04-13 14:00:00,27.557033333333333
2022-04-13 15:00:00,28.00198333333333
2022-04-13 16:00:00,27.660166666666665
2022-04-13 17:00:00,27.060433333333332
2022-04-13 18:00:00,25.524183333333333
2022-04-13 19:00:00,24.438116666666666
2022-04-13 20:00:00,24.024516666666667
2022-04-13 21:00:00,23.769566666666666
2022-04-13 22:00:00,23.5962
2022-04-13 23:00:00,23.34916666666667
2022-04-14 00:00:00,23.01205
2022-04-14 01:00:00,22.69675
2022-04-14 02:00:00,22.655466666666666
2022-04-14 03:00:00,22.38285
2022-04-14 04:00:00,22.190916666666666
2022-04-14 05:00:00,21.650933333333334
2022-04-14 06:00:00,21.77828333333333
2022-04-14 07:00:00,23.4181
2022-04-14 08:00:00,27.610233333333333
2022-04-14 09:00:00,28.266516666666668
2022-04-14 10:00:00,30.576016666666664
2022-04-14 11:00:00,31.100816666666667
2022-04-14 12:00:00,29.717983333333333
2022-04-14 13:00:00,27.50655
2022-04-14 14:00:00,27.36715
2022-04-14 15:00:00,26.65823333333333
2022-04-14 16:00:00,26.264799999999997
2022-04-14 17:00:00,26.3822
2022-04-14 18:00:00,25.26536666666667
2022-04-14 19:00:00,23.6165
2022-04-14 20:00:00,23.058283333333335
2022-04-14 21:00:00,22.48068333333333
2022-04-14 22:00:00,22.515233333333335
2022-04-14 23:00:00,23.032183333333332
2022-04-15 00:00:00,22.531316666666665
2022-04-15 01:00:00,22.252166666666668
2022-04-15 02:00:00,21.85803333333333
2022-04-15 03:00:00,21.71265
2022-04-15 04:00:00,21.568266666666666
2022-04-15 05:00:00,21.373516666666667
2022-04-15 06:00:00,21.381866666666667
2022-04-15 07:00:00,21.365833333333335
2022-04-15 08:00:00,21.079900000000002
2022-04-15 09:00:00,22.012249999999998
2022-04-15 10:00:00,24.51386666666667
2022-04-15 11:00:00,24.090300000000003
2022-04-15 12:00:00,25.07945
2022-04-15 13:00:00,24.586216666666665
2022-04-15 14:00:00,24.175900000000002
2022-04-15 15:00:00,23.329150000000002
2022-04-15 16:00:00,22.663283333333332
2022-04-15 17:00:00,21.601166666666664
2022-04-15 18:00:00,20.888683333333333
2022-04-15 19:00:00,20.553383333333333
2022-04-15 20:00:00,20.609466666666666
2022-04-15 21:00:00,20.663516666666666
2022-04-15 22:00:00,20.837966666666667
2022-04-15 23:00:00,20.709433333333333
2022-04-16 00:00:00,20.480083333333333
2022-04-16 01:00:00,20.20655
2022-04-16 02:00:00,20.103083333333334
2022-04-16 03:00:00,20.0621
2022-04-16 04:00:00,19.9662
2022-04-16 05:00:00,19.708433333333332
2022-04-16 06:00:00,19.561366666666668
2022-04-16 07:00:00,19.45955
2022-04-16 08:00:00,19.328566666666667
2022-04-16 09:00:00,19.530366666666666
2022-04-16 10:00:00,19.581533333333333
2022-04-16 11:00:00,19.585716666666666
2022-04-16 12:00:00,19.593233333333334
2022-04-16 13:00:00,19.999416666666665
2022-04-16 14:00:00,19.692416666666666
2022-04-16 15:00:00,19.4056
2022-04-16 16:00:00,19.3471
2022-04-16 17:00:00,19.736366666666665
2022-04-16 18:00:00,19.693766666666665
2022-04-16 19:00:00,19.506716666666666
2022-04-16 20:00:00,19.53825
2022-04-16 21:00:00,19.756733333333333
2022-04-16 22:00:00,19.764033333333334
2022-04-16 23:00:00,19.69315
2022-04-17 00:00:00,19.46425
2022-04-17 01:00:00,19.288316666666667
2022-04-17 02:00:00,19.08285
2022-04-17 03:00:00,18.833516666666664
2022-04-17 04:00:00,18.7212
2022-04-17 05:00:00,18.5612
2022-04-17 06:00:00,18.592433333333336
2022-04-17 07:00:00,17.450983333333333
2022-04-17 08:00:00,17.074633333333335
2022-04-17 09:00:00,18.484750000000002
2022-04-17 10:00:00,19.747383333333335
2022-04-17 11:00:00,21.11481666666667
2022-04-17 12:00:00,21.883483333333334
2022-04-17 13:00:00,21.040883333333333
2022-04-17 14:00:00,20.823266666666665
2022-04-17 15:00:00,19.908016666666665
2022-04-17 16:00:00,19.616983333333334
2022-04-17 17:00:00,19.53905
2022-04-17 18:00:00,19.445899999999998
2022-04-17 19:00:00,19.429633333333335
2022-04-17 20:00:00,19.512133333333335
2022-04-17 21:00:00,19.627
2022-04-17 22:00:00,19.719116666666665
2022-04-17 23:00:00,19.6655
2022-04-18 00:00:00,19.618616666666664
2022-04-18 01:00:00,19.54668333333333
2022-04-18 02:00:00,19.458366666666667
2022-04-18 03:00:00,19.329633333333334
2022-04-18 04:00:00,19.215916666666665
2022-04-18 05:00:00,19.118083333333335
2022-04-18 06:00:00,19.184016666666665
2022-04-18 07:00:00,19.42888333333333
2022-04-18 08:00:00,19.764766666666667
2022-04-18 09:00:00,20.461533333333332
2022-04-18 10:00:00,21.251033333333332
2022-04-18 11:00:00,23.942183333333332
2022-04-18 12:00:00,23.584316666666666
2022-04-18 13:00:00,22.94955
2022-04-18 14:00:00,22.484083333333334
2022-04-18 15:00:00,22.014633333333332
2022-04-18 16:00:00,21.004
2022-04-18 17:00:00,20.36958333333333
2022-04-18 18:00:00,19.63338333333333
2022-04-18 19:00:00,18.997383333333335
2022-04-18 20:00:00,18.8822
2022-04-18 21:00:00,19.129216666666665
2022-04-18 22:00:00,19.35121666666667
2022-04-18 23:00:00,19.33425
2022-04-19 00:00:00,19.067400000000003
2022-04-19 01:00:00,18.71628333333333
2022-04-19 02:00:00,18.268083333333333
2022-04-19 03:00:00,17.994216666666667
2022-04-19 04:00:00,17.851683333333334
2022-04-19 05:00:00,17.61818333333333
2022-04-19 06:00:00,17.60725
2022-04-19 07:00:00,17.868283333333334
2022-04-19 08:00:00,17.93883333333333
2022-04-19 09:00:00,17.943116666666665
2022-04-19 10:00:00,18.0985
2022-04-19 11:00:00,18.16531666666667
2022-04-19 12:00:00,17.31683333333333
2022-04-19 13:00:00,16.963483333333333
2022-04-19 14:00:00,17.38765
2022-04-19 15:00:00,18.223833333333335
2022-04-19 16:00:00,18.9557
2022-04-19 17:00:00,19.145566666666664
2022-04-19 18:00:00,18.3001
2022-04-19 19:00:00,17.97945
2022-04-19 20:00:00,17.785966666666663
2022-04-19 21:00:00,17.42445
2022-04-19 22:00:00,17.443783333333332
2022-04-19 23:00:00,17.562516666666667
2022-04-20 00:00:00,17.88498333333333
2022-04-20 01:00:00,18.158399999999997
2022-04-20 02:00:00,17.946583333333333
2022-04-20 03:00:00,17.91528333333333
2022-04-20 04:00:00,18.022983333333332
2022-04-20 05:00:00,18.00156666666667
2022-04-20 06:00:00,17.954900000000002
2022-04-20 07:00:00,18.03265
2022-04-20 08:00:00,18.423066666666667
2022-04-20 09:00:00,18.701466666666665
2022-04-20 10:00:00,22.40438333333333
2022-04-20 11:00:00,23.295099999999998
2022-04-20 12:00:00,23.48598333333333
2022-04-20 13:00:00,23.580366666666666
2022-04-20 14:00:00,23.01498333333333
2022-04-20 15:00:00,22.503116666666664
2022-04-20 16:00:00,21.534966666666666
2022-04-20 17:00:00,20.753566666666664
2022-04-20 18:00:00,20.237783333333333
2022-04-20 19:00:00,19.978933333333334
2022-04-20 20:00:00,19.958466666666666
2022-04-20 21:00:00,20.030716666666667
2022-04-20 22:00:00,19.548299999999998
2022-04-20 23:00:00,19.771916666666666
2022-04-21 00:00:00,20.07385
2022-04-21 01:00:00,20.091533333333334
2022-04-21 02:00:00,19.911516666666667
2022-04-21 03:00:00,19.638233333333332
2022-04-21 04:00:00,19.731116666666665
2022-04-21 05:00:00,19.796333333333333
2022-04-21 06:00:00,19.7214
2022-04-21 07:00:00,20.290066666666668
2022-04-21 08:00:00,20.64845
2022-04-21 09:00:00,22.039783333333332
2022-04-21 10:00:00,23.43455
2022-04-21 11:00:00,24.19515
2022-04-21 12:00:00,24.58513333333333
2022-04-21 13:00:00,24.7408
2022-04-21 14:00:00,24.670749999999998
2022-04-21 15:00:00,23.897116666666665
2022-04-21 16:00:00,22.8885
2022-04-21 17:00:00,21.73635
2022-04-21 18:00:00,21.13886666666667
2022-04-21 19:00:00,21.02061666666667
2022-04-21 20:00:00,21.3059
2022-04-21 21:00:00,21.528583333333334
2022-04-21 22:00:00,21.71946666666667
2022-04-21 23:00:00,21.685383333333334
2022-04-22 00:00:00,21.598599999999998
2022-04-22 01:00:00,21.679166666666667
2022-04-22 02:00:00,21.832916666666666
2022-04-22 03:00:00,21.734233333333336
2022-04-22 04:00:00,21.775250000000003
2022-04-22 05:00:00,21.715216666666667
2022-04-22 06:00:00,21.514383333333335
2022-04-22 07:00:00,21.583283333333334
2022-04-22 08:00:00,21.666100000000004
2022-04-22 09:00:00,22.133266666666668
2022-04-22 10:00:00,22.84915
2022-04-22 11:00:00,23.064666666666668
2022-04-22 12:00:00,23.51495
2022-04-22 13:00:00,24.068016666666665
2022-04-22 14:00:00,24.79866666666667
2022-04-22 15:00:00,24.756333333333334
2022-04-22 16:00:00,23.853916666666667
2022-04-22 17:00:00,23.166549999999997
2022-04-22 18:00:00,22.709316666666666
2022-04-22 19:00:00,22.664116666666665
2022-04-22 20:00:00,22.4155
2022-04-22 21:00:00,22.487666666666666
2022-04-22 22:00:00,22.48695
2022-04-22 23:00:00,22.542583333333333
2022-04-23 00:00:00,22.6222
2022-04-23 01:00:00,22.619733333333333
2022-04-23 02:00:00,22.6255
2022-04-23 03:00:00,22.652733333333334
2022-04-23 04:00:00,22.648933333333332
2022-04-23 05:00:00,22.625866666666663
2022-04-23 06:00:00,22.702766666666665
2022-04-23 07:00:00,23.0859
2022-04-23 08:00:00,23.552799999999998
2022-04-23 09:00:00,25.675216666666664
2022-04-23 10:00:00,26.297816666666666
2022-04-23 11:00:00,27.004633333333334
2022-04-23 12:00:00,26.56065
2022-04-23 13:00:00,26.7154
2022-04-23 14:00:00,27.21345
2022-04-23 15:00:00,27.838816666666666
2022-04-23 16:00:00,26.686333333333334
2022-04-23 17:00:00,25.856766666666665
2022-04-23 18:00:00,25.1214
2022-04-23 19:00:00,24.39081666666667
2022-04-23 20:00:00,24.116300000000003
2022-04-23 21:00:00,23.9981
2022-04-23 22:00:00,23.69748333333333
2022-04-23 23:00:00,23.54413333333333
2022-04-24 00:00:00,23.281583333333334
2022-04-24 01:00:00,23.224933333333336
2022-04-24 02:00:00,23.329283333333333
2022-04-24 03:00:00,23.142083333333336
2022-04-24 04:00:00,23.177916666666665
2022-04-24 05:00:00,23.0705
2022-04-24 06:00:00,23.061899999999998
2022-04-24 07:00:00,23.881916666666665
2022-04-24 08:00:00,26.166766666666668
2022-04-24 09:00:00,26.919883333333335
2022-04-24 10:00:00,27.1896
2022-04-24 11:00:00,27.222733333333334
2022-04-24 12:00:00,28.40495
2022-04-24 13:00:00,28.610683333333334
2022-04-24 14:00:00,28.192166666666665
2022-04-24 15:00:00,27.9407
2022-04-24 16:00:00,26.98185
2022-04-24 17:00:00,26.25955
2022-04-24 18:00:00,25.33941666666667
2022-04-24 19:00:00,24.854249999999997
2022-04-24 20:00:00,24.89218333333333
2022-04-24 21:00:00,24.890449999999998
2022-04-24 22:00:00,24.905283333333333
2022-04-24 23:00:00,24.864816666666666
2022-04-25 00:00:00,24.833716666666664
2022-04-25 01:00:00,24.60278333333333
2022-04-25 02:00:00,24.47765
2022-04-25 03:00:00,24.409583333333334
2022-04-25 04:00:00,24.375733333333336
2022-04-25 05:00:00,24.38341666666667
2022-04-25 06:00:00,24.485366666666668
2022-04-25 07:00:00,25.3011
2022-04-25 08:00:00,26.073500000000003
2022-04-25 09:00:00,27.729133333333333
2022-04-25 10:00:00,28.395016666666667
2022-04-25 11:00:00,29.843
2022-04-25 12:00:00,30.730366666666665
2022-04-25 13:00:00,29.84855
2022-04-25 14:00:00,29.36755
2022-04-25 15:00:00,28.370549999999998
2022-04-25 16:00:00,27.547683333333335
2022-04-25 17:00:00,26.305766666666667
2022-04-25 18:00:00,25.649916666666666
2022-04-25 19:00:00,25.361666666666668
2022-04-25 20:00:00,25.27625
2022-04-25 21:00:00,25.147066666666667
2022-04-25 22:00:00,25.037316666666666
2022-04-25 23:00:00,24.798299999999998
2022-04-26 00:00:00,24.705949999999998
2022-04-26 01:00:00,24.693416666666668
2022-04-26 02:00:00,24.40243333333333
2022-04-26 03:00:00,24.443466666666666
2022-04-26 04:00:00,24.457333333333334
2022-04-26 05:00:00,24.346
2022-04-26 06:00:00,24.3832
2022-04-26 07:00:00,25.276133333333334
2022-04-26 08:00:00,26.023983333333334
2022-04-26 09:00:00,26.926233333333336
2022-04-26 10:00:00,27.941333333333333
2022-04-26 11:00:00,29.333933333333334
2022-04-26 12:00:00,29.863916666666668
2022-04-26 13:00:00,29.86415
2022-04-26 14:00:00,28.672683333333335
2022-04-26 15:00:00,27.904766666666667
2022-04-26 16:00:00,27.213649999999998
2022-04-26 17:00:00,26.209283333333335
2022-04-26 18:00:00,25.736483333333336
2022-04-26 19:00:00,25.44946666666667
2022-04-26 20:00:00,25.33195
2022-04-26 21:00:00,25.353566666666666
2022-04-26 22:00:00,25.19915
2022-04-26 23:00:00,25.15213333333333
2022-04-27 00:00:00,25.1617
2022-04-27 01:00:00,25.1567
2022-04-27 02:00:00,24.978150000000003
2022-04-27 03:00:00,24.977449999999997
2022-04-27 04:00:00,24.96795
2022-04-27 05:00:00,24.683283333333335
2022-04-27 06:00:00,24.739633333333334
2022-04-27 07:00:00,26.21623333333333
2022-04-27 08:00:00,27.504383333333333
2022-04-27 09:00:00,29.742183333333333
2022-04-27 10:00:00,30.68505
2022-04-27 11:00:00,31.526816666666665
2022-04-27 12:00:00,30.909783333333333
2022-04-27 13:00:00,30.554333333333332
2022-04-27 14:00:00,29.986966666666667
2022-04-27 15:00:00,29.896333333333335
2022-04-27 16:00:00,28.502133333333333
2022-04-27 17:00:00,27.387333333333334
2022-04-27 18:00:00,26.72671666666667
2022-04-27 19:00:00,25.949283333333334
2022-04-27 20:00:00,25.90583333333333
2022-04-27 21:00:00,25.7148
2022-04-27 22:00:00,25.635566666666666
2022-04-27 23:00:00,25.615983333333336
2022-04-28 00:00:00,25.629416666666668
2022-04-28 01:00:00,25.547883333333335
2022-04-28 02:00:00,25.4144
2022-04-28 03:00:00,25.2438
2022-04-28 04:00:00,25.05495
2022-04-28 05:00:00,25.11161666666667
2022-04-28 06:00:00,25.167966666666665
2022-04-28 07:00:00,25.556983333333335
2022-04-28 08:00:00,26.338466666666665
2022-04-28 09:00:00,27.289783333333332
2022-04-28 10:00:00,28.18166666666667
2022-04-28 11:00:00,29.065366666666666
2022-04-28 12:00:00,27.816283333333335
2022-04-28 13:00:00,27.87816666666667
2022-04-28 14:00:00,27.97668333333333
2022-04-28 15:00:00,27.495783333333335
2022-04-28 16:00:00,26.96738333333333
2022-04-28 17:00:00,26.381266666666665
2022-04-28 18:00:00,25.616483333333335
2022-04-28 19:00:00,25.152266666666666
2022-04-28 20:00:00,25.101966666666666
2022-04-28 21:00:00,24.901533333333337
2022-04-28 22:00:00,24.838116666666668
2022-04-28 23:00:00,24.828566666666667
2022-04-29 00:00:00,24.827749999999998
2022-04-29 01:00:00,24.849716666666666
2022-04-29 02:00:00,24.768849999999997
2022-04-29 03:00:00,24.62105
2022-04-29 04:00:00,24.506533333333334
2022-04-29 05:00:00,24.36825
2022-04-29 06:00:00,24.3595
2022-04-29 07:00:00,25.75145
2022-04-29 08:00:00,26.672233333333335
2022-04-29 09:00:00,28.176016666666666
2022-04-29 10:00:00,29.472383333333333
2022-04-29 11:00:00,27.823316666666663
2022-04-29 12:00:00,28.125316666666667
2022-04-29 13:00:00,28.977566666666668
2022-04-29 14:00:00,28.832083333333333
2022-04-29 15:00:00,28.835233333333335
2022-04-29 16:00:00,28.293416666666666
2022-04-29 17:00:00,27.08216666666667
2022-04-29 18:00:00,26.289933333333334
2022-04-29 19:00:00,25.773716666666665
2022-04-29 20:00:00,25.58421666666667
2022-04-29 21:00:00,25.3272
2022-04-29 22:00:00,25.119733333333333
2022-04-29 23:00:00,24.92256666666667
2022-04-30 00:00:00,24.693649999999998
2022-04-30 01:00:00,24.60118333333333
2022-04-30 02:00:00,24.614483333333332
2022-04-30 03:00:00,24.41205
2022-04-30 04:00:00,24.2836
2022-04-30 05:00:00,24.400033333333333
2022-04-30 06:00:00,24.1053
2022-04-30 07:00:00,23.335050000000003
2022-04-30 08:00:00,23.018316666666667
2022-04-30 09:00:00,22.68765
2022-04-30 10:00:00,22.585183333333337
2022-04-30 11:00:00,22.513666666666666
2022-04-30 12:00:00,22.399083333333333
2022-04-30 13:00:00,22.30145
2022-04-30 14:00:00,22.34415
2022-04-30 15:00:00,22.3455
2022-04-30 16:00:00,22.407500000000002
2022-04-30 17:00:00,22.482916666666664
2022-04-30 18:00:00,22.539083333333334
2022-04-30 19:00:00,22.54315
2022-04-30 20:00:00,22.68595
2022-04-30 21:00:00,22.688166666666667
2022-04-30 22:00:00,22.4547
2022-04-30 23:00:00,22.32336666666667
2022-05-01 00:00:00,22.208966666666665
2022-05-01 01:00:00,22.262633333333333
2022-05-01 02:00:00,22.189166666666665
2022-05-01 03:00:00,22.222550000000002
2022-05-01 04:00:00,22.03076666666667
2022-05-01 05:00:00,21.713933333333333
2022-05-01 06:00:00,21.412483333333334
2022-05-01 07:00:00,19.513550000000002
2022-05-01 08:00:00,18.6971
2022-05-01 09:00:00,18.607116666666666
2022-05-01 10:00:00,18.37485
2022-05-01 11:00:00,18.400766666666666
2022-05-01 12:00:00,18.197350000000004
2022-05-01 13:00:00,17.730933333333333
2022-05-01 14:00:00,17.250116666666667
2022-05-01 15:00:00,16.930833333333332
2022-05-01 16:00:00,16.512216666666667
2022-05-01 17:00:00,16.398633333333333
2022-05-01 18:00:00,15.980733333333335
2022-05-01 19:00:00,15.904133333333334
2022-05-01 20:00:00,15.7772
2022-05-01 21:00:00,15.714583333333334
2022-05-01 22:00:00,15.565083333333332
2022-05-01 23:00:00,15.396116666666666
2022-05-02 00:00:00,15.229999999999999
2022-05-02 01:00:00,15.222333333333333
2022-05-02 02:00:00,15.3846
2022-05-02 03:00:00,15.105533333333334
2022-05-02 04:00:00,14.955350000000001
2022-05-02 05:00:00,14.99455
2022-05-02 06:00:00,14.758233333333333
2022-05-02 07:00:00,14.855383333333332
2022-05-02 08:00:00,14.900816666666666
2022-05-02 09:00:00,15.470166666666668
2022-05-02 10:00:00,16.472883333333336
2022-05-02 11:00:00,17.55125
2022-05-02 12:00:00,18.65351666666667
2022-05-02 13:00:00,19.78053333333333
2022-05-02 14:00:00,19.964066666666668
2022-05-02 15:00:00,18.9703
2022-05-02 16:00:00,18.373483333333336
2022-05-02 17:00:00,17.677599999999998
2022-05-02 18:00:00,17.470016666666666
2022-05-02 19:00:00,17.56341666666667
2022-05-02 20:00:00,17.68838333333333
2022-05-02 21:00:00,17.934933333333333
2022-05-02 22:00:00,18.07861666666667
2022-05-02 23:00:00,17.7986
2022-05-03 00:00:00,17.62023333333333
2022-05-03 01:00:00,17.443733333333334
2022-05-03 02:00:00,17.2452
2022-05-03 03:00:00,17.2386
2022-05-03 04:00:00,17.151149999999998
2022-05-03 05:00:00,17.1644
2022-05-03 06:00:00,17.3757
2022-05-03 07:00:00,19.198683333333335
2022-05-03 08:00:00,22.24905
2022-05-03 09:00:00,24.796133333333334
2022-05-03 10:00:00,25.315483333333336
2022-05-03 11:00:00,24.968133333333334
2022-05-03 12:00:00,24.3094
2022-05-03 13:00:00,24.1506
2022-05-03 14:00:00,24.404816666666665
2022-05-03 15:00:00,23.529133333333334
2022-05-03 16:00:00,22.931216666666668
2022-05-03 17:00:00,22.136766666666666
2022-05-03 18:00:00,21.26631666666667
2022-05-03 19:00:00,20.977033333333335
2022-05-03 20:00:00,21.125983333333334
2022-05-03 21:00:00,20.994283333333332
2022-05-03 22:00:00,21.170483333333333
2022-05-03 23:00:00,21.268666666666668
2022-05-04 00:00:00,21.1281
2022-05-04 01:00:00,20.884083333333333
2022-05-04 02:00:00,20.747183333333332
2022-05-04 03:00:00,20.723416666666665
2022-05-04 04:00:00,20.322499999999998
2022-05-04 05:00:00,20.21441666666667
2022-05-04 06:00:00,20.725583333333336
2022-05-04 07:00:00,23.6007
2022-05-04 08:00:00,25.537583333333334
2022-05-04 09:00:00,27.28145
2022-05-04 10:00:00,27.195800000000002
2022-05-04 11:00:00,26.386433333333333
2022-05-04 12:00:00,26.349683333333335
2022-05-04 13:00:00,25.992316666666667
2022-05-04 14:00:00,25.30415
2022-05-04 15:00:00,25.288133333333334
2022-05-04 16:00:00,24.18886666666667
2022-05-04 17:00:00,23.0138
2022-05-04 18:00:00,22.47073333333333
2022-05-04 19:00:00,22.06605
2022-05-04 20:00:00,21.8862
2022-05-04 21:00:00,21.713700000000003
2022-05-04 22:00:00,21.5731
2022-05-04 23:00:00,21.87226666666667
2022-05-05 00:00:00,22.004316666666668
2022-05-05 01:00:00,21.75805
2022-05-05 02:00:00,21.872616666666666
2022-05-05 03:00:00,21.440166666666666
2022-05-05 04:00:00,21.645666666666667
2022-05-05 05:00:00,21.612099999999998
2022-05-05 06:00:00,21.8375
2022-05-05 07:00:00,22.973133333333333
2022-05-05 08:00:00,24.246783333333333
2022-05-05 09:00:00,25.89085
2022-05-05 10:00:00,26.689183333333336
2022-05-05 11:00:00,26.336066666666667
2022-05-05 12:00:00,26.500233333333334
2022-05-05 13:00:00,26.36205
2022-05-05 14:00:00,26.07401666666667
2022-05-05 15:00:00,25.169383333333332
2022-05-05 16:00:00,24.100233333333332
2022-05-05 17:00:00,22.80045
2022-05-05 18:00:00,22.406850000000002
2022-05-05 19:00:00,22.140800000000002
2022-05-05 20:00:00,22.038566666666668
2022-05-05 21:00:00,22.0766
2022-05-05 22:00:00,21.953833333333332
2022-05-05 23:00:00,22.167466666666666
2022-05-06 00:00:00,22.154416666666666
2022-05-06 01:00:00,21.834433333333333
2022-05-06 02:00:00,21.51066666666667
2022-05-06 03:00:00,21.3846
2022-05-06 04:00:00,21.47515
2022-05-06 05:00:00,21.528166666666667
2022-05-06 06:00:00,21.699933333333334
2022-05-06 07:00:00,24.158416666666668
2022-05-06 08:00:00,25.535683333333335
2022-05-06 09:00:00,26.182683333333333
2022-05-06 10:00:00,26.363633333333333
2022-05-06 11:00:00,27.357666666666667
2022-05-06 12:00:00,27.298683333333333
2022-05-06 13:00:00,26.947866666666666
2022-05-06 14:00:00,26.44615
2022-05-06 15:00:00,25.604133333333333
2022-05-06 16:00:00,24.46826666666667
2022-05-06 17:00:00,23.1651
2022-05-06 18:00:00,22.8687
2022-05-06 19:00:00,22.407983333333334
2022-05-06 20:00:00,22.432216666666665
2022-05-06 21:00:00,22.55056666666667
2022-05-06 22:00:00,22.501816666666667
2022-05-06 23:00:00,22.551550000000002
2022-05-07 00:00:00,22.54713333333333
2022-05-07 01:00:00,22.553733333333334
2022-05-07 02:00:00,22.326833333333333
2022-05-07 03:00:00,22.278616666666668
2022-05-07 04:00:00,22.31116666666667
2022-05-07 05:00:00,22.22058333333333
2022-05-07 06:00:00,22.371950000000002
2022-05-07 07:00:00,23.389
2022-05-07 08:00:00,25.609366666666666
2022-05-07 09:00:00,26.635733333333334
2022-05-07 10:00:00,27.09575
2022-05-07 11:00:00,26.776316666666666
2022-05-07 12:00:00,27.458916666666667
2022-05-07 13:00:00,26.299433333333333
2022-05-07 14:00:00,24.6347
2022-05-07 15:00:00,23.879416666666668
2022-05-07 16:00:00,23.84463333333333
2022-05-07 17:00:00,23.14336666666667
2022-05-07 18:00:00,22.63501666666667
2022-05-07 19:00:00,22.29375
2022-05-07 20:00:00,21.684683333333332
2022-05-07 21:00:00,21.699716666666667
2022-05-07 22:00:00,21.88498333333333
2022-05-07 23:00:00,22.043400000000002
2022-05-08 00:00:00,21.9692
2022-05-08 01:00:00,21.735616666666665
2022-05-08 02:00:00,21.562116666666668
2022-05-08 03:00:00,21.67705
2022-05-08 04:00:00,21.74925
2022-05-08 05:00:00,21.787533333333332
2022-05-08 06:00:00,22.146483333333332
2022-05-08 07:00:00,23.830683333333333
2022-05-08 08:00:00,24.835483333333332
2022-05-08 09:00:00,24.883683333333334
2022-05-08 10:00:00,25.264783333333334
2022-05-08 11:00:00,25.118833333333335
2022-05-08 12:00:00,26.140183333333333
2022-05-08 13:00:00,25.39395
2022-05-08 14:00:00,24.086433333333332
2022-05-08 15:00:00,24.295433333333335
2022-05-08 16:00:00,23.82991666666667
2022-05-08 17:00:00,23.338633333333334
2022-05-08 18:00:00,22.977183333333336
2022-05-08 19:00:00,22.944483333333334
2022-05-08 20:00:00,22.733733333333337
2022-05-08 21:00:00,22.49663333333333
2022-05-08 22:00:00,22.391066666666667
2022-05-08 23:00:00,22.371966666666665
2022-05-09 00:00:00,22.5157
2022-05-09 01:00:00,22.582066666666666
2022-05-09 02:00:00,22.420166666666667
2022-05-09 03:00:00,22.3396
2022-05-09 04:00:00,22.398416666666666
2022-05-09 05:00:00,22.54915
2022-05-09 06:00:00,22.680433333333333
2022-05-09 07:00:00,23.009700000000002
2022-05-09 08:00:00,23.21806666666667
2022-05-09 09:00:00,23.404666666666667
2022-05-09 10:00:00,23.520016666666667
2022-05-09 11:00:00,24.618516666666665
2022-05-09 12:00:00,25.62645
2022-05-09 13:00:00,26.08491666666667
2022-05-09 14:00:00,25.886716666666665
2022-05-09 15:00:00,24.996516666666665
2022-05-09 16:00:00,24.901200000000003
2022-05-09 17:00:00,23.776783333333334
2022-05-09 18:00:00,23.089616666666664
2022-05-09 19:00:00,22.939016666666664
2022-05-09 20:00:00,22.966966666666668
2022-05-09 21:00:00,23.014133333333334
2022-05-09 22:00:00,22.928566666666665
2022-05-09 23:00:00,22.885516666666668
2022-05-10 00:00:00,22.7029
2022-05-10 01:00:00,22.715066666666665
2022-05-10 02:00:00,22.643616666666667
2022-05-10 03:00:00,22.6758
2022-05-10 04:00:00,22.62548333333333
2022-05-10 05:00:00,22.633866666666666
2022-05-10 06:00:00,22.664550000000002
2022-05-10 07:00:00,22.889316666666666
2022-05-10 08:00:00,23.186033333333334
2022-05-10 09:00:00,23.17256666666667
2022-05-10 10:00:00,23.15666666666667
2022-05-10 11:00:00,23.239866666666668
2022-05-10 12:00:00,23.05476666666667
2022-05-10 13:00:00,23.438066666666668
2022-05-10 14:00:00,23.568266666666666
2022-05-10 15:00:00,23.63586666666667
2022-05-10 16:00:00,23.6189
2022-05-10 17:00:00,23.677216666666666
2022-05-10 18:00:00,23.697666666666667
2022-05-10 19:00:00,23.705933333333334
2022-05-10 20:00:00,23.75375
2022-05-10 21:00:00,23.803566666666665
2022-05-10 22:00:00,23.932450000000003
2022-05-10 23:00:00,24.044449999999998
2022-05-11 00:00:00,24.09415
2022-05-11 01:00:00,24.10148333333333
2022-05-11 02:00:00,24.137566666666665
2022-05-11 03:00:00,24.207516666666667
2022-05-11 04:00:00,23.984699999999997
2022-05-11 05:00:00,23.1702
2022-05-11 06:00:00,22.859199999999998
2022-05-11 07:00:00,22.860916666666665
2022-05-11 08:00:00,23.10645
2022-05-11 09:00:00,23.3107
2022-05-11 10:00:00,23.412750000000003
2022-05-11 11:00:00,23.262966666666667
2022-05-11 12:00:00,23.337033333333334
2022-05-11 13:00:00,23.29911666666667
2022-05-11 14:00:00,23.520016666666667
2022-05-11 15:00:00,23.330550000000002
2022-05-11 16:00:00,22.991633333333333
2022-05-11 17:00:00,22.81448333333333
2022-05-11 18:00:00,22.8893
2022-05-11 19:00:00,22.98145
2022-05-11 20:00:00,23.1569
2022-05-11 21:00:00,23.263166666666667
2022-05-11 22:00:00,23.5571
2022-05-11 23:00:00,23.47955
2022-05-12 00:00:00,23.528366666666667
2022-05-12 01:00:00,23.257716666666667
2022-05-12 02:00:00,23.821133333333332
2022-05-12 03:00:00,23.83171666666667
2022-05-12 04:00:00,24.137516666666667
2022-05-12 05:00:00,24.547349999999998
2022-05-12 06:00:00,23.7787
2022-05-12 07:00:00,23.2312
2022-05-12 08:00:00,23.674116666666666
2022-05-12 09:00:00,23.883399999999998
2022-05-12 10:00:00,24.013016666666665
2022-05-12 11:00:00,24.261533333333333
2022-05-12 12:00:00,24.064866666666667
2022-05-12 13:00:00,24.5591
2022-05-12 14:00:00,24.67525
2022-05-12 15:00:00,24.646583333333336
2022-05-12 16:00:00,24.377333333333336
2022-05-12 17:00:00,24.246333333333332
2022-05-12 18:00:00,24.121399999999998
2022-05-12 19:00:00,24.152466666666665
2022-05-12 20:00:00,24.296049999999997
2022-05-12 21:00:00,24.270483333333335
2022-05-12 22:00:00,23.539716666666667
2022-05-12 23:00:00,23.959549999999997
2022-05-13 00:00:00,24.35346666666667
2022-05-13 01:00:00,24.665016666666666
2022-05-13 02:00:00,24.796733333333336
2022-05-13 03:00:00,24.706916666666665
2022-05-13 04:00:00,23.969783333333332
2022-05-13 05:00:00,24.07058333333333
2022-05-13 06:00:00,24.57045
2022-05-13 07:00:00,24.877200000000002
2022-05-13 08:00:00,24.902333333333335
2022-05-13 09:00:00,24.566133333333333
2022-05-13 10:00:00,24.631116666666667
2022-05-13 11:00:00,25.411566666666666
2022-05-13 12:00:00,26.434666666666665
2022-05-13 13:00:00,27.268583333333332
2022-05-13 14:00:00,26.284016666666666
2022-05-13 15:00:00,25.555349999999997
2022-05-13 16:00:00,24.969800000000003
2022-05-13 17:00:00,24.404016666666667
2022-05-13 18:00:00,24.060816666666664
2022-05-13 19:00:00,23.890483333333336
2022-05-13 20:00:00,23.495133333333335
2022-05-13 21:00:00,22.912783333333334
2022-05-13 22:00:00,22.883133333333333
2022-05-13 23:00:00,22.889583333333334
2022-05-14 00:00:00,22.994966666666667
2022-05-14 01:00:00,23.020233333333334
2022-05-14 02:00:00,23.101616666666665
2022-05-14 03:00:00,22.99093333333333
2022-05-14 04:00:00,22.959666666666667
2022-05-14 05:00:00,22.88425
2022-05-14 06:00:00,22.6843
2022-05-14 07:00:00,22.898883333333334
2022-05-14 08:00:00,23.054683333333333
2022-05-14 09:00:00,24.286066666666667
2022-05-14 10:00:00,23.905966666666664
2022-05-14 11:00:00,23.58045
2022-05-14 12:00:00,23.612916666666667
2022-05-14 13:00:00,23.355083333333333
2022-05-14 14:00:00,23.254933333333334
2022-05-14 15:00:00,22.9438
2022-05-14 16:00:00,22.745266666666666
2022-05-14 17:00:00,22.463716666666667
2022-05-14 18:00:00,22.33465
2022-05-14 19:00:00,22.327566666666666
2022-05-14 20:00:00,22.210733333333334
2022-05-14 21:00:00,22.0995
2022-05-14 22:00:00,21.969883333333332
2022-05-14 23:00:00,21.780683333333332
2022-05-15 00:00:00,21.59085
2022-05-15 01:00:00,21.48231666666667
2022-05-15 02:00:00,21.414966666666665
2022-05-15 03:00:00,21.21078333333333
2022-05-15 04:00:00,20.994516666666666
2022-05-15 05:00:00,20.875083333333336
2022-05-15 06:00:00,20.859550000000002
2022-05-15 07:00:00,20.7892
2022-05-15 08:00:00,20.576700000000002
2022-05-15 09:00:00,20.565333333333335
2022-05-15 10:00:00,20.21015
2022-05-15 11:00:00,20.544516666666667
2022-05-15 12:00:00,21.7311
2022-05-15 13:00:00,22.7057
2022-05-15 14:00:00,22.164350000000002
2022-05-15 15:00:00,21.55826666666667
2022-05-15 16:00:00,21.012833333333333
2022-05-15 17:00:00,20.320283333333336
2022-05-15 18:00:00,19.889083333333335
2022-05-15 19:00:00,19.934900000000003
2022-05-15 20:00:00,20.162983333333333
2022-05-15 21:00:00,19.895533333333333
2022-05-15 22:00:00,19.790983333333333
2022-05-15 23:00:00,19.579333333333334
2022-05-16 00:00:00,18.476166666666664
2022-05-16 01:00:00,17.859550000000002
2022-05-16 02:00:00,17.727433333333334
2022-05-16 03:00:00,17.7968
2022-05-16 04:00:00,17.843
2022-05-16 05:00:00,17.6433
2022-05-16 06:00:00,17.663733333333333
2022-05-16 07:00:00,17.492583333333336
2022-05-16 08:00:00,17.162483333333334
2022-05-16 09:00:00,17.272366666666667
2022-05-16 10:00:00,17.39475
2022-05-16 11:00:00,17.753249999999998
2022-05-16 12:00:00,18.100883333333332
2022-05-16 13:00:00,18.88276666666667
2022-05-16 14:00:00,19.56315
2022-05-16 15:00:00,19.079633333333334
2022-05-16 16:00:00,19.0568
2022-05-16 17:00:00,19.160533333333333
2022-05-16 18:00:00,18.894883333333333
2022-05-16 19:00:00,18.626116666666668
2022-05-16 20:00:00,18.54525
2022-05-16 21:00:00,18.577533333333335
2022-05-16 22:00:00,18.60008333333333
2022-05-16 23:00:00,18.3392
2022-05-17 00:00:00,18.12525
2022-05-17 01:00:00,17.9375
2022-05-17 02:00:00,17.915683333333334
2022-05-17 03:00:00,18.0912
2022-05-17 04:00:00,18.2045
2022-05-17 05:00:00,18.30415
2022-05-17 06:00:00,17.8603
2022-05-17 07:00:00,18.731816666666667
2022-05-17 08:00:00,20.17885
2022-05-17 09:00:00,22.893683333333335
2022-05-17 10:00:00,26.074633333333335
2022-05-17 11:00:00,27.407899999999998
2022-05-17 12:00:00,27.190116666666665
2022-05-17 13:00:00,25.495116666666668
2022-05-17 14:00:00,24.565366666666666
2022-05-17 15:00:00,23.677599999999998
2022-05-17 16:00:00,22.546366666666664
2022-05-17 17:00:00,21.175066666666666
2022-05-17 18:00:00,20.9601
2022-05-17 19:00:00,20.82743333333333
2022-05-17 20:00:00,21.010966666666665
2022-05-17 21:00:00,21.034166666666668
2022-05-17 22:00:00,21.014799999999997
2022-05-17 23:00:00,21.069383333333334
2022-05-18 00:00:00,20.87313333333333
2022-05-18 01:00:00,20.611533333333334
2022-05-18 02:00:00,20.51131666666667
2022-05-18 03:00:00,20.365850000000002
2022-05-18 04:00:00,20.18501666666667
2022-05-18 05:00:00,20.047700000000003
2022-05-18 06:00:00,20.58471666666667
2022-05-18 07:00:00,21.784299999999998
2022-05-18 08:00:00,23.622733333333333
2022-05-18 09:00:00,26.094983333333335
2022-05-18 10:00:00,25.9586
2022-05-18 11:00:00,25.747
2022-05-18 12:00:00,24.978183333333334
2022-05-18 13:00:00,24.741699999999998
2022-05-18 14:00:00,24.4515
2022-05-18 15:00:00,24.15985
2022-05-18 16:00:00,23.4024
2022-05-18 17:00:00,23.202833333333334
2022-05-18 18:00:00,22.636083333333332
2022-05-18 19:00:00,22.4173
2022-05-18 20:00:00,22.369733333333333
2022-05-18 21:00:00,22.29938333333333
2022-05-18 22:00:00,22.00025
2022-05-18 23:00:00,22.538700000000002
2022-05-19 00:00:00,22.453566666666667
2022-05-19 01:00:00,22.149333333333335
2022-05-19 02:00:00,21.96131666666667
2022-05-19 03:00:00,21.953833333333332
2022-05-19 04:00:00,22.03646666666667
2022-05-19 05:00:00,22.165816666666668
2022-05-19 06:00:00,22.448916666666666
2022-05-19 07:00:00,23.470266666666664
2022-05-19 08:00:00,24.668
2022-05-19 09:00:00,27.910500000000003
2022-05-19 10:00:00,26.352333333333334
2022-05-19 11:00:00,27.011883333333333
2022-05-19 12:00:00,28.2095
2022-05-19 13:00:00,27.76635
2022-05-19 14:00:00,26.64945
2022-05-19 15:00:00,26.11475
2022-05-19 16:00:00,25.040000000000003
2022-05-19 17:00:00,23.715433333333333
2022-05-19 18:00:00,23.2556
2022-05-19 19:00:00,22.891416666666665
2022-05-19 20:00:00,23.168316666666666
2022-05-19 21:00:00,22.996333333333332
2022-05-19 22:00:00,23.284433333333332
2022-05-19 23:00:00,23.360583333333334
2022-05-20 00:00:00,23.41185
2022-05-20 01:00:00,23.47938333333333
2022-05-20 02:00:00,23.29315
2022-05-20 03:00:00,23.08065
2022-05-20 04:00:00,22.92888333333333
2022-05-20 05:00:00,22.710266666666666
2022-05-20 06:00:00,22.978633333333335
2022-05-20 07:00:00,24.311733333333333
2022-05-20 08:00:00,26.07496666666667
2022-05-20 09:00:00,29.02085
2022-05-20 10:00:00,28.058966666666667
2022-05-20 11:00:00,27.61315
2022-05-20 12:00:00,27.648233333333334
2022-05-20 13:00:00,27.780133333333332
2022-05-20 14:00:00,27.107333333333333
2022-05-20 15:00:00,26.785416666666666
2022-05-20 16:00:00,26.1175
2022-05-20 17:00:00,25.023233333333334
2022-05-20 18:00:00,24.608366666666665
2022-05-20 19:00:00,24.186366666666668
2022-05-20 20:00:00,24.062266666666666
2022-05-20 21:00:00,23.738083333333336
2022-05-20 22:00:00,23.47286666666667
2022-05-20 23:00:00,23.304066666666664
2022-05-21 00:00:00,23.20831666666667
2022-05-21 01:00:00,23.055333333333333
2022-05-21 02:00:00,22.8137
2022-05-21 03:00:00,22.658900000000003
2022-05-21 04:00:00,22.79713333333333
2022-05-21 05:00:00,22.684433333333335
2022-05-21 06:00:00,22.903033333333333
2022-05-21 07:00:00,24.896733333333334
2022-05-21 08:00:00,26.428183333333333
2022-05-21 09:00:00,28.6663
2022-05-21 10:00:00,28.158066666666667
2022-05-21 11:00:00,28.1235
2022-05-21 12:00:00,27.89535
2022-05-21 13:00:00,27.576050000000002
2022-05-21 14:00:00,27.3313
2022-05-21 15:00:00,26.59146666666667
2022-05-21 16:00:00,25.745933333333333
2022-05-21 17:00:00,25.154166666666665
2022-05-21 18:00:00,24.406766666666666
2022-05-21 19:00:00,24.0376
2022-05-21 20:00:00,23.8621
2022-05-21 21:00:00,23.891566666666666
2022-05-21 22:00:00,23.720216666666666
2022-05-21 23:00:00,23.669416666666667
2022-05-22 00:00:00,23.411816666666667
2022-05-22 01:00:00,22.99576666666667
2022-05-22 02:00:00,22.741283333333335
2022-05-22 03:00:00,22.69748333333333
2022-05-22 04:00:00,22.622683333333335
2022-05-22 05:00:00,22.577783333333333
2022-05-22 06:00:00,22.536350000000002
2022-05-22 07:00:00,22.6399
2022-05-22 08:00:00,22.809833333333334
2022-05-22 09:00:00,22.803683333333332
2022-05-22 10:00:00,22.776666666666664
2022-05-22 11:00:00,22.909233333333336
2022-05-22 12:00:00,23.393766666666668
2022-05-22 13:00:00,23.484050000000003
2022-05-22 14:00:00,23.707716666666666
2022-05-22 15:00:00,23.6921
2022-05-22 16:00:00,23.625600000000002
2022-05-22 17:00:00,23.356083333333334
2022-05-22 18:00:00,23.18776666666667
2022-05-22 19:00:00,22.990366666666667
2022-05-22 20:00:00,22.953916666666665
2022-05-22 21:00:00,22.932333333333336
2022-05-22 22:00:00,22.803716666666666
2022-05-22 23:00:00,22.788866666666664
2022-05-23 00:00:00,22.69161666666667
2022-05-23 01:00:00,22.51725
2022-05-23 02:00:00,22.333816666666667
2022-05-23 03:00:00,21.877316666666665
2022-05-23 04:00:00,21.79615
2022-05-23 05:00:00,21.754966666666668
2022-05-23 06:00:00,21.71505
2022-05-23 07:00:00,21.673516666666668
2022-05-23 08:00:00,21.673416666666665
2022-05-23 09:00:00,21.796733333333336
2022-05-23 10:00:00,21.938
2022-05-23 11:00:00,22.08465
2022-05-23 12:00:00,22.328266666666664
2022-05-23 13:00:00,22.585416666666667
2022-05-23 14:00:00,22.80841666666667
2022-05-23 15:00:00,22.835816666666666
2022-05-23 16:00:00,22.806083333333333
2022-05-23 17:00:00,22.742483333333332
2022-05-23 18:00:00,22.713766666666668
2022-05-23 19:00:00,22.607466666666667
2022-05-23 20:00:00,22.62365
2022-05-23 21:00:00,22.665016666666666
2022-05-23 22:00:00,22.685316666666665
2022-05-23 23:00:00,22.696199999999997
2022-05-24 00:00:00,22.702833333333334
2022-05-24 01:00:00,22.631483333333335
2022-05-24 02:00:00,22.45975
2022-05-24 03:00:00,22.41955
2022-05-24 04:00:00,22.47458333333333
2022-05-24 05:00:00,22.488966666666666
2022-05-24 06:00:00,22.491783333333334
2022-05-24 07:00:00,22.528333333333332
2022-05-24 08:00:00,22.59348333333333
2022-05-24 09:00:00,22.72686666666667
2022-05-24 10:00:00,22.871033333333333
2022-05-24 11:00:00,22.94595
2022-05-24 12:00:00,22.865216666666665
2022-05-24 13:00:00,22.9776
2022-05-24 14:00:00,22.931216666666668
2022-05-24 15:00:00,22.747200000000003
2022-05-24 16:00:00,22.904049999999998
2022-05-24 17:00:00,22.97175
2022-05-24 18:00:00,22.996
2022-05-24 19:00:00,23.160633333333333
2022-05-24 20:00:00,23.106833333333334
2022-05-24 21:00:00,23.18413333333333
2022-05-24 22:00:00,23.156383333333334
2022-05-24 23:00:00,23.035500000000003
2022-05-25 00:00:00,22.789083333333334
2022-05-25 01:00:00,22.656066666666668
2022-05-25 02:00:00,22.646583333333336
2022-05-25 03:00:00,22.5705
2022-05-25 04:00:00,22.62405
2022-05-25 05:00:00,22.59685
2022-05-25 06:00:00,22.6379
2022-05-25 07:00:00,22.714766666666666
2022-05-25 08:00:00,22.993916666666667
2022-05-25 09:00:00,23.143383333333336
2022-05-25 10:00:00,23.453983333333333
2022-05-25 11:00:00,23.82885
2022-05-25 12:00:00,24.172916666666666
2022-05-25 13:00:00,25.207366666666665
2022-05-25 14:00:00,25.099933333333336
2022-05-25 15:00:00,24.635566666666666
2022-05-25 16:00:00,24.249416666666665
2022-05-25 17:00:00,23.98465
2022-05-25 18:00:00,23.745083333333334
2022-05-25 19:00:00,23.7513
2022-05-25 20:00:00,23.843016666666664
2022-05-25 21:00:00,23.990066666666667
2022-05-25 22:00:00,24.020066666666665
2022-05-25 23:00:00,24.014416666666666
2022-05-26 00:00:00,23.990383333333334
2022-05-26 01:00:00,23.976133333333333
2022-05-26 02:00:00,23.935133333333333
2022-05-26 03:00:00,23.931050000000003
2022-05-26 04:00:00,23.96605
2022-05-26 05:00:00,23.943716666666667
2022-05-26 06:00:00,23.8083
2022-05-26 07:00:00,24.010616666666667
2022-05-26 08:00:00,24.288183333333333
2022-05-26 09:00:00,24.447133333333333
2022-05-26 10:00:00,24.85455
2022-05-26 11:00:00,24.952683333333333
2022-05-26 12:00:00,25.200833333333332
2022-05-26 13:00:00,25.65485
2022-05-26 14:00:00,24.72755
2022-05-26 15:00:00,24.572016666666666
2022-05-26 16:00:00,24.673166666666663
2022-05-26 17:00:00,24.571416666666668
2022-05-26 18:00:00,24.59398333333333
2022-05-26 19:00:00,24.557816666666668
2022-05-26 20:00:00,24.462466666666668
2022-05-26 21:00:00,24.602966666666667
2022-05-26 22:00:00,24.658133333333335
2022-05-26 23:00:00,24.521366666666665
2022-05-27 00:00:00,24.4683
2022-05-27 01:00:00,24.3753
2022-05-27 02:00:00,24.469333333333335
2022-05-27 03:00:00,24.59733333333333
2022-05-27 04:00:00,24.559883333333335
2022-05-27 05:00:00,24.519516666666668
2022-05-27 06:00:00,24.68365
2022-05-27 07:00:00,24.919283333333333
2022-05-27 08:00:00,25.330816666666667
2022-05-27 09:00:00,25.765516666666667
2022-05-27 10:00:00,26.544500000000003
2022-05-27 11:00:00,26.513416666666668
2022-05-27 12:00:00,26.2847
2022-05-27 13:00:00,26.543816666666665
2022-05-27 14:00:00,26.485366666666668
2022-05-27 15:00:00,26.796866666666666
2022-05-27 16:00:00,26.382383333333333
2022-05-27 17:00:00,26.182633333333335
2022-05-27 18:00:00,25.913416666666667
2022-05-27 19:00:00,25.821666666666665
2022-05-27 20:00:00,25.753533333333333
2022-05-27 21:00:00,25.64356666666667
2022-05-27 22:00:00,25.5201
2022-05-27 23:00:00,25.50361666666667
2022-05-28 00:00:00,25.440316666666668
2022-05-28 01:00:00,25.259166666666665
2022-05-28 02:00:00,25.1955
2022-05-28 03:00:00,25.2088
2022-05-28 04:00:00,25.184216666666664
2022-05-28 05:00:00,25.113016666666667
2022-05-28 06:00:00,25.3394
2022-05-28 07:00:00,26.0349
2022-05-28 08:00:00,27.877033333333333
2022-05-28 09:00:00,28.642
2022-05-28 10:00:00,29.3258
2022-05-28 11:00:00,29.67298333333333
2022-05-28 12:00:00,29.81265
2022-05-28 13:00:00,29.105866666666667
2022-05-28 14:00:00,28.37405
2022-05-28 15:00:00,28.16025
2022-05-28 16:00:00,27.745633333333334
2022-05-28 17:00:00,27.133
2022-05-28 18:00:00,26.629466666666666
2022-05-28 19:00:00,26.494016666666667
2022-05-28 20:00:00,26.362199999999998
2022-05-28 21:00:00,26.215666666666667
2022-05-28 22:00:00,26.2905
2022-05-28 23:00:00,26.12145
2022-05-29 00:00:00,25.854283333333335
2022-05-29 01:00:00,25.866366666666668
2022-05-29 02:00:00,25.813466666666667
2022-05-29 03:00:00,25.849483333333335
2022-05-29 04:00:00,25.815833333333334
2022-05-29 05:00:00,25.80835
2022-05-29 06:00:00,26.08945
2022-05-29 07:00:00,27.899333333333335
2022-05-29 08:00:00,28.953466666666667
2022-05-29 09:00:00,28.781383333333334
2022-05-29 10:00:00,29.602683333333335
2022-05-29 11:00:00,30.509633333333333
2022-05-29 12:00:00,30.801733333333335
2022-05-29 13:00:00,30.73025
2022-05-29 14:00:00,30.794316666666667
2022-05-29 15:00:00,29.855116666666667
2022-05-29 16:00:00,28.460050000000003
2022-05-29 17:00:00,27.529083333333332
2022-05-29 18:00:00,26.974516666666666
2022-05-29 19:00:00,26.412483333333334
2022-05-29 20:00:00,25.91125
2022-05-29 21:00:00,26.0273
2022-05-29 22:00:00,25.965333333333334
2022-05-29 23:00:00,25.672483333333332
2022-05-30 00:00:00,25.689166666666665
2022-05-30 01:00:00,25.785733333333333
2022-05-30 02:00:00,25.712316666666666
2022-05-30 03:00:00,25.81863333333333
2022-05-30 04:00:00,25.737099999999998
2022-05-30 05:00:00,25.698866666666667
2022-05-30 06:00:00,25.9701
2022-05-30 07:00:00,26.448800000000002
2022-05-30 08:00:00,26.606749999999998
2022-05-30 09:00:00,27.711133333333333
2022-05-30 10:00:00,29.439183333333336
2022-05-30 11:00:00,28.292016666666665
2022-05-30 12:00:00,27.84603333333333
2022-05-30 13:00:00,28.920066666666667
2022-05-30 14:00:00,29.74645
2022-05-30 15:00:00,29.136599999999998
2022-05-30 16:00:00,28.745083333333334
2022-05-30 17:00:00,27.857016666666667
2022-05-30 18:00:00,27.049500000000002
2022-05-30 19:00:00,26.260983333333336
2022-05-30 20:00:00,25.813049999999997
2022-05-30 21:00:00,25.702133333333332
2022-05-30 22:00:00,25.705466666666666
2022-05-30 23:00:00,25.602716666666666
2022-05-31 00:00:00,25.613566666666667
2022-05-31 01:00:00,25.471216666666667
2022-05-31 02:00:00,25.20175
2022-05-31 03:00:00,25.17245
2022-05-31 04:00:00,25.607066666666665
2022-05-31 05:00:00,25.63498333333333
2022-05-31 06:00:00,26.015483333333336
2022-05-31 07:00:00,27.943766666666665
2022-05-31 08:00:00,29.492366666666666
2022-05-31 09:00:00,30.49458333333333
2022-05-31 10:00:00,30.16601754385965
2022-05-31 11:00:00,27.598183333333335
2022-05-31 12:00:00,25.144983333333336
2022-05-31 13:00:00,26.288233333333334
2022-05-31 14:00:00,26.790399999999998
2022-05-31 15:00:00,26.63525
2022-05-31 16:00:00,26.49226666666667
2022-05-31 17:00:00,26.53845
2022-05-31 18:00:00,26.12568333333333
2022-05-31 19:00:00,25.388666666666666
2022-05-31 20:00:00,25.465833333333332
2022-05-31 21:00:00,25.51993333333333
2022-05-31 22:00:00,25.53578333333333
2022-05-31 23:00:00,25.5633
2022-06-01 00:00:00,25.6348
2022-06-01 01:00:00,25.7178
2022-06-01 02:00:00,25.83331666666667
2022-06-01 03:00:00,25.882866666666665
2022-06-01 04:00:00,25.86691666666667
2022-06-01 05:00:00,25.713666666666665
2022-06-01 06:00:00,25.674466666666667
2022-06-01 07:00:00,26.11335
2022-06-01 08:00:00,28.001533333333334
2022-06-01 09:00:00,29.777083333333334
2022-06-01 10:00:00,30.00785
2022-06-01 11:00:00,29.852483333333335
2022-06-01 12:00:00,29.47508333333333
2022-06-01 13:00:00,29.805416666666666
2022-06-01 14:00:00,28.855966666666667
2022-06-01 15:00:00,28.417550000000002
2022-06-01 16:00:00,28.09025
2022-06-01 17:00:00,27.335216666666668
2022-06-01 18:00:00,27.05855
2022-06-01 19:00:00,26.85115
2022-06-01 20:00:00,26.819666666666667
2022-06-01 21:00:00,26.77065
2022-06-01 22:00:00,26.6675
2022-06-01 23:00:00,26.603883333333332
2022-06-02 00:00:00,26.643349999999998
2022-06-02 01:00:00,26.6755
2022-06-02 02:00:00,25.999416666666665
2022-06-02 03:00:00,26.018733333333333
2022-06-02 04:00:00,25.18003333333333
2022-06-02 05:00:00,24.76495
2022-06-02 06:00:00,25.221416666666666
2022-06-02 07:00:00,26.41355
2022-06-02 08:00:00,28.218566666666668
2022-06-02 09:00:00,29.450133333333333
2022-06-02 10:00:00,29.453333333333333
2022-06-02 11:00:00,29.052633333333333
2022-06-02 12:00:00,29.321183333333334
2022-06-02 13:00:00,28.629483333333333
2022-06-02 14:00:00,28.171049999999997
2022-06-02 15:00:00,27.91765
2022-06-02 16:00:00,28.170183333333334
2022-06-02 17:00:00,27.94226666666667
2022-06-02 18:00:00,27.6055
2022-06-02 19:00:00,27.38951666666667
2022-06-02 20:00:00,27.066333333333333
2022-06-02 21:00:00,26.9628
2022-06-02 22:00:00,26.869899999999998
2022-06-02 23:00:00,26.918666666666663
2022-06-03 00:00:00,26.839916666666667
2022-06-03 01:00:00,26.704433333333334
2022-06-03 02:00:00,26.50201666666667
2022-06-03 03:00:00,26.31725
2022-06-03 04:00:00,25.909766666666666
2022-06-03 05:00:00,26.275016666666666
2022-06-03 06:00:00,26.36006666666667
2022-06-03 07:00:00,27.213466666666665
2022-06-03 08:00:00,28.174866666666667
2022-06-03 09:00:00,28.297933333333333
2022-06-03 10:00:00,28.976
2022-06-03 11:00:00,29.060166666666664
2022-06-03 12:00:00,28.59961666666667
2022-06-03 13:00:00,28.699716666666667
2022-06-03 14:00:00,28.18285
2022-06-03 15:00:00,28.35435
2022-06-03 16:00:00,27.684116666666668
2022-06-03 17:00:00,27.720066666666664
2022-06-03 18:00:00,27.443550000000002
2022-06-03 19:00:00,27.4361
2022-06-03 20:00:00,27.31001666666667
2022-06-03 21:00:00,27.19588333333333
2022-06-03 22:00:00,27.22298333333333
2022-06-03 23:00:00,26.86315
2022-06-04 00:00:00,26.964733333333335
2022-06-04 01:00:00,26.83673333333333
2022-06-04 02:00:00,26.374066666666668
2022-06-04 03:00:00,26.36165
2022-06-04 04:00:00,26.45765
2022-06-04 05:00:00,26.2618
2022-06-04 06:00:00,26.689416666666666
2022-06-04 07:00:00,27.945383333333332
2022-06-04 08:00:00,28.402516666666667
2022-06-04 09:00:00,29.22148333333333
2022-06-04 10:00:00,29.334116666666667
2022-06-04 11:00:00,30.047283333333333
2022-06-04 12:00:00,29.863366666666664
2022-06-04 13:00:00,29.145533333333333
2022-06-04 14:00:00,29.846349999999997
2022-06-04 15:00:00,29.67748333333333
2022-06-04 16:00:00,28.782633333333333
2022-06-04 17:00:00,28.119083333333332
2022-06-04 18:00:00,27.671883333333334
2022-06-04 19:00:00,27.376266666666666
2022-06-04 20:00:00,27.304333333333332
2022-06-04 21:00:00,26.780283333333333
2022-06-04 22:00:00,26.775866666666666
2022-06-04 23:00:00,26.9763
2022-06-05 00:00:00,27.032566666666664
2022-06-05 01:00:00,27.020416666666666
2022-06-05 02:00:00,27.054366666666667
2022-06-05 03:00:00,27.008399999999998
2022-06-05 04:00:00,27.115783333333336
2022-06-05 05:00:00,27.060766666666666
2022-06-05 06:00:00,27.080883333333336
2022-06-05 07:00:00,27.98776666666667
2022-06-05 08:00:00,28.36733333333333
2022-06-05 09:00:00,28.84575
2022-06-05 10:00:00,29.565150000000003
2022-06-05 11:00:00,30.081799999999998
2022-06-05 12:00:00,29.933033333333334
2022-06-05 13:00:00,30.202516666666668
2022-06-05 14:00:00,30.152033333333335
2022-06-05 15:00:00,30.58536666666667
2022-06-05 16:00:00,29.5756
2022-06-05 17:00:00,28.721016666666667
2022-06-05 18:00:00,28.1251
2022-06-05 19:00:00,27.684433333333335
2022-06-05 20:00:00,27.630616666666665
2022-06-05 21:00:00,27.6755
2022-06-05 22:00:00,27.466633333333334
2022-06-05 23:00:00,27.264816666666665
2022-06-06 00:00:00,27.17635
2022-06-06 01:00:00,27.09615
2022-06-06 02:00:00,27.202650000000002
2022-06-06 03:00:00,27.2011
2022-06-06 04:00:00,27.195
2022-06-06 05:00:00,26.425766666666668
2022-06-06 06:00:00,26.65735
2022-06-06 07:00:00,28.282249999999998
2022-06-06 08:00:00,28.699099999999998
2022-06-06 09:00:00,26.7766
2022-06-06 10:00:00,28.601433333333333
2022-06-06 11:00:00,28.969066666666667
2022-06-06 12:00:00,29.463866666666668
2022-06-06 13:00:00,27.027416666666667
2022-06-06 14:00:00,26.678099999999997
2022-06-06 15:00:00,26.580533333333335
2022-06-06 16:00:00,27.03326666666667
2022-06-06 17:00:00,27.362483333333333
2022-06-06 18:00:00,26.585416666666667
2022-06-06 19:00:00,26.276266666666668
2022-06-06 20:00:00,26.665533333333332
2022-06-06 21:00:00,26.784583333333334
2022-06-06 22:00:00,26.602416666666667
2022-06-06 23:00:00,26.5135
2022-06-07 00:00:00,26.458733333333335
2022-06-07 01:00:00,26.603116666666665
2022-06-07 02:00:00,26.443033333333336
2022-06-07 03:00:00,26.408216666666664
2022-06-07 04:00:00,26.571066666666663
2022-06-07 05:00:00,25.9024
2022-06-07 06:00:00,25.25361666666667
2022-06-07 07:00:00,25.04283333333333
2022-06-07 08:00:00,25.606883333333332
2022-06-07 09:00:00,26.258316666666666
2022-06-07 10:00:00,27.8782
2022-06-07 11:00:00,28.65935
2022-06-07 12:00:00,26.160566666666668
2022-06-07 13:00:00,26.93006666666667
2022-06-07 14:00:00,26.89783333333333
2022-06-07 15:00:00,26.86006666666667
2022-06-07 16:00:00,27.002266666666667
2022-06-07 17:00:00,27.077583333333333
2022-06-07 18:00:00,25.870016666666668
2022-06-07 19:00:00,25.237866666666665
2022-06-07 20:00:00,24.01626666666667
2022-06-07 21:00:00,23.651233333333334
2022-06-07 22:00:00,23.768316666666667
2022-06-07 23:00:00,23.703950000000003
2022-06-08 00:00:00,23.580083333333334
2022-06-08 01:00:00,23.539716666666667
2022-06-08 02:00:00,23.692183333333332
2022-06-08 03:00:00,23.855933333333333
2022-06-08 04:00:00,24.047816666666666
2022-06-08 05:00:00,24.223433333333332
2022-06-08 06:00:00,24.458933333333334
2022-06-08 07:00:00,24.679083333333335
2022-06-08 08:00:00,24.764866666666666
2022-06-08 09:00:00,25.00595
2022-06-08 10:00:00,24.748716666666667
2022-06-08 11:00:00,24.518433333333334
2022-06-08 12:00:00,24.079433333333334
2022-06-08 13:00:00,24.093583333333335
2022-06-08 14:00:00,24.337583333333335
2022-06-08 15:00:00,24.885733333333334
2022-06-08 16:00:00,23.748350000000002
2022-06-08 17:00:00,24.0153
2022-06-08 18:00:00,23.919533333333334
2022-06-08 19:00:00,23.831533333333333
2022-06-08 20:00:00,23.974800000000002
2022-06-08 21:00:00,24.126250000000002
2022-06-08 22:00:00,24.236666666666668
2022-06-08 23:00:00,24.142933333333335
2022-06-09 00:00:00,24.21826666666667
2022-06-09 01:00:00,24.377333333333333
2022-06-09 02:00:00,24.383883333333333
2022-06-09 03:00:00,24.3581
2022-06-09 04:00:00,24.241716666666665
2022-06-09 05:00:00,24.284716666666668
2022-06-09 06:00:00,24.819633333333336
2022-06-09 07:00:00,25.690716666666667
2022-06-09 08:00:00,25.7011
2022-06-09 09:00:00,25.6724
2022-06-09 10:00:00,24.7334
2022-06-09 11:00:00,24.50273333333333
2022-06-09 12:00:00,25.43048333333333
2022-06-09 13:00:00,25.24965
2022-06-09 14:00:00,24.736666666666668
2022-06-09 15:00:00,24.534516666666665
2022-06-09 16:00:00,24.721433333333334
2022-06-09 17:00:00,25.01418333333333
2022-06-09 18:00:00,25.19558333333333
2022-06-09 19:00:00,25.438683333333334
2022-06-09 20:00:00,25.508066666666664
2022-06-09 21:00:00,25.702716666666667
2022-06-09 22:00:00,25.210916666666666
2022-06-09 23:00:00,24.808983333333334
2022-06-10 00:00:00,23.575433333333333
2022-06-10 01:00:00,23.810316666666665
2022-06-10 02:00:00,24.181716666666667
2022-06-10 03:00:00,24.404049999999998
2022-06-10 04:00:00,24.60696666666667
2022-06-10 05:00:00,24.54051666666667
2022-06-10 06:00:00,24.62415
2022-06-10 07:00:00,24.479583333333334
2022-06-10 08:00:00,25.008033333333334
2022-06-10 09:00:00,25.74706666666667
2022-06-10 10:00:00,25.012366666666665
2022-06-10 11:00:00,24.515016666666668
2022-06-10 12:00:00,25.36481666666667
2022-06-10 13:00:00,25.19425
2022-06-10 14:00:00,25.573249999999998
2022-06-10 15:00:00,26.348650000000003
2022-06-10 16:00:00,25.803166666666666
2022-06-10 17:00:00,25.5787
2022-06-10 18:00:00,25.328533333333333
2022-06-10 19:00:00,25.1011
2022-06-10 20:00:00,25.077816666666667
2022-06-10 21:00:00,25.10385
2022-06-10 22:00:00,25.0453
2022-06-10 23:00:00,25.122933333333332
2022-06-11 00:00:00,25.1297
2022-06-11 01:00:00,25.19285
2022-06-11 02:00:00,25.147916666666667
2022-06-11 03:00:00,24.800349999999998
2022-06-11 04:00:00,24.525866666666666
2022-06-11 05:00:00,24.49748333333333
2022-06-11 06:00:00,24.563
2022-06-11 07:00:00,24.197883333333333
2022-06-11 08:00:00,24.517083333333336
2022-06-11 09:00:00,25.448533333333334
2022-06-11 10:00:00,26.429983333333332
2022-06-11 11:00:00,27.021
2022-06-11 12:00:00,26.557666666666666
2022-06-11 13:00:00,25.930616666666666
2022-06-11 14:00:00,26.454083333333337
2022-06-11 15:00:00,25.659716666666668
2022-06-11 16:00:00,25.5014
2022-06-11 17:00:00,25.529633333333333
2022-06-11 18:00:00,25.3935
2022-06-11 19:00:00,25.267066666666665
2022-06-11 20:00:00,25.2149
2022-06-11 21:00:00,25.040666666666667
2022-06-11 22:00:00,25.170183333333334
2022-06-11 23:00:00,25.220983333333333
2022-06-12 00:00:00,25.0898
2022-06-12 01:00:00,24.970666666666666
2022-06-12 02:00:00,24.883249999999997
2022-06-12 03:00:00,25.204733333333333
2022-06-12 04:00:00,25.37525
2022-06-12 05:00:00,25.881716666666666
2022-06-12 06:00:00,26.031816666666664
2022-06-12 07:00:00,26.291983333333334
2022-06-12 08:00:00,26.5875
2022-06-12 09:00:00,27.269099999999998
2022-06-12 10:00:00,27.558083333333336
2022-06-12 11:00:00,27.475216666666665
2022-06-12 12:00:00,27.316283333333335
2022-06-12 13:00:00,28.214616666666664
2022-06-12 14:00:00,28.6861
2022-06-12 15:00:00,28.303083333333333
2022-06-12 16:00:00,28.265616666666666
2022-06-12 17:00:00,27.96395
2022-06-12 18:00:00,27.57743333333333
2022-06-12 19:00:00,27.27091666666667
2022-06-12 20:00:00,27.234316666666665
2022-06-12 21:00:00,27.108766666666668
2022-06-12 22:00:00,26.85571666666667
2022-06-12 23:00:00,26.88965
2022-06-13 00:00:00,26.83376666666667
2022-06-13 01:00:00,26.689700000000002
2022-06-13 02:00:00,26.614250000000002
2022-06-13 03:00:00,26.599249999999998
2022-06-13 04:00:00,26.581200000000003
2022-06-13 05:00:00,26.55228333333333
2022-06-13 06:00:00,26.7237
2022-06-13 07:00:00,27.66145
2022-06-13 08:00:00,28.379166666666666
2022-06-13 09:00:00,28.884166666666665
2022-06-13 10:00:00,29.377316666666665
2022-06-13 11:00:00,29.05275
2022-06-13 12:00:00,29.1933
2022-06-13 13:00:00,28.992916666666666
2022-06-13 14:00:00,29.181433333333334
2022-06-13 15:00:00,28.9921
2022-06-13 16:00:00,28.190966666666668
2022-06-13 17:00:00,28.012983333333334
2022-06-13 18:00:00,27.74535
2022-06-13 19:00:00,27.53145
2022-06-13 20:00:00,27.548783333333333
2022-06-13 21:00:00,27.465483333333335
2022-06-13 22:00:00,27.410916666666665
2022-06-13 23:00:00,27.25685
2022-06-14 00:00:00,27.18048333333333
2022-06-14 01:00:00,27.0211
2022-06-14 02:00:00,26.934383333333336
2022-06-14 03:00:00,26.896166666666666
2022-06-14 04:00:00,26.6069
2022-06-14 05:00:00,26.63525
2022-06-14 06:00:00,26.736266666666666
2022-06-14 07:00:00,27.436383333333332
2022-06-14 08:00:00,28.253766666666664
2022-06-14 09:00:00,28.031616666666665
2022-06-14 10:00:00,27.621
2022-06-14 11:00:00,26.7258
2022-06-14 12:00:00,27.120216666666668
2022-06-14 13:00:00,27.545283333333334
2022-06-14 14:00:00,26.440716666666667
2022-06-14 15:00:00,25.158866666666665
2022-06-14 16:00:00,24.425966666666667
2022-06-14 17:00:00,25.1312
2022-06-14 18:00:00,25.2423
2022-06-14 19:00:00,24.750983333333334
2022-06-14 20:00:00,23.885983333333336
2022-06-14 21:00:00,23.907916666666665
2022-06-14 22:00:00,24.06425
2022-06-14 23:00:00,23.897
2022-06-15 00:00:00,23.88955
2022-06-15 01:00:00,23.771933333333333
2022-06-15 02:00:00,23.76741666666667
2022-06-15 03:00:00,23.7944
2022-06-15 04:00:00,23.792316666666668
2022-06-15 05:00:00,23.9591
2022-06-15 06:00:00,24.030700000000003
2022-06-15 07:00:00,24.802566666666667
2022-06-15 08:00:00,25.25838333333333
2022-06-15 09:00:00,26.199216666666665
2022-06-15 10:00:00,27.06223333333333
2022-06-15 11:00:00,27.2794
2022-06-15 12:00:00,27.950049999999997
2022-06-15 13:00:00,28.448416666666667
2022-06-15 14:00:00,28.849783333333335
2022-06-15 15:00:00,28.202116666666665
2022-06-15 16:00:00,27.4006
2022-06-15 17:00:00,26.462583333333335
2022-06-15 18:00:00,25.56
2022-06-15 19:00:00,24.690983333333335
2022-06-15 20:00:00,25.274333333333335
2022-06-15 21:00:00,23.1609
2022-06-15 22:00:00,22.8889
2022-06-15 23:00:00,22.920166666666667
2022-06-16 00:00:00,22.916216666666667
2022-06-16 01:00:00,23.127916666666668
2022-06-16 02:00:00,23.2285
2022-06-16 03:00:00,23.096416666666666
2022-06-16 04:00:00,23.34095
2022-06-16 05:00:00,23.29961666666667
2022-06-16 06:00:00,23.46135
2022-06-16 07:00:00,24.160633333333333
2022-06-16 08:00:00,24.7222
2022-06-16 09:00:00,25.758433333333336
2022-06-16 10:00:00,25.13065
2022-06-16 11:00:00,26.93975
2022-06-16 12:00:00,28.78441666666667
2022-06-16 13:00:00,28.885316666666665
2022-06-16 14:00:00,29.184783333333332
2022-06-16 15:00:00,28.75568333333333
2022-06-16 16:00:00,28.245
2022-06-16 17:00:00,27.509483333333332
2022-06-16 18:00:00,27.25003333333333
2022-06-16 19:00:00,26.859750000000002
2022-06-16 20:00:00,26.86528333333333
2022-06-16 21:00:00,26.83696666666667
2022-06-16 22:00:00,26.831416666666666
2022-06-16 23:00:00,26.78555
2022-06-17 00:00:00,26.59055
2022-06-17 01:00:00,26.173983333333336
2022-06-17 02:00:00,26.039816666666663
2022-06-17 03:00:00,26.005100000000002
2022-06-17 04:00:00,26.19336666666667
2022-06-17 05:00:00,26.1322
2022-06-17 06:00:00,26.334383333333335
2022-06-17 07:00:00,26.700216666666666
2022-06-17 08:00:00,28.35325
2022-06-17 09:00:00,29.249233333333333
2022-06-17 10:00:00,29.325216666666666
2022-06-17 11:00:00,27.957516666666667
2022-06-17 12:00:00,28.13658333333333
2022-06-17 13:00:00,28.96718333333333
2022-06-17 14:00:00,29.748350000000002
2022-06-17 15:00:00,28.96101666666667
2022-06-17 16:00:00,28.317416666666666
2022-06-17 17:00:00,27.64561666666667
2022-06-17 18:00:00,27.492866666666664
2022-06-17 19:00:00,27.061366666666668
2022-06-17 20:00:00,26.98593333333333
2022-06-17 21:00:00,26.921083333333335
2022-06-17 22:00:00,26.867399999999996
2022-06-17 23:00:00,26.594216666666668
2022-06-18 00:00:00,26.42315
2022-06-18 01:00:00,26.12656666666667
2022-06-18 02:00:00,26.246699999999997
2022-06-18 03:00:00,26.347649999999998
2022-06-18 04:00:00,26.436449999999997
2022-06-18 05:00:00,26.400616666666668
2022-06-18 06:00:00,26.545
2022-06-18 07:00:00,26.96155
2022-06-18 08:00:00,27.115650000000002
2022-06-18 09:00:00,27.615583333333333
2022-06-18 10:00:00,27.63181666666667
2022-06-18 11:00:00,27.898433333333333
2022-06-18 12:00:00,28.06768333333333
2022-06-18 13:00:00,28.135683333333336
2022-06-18 14:00:00,27.888849999999998
2022-06-18 15:00:00,27.728666666666665
2022-06-18 16:00:00,27.639083333333335
2022-06-18 17:00:00,27.598566666666667
2022-06-18 18:00:00,27.380999999999997
2022-06-18 19:00:00,26.96085
2022-06-18 20:00:00,26.875866666666663
2022-06-18 21:00:00,26.8369
2022-06-18 22:00:00,26.904783333333334
2022-06-18 23:00:00,26.708266666666667
2022-06-19 00:00:00,26.64966666666667
2022-06-19 01:00:00,26.6432
2022-06-19 02:00:00,26.58566666666667
2022-06-19 03:00:00,26.636183333333335
2022-06-19 04:00:00,26.68163333333333
2022-06-19 05:00:00,26.823516666666666
2022-06-19 06:00:00,27.110433333333333
2022-06-19 07:00:00,27.698766666666664
2022-06-19 08:00:00,27.90426666666667
2022-06-19 09:00:00,27.93295
2022-06-19 10:00:00,28.284766666666666
2022-06-19 11:00:00,28.1987
2022-06-19 12:00:00,28.891816666666667
2022-06-19 13:00:00,29.08963333333333
2022-06-19 14:00:00,28.838083333333334
2022-06-19 15:00:00,28.271549999999998
2022-06-19 16:00:00,27.5216
2022-06-19 17:00:00,27.576233333333334
2022-06-19 18:00:00,27.42395
2022-06-19 19:00:00,27.14225
2022-06-19 20:00:00,27.042916666666667
2022-06-19 21:00:00,26.95805
2022-06-19 22:00:00,26.902833333333334
2022-06-19 23:00:00,26.927683333333334
2022-06-20 00:00:00,26.6841
2022-06-20 01:00:00,26.642083333333336
2022-06-20 02:00:00,26.295466666666666
2022-06-20 03:00:00,26.298949999999998
2022-06-20 04:00:00,26.5005
2022-06-20 05:00:00,26.596283333333336
2022-06-20 06:00:00,26.95095
2022-06-20 07:00:00,27.548233333333332
2022-06-20 08:00:00,28.03095
2022-06-20 09:00:00,28.948116666666667
2022-06-20 10:00:00,28.465066666666665
2022-06-20 11:00:00,28.325699999999998
2022-06-20 12:00:00,28.43115
2022-06-20 13:00:00,28.362683333333333
2022-06-20 14:00:00,28.416366666666665
2022-06-20 15:00:00,28.405783333333332
2022-06-20 16:00:00,28.298283333333334
2022-06-20 17:00:00,27.897533333333335
2022-06-20 18:00:00,27.694133333333333
2022-06-20 19:00:00,27.240650000000002
2022-06-20 20:00:00,27.10803333333333
2022-06-20 21:00:00,26.88201666666667
2022-06-20 22:00:00,26.96075
2022-06-20 23:00:00,26.91035
2022-06-21 00:00:00,26.91555
2022-06-21 01:00:00,26.784733333333335
2022-06-21 02:00:00,26.7072
2022-06-21 03:00:00,26.766916666666667
2022-06-21 04:00:00,26.890383333333332
2022-06-21 05:00:00,26.91418333333333
2022-06-21 06:00:00,26.969983333333335
2022-06-21 07:00:00,27.232950000000002
2022-06-21 08:00:00,27.491699999999998
2022-06-21 09:00:00,28.342100000000002
2022-06-21 10:00:00,28.7077
2022-06-21 11:00:00,28.671716666666665
2022-06-21 12:00:00,28.650866666666666
2022-06-21 13:00:00,28.676083333333334
2022-06-21 14:00:00,28.488216666666666
2022-06-21 15:00:00,28.45156666666667
2022-06-21 16:00:00,28.150133333333333
2022-06-21 17:00:00,27.898
2022-06-21 18:00:00,27.457116666666664
2022-06-21 19:00:00,27.091333333333335
2022-06-21 20:00:00,27.022666666666666
2022-06-21 21:00:00,26.97025
2022-06-21 22:00:00,26.841416666666664
2022-06-21 23:00:00,26.729533333333332
2022-06-22 00:00:00,26.6186
2022-06-22 01:00:00,26.590966666666667
2022-06-22 02:00:00,26.65898333333333
2022-06-22 03:00:00,26.648416666666666
2022-06-22 04:00:00,26.511716666666665
2022-06-22 05:00:00,26.426433333333332
2022-06-22 06:00:00,26.986866666666668
2022-06-22 07:00:00,28.157466666666668
2022-06-22 08:00:00,29.02035
2022-06-22 09:00:00,29.872433333333333
2022-06-22 10:00:00,30.778200000000002
2022-06-22 11:00:00,30.656650000000003
2022-06-22 12:00:00,30.79211666666667
2022-06-22 13:00:00,29.987816666666667
2022-06-22 14:00:00,29.9418
2022-06-22 15:00:00,29.624383333333334
2022-06-22 16:00:00,28.74115
2022-06-22 17:00:00,28.573933333333333
2022-06-22 18:00:00,28.045450000000002
2022-06-22 19:00:00,27.3978
2022-06-22 20:00:00,26.986066666666666
2022-06-22 21:00:00,27.0672
2022-06-22 22:00:00,26.739233333333335
2022-06-22 23:00:00,26.91285
2022-06-23 00:00:00,26.528983333333333
2022-06-23 01:00:00,26.493833333333335
2022-06-23 02:00:00,26.4502
2022-06-23 03:00:00,26.352449999999997
2022-06-23 04:00:00,26.364633333333334
2022-06-23 05:00:00,26.310799999999997
2022-06-23 06:00:00,26.86075
2022-06-23 07:00:00,29.525333333333332
2022-06-23 08:00:00,30.127433333333332
2022-06-23 09:00:00,30.99383333333333
2022-06-23 10:00:00,31.93845
2022-06-23 11:00:00,32.488216666666666
2022-06-23 12:00:00,31.7525
2022-06-23 13:00:00,31.526166666666665
2022-06-23 14:00:00,31.021333333333335
2022-06-23 15:00:00,30.69095
2022-06-23 16:00:00,30.065566666666665
2022-06-23 17:00:00,28.9108
2022-06-23 18:00:00,28.41963333333333
2022-06-23 19:00:00,27.7278
2022-06-23 20:00:00,27.253483333333335
2022-06-23 21:00:00,26.91775
2022-06-23 22:00:00,27.1352
2022-06-23 23:00:00,27.06365
2022-06-24 00:00:00,27.052116666666667
2022-06-24 01:00:00,26.900916666666667
2022-06-24 02:00:00,26.607416666666666
2022-06-24 03:00:00,26.202299999999997
2022-06-24 04:00:00,25.862266666666667
2022-06-24 05:00:00,25.475583333333336
2022-06-24 06:00:00,26.2373
2022-06-24 07:00:00,29.025433333333336
2022-06-24 08:00:00,30.41283333333333
2022-06-24 09:00:00,31.096233333333334
2022-06-24 10:00:00,32.03803333333333
2022-06-24 11:00:00,31.681516666666667
2022-06-24 12:00:00,33.401983333333334
2022-06-24 13:00:00,32.6697
2022-06-24 14:00:00,31.06638333333333
2022-06-24 15:00:00,30.706
2022-06-24 16:00:00,30.714350000000003
2022-06-24 17:00:00,29.693166666666666
2022-06-24 18:00:00,29.14775
2022-06-24 19:00:00,28.324633333333335
2022-06-24 20:00:00,27.725583333333336
2022-06-24 21:00:00,27.540633333333336
2022-06-24 22:00:00,27.195366666666665
2022-06-24 23:00:00,27.30165
2022-06-25 00:00:00,27.10705
2022-06-25 01:00:00,26.7115
2022-06-25 02:00:00,26.78981666666667
2022-06-25 03:00:00,26.63225
2022-06-25 04:00:00,26.498749999999998
2022-06-25 05:00:00,26.346183333333332
2022-06-25 06:00:00,27.01875
2022-06-25 07:00:00,28.608116666666668
2022-06-25 08:00:00,30.36845
2022-06-25 09:00:00,31.36348333333333
2022-06-25 10:00:00,31.4279
2022-06-25 11:00:00,32.21915
2022-06-25 12:00:00,32.223949999999995
2022-06-25 13:00:00,32.481633333333335
2022-06-25 14:00:00,31.541133333333335
2022-06-25 15:00:00,30.60056666666667
2022-06-25 16:00:00,29.535033333333335
2022-06-25 17:00:00,28.883516666666665
2022-06-25 18:00:00,28.17911666666667
2022-06-25 19:00:00,27.630033333333333
2022-06-25 20:00:00,27.40808333333333
2022-06-25 21:00:00,27.175316666666667
2022-06-25 22:00:00,27.04015
2022-06-25 23:00:00,26.84306666666667
2022-06-26 00:00:00,26.771816666666666
2022-06-26 01:00:00,26.88365
2022-06-26 02:00:00,26.864116666666668
2022-06-26 03:00:00,26.7534
2022-06-26 04:00:00,26.742966666666668
2022-06-26 05:00:00,26.324716666666667
2022-06-26 06:00:00,26.5697
2022-06-26 07:00:00,27.475816666666667
2022-06-26 08:00:00,30.224316666666667
2022-06-26 09:00:00,30.909299999999998
2022-06-26 10:00:00,31.022283333333334
2022-06-26 11:00:00,31.83945
2022-06-26 12:00:00,31.229566666666663
2022-06-26 13:00:00,31.029666666666667
2022-06-26 14:00:00,30.839833333333335
2022-06-26 15:00:00,30.180866666666667
2022-06-26 16:00:00,29.480566666666668
2022-06-26 17:00:00,28.574283333333334
2022-06-26 18:00:00,27.9162
2022-06-26 19:00:00,27.52545
2022-06-26 20:00:00,27.214533333333335
2022-06-26 21:00:00,27.232233333333333
2022-06-26 22:00:00,26.96066666666667
2022-06-26 23:00:00,26.91375
2022-06-27 00:00:00,27.03745
2022-06-27 01:00:00,26.88065
2022-06-27 02:00:00,26.981383333333333
2022-06-27 03:00:00,26.826116666666667
2022-06-27 04:00:00,26.675283333333333
2022-06-27 05:00:00,26.674283333333335
2022-06-27 06:00:00,27.032983333333334
2022-06-27 07:00:00,28.563
2022-06-27 08:00:00,30.459400000000002
2022-06-27 09:00:00,31.152933333333333
2022-06-27 10:00:00,31.681500000000003
2022-06-27 11:00:00,32.07653333333334
2022-06-27 12:00:00,32.0188
2022-06-27 13:00:00,31.542633333333335
2022-06-27 14:00:00,31.093149999999998
2022-06-27 15:00:00,30.546283333333335
2022-06-27 16:00:00,30.336533333333332
2022-06-27 17:00:00,29.03555
2022-06-27 18:00:00,28.443983333333335
2022-06-27 19:00:00,28.15171666666667
2022-06-27 20:00:00,27.559483333333333
2022-06-27 21:00:00,27.257166666666667
2022-06-27 22:00:00,26.8168
2022-06-27 23:00:00,26.784083333333335
2022-06-28 00:00:00,26.8189
2022-06-28 01:00:00,26.553316666666667
2022-06-28 02:00:00,26.64851666666667
2022-06-28 03:00:00,26.68355
2022-06-28 04:00:00,26.6468
2022-06-28 05:00:00,26.640383333333332
2022-06-28 06:00:00,26.47085
2022-06-28 07:00:00,27.952733333333335
2022-06-28 08:00:00,30.811733333333333
2022-06-28 09:00:00,32.212250000000004
2022-06-28 10:00:00,32.772616666666664
2022-06-28 11:00:00,32.47023333333333
2022-06-28 12:00:00,33.07686666666667
2022-06-28 13:00:00,31.083383333333334
2022-06-28 14:00:00,31.64875
2022-06-28 15:00:00,31.8903
2022-06-28 16:00:00,30.710433333333334
2022-06-28 17:00:00,29.581133333333334
2022-06-28 18:00:00,28.516466666666666
2022-06-28 19:00:00,27.777733333333334
2022-06-28 20:00:00,27.49588333333333
2022-06-28 21:00:00,27.296916666666668
2022-06-28 22:00:00,27.42236666666667
2022-06-28 23:00:00,27.27995
2022-06-29 00:00:00,27.442999999999998
2022-06-29 01:00:00,27.211183333333334
2022-06-29 02:00:00,26.866716666666665
2022-06-29 03:00:00,26.764616666666665
2022-06-29 04:00:00,27.165633333333332
2022-06-29 05:00:00,26.8261
2022-06-29 06:00:00,26.593416666666666
2022-06-29 07:00:00,27.71018333333333
2022-06-29 08:00:00,28.95175
2022-06-29 09:00:00,31.15621666666667
2022-06-29 10:00:00,31.682883333333333
2022-06-29 11:00:00,32.726866666666666
2022-06-29 12:00:00,33.24153333333333
2022-06-29 13:00:00,32.050783333333335
2022-06-29 14:00:00,28.4316
2022-06-29 15:00:00,28.511833333333335
2022-06-29 16:00:00,29.738666666666667
2022-06-29 17:00:00,28.571166666666667
2022-06-29 18:00:00,28.444766666666666
2022-06-29 19:00:00,27.833883333333333
2022-06-29 20:00:00,27.1268
2022-06-29 21:00:00,27.267116666666666
2022-06-29 22:00:00,27.326666666666664
2022-06-29 23:00:00,27.355866666666667
2022-06-30 00:00:00,27.36188333333333
2022-06-30 01:00:00,27.078016666666667
2022-06-30 02:00:00,26.8872
2022-06-30 03:00:00,25.462216666666666
2022-06-30 04:00:00,24.676733333333335
2022-06-30 05:00:00,25.5518
2022-06-30 06:00:00,26.467116666666666
2022-06-30 07:00:00,26.598149999999997
2022-06-30 08:00:00,26.78305
2022-06-30 09:00:00,26.0779
2022-06-30 10:00:00,26.486916666666666
2022-06-30 11:00:00,27.06498333333333
2022-06-30 12:00:00,25.72508333333333
2022-06-30 13:00:00,25.768649999999997
2022-06-30 14:00:00,24.680566666666667
2022-06-30 15:00:00,25.041099999999997
2022-06-30 16:00:00,25.61535
2022-06-30 17:00:00,25.6083
2022-06-30 18:00:00,25.251133333333332
2022-06-30 19:00:00,25.24093333333333
2022-06-30 20:00:00,25.71741666666667
2022-06-30 21:00:00,25.893233333333335
2022-06-30 22:00:00,25.870866666666664
2022-06-30 23:00:00,25.792466666666666
2022-07-01 00:00:00,25.622400000000003
2022-07-01 01:00:00,24.4844
2022-07-01 02:00:00,24.5679
2022-07-01 03:00:00,24.432000000000002
2022-07-01 04:00:00,24.819983333333333
2022-07-01 05:00:00,25.056283333333333
2022-07-01 06:00:00,25.07255
2022-07-01 07:00:00,25.664499999999997
2022-07-01 08:00:00,26.364466666666665
2022-07-01 09:00:00,28.66466666666667
2022-07-01 10:00:00,30.048083333333334
2022-07-01 11:00:00,29.333066666666664
2022-07-01 12:00:00,28.720133333333333
2022-07-01 13:00:00,24.789766666666665
2022-07-01 14:00:00,24.78166666666667
2022-07-01 15:00:00,24.738633333333333
2022-07-01 16:00:00,24.68613333333333
2022-07-01 17:00:00,25.05366666666667
2022-07-01 18:00:00,25.335933333333333
2022-07-01 19:00:00,25.715516666666666
2022-07-01 20:00:00,26.012283333333336
2022-07-01 21:00:00,26.325100000000003
2022-07-01 22:00:00,26.189616666666666
2022-07-01 23:00:00,25.853033333333332
2022-07-02 00:00:00,26.289733333333334
2022-07-02 01:00:00,25.9431
2022-07-02 02:00:00,24.880633333333332
2022-07-02 03:00:00,24.166983333333334
2022-07-02 04:00:00,24.3076
2022-07-02 05:00:00,25.065733333333334
2022-07-02 06:00:00,25.679283333333334
2022-07-02 07:00:00,25.6187
2022-07-02 08:00:00,25.51575
2022-07-02 09:00:00,25.618850000000002
2022-07-02 10:00:00,24.967550000000003
2022-07-02 11:00:00,24.9043
2022-07-02 12:00:00,25.099683333333335
2022-07-02 13:00:00,25.084016666666667
2022-07-02 14:00:00,25.341783333333336
2022-07-02 15:00:00,25.091933333333333
2022-07-02 16:00:00,24.712716666666665
2022-07-02 17:00:00,24.61456666666667
2022-07-02 18:00:00,24.92588333333333
2022-07-02 19:00:00,24.74363333333333
2022-07-02 20:00:00,25.307466666666667
2022-07-02 21:00:00,25.369449999999997
2022-07-02 22:00:00,25.4865
2022-07-02 23:00:00,26.146133333333335
2022-07-03 00:00:00,26.4611
2022-07-03 01:00:00,26.58261666666667
2022-07-03 02:00:00,26.758216666666666
2022-07-03 03:00:00,26.795483333333333
2022-07-03 04:00:00,26.828866666666666
2022-07-03 05:00:00,26.850666666666665
2022-07-03 06:00:00,26.5738
2022-07-03 07:00:00,26.596316666666667
2022-07-03 08:00:00,27.064233333333334
2022-07-03 09:00:00,27.8843
2022-07-03 10:00:00,27.909316666666665
2022-07-03 11:00:00,28.38775
2022-07-03 12:00:00,28.339816666666668
2022-07-03 13:00:00,28.50156666666667
2022-07-03 14:00:00,28.106416666666668
2022-07-03 15:00:00,28.037516666666665
2022-07-03 16:00:00,27.72801666666667
2022-07-03 17:00:00,27.5245
2022-07-03 18:00:00,27.2716
2022-07-03 19:00:00,27.114033333333335
2022-07-03 20:00:00,27.01395
2022-07-03 21:00:00,26.859383333333334
2022-07-03 22:00:00,26.8351
2022-07-03 23:00:00,26.864216666666668
2022-07-04 00:00:00,26.879216666666665
2022-07-04 01:00:00,26.867783333333332
2022-07-04 02:00:00,26.794449999999998
2022-07-04 03:00:00,26.723666666666666
2022-07-04 04:00:00,26.66398333333333
2022-07-04 05:00:00,26.473883333333333
2022-07-04 06:00:00,26.61071666666667
2022-07-04 07:00:00,26.7466
2022-07-04 08:00:00,27.074866666666665
2022-07-04 09:00:00,27.06116666666667
2022-07-04 10:00:00,27.165000000000003
2022-07-04 11:00:00,27.575049999999997
2022-07-04 12:00:00,28.025766666666666
2022-07-04 13:00:00,27.72735
2022-07-04 14:00:00,27.887733333333333
2022-07-04 15:00:00,28.092966666666666
2022-07-04 16:00:00,27.811300000000003
2022-07-04 17:00:00,27.44275
2022-07-04 18:00:00,27.290716666666665
2022-07-04 19:00:00,27.190916666666666
2022-07-04 20:00:00,27.1416
2022-07-04 21:00:00,27.195533333333334
2022-07-04 22:00:00,27.125516666666666
2022-07-04 23:00:00,27.118716666666668
2022-07-05 00:00:00,27.05503333333333
2022-07-05 01:00:00,27.020733333333332
2022-07-05 02:00:00,27.006966666666667
2022-07-05 03:00:00,27.022366666666667
2022-07-05 04:00:00,27.022133333333333
2022-07-05 05:00:00,27.03693333333333
2022-07-05 06:00:00,27.040033333333334
2022-07-05 07:00:00,27.250049999999998
2022-07-05 08:00:00,27.5005
2022-07-05 09:00:00,27.64495
2022-07-05 10:00:00,27.905583333333333
2022-07-05 11:00:00,28.268766666666668
2022-07-05 12:00:00,28.492233333333335
2022-07-05 13:00:00,27.738133333333334
2022-07-05 14:00:00,27.3944
2022-07-05 15:00:00,27.30026666666667
2022-07-05 16:00:00,27.265566666666665
2022-07-05 17:00:00,27.316716666666665
2022-07-05 18:00:00,27.146399999999996
2022-07-05 19:00:00,26.97325
2022-07-05 20:00:00,26.919433333333334
2022-07-05 21:00:00,26.88195
2022-07-05 22:00:00,26.92343333333333
2022-07-05 23:00:00,26.946783333333332
2022-07-06 00:00:00,26.78705
2022-07-06 01:00:00,26.718666666666664
2022-07-06 02:00:00,26.71735
2022-07-06 03:00:00,26.9341
2022-07-06 04:00:00,26.877783333333333
2022-07-06 05:00:00,26.798949999999998
2022-07-06 06:00:00,26.862416666666665
2022-07-06 07:00:00,28.142733333333336
2022-07-06 08:00:00,28.400633333333335
2022-07-06 09:00:00,28.46905
2022-07-06 10:00:00,28.402583333333332
2022-07-06 11:00:00,28.65425
2022-07-06 12:00:00,28.762433333333334
2022-07-06 13:00:00,28.71095
2022-07-06 14:00:00,28.2076
2022-07-06 15:00:00,28.142100000000003
2022-07-06 16:00:00,27.5441
2022-07-06 17:00:00,26.840416666666666
2022-07-06 18:00:00,26.76581666666667
2022-07-06 19:00:00,26.517699999999998
2022-07-06 20:00:00,26.398416666666666
2022-07-06 21:00:00,26.639833333333332
2022-07-06 22:00:00,26.12365
2022-07-06 23:00:00,25.856749999999998
2022-07-07 00:00:00,25.759466666666665
2022-07-07 01:00:00,25.546033333333334
2022-07-07 02:00:00,25.312433333333335
2022-07-07 03:00:00,25.62105
2022-07-07 04:00:00,25.754416666666668
2022-07-07 05:00:00,25.78315
2022-07-07 06:00:00,25.6384
2022-07-07 07:00:00,26.13205
2022-07-07 08:00:00,26.717616666666668
2022-07-07 09:00:00,27.38426666666667
2022-07-07 10:00:00,29.245116666666668
2022-07-07 11:00:00,28.298716666666667
2022-07-07 12:00:00,27.523683333333334
2022-07-07 13:00:00,28.275933333333334
2022-07-07 14:00:00,27.585733333333334
2022-07-07 15:00:00,27.0444
2022-07-07 16:00:00,27.2146
2022-07-07 17:00:00,27.15288333333333
2022-07-07 18:00:00,26.921266666666668
2022-07-07 19:00:00,26.583066666666664
2022-07-07 20:00:00,26.469533333333334
2022-07-07 21:00:00,26.51275
2022-07-07 22:00:00,26.475383333333333
2022-07-07 23:00:00,26.502200000000002
2022-07-08 00:00:00,26.464616666666664
2022-07-08 01:00:00,26.361683333333335
2022-07-08 02:00:00,26.0529
2022-07-08 03:00:00,25.9862
2022-07-08 04:00:00,25.95521666666667
2022-07-08 05:00:00,25.936783333333334
2022-07-08 06:00:00,26.406583333333334
2022-07-08 07:00:00,28.842933333333335
2022-07-08 08:00:00,30.119866666666667
2022-07-08 09:00:00,30.577416666666668
2022-07-08 10:00:00,32.188316666666665
2022-07-08 11:00:00,32.08271666666666
2022-07-08 12:00:00,31.978099999999998
2022-07-08 13:00:00,31.74885
2022-07-08 14:00:00,31.69695
2022-07-08 15:00:00,31.75945
2022-07-08 16:00:00,30.46646666666667
2022-07-08 17:00:00,28.624566666666666
2022-07-08 18:00:00,28.064433333333334
2022-07-08 19:00:00,27.59215
2022-07-08 20:00:00,27.28033333333333
2022-07-08 21:00:00,27.2475
2022-07-08 22:00:00,27.078883333333334
2022-07-08 23:00:00,27.002083333333335
2022-07-09 00:00:00,27.02855
2022-07-09 01:00:00,26.951466666666665
2022-07-09 02:00:00,26.899083333333333
2022-07-09 03:00:00,27.02945
2022-07-09 04:00:00,26.883133333333333
2022-07-09 05:00:00,26.8585
2022-07-09 06:00:00,27.258666666666667
2022-07-09 07:00:00,28.3495
2022-07-09 08:00:00,30.783666666666665
2022-07-09 09:00:00,31.86615
2022-07-09 10:00:00,31.5723
2022-07-09 11:00:00,32.39946666666667
2022-07-09 12:00:00,33.16856666666667
2022-07-09 13:00:00,33.2915
2022-07-09 14:00:00,31.4573
2022-07-09 15:00:00,30.1332
2022-07-09 16:00:00,28.913233333333334
2022-07-09 17:00:00,28.587
2022-07-09 18:00:00,28.303166666666666
2022-07-09 19:00:00,27.83536666666667
2022-07-09 20:00:00,27.6042
2022-07-09 21:00:00,27.562966666666668
2022-07-09 22:00:00,27.533783333333336
2022-07-09 23:00:00,27.490566666666666
2022-07-10 00:00:00,27.34238333333333
2022-07-10 01:00:00,27.244066666666665
2022-07-10 02:00:00,27.240883333333333
2022-07-10 03:00:00,27.166566666666665
2022-07-10 04:00:00,27.060816666666664
2022-07-10 05:00:00,27.064383333333335
2022-07-10 06:00:00,27.533816666666667
2022-07-10 07:00:00,30.145133333333334
2022-07-10 08:00:00,31.454333333333334
2022-07-10 09:00:00,32.91185
2022-07-10 10:00:00,33.953916666666665
2022-07-10 11:00:00,34.31145
2022-07-10 12:00:00,34.195299999999996
2022-07-10 13:00:00,33.664316666666664
2022-07-10 14:00:00,33.380250000000004
2022-07-10 15:00:00,32.71905
2022-07-10 16:00:00,31.536583333333333
2022-07-10 17:00:00,28.994116666666667
2022-07-10 18:00:00,28.504433333333335
2022-07-10 19:00:00,27.658683333333332
2022-07-10 20:00:00,27.282966666666667
2022-07-10 21:00:00,27.072016666666666
2022-07-10 22:00:00,26.919716666666666
2022-07-10 23:00:00,26.89511666666667
2022-07-11 00:00:00,26.92465
2022-07-11 01:00:00,26.76996666666667
2022-07-11 02:00:00,26.626616666666667
2022-07-11 03:00:00,26.712983333333334
2022-07-11 04:00:00,26.49345
2022-07-11 05:00:00,26.457016666666668
2022-07-11 06:00:00,26.742900000000002
2022-07-11 07:00:00,27.79695
2022-07-11 08:00:00,31.680366666666664
2022-07-11 09:00:00,32.7291
2022-07-11 10:00:00,33.420033333333336
2022-07-11 11:00:00,34.27178333333333
2022-07-11 12:00:00,33.873583333333336
2022-07-11 13:00:00,33.282516666666666
2022-07-11 14:00:00,33.40161666666667
2022-07-11 15:00:00,32.85111666666667
2022-07-11 16:00:00,31.27715
2022-07-11 17:00:00,29.285166666666665
2022-07-11 18:00:00,28.536216666666668
2022-07-11 19:00:00,27.782683333333335
2022-07-11 20:00:00,27.75735
2022-07-11 21:00:00,27.090633333333336
2022-07-11 22:00:00,27.0666
2022-07-11 23:00:00,26.868850000000002
2022-07-12 00:00:00,26.711833333333335
2022-07-12 01:00:00,26.586366666666667
2022-07-12 02:00:00,26.347516666666667
2022-07-12 03:00:00,26.5837
2022-07-12 04:00:00,26.6141
2022-07-12 05:00:00,26.474600000000002
2022-07-12 06:00:00,26.716316666666668
2022-07-12 07:00:00,28.850399999999997
2022-07-12 08:00:00,30.161683333333333
2022-07-12 09:00:00,32.63316666666667
2022-07-12 10:00:00,33.18
2022-07-12 11:00:00,32.99861666666666
2022-07-12 12:00:00,33.74818333333334
2022-07-12 13:00:00,34.024166666666666
2022-07-12 14:00:00,33.588100000000004
2022-07-12 15:00:00,32.9476
2022-07-12 16:00:00,31.510066666666667
2022-07-12 17:00:00,29.193766666666665
2022-07-12 18:00:00,28.2185
2022-07-12 19:00:00,27.612066666666667
2022-07-12 20:00:00,27.372533333333333
2022-07-12 21:00:00,27.153916666666664
2022-07-12 22:00:00,27.165416666666665
2022-07-12 23:00:00,27.11265
2022-07-13 00:00:00,26.80731666666667
2022-07-13 01:00:00,26.7831
2022-07-13 02:00:00,26.22103333333333
2022-07-13 03:00:00,26.047366666666665
2022-07-13 04:00:00,25.983999999999998
2022-07-13 05:00:00,25.86695
2022-07-13 06:00:00,26.513283333333334
2022-07-13 07:00:00,29.56385
2022-07-13 08:00:00,32.705799999999996
2022-07-13 09:00:00,32.537
2022-07-13 10:00:00,33.191966666666666
2022-07-13 11:00:00,33.56783333333333
2022-07-13 12:00:00,34.25833333333333
2022-07-13 13:00:00,34.076616666666666
2022-07-13 14:00:00,33.64295
2022-07-13 15:00:00,32.9788
2022-07-13 16:00:00,32.12991666666667
2022-07-13 17:00:00,29.49565
2022-07-13 18:00:00,28.631733333333333
2022-07-13 19:00:00,27.891066666666667
2022-07-13 20:00:00,27.3272
2022-07-13 21:00:00,27.28585
2022-07-13 22:00:00,27.254166666666666
2022-07-13 23:00:00,27.0652
2022-07-14 00:00:00,26.83673333333333
2022-07-14 01:00:00,26.83261666666667
2022-07-14 02:00:00,27.14271666666667
2022-07-14 03:00:00,27.118266666666667
2022-07-14 04:00:00,27.008950000000002
2022-07-14 05:00:00,26.643700000000003
2022-07-14 06:00:00,26.89626666666667
2022-07-14 07:00:00,29.254583333333336
2022-07-14 08:00:00,30.335083333333333
2022-07-14 09:00:00,33.10751666666667
2022-07-14 10:00:00,33.235866666666666
2022-07-14 11:00:00,32.572466666666664
2022-07-14 12:00:00,33.517900000000004
2022-07-14 13:00:00,32.7746
2022-07-14 14:00:00,31.412416666666665
2022-07-14 15:00:00,30.65265
2022-07-14 16:00:00,30.7798
2022-07-14 17:00:00,29.42595
2022-07-14 18:00:00,29.11531666666667
2022-07-14 19:00:00,28.622116666666667
2022-07-14 20:00:00,28.3301
2022-07-14 21:00:00,28.2283
2022-07-14 22:00:00,27.96128333333333
2022-07-14 23:00:00,27.571683333333333
2022-07-15 00:00:00,27.303683333333332
2022-07-15 01:00:00,27.074333333333335
2022-07-15 02:00:00,27.275633333333335
2022-07-15 03:00:00,27.3465
2022-07-15 04:00:00,27.240916666666667
2022-07-15 05:00:00,27.052316666666666
2022-07-15 06:00:00,27.45695
2022-07-15 07:00:00,30.2853
2022-07-15 08:00:00,31.259316666666667
2022-07-15 09:00:00,29.3889
2022-07-15 10:00:00,30.491683333333334
2022-07-15 11:00:00,32.25718333333334
2022-07-15 12:00:00,32.40946666666667
2022-07-15 13:00:00,33.36123333333333
2022-07-15 14:00:00,33.70841666666667
2022-07-15 15:00:00,32.43118333333334
2022-07-15 16:00:00,31.328733333333332
2022-07-15 17:00:00,30.60373333333333
2022-07-15 18:00:00,29.695833333333333
2022-07-15 19:00:00,29.095399999999998
2022-07-15 20:00:00,28.81835
2022-07-15 21:00:00,28.8399
2022-07-15 22:00:00,28.66705
2022-07-15 23:00:00,28.55323333333333
2022-07-16 00:00:00,28.401083333333336
2022-07-16 01:00:00,28.316300000000002
2022-07-16 02:00:00,28.216450000000002
2022-07-16 03:00:00,27.940566666666665
2022-07-16 04:00:00,27.02
2022-07-16 05:00:00,27.262383333333332
2022-07-16 06:00:00,27.705033333333333
2022-07-16 07:00:00,28.544433333333334
2022-07-16 08:00:00,28.101266666666668
2022-07-16 09:00:00,28.48985
2022-07-16 10:00:00,29.646
2022-07-16 11:00:00,31.2172
2022-07-16 12:00:00,31.847033333333332
2022-07-16 13:00:00,32.220816666666664
2022-07-16 14:00:00,33.00455
2022-07-16 15:00:00,32.56125
2022-07-16 16:00:00,31.366266666666668
2022-07-16 17:00:00,30.051483333333334
2022-07-16 18:00:00,29.42515
2022-07-16 19:00:00,28.939733333333333
2022-07-16 20:00:00,28.60568333333333
2022-07-16 21:00:00,28.410766666666667
2022-07-16 22:00:00,28.178749999999997
2022-07-16 23:00:00,28.16691666666667
2022-07-17 00:00:00,28.270216666666666
2022-07-17 01:00:00,28.25183333333333
2022-07-17 02:00:00,28.205116666666665
2022-07-17 03:00:00,28.09648333333333
2022-07-17 04:00:00,28.016466666666666
2022-07-17 05:00:00,27.87183333333333
2022-07-17 06:00:00,27.487916666666667
2022-07-17 07:00:00,28.48535
2022-07-17 08:00:00,29.950216666666666
2022-07-17 09:00:00,30.79008333333333
2022-07-17 10:00:00,30.700366666666664
2022-07-17 11:00:00,30.4372
2022-07-17 12:00:00,31.8222
2022-07-17 13:00:00,32.0703
2022-07-17 14:00:00,31.892516666666666
2022-07-17 15:00:00,31.655783333333332
2022-07-17 16:00:00,31.3125
2022-07-17 17:00:00,30.23345
2022-07-17 18:00:00,29.477283333333332
2022-07-17 19:00:00,28.902016666666665
2022-07-17 20:00:00,28.564133333333334
2022-07-17 21:00:00,28.609483333333333
2022-07-17 22:00:00,28.52378333333333
2022-07-17 23:00:00,28.25475
2022-07-18 00:00:00,28.271083333333333
2022-07-18 01:00:00,28.181566666666665
2022-07-18 02:00:00,28.045133333333336
2022-07-18 03:00:00,27.55935
2022-07-18 04:00:00,27.220016666666666
2022-07-18 05:00:00,26.703266666666664
2022-07-18 06:00:00,27.07905
2022-07-18 07:00:00,28.456683333333334
2022-07-18 08:00:00,29.785633333333333
2022-07-18 09:00:00,31.649549999999998
2022-07-18 10:00:00,31.676416666666668
2022-07-18 11:00:00,31.6497
2022-07-18 12:00:00,30.871316666666665
2022-07-18 13:00:00,30.5111
2022-07-18 14:00:00,30.154100000000003
2022-07-18 15:00:00,30.33223333333333
2022-07-18 16:00:00,30.024066666666666
2022-07-18 17:00:00,29.3472
2022-07-18 18:00:00,28.903216666666665
2022-07-18 19:00:00,28.492283333333333
2022-07-18 20:00:00,28.27923333333333
2022-07-18 21:00:00,28.2353
2022-07-18 22:00:00,28.149816666666666
2022-07-18 23:00:00,28.077466666666666
2022-07-19 00:00:00,27.86436666666667
2022-07-19 01:00:00,27.705266666666667
2022-07-19 02:00:00,27.724533333333333
2022-07-19 03:00:00,27.60645
2022-07-19 04:00:00,27.623183333333333
2022-07-19 05:00:00,27.706149999999997
2022-07-19 06:00:00,27.774
2022-07-19 07:00:00,27.156916666666667
2022-07-19 08:00:00,27.9776
2022-07-19 09:00:00,29.720916666666668
2022-07-19 10:00:00,31.2041
2022-07-19 11:00:00,31.4686
2022-07-19 12:00:00,31.18735
2022-07-19 13:00:00,30.959283333333335
2022-07-19 14:00:00,30.48026666666667
2022-07-19 15:00:00,30.421216666666666
2022-07-19 16:00:00,30.32245
2022-07-19 17:00:00,29.54975
2022-07-19 18:00:00,28.4449
2022-07-19 19:00:00,27.57991666666667
2022-07-19 20:00:00,27.370216666666668
2022-07-19 21:00:00,27.45015
2022-07-19 22:00:00,27.427233333333334
2022-07-19 23:00:00,27.443533333333335
2022-07-20 00:00:00,27.391166666666667
2022-07-20 01:00:00,27.246083333333335
2022-07-20 02:00:00,27.278983333333333
2022-07-20 03:00:00,27.044833333333333
2022-07-20 04:00:00,26.857133333333334
2022-07-20 05:00:00,26.86726666666667
2022-07-20 06:00:00,27.062250000000002
2022-07-20 07:00:00,28.374016666666666
2022-07-20 08:00:00,29.08646666666667
2022-07-20 09:00:00,32.4348
2022-07-20 10:00:00,31.614916666666666
2022-07-20 11:00:00,30.650033333333333
2022-07-20 12:00:00,31.6426
2022-07-20 13:00:00,31.304266666666667
2022-07-20 14:00:00,31.0077
2022-07-20 15:00:00,30.253
2022-07-20 16:00:00,30.0814
2022-07-20 17:00:00,29.153599999999997
2022-07-20 18:00:00,28.625566666666668
2022-07-20 19:00:00,27.98505
2022-07-20 20:00:00,27.696183333333334
2022-07-20 21:00:00,27.5482
2022-07-20 22:00:00,27.52
2022-07-20 23:00:00,27.49863333333333
2022-07-21 00:00:00,27.142483333333335
2022-07-21 01:00:00,26.695366666666665
2022-07-21 02:00:00,26.68225
2022-07-21 03:00:00,26.651383333333335
2022-07-21 04:00:00,26.591983333333335
2022-07-21 05:00:00,26.411983333333335
2022-07-21 06:00:00,26.736283333333333
2022-07-21 07:00:00,28.621316666666665
2022-07-21 08:00:00,29.593200000000003
2022-07-21 09:00:00,31.9437
2022-07-21 10:00:00,32.49068333333334
2022-07-21 11:00:00,31.789233333333335
2022-07-21 12:00:00,31.33536666666667
2022-07-21 13:00:00,31.3583
2022-07-21 14:00:00,31.152033333333335
2022-07-21 15:00:00,30.453733333333332
2022-07-21 16:00:00,29.423083333333334
2022-07-21 17:00:00,29.0644
2022-07-21 18:00:00,28.5415
2022-07-21 19:00:00,28.10986666666667
2022-07-21 20:00:00,28.21131666666667
2022-07-21 21:00:00,27.919916666666666
2022-07-21 22:00:00,27.29573333333333
2022-07-21 23:00:00,26.778283333333334
2022-07-22 00:00:00,26.7665
2022-07-22 01:00:00,26.660700000000002
2022-07-22 02:00:00,26.490516666666668
2022-07-22 03:00:00,26.697016666666666
2022-07-22 04:00:00,26.84241666666667
2022-07-22 05:00:00,26.773799999999998
2022-07-22 06:00:00,27.34075
2022-07-22 07:00:00,29.115116666666665
2022-07-22 08:00:00,32.65996666666667
2022-07-22 09:00:00,33.3046
2022-07-22 10:00:00,34.531616666666665
2022-07-22 11:00:00,34.40936666666666
2022-07-22 12:00:00,34.102583333333335
2022-07-22 13:00:00,34.373000000000005
2022-07-22 14:00:00,35.5353
2022-07-22 15:00:00,35.1305
2022-07-22 16:00:00,32.67858333333333
2022-07-22 17:00:00,31.653183333333335
2022-07-22 18:00:00,31.679033333333333
2022-07-22 19:00:00,30.93231666666667
2022-07-22 20:00:00,30.221133333333334
2022-07-22 21:00:00,29.70403333333333
2022-07-22 22:00:00,29.34835
2022-07-22 23:00:00,29.15555
2022-07-23 00:00:00,28.796283333333335
2022-07-23 01:00:00,28.381733333333333
2022-07-23 02:00:00,28.243100000000002
2022-07-23 03:00:00,28.040416666666665
2022-07-23 04:00:00,27.80248333333333
2022-07-23 05:00:00,27.822733333333336
2022-07-23 06:00:00,27.867316666666667
2022-07-23 07:00:00,29.8345
2022-07-23 08:00:00,32.1234
2022-07-23 09:00:00,32.7033
2022-07-23 10:00:00,33.656616666666665
2022-07-23 11:00:00,34.990766666666666
2022-07-23 12:00:00,32.98351666666667
2022-07-23 13:00:00,32.916516666666666
2022-07-23 14:00:00,33.15295
2022-07-23 15:00:00,32.971266666666665
2022-07-23 16:00:00,32.30845
2022-07-23 17:00:00,31.532300000000003
2022-07-23 18:00:00,30.411383333333333
2022-07-23 19:00:00,30.004566666666665
2022-07-23 20:00:00,29.832916666666666
2022-07-23 21:00:00,29.678483333333336
2022-07-23 22:00:00,29.425966666666667
2022-07-23 23:00:00,29.195133333333334
2022-07-24 00:00:00,29.047416666666667
2022-07-24 01:00:00,28.564149999999998
2022-07-24 02:00:00,28.330466666666666
2022-07-24 03:00:00,28.338816666666666
2022-07-24 04:00:00,28.2643
2022-07-24 05:00:00,28.369633333333333
2022-07-24 06:00:00,28.163133333333334
2022-07-24 07:00:00,29.882033333333332
2022-07-24 08:00:00,31.855900000000002
2022-07-24 09:00:00,33.525283333333334
2022-07-24 10:00:00,34.10765
2022-07-24 11:00:00,34.89945
2022-07-24 12:00:00,35.77343333333333
2022-07-24 13:00:00,35.66661666666666
2022-07-24 14:00:00,33.94493333333333
2022-07-24 15:00:00,33.6935
2022-07-24 16:00:00,32.67341666666667
2022-07-24 17:00:00,32.25395
2022-07-24 18:00:00,32.22181666666667
2022-07-24 19:00:00,31.171766666666667
2022-07-24 20:00:00,30.491216666666666
2022-07-24 21:00:00,30.3173
2022-07-24 22:00:00,30.061716666666666
2022-07-24 23:00:00,29.75316666666667
2022-07-25 00:00:00,29.306500000000003
2022-07-25 01:00:00,28.997
2022-07-25 02:00:00,28.752533333333336
2022-07-25 03:00:00,28.721783333333335
2022-07-25 04:00:00,28.62313333333333
2022-07-25 05:00:00,28.516883333333332
2022-07-25 06:00:00,28.688333333333333
2022-07-25 07:00:00,30.15331666666667
2022-07-25 08:00:00,32.17645
2022-07-25 09:00:00,34.38095
2022-07-25 10:00:00,35.039316666666664
2022-07-25 11:00:00,35.51051666666667
2022-07-25 12:00:00,36.11291666666667
2022-07-25 13:00:00,33.71815
2022-07-25 14:00:00,34.4692
2022-07-25 15:00:00,33.70236666666667
2022-07-25 16:00:00,32.324933333333334
2022-07-25 17:00:00,31.104783333333334
2022-07-25 18:00:00,30.3246
2022-07-25 19:00:00,29.9665
2022-07-25 20:00:00,29.825816666666665
2022-07-25 21:00:00,29.64493333333333
2022-07-25 22:00:00,29.0417
2022-07-25 23:00:00,28.724333333333334
2022-07-26 00:00:00,28.30365
2022-07-26 01:00:00,28.109966666666665
2022-07-26 02:00:00,27.83765
2022-07-26 03:00:00,27.64881666666667
2022-07-26 04:00:00,27.390266666666665
2022-07-26 05:00:00,27.537683333333334
2022-07-26 06:00:00,27.569916666666664
2022-07-26 07:00:00,29.354300000000002
2022-07-26 08:00:00,31.692999999999998
2022-07-26 09:00:00,33.3351
2022-07-26 10:00:00,32.73376666666667
2022-07-26 11:00:00,32.38288333333333
2022-07-26 12:00:00,32.286033333333336
2022-07-26 13:00:00,32.69485
2022-07-26 14:00:00,32.490383333333334
2022-07-26 15:00:00,32.50743333333334
2022-07-26 16:00:00,31.599300000000003
2022-07-26 17:00:00,29.913516666666666
2022-07-26 18:00:00,29.233333333333334
2022-07-26 19:00:00,28.804566666666666
2022-07-26 20:00:00,28.629716666666663
2022-07-26 21:00:00,28.341966666666668
2022-07-26 22:00:00,28.238816666666665
2022-07-26 23:00:00,27.930866666666667
2022-07-27 00:00:00,27.722966666666665
2022-07-27 01:00:00,27.47393333333333
2022-07-27 02:00:00,27.395466666666668
2022-07-27 03:00:00,27.303283333333333
2022-07-27 04:00:00,27.18163333333333
2022-07-27 05:00:00,26.809583333333332
2022-07-27 06:00:00,27.0958
2022-07-27 07:00:00,29.75568333333333
2022-07-27 08:00:00,30.298983333333336
2022-07-27 09:00:00,31.56
2022-07-27 10:00:00,32.63198333333333
2022-07-27 11:00:00,34.94578333333333
2022-07-27 12:00:00,35.15155
2022-07-27 13:00:00,34.21313333333333
2022-07-27 14:00:00,32.15756666666667
2022-07-27 15:00:00,32.62443333333333
2022-07-27 16:00:00,32.113883333333334
2022-07-27 17:00:00,31.567216666666663
2022-07-27 18:00:00,30.825133333333333
2022-07-27 19:00:00,29.680283333333332
2022-07-27 20:00:00,29.390333333333334
2022-07-27 21:00:00,29.06276666666667
2022-07-27 22:00:00,28.861366666666665
2022-07-27 23:00:00,28.511000000000003
2022-07-28 00:00:00,28.170116666666665
2022-07-28 01:00:00,28.053350000000002
2022-07-28 02:00:00,27.995833333333334
2022-07-28 03:00:00,27.982916666666664
2022-07-28 04:00:00,27.834833333333332
2022-07-28 05:00:00,27.737099999999998
2022-07-28 06:00:00,27.830283333333334
2022-07-28 07:00:00,29.130916666666668
2022-07-28 08:00:00,31.667033333333332
2022-07-28 09:00:00,33.70281666666667
2022-07-28 10:00:00,33.380316666666666
2022-07-28 11:00:00,33.34773333333333
2022-07-28 12:00:00,34.952149999999996
2022-07-28 13:00:00,34.910399999999996
2022-07-28 14:00:00,33.454633333333334
2022-07-28 15:00:00,32.472433333333335
2022-07-28 16:00:00,32.19518333333333
2022-07-28 17:00:00,31.796983333333333
2022-07-28 18:00:00,31.193933333333334
2022-07-28 19:00:00,30.32695
2022-07-28 20:00:00,29.894866666666665
2022-07-28 21:00:00,29.644333333333336
2022-07-28 22:00:00,29.410533333333333
2022-07-28 23:00:00,29.32408333333333
2022-07-29 00:00:00,29.0781
2022-07-29 01:00:00,28.8698
2022-07-29 02:00:00,28.692600000000002
2022-07-29 03:00:00,28.171833333333332
2022-07-29 04:00:00,27.8478
2022-07-29 05:00:00,27.547533333333334
2022-07-29 06:00:00,27.703516666666665
2022-07-29 07:00:00,29.7244
2022-07-29 08:00:00,32.22128333333333
2022-07-29 09:00:00,33.4465
2022-07-29 10:00:00,33.747350000000004
2022-07-29 11:00:00,34.4378
2022-07-29 12:00:00,35.15118333333333
2022-07-29 13:00:00,34.01153333333333
2022-07-29 14:00:00,33.7513
2022-07-29 15:00:00,33.00856666666667
2022-07-29 16:00:00,32.71986666666667
2022-07-29 17:00:00,32.16363333333333
2022-07-29 18:00:00,31.2744
2022-07-29 19:00:00,30.6141
2022-07-29 20:00:00,30.303566666666665
2022-07-29 21:00:00,29.83468333333333
2022-07-29 22:00:00,29.524383333333333
2022-07-29 23:00:00,29.45115
2022-07-30 00:00:00,29.509666666666664
2022-07-30 01:00:00,28.823533333333334
2022-07-30 02:00:00,28.611366666666665
2022-07-30 03:00:00,28.6205
2022-07-30 04:00:00,28.76105
2022-07-30 05:00:00,28.479666666666667
2022-07-30 06:00:00,28.30121666666667
2022-07-30 07:00:00,29.70245
2022-07-30 08:00:00,32.001333333333335
2022-07-30 09:00:00,28.395466666666668
2022-07-30 10:00:00,24.208666666666666
2022-07-30 11:00:00,24.511216666666666
2022-07-30 12:00:00,25.809266666666666
2022-07-30 13:00:00,26.438266666666667
2022-07-30 14:00:00,27.974033333333335
2022-07-30 15:00:00,29.052016666666667
2022-07-30 16:00:00,29.3175
2022-07-30 17:00:00,29.304516666666665
2022-07-30 18:00:00,28.123066666666666
2022-07-30 19:00:00,27.370900000000002
2022-07-30 20:00:00,27.219316666666664
2022-07-30 21:00:00,26.79985
2022-07-30 22:00:00,27.0843
2022-07-30 23:00:00,27.186933333333332
2022-07-31 00:00:00,28.280933333333333
2022-07-31 01:00:00,28.313083333333335
2022-07-31 02:00:00,28.031383333333334
2022-07-31 03:00:00,27.5348
2022-07-31 04:00:00,27.03083333333333
2022-07-31 05:00:00,26.89905
2022-07-31 06:00:00,27.410700000000002
2022-07-31 07:00:00,29.4751
2022-07-31 08:00:00,29.471933333333332
2022-07-31 09:00:00,33.15221666666667
2022-07-31 10:00:00,33.913666666666664
2022-07-31 11:00:00,33.84523333333333
2022-07-31 12:00:00,33.665016666666666
2022-07-31 13:00:00,36.094950000000004
2022-07-31 14:00:00,33.70301666666667
2022-07-31 15:00:00,34.20245
2022-07-31 16:00:00,33.82481666666667
2022-07-31 17:00:00,32.151383333333335
2022-07-31 18:00:00,30.923316666666665
2022-07-31 19:00:00,30.08795
2022-07-31 20:00:00,29.614466666666665
2022-07-31 21:00:00,29.326116666666667
2022-07-31 22:00:00,29.1026
2022-07-31 23:00:00,28.884633333333333
2022-08-01 00:00:00,28.62585
2022-08-01 01:00:00,28.507333333333335
2022-08-01 02:00:00,28.20445
2022-08-01 03:00:00,28.078
2022-08-01 04:00:00,27.737716666666664
2022-08-01 05:00:00,27.09508333333333
2022-08-01 06:00:00,27.04146666666667
2022-08-01 07:00:00,29.63545
2022-08-01 08:00:00,32.317
2022-08-01 09:00:00,33.673966666666665
2022-08-01 10:00:00,33.45401666666667
2022-08-01 11:00:00,34.39811666666667
2022-08-01 12:00:00,34.76663333333333
2022-08-01 13:00:00,34.39633333333334
2022-08-01 14:00:00,33.66175
2022-08-01 15:00:00,32.93013333333333
2022-08-01 16:00:00,31.98303333333333
2022-08-01 17:00:00,31.02221666666667
2022-08-01 18:00:00,30.843933333333332
2022-08-01 19:00:00,30.0473
2022-08-01 20:00:00,29.518166666666666
2022-08-01 21:00:00,29.075266666666668
2022-08-01 22:00:00,28.6973
2022-08-01 23:00:00,28.40148333333333
2022-08-02 00:00:00,28.171483333333335
2022-08-02 01:00:00,27.734666666666666
2022-08-02 02:00:00,27.67545
2022-08-02 03:00:00,27.39698333333333
2022-08-02 04:00:00,27.695866666666667
2022-08-02 05:00:00,27.600133333333336
2022-08-02 06:00:00,28.219800000000003
2022-08-02 07:00:00,30.31635
2022-08-02 08:00:00,33.344683333333336
2022-08-02 09:00:00,33.93391666666667
2022-08-02 10:00:00,33.7789
2022-08-02 11:00:00,34.648466666666664
2022-08-02 12:00:00,33.663516666666666
2022-08-02 13:00:00,32.98493333333333
2022-08-02 14:00:00,34.133250000000004
2022-08-02 15:00:00,33.78883333333333
2022-08-02 16:00:00,32.95033333333333
2022-08-02 17:00:00,31.7195
2022-08-02 18:00:00,30.85346666666667
2022-08-02 19:00:00,30.31205
2022-08-02 20:00:00,25.784366666666664
2022-08-02 21:00:00,24.613666666666667
2022-08-02 22:00:00,25.273233333333334
2022-08-02 23:00:00,25.686916666666665
2022-08-03 00:00:00,25.538666666666664
2022-08-03 01:00:00,25.537033333333333
2022-08-03 02:00:00,25.82985
2022-08-03 03:00:00,26.113083333333336
2022-08-03 04:00:00,25.9513
2022-08-03 05:00:00,26.020183333333332
2022-08-03 06:00:00,26.31978333333333
2022-08-03 07:00:00,26.145716666666665
2022-08-03 08:00:00,26.678166666666666
2022-08-03 09:00:00,27.196066666666663
2022-08-03 10:00:00,29.132716666666667
2022-08-03 11:00:00,31.306533333333334
2022-08-03 12:00:00,31.377533333333336
2022-08-03 13:00:00,32.466966666666664
2022-08-03 14:00:00,30.35995
2022-08-03 15:00:00,25.4322
2022-08-03 16:00:00,25.325783333333334
2022-08-03 17:00:00,26.301333333333332
2022-08-03 18:00:00,26.070716666666666
2022-08-03 19:00:00,25.401583333333335
2022-08-03 20:00:00,25.56433333333333
2022-08-03 21:00:00,25.751383333333333
2022-08-03 22:00:00,25.506166666666665
2022-08-03 23:00:00,25.61995
2022-08-04 00:00:00,25.600266666666666
2022-08-04 01:00:00,25.593233333333334
2022-08-04 02:00:00,25.68658333333333
2022-08-04 03:00:00,25.901383333333335
2022-08-04 04:00:00,25.860266666666668
2022-08-04 05:00:00,26.072616666666665
2022-08-04 06:00:00,25.912566666666667
2022-08-04 07:00:00,25.367133333333335
2022-08-04 08:00:00,24.993299999999998
2022-08-04 09:00:00,24.84561666666667
2022-08-04 10:00:00,24.86715
2022-08-04 11:00:00,25.13015
2022-08-04 12:00:00,25.208066666666664
2022-08-04 13:00:00,26.003783333333335
2022-08-04 14:00:00,27.08455
2022-08-04 15:00:00,26.21056666666667
2022-08-04 16:00:00,25.273266666666665
2022-08-04 17:00:00,24.800383333333333
2022-08-04 18:00:00,25.16975
2022-08-04 19:00:00,24.68841666666667
2022-08-04 20:00:00,25.25678333333333
2022-08-04 21:00:00,25.612816666666667
2022-08-04 22:00:00,25.8017
2022-08-04 23:00:00,26.152616666666667
2022-08-05 00:00:00,25.575666666666667
2022-08-05 01:00:00,25.203466666666667
2022-08-05 02:00:00,25.087833333333332
2022-08-05 03:00:00,25.135266666666666
2022-08-05 04:00:00,24.328216666666666
2022-08-05 05:00:00,23.586783333333337
2022-08-05 06:00:00,23.775066666666664
2022-08-05 07:00:00,24.266383333333334
2022-08-05 08:00:00,25.26315
2022-08-05 09:00:00,27.052316666666666
2022-08-05 10:00:00,28.79321666666667
2022-08-05 11:00:00,29.93895
2022-08-05 12:00:00,31.38788333333333
2022-08-05 13:00:00,25.681483333333333
2022-08-05 14:00:00,25.437833333333334
2022-08-05 15:00:00,25.365566666666666
2022-08-05 16:00:00,24.604816666666668
2022-08-05 17:00:00,24.16578333333333
2022-08-05 18:00:00,24.352633333333333
2022-08-05 19:00:00,24.178316666666667
2022-08-05 20:00:00,24.109383333333334
2022-08-05 21:00:00,24.158416666666668
2022-08-05 22:00:00,24.315566666666665
2022-08-05 23:00:00,24.638316666666665
2022-08-06 00:00:00,24.647483333333334
2022-08-06 01:00:00,24.723650000000003
2022-08-06 02:00:00,24.848566666666667
2022-08-06 03:00:00,24.8179
2022-08-06 04:00:00,24.915433333333333
2022-08-06 05:00:00,25.0978
2022-08-06 06:00:00,25.363983333333334
2022-08-06 07:00:00,26.227566666666668
2022-08-06 08:00:00,28.07405
2022-08-06 09:00:00,29.226333333333333
2022-08-06 10:00:00,29.4407
2022-08-06 11:00:00,31.590733333333333
2022-08-06 12:00:00,31.935
2022-08-06 13:00:00,29.282500000000002
2022-08-06 14:00:00,31.043816666666665
2022-08-06 15:00:00,26.7557
2022-08-06 16:00:00,27.3136
2022-08-06 17:00:00,27.4223
2022-08-06 18:00:00,27.42
2022-08-06 19:00:00,26.91238333333333
2022-08-06 20:00:00,26.954250000000002
2022-08-06 21:00:00,27.141133333333336
2022-08-06 22:00:00,27.004216666666665
2022-08-06 23:00:00,26.817583333333335
2022-08-07 00:00:00,26.521166666666666
2022-08-07 01:00:00,26.324749999999998
2022-08-07 02:00:00,26.3473
2022-08-07 03:00:00,26.304333333333332
2022-08-07 04:00:00,26.340766666666664
2022-08-07 05:00:00,26.34445
2022-08-07 06:00:00,26.697983333333333
2022-08-07 07:00:00,28.555600000000002
2022-08-07 08:00:00,31.404549999999997
2022-08-07 09:00:00,32.538
2022-08-07 10:00:00,33.002050000000004
2022-08-07 11:00:00,32.568149999999996
2022-08-07 12:00:00,33.01891666666667
2022-08-07 13:00:00,30.826
2022-08-07 14:00:00,32.65078333333334
2022-08-07 15:00:00,31.772733333333335
2022-08-07 16:00:00,31.47918333333333
2022-08-07 17:00:00,29.221166666666665
2022-08-07 18:00:00,28.61143333333333
2022-08-07 19:00:00,28.342316666666665
2022-08-07 20:00:00,27.48871666666667
2022-08-07 21:00:00,27.85856666666667
2022-08-07 22:00:00,26.718916666666665
2022-08-07 23:00:00,26.232483333333334
2022-08-08 00:00:00,26.705616666666668
2022-08-08 01:00:00,26.70675
2022-08-08 02:00:00,26.934183333333333
2022-08-08 03:00:00,26.11875
2022-08-08 04:00:00,26.15875
2022-08-08 05:00:00,26.546933333333335
2022-08-08 06:00:00,26.651149999999998
2022-08-08 07:00:00,26.05248333333333
2022-08-08 08:00:00,25.242083333333333
2022-08-08 09:00:00,25.758300000000002
2022-08-08 10:00:00,26.067133333333334
2022-08-08 11:00:00,26.548733333333335
2022-08-08 12:00:00,27.7357
2022-08-08 13:00:00,28.64016666666667
2022-08-08 14:00:00,29.976499999999998
2022-08-08 15:00:00,29.57655
2022-08-08 16:00:00,29.238116666666667
2022-08-08 17:00:00,28.173283333333334
2022-08-08 18:00:00,27.396416666666667
2022-08-08 19:00:00,26.992633333333334
2022-08-08 20:00:00,27.143433333333334
2022-08-08 21:00:00,27.42775
2022-08-08 22:00:00,27.607233333333333
2022-08-08 23:00:00,27.21623333333333
2022-08-09 00:00:00,25.191533333333332
2022-08-09 01:00:00,24.362833333333334
2022-08-09 02:00:00,24.339716666666668
2022-08-09 03:00:00,24.544083333333333
2022-08-09 04:00:00,25.243100000000002
2022-08-09 05:00:00,25.11208333333333
2022-08-09 06:00:00,25.587699999999998
2022-08-09 07:00:00,25.992183333333333
2022-08-09 08:00:00,26.092
2022-08-09 09:00:00,25.444633333333332
2022-08-09 10:00:00,26.096816666666665
2022-08-09 11:00:00,24.855233333333334
2022-08-09 12:00:00,25.94943333333333
2022-08-09 13:00:00,25.640916666666666
2022-08-09 14:00:00,24.911983333333335
2022-08-09 15:00:00,25.32271666666667
2022-08-09 16:00:00,25.361283333333333
2022-08-09 17:00:00,25.541033333333335
2022-08-09 18:00:00,25.21056666666667
2022-08-09 19:00:00,24.843616666666666
2022-08-09 20:00:00,24.99535
2022-08-09 21:00:00,24.8907
2022-08-09 22:00:00,24.883066666666664
2022-08-09 23:00:00,24.821483333333333
2022-08-10 00:00:00,25.385350000000003
2022-08-10 01:00:00,25.13795
2022-08-10 02:00:00,25.4785
2022-08-10 03:00:00,25.793016666666666
2022-08-10 04:00:00,26.20825
2022-08-10 05:00:00,26.229233333333333
2022-08-10 06:00:00,26.145983333333334
2022-08-10 07:00:00,26.462983333333334
2022-08-10 08:00:00,28.151850000000003
2022-08-10 09:00:00,27.096600000000002
2022-08-10 10:00:00,26.290883333333333
2022-08-10 11:00:00,26.33735
2022-08-10 12:00:00,26.87355
2022-08-10 13:00:00,27.306216666666668
2022-08-10 14:00:00,27.15103333333333
2022-08-10 15:00:00,27.52335
2022-08-10 16:00:00,26.711650000000002
2022-08-10 17:00:00,25.407466666666668
2022-08-10 18:00:00,25.373066666666666
2022-08-10 19:00:00,25.512966666666667
2022-08-10 20:00:00,25.371133333333333
2022-08-10 21:00:00,25.284716666666668
2022-08-10 22:00:00,25.0088
2022-08-10 23:00:00,25.250466666666668
2022-08-11 00:00:00,25.297316666666667
2022-08-11 01:00:00,25.56115
2022-08-11 02:00:00,26.01993333333333
2022-08-11 03:00:00,26.033666666666665
2022-08-11 04:00:00,25.917633333333335
2022-08-11 05:00:00,25.839566666666666
2022-08-11 06:00:00,25.93163333333333
2022-08-11 07:00:00,26.26631666666667
2022-08-11 08:00:00,27.174699999999998
2022-08-11 09:00:00,29.701883333333335
2022-08-11 10:00:00,28.566300000000002
2022-08-11 11:00:00,24.418666666666663
2022-08-11 12:00:00,25.451316666666667
2022-08-11 13:00:00,24.8999
2022-08-11 14:00:00,25.508866666666666
2022-08-11 15:00:00,25.192400000000003
2022-08-11 16:00:00,24.431683333333336
2022-08-11 17:00:00,24.256449999999997
2022-08-11 18:00:00,24.369433333333333
2022-08-11 19:00:00,24.206683333333334
2022-08-11 20:00:00,24.01653333333333
2022-08-11 21:00:00,24.413333333333334
2022-08-11 22:00:00,24.942233333333334
2022-08-11 23:00:00,25.26451666666667
2022-08-12 00:00:00,25.206666666666667
2022-08-12 01:00:00,25.425716666666666
2022-08-12 02:00:00,25.498216666666668
2022-08-12 03:00:00,25.591383333333333
2022-08-12 04:00:00,25.243433333333332
2022-08-12 05:00:00,25.248983333333335
2022-08-12 06:00:00,25.486933333333337
2022-08-12 07:00:00,26.15438333333333
2022-08-12 08:00:00,25.40426666666667
2022-08-12 09:00:00,28.072883333333333
2022-08-12 10:00:00,24.714716666666668
2022-08-12 11:00:00,24.345433333333332
2022-08-12 12:00:00,24.06161666666667
2022-08-12 13:00:00,24.217816666666668
2022-08-12 14:00:00,24.8994
2022-08-12 15:00:00,26.339233333333333
2022-08-12 16:00:00,27.33628333333333
2022-08-12 17:00:00,26.7211
2022-08-12 18:00:00,25.805233333333334
2022-08-12 19:00:00,24.805083333333336
2022-08-12 20:00:00,24.520533333333333
2022-08-12 21:00:00,24.436783333333334
2022-08-12 22:00:00,24.638066666666667
2022-08-12 23:00:00,24.860083333333332
2022-08-13 00:00:00,24.553583333333332
2022-08-13 01:00:00,24.49566666666667
2022-08-13 02:00:00,24.544266666666665
2022-08-13 03:00:00,24.544500000000003
2022-08-13 04:00:00,24.635983333333336
2022-08-13 05:00:00,24.873983333333335
2022-08-13 06:00:00,25.160866666666667
2022-08-13 07:00:00,27.229699999999998
2022-08-13 08:00:00,29.215666666666667
2022-08-13 09:00:00,30.542733333333334
2022-08-13 10:00:00,30.57335
2022-08-13 11:00:00,29.914583333333333
2022-08-13 12:00:00,29.951
2022-08-13 13:00:00,29.559883333333335
2022-08-13 14:00:00,28.94955
2022-08-13 15:00:00,29.52331666666667
2022-08-13 16:00:00,28.206016666666667
2022-08-13 17:00:00,27.977566666666668
2022-08-13 18:00:00,27.32555
2022-08-13 19:00:00,27.080816666666667
2022-08-13 20:00:00,26.744666666666667
2022-08-13 21:00:00,26.49505
2022-08-13 22:00:00,26.503316666666667
2022-08-13 23:00:00,26.083233333333332
2022-08-14 00:00:00,25.70468333333333
2022-08-14 01:00:00,25.62656666666667
2022-08-14 02:00:00,25.58601666666667
2022-08-14 03:00:00,25.576016666666664
2022-08-14 04:00:00,25.365333333333336
2022-08-14 05:00:00,25.396250000000002
2022-08-14 06:00:00,25.859550000000002
2022-08-14 07:00:00,28.116249999999997
2022-08-14 08:00:00,31.307599999999997
2022-08-14 09:00:00,31.9514
2022-08-14 10:00:00,32.0697
2022-08-14 11:00:00,32.82731666666667
2022-08-14 12:00:00,32.768116666666664
2022-08-14 13:00:00,30.386033333333334
2022-08-14 14:00:00,30.787750000000003
2022-08-14 15:00:00,30.190683333333332
2022-08-14 16:00:00,29.575866666666666
2022-08-14 17:00:00,29.14085
2022-08-14 18:00:00,29.120366666666666
2022-08-14 19:00:00,28.565283333333333
2022-08-14 20:00:00,27.893816666666666
2022-08-14 21:00:00,27.476133333333333
2022-08-14 22:00:00,27.2141
2022-08-14 23:00:00,27.04815
2022-08-15 00:00:00,26.917316666666668
2022-08-15 01:00:00,26.904816666666665
2022-08-15 02:00:00,26.411883333333332
2022-08-15 03:00:00,26.18071666666667
2022-08-15 04:00:00,25.96285
2022-08-15 05:00:00,26.2452
2022-08-15 06:00:00,26.197349999999997
2022-08-15 07:00:00,29.26043333333333
2022-08-15 08:00:00,32.517116666666666
2022-08-15 09:00:00,33.3121
2022-08-15 10:00:00,29.97233333333333
2022-08-15 11:00:00,32.64221666666666
2022-08-15 12:00:00,33.60386666666667
2022-08-15 13:00:00,33.454433333333334
2022-08-15 14:00:00,33.334716666666665
2022-08-15 15:00:00,32.98636666666667
2022-08-15 16:00:00,31.530416666666667
2022-08-15 17:00:00,29.76718333333333
2022-08-15 18:00:00,28.413866666666667
2022-08-15 19:00:00,27.690800000000003
2022-08-15 20:00:00,27.766216666666665
2022-08-15 21:00:00,27.62915
2022-08-15 22:00:00,27.33805
2022-08-15 23:00:00,27.344316666666668
2022-08-16 00:00:00,27.38821666666667
2022-08-16 01:00:00,27.383166666666668
2022-08-16 02:00:00,27.237366666666667
2022-08-16 03:00:00,27.071483333333333
2022-08-16 04:00:00,26.8184
2022-08-16 05:00:00,26.88201666666667
2022-08-16 06:00:00,26.817416666666666
2022-08-16 07:00:00,27.980116666666667
2022-08-16 08:00:00,30.58455
2022-08-16 09:00:00,34.313833333333335
2022-08-16 10:00:00,32.62303333333333
2022-08-16 11:00:00,31.2359
2022-08-16 12:00:00,33.11508333333333
2022-08-16 13:00:00,33.7755
2022-08-16 14:00:00,32.76626666666667
2022-08-16 15:00:00,32.51358333333334
2022-08-16 16:00:00,31.181649999999998
2022-08-16 17:00:00,29.19676666666667
2022-08-16 18:00:00,28.414683333333336
2022-08-16 19:00:00,28.072466666666667
2022-08-16 20:00:00,26.82861666666667
2022-08-16 21:00:00,26.780533333333334
2022-08-16 22:00:00,26.824166666666667
2022-08-16 23:00:00,26.799183333333335
2022-08-17 00:00:00,26.523683333333334
2022-08-17 01:00:00,26.594350000000002
2022-08-17 02:00:00,26.635916666666667
2022-08-17 03:00:00,26.5363
2022-08-17 04:00:00,26.34935
2022-08-17 05:00:00,26.471983333333334
2022-08-17 06:00:00,26.56135
2022-08-17 07:00:00,27.10485
2022-08-17 08:00:00,28.194116666666666
2022-08-17 09:00:00,29.609233333333336
2022-08-17 10:00:00,29.4864
2022-08-17 11:00:00,27.831083333333332
2022-08-17 12:00:00,28.922700000000003
2022-08-17 13:00:00,28.905199999999997
2022-08-17 14:00:00,28.091666666666665
2022-08-17 15:00:00,26.96435
2022-08-17 16:00:00,25.71475
2022-08-17 17:00:00,25.597666666666665
2022-08-17 18:00:00,25.08735
2022-08-17 19:00:00,25.280416666666667
2022-08-17 20:00:00,25.347833333333334
2022-08-17 21:00:00,25.23555
2022-08-17 22:00:00,25.236216666666667
2022-08-17 23:00:00,25.52808333333333
2022-08-18 00:00:00,25.445316666666667
2022-08-18 01:00:00,25.54885
2022-08-18 02:00:00,25.666666666666668
2022-08-18 03:00:00,25.737466666666666
2022-08-18 04:00:00,25.84955
2022-08-18 05:00:00,25.773266666666665
2022-08-18 06:00:00,25.427716666666665
2022-08-18 07:00:00,25.543066666666668
2022-08-18 08:00:00,27.511383333333335
2022-08-18 09:00:00,27.772516666666668
2022-08-18 10:00:00,30.426
2022-08-18 11:00:00,31.236299999999996
2022-08-18 12:00:00,28.99726666666667
2022-08-18 13:00:00,28.586566666666666
2022-08-18 14:00:00,28.792333333333332
2022-08-18 15:00:00,30.33905
2022-08-18 16:00:00,29.37313333333333
2022-08-18 17:00:00,27.783816666666667
2022-08-18 18:00:00,27.136566666666667
2022-08-18 19:00:00,26.643066666666666
2022-08-18 20:00:00,26.125533333333333
2022-08-18 21:00:00,26.19345
2022-08-18 22:00:00,26.776283333333332
2022-08-18 23:00:00,26.3792
2022-08-19 00:00:00,26.26475
2022-08-19 01:00:00,26.05728333333333
2022-08-19 02:00:00,25.84465
2022-08-19 03:00:00,25.166800000000002
2022-08-19 04:00:00,25.579383333333332
2022-08-19 05:00:00,25.366466666666668
2022-08-19 06:00:00,25.6752
2022-08-19 07:00:00,26.674249999999997
2022-08-19 08:00:00,26.145666666666667
2022-08-19 09:00:00,25.90331666666667
2022-08-19 10:00:00,28.085266666666666
2022-08-19 11:00:00,32.14463333333334
2022-08-19 12:00:00,33.31285
2022-08-19 13:00:00,31.3871
2022-08-19 14:00:00,28.180583333333335
2022-08-19 15:00:00,28.083033333333333
2022-08-19 16:00:00,27.975883333333336
2022-08-19 17:00:00,27.72233333333333
2022-08-19 18:00:00,27.085516666666667
2022-08-19 19:00:00,26.53335
2022-08-19 20:00:00,26.652316666666664
2022-08-19 21:00:00,26.671699999999998
2022-08-19 22:00:00,26.325883333333334
2022-08-19 23:00:00,26.114166666666666
2022-08-20 00:00:00,25.733549999999997
2022-08-20 01:00:00,25.60376666666667
2022-08-20 02:00:00,26.001966666666664
2022-08-20 03:00:00,25.823800000000002
2022-08-20 04:00:00,25.910016666666664
2022-08-20 05:00:00,24.870600000000003
2022-08-20 06:00:00,25.236366666666665
2022-08-20 07:00:00,26.13746666666667
2022-08-20 08:00:00,28.229499999999998
2022-08-20 09:00:00,28.694733333333332
2022-08-20 10:00:00,30.2609
2022-08-20 11:00:00,30.914550000000002
2022-08-20 12:00:00,30.695266666666665
2022-08-20 13:00:00,29.691950000000002
2022-08-20 14:00:00,28.850383333333333
2022-08-20 15:00:00,25.771933333333333
2022-08-20 16:00:00,26.790466666666667
2022-08-20 17:00:00,25.82408333333333
2022-08-20 18:00:00,25.372383333333335
2022-08-20 19:00:00,25.239416666666667
2022-08-20 20:00:00,25.627583333333334
2022-08-20 21:00:00,25.870316666666668
2022-08-20 22:00:00,25.65975
2022-08-20 23:00:00,25.723183333333335
2022-08-21 00:00:00,25.70991666666667
2022-08-21 01:00:00,25.8381
2022-08-21 02:00:00,26.18025
2022-08-21 03:00:00,26.117549999999998
2022-08-21 04:00:00,25.96375
2022-08-21 05:00:00,25.986416666666667
2022-08-21 06:00:00,25.903666666666666
2022-08-21 07:00:00,26.469416666666667
2022-08-21 08:00:00,28.201383333333336
2022-08-21 09:00:00,29.974
2022-08-21 10:00:00,30.940883333333332
2022-08-21 11:00:00,30.444200000000002
2022-08-21 12:00:00,29.634050000000002
2022-08-21 13:00:00,28.990433333333332
2022-08-21 14:00:00,29.298616666666664
2022-08-21 15:00:00,28.922016666666664
2022-08-21 16:00:00,28.4742
2022-08-21 17:00:00,27.82155
2022-08-21 18:00:00,27.3807
2022-08-21 19:00:00,26.785166666666665
2022-08-21 20:00:00,26.648566666666667
2022-08-21 21:00:00,26.619866666666667
2022-08-21 22:00:00,26.638516666666664
2022-08-21 23:00:00,26.388166666666667
2022-08-22 00:00:00,26.661816666666667
2022-08-22 01:00:00,26.635366666666666
2022-08-22 02:00:00,26.7304
2022-08-22 03:00:00,26.69775
2022-08-22 04:00:00,26.675566666666665
2022-08-22 05:00:00,26.319683333333334
2022-08-22 06:00:00,26.225233333333332
2022-08-22 07:00:00,29.215633333333336
2022-08-22 08:00:00,31.0743
2022-08-22 09:00:00,31.472316666666664
2022-08-22 10:00:00,33.034866666666666
2022-08-22 11:00:00,31.840666666666667
2022-08-22 12:00:00,32.464533333333335
2022-08-22 13:00:00,32.168216666666666
2022-08-22 14:00:00,33.52408333333333
2022-08-22 15:00:00,34.98643333333334
2022-08-22 16:00:00,33.321733333333334
2022-08-22 17:00:00,32.021499999999996
2022-08-22 18:00:00,30.589433333333332
2022-08-22 19:00:00,29.438133333333333
2022-08-22 20:00:00,29.13246666666667
2022-08-22 21:00:00,28.969366666666666
2022-08-22 22:00:00,28.776400000000002
2022-08-22 23:00:00,28.535566666666668
2022-08-23 00:00:00,28.30186666666667
2022-08-23 01:00:00,28.01835
2022-08-23 02:00:00,27.8491
2022-08-23 03:00:00,27.71715
2022-08-23 04:00:00,27.588733333333334
2022-08-23 05:00:00,27.601833333333335
2022-08-23 06:00:00,27.768816666666666
2022-08-23 07:00:00,29.887249999999998
2022-08-23 08:00:00,33.33375
2022-08-23 09:00:00,34.91811666666667
2022-08-23 10:00:00,36.57598333333333
2022-08-23 11:00:00,37.021433333333334
2022-08-23 12:00:00,37.80693333333333
2022-08-23 13:00:00,35.732683333333334
2022-08-23 14:00:00,35.24995
2022-08-23 15:00:00,35.23175
2022-08-23 16:00:00,33.789033333333336
2022-08-23 17:00:00,31.6934
2022-08-23 18:00:00,31.29866666666667
2022-08-23 19:00:00,30.778200000000002
2022-08-23 20:00:00,30.163283333333332
2022-08-23 21:00:00,29.80503333333333
2022-08-23 22:00:00,29.377000000000002
2022-08-23 23:00:00,28.957016666666668
2022-08-24 00:00:00,29.008233333333333
2022-08-24 01:00:00,28.593733333333333
2022-08-24 02:00:00,28.37105
2022-08-24 03:00:00,28.384666666666664
2022-08-24 04:00:00,28.386016666666666
2022-08-24 05:00:00,28.4221
2022-08-24 06:00:00,28.379
2022-08-24 07:00:00,29.29283333333333
2022-08-24 08:00:00,33.57011666666667
2022-08-24 09:00:00,34.185383333333334
2022-08-24 10:00:00,33.153483333333334
2022-08-24 11:00:00,33.809400000000004
2022-08-24 12:00:00,35.57483333333333
2022-08-24 13:00:00,33.41416666666667
2022-08-24 14:00:00,32.9199
2022-08-24 15:00:00,31.186616666666666
2022-08-24 16:00:00,30.10325
2022-08-24 17:00:00,29.29505
2022-08-24 18:00:00,28.474966666666667
2022-08-24 19:00:00,27.834633333333333
2022-08-24 20:00:00,27.527966666666664
2022-08-24 21:00:00,27.349216666666667
2022-08-24 22:00:00,26.540366666666667
2022-08-24 23:00:00,24.963266666666666
2022-08-25 00:00:00,25.874166666666667
2022-08-25 01:00:00,25.095633333333335
2022-08-25 02:00:00,25.149133333333335
2022-08-25 03:00:00,25.58365
2022-08-25 04:00:00,23.51735
2022-08-25 05:00:00,24.264316666666666
2022-08-25 06:00:00,25.518449999999998
2022-08-25 07:00:00,24.982983333333333
2022-08-25 08:00:00,23.755516666666665
2022-08-25 09:00:00,23.633433333333336
2022-08-25 10:00:00,25.11205
2022-08-25 11:00:00,25.47511666666667
2022-08-25 12:00:00,23.329633333333334
2022-08-25 13:00:00,25.476133333333333
2022-08-25 14:00:00,27.127366666666667
2022-08-25 15:00:00,26.777833333333334
2022-08-25 16:00:00,26.0243
2022-08-25 17:00:00,25.784299999999998
2022-08-25 18:00:00,25.714316666666665
2022-08-25 19:00:00,25.745166666666666
2022-08-25 20:00:00,25.666366666666665
2022-08-25 21:00:00,25.654083333333332
2022-08-25 22:00:00,25.49801666666667
2022-08-25 23:00:00,25.658166666666666
2022-08-26 00:00:00,25.839233333333333
2022-08-26 01:00:00,25.881500000000003
2022-08-26 02:00:00,25.7229
2022-08-26 03:00:00,25.68071666666667
2022-08-26 04:00:00,25.86456666666667
2022-08-26 05:00:00,25.97015
2022-08-26 06:00:00,25.950433333333333
2022-08-26 07:00:00,26.3787
2022-08-26 08:00:00,27.799883333333334
2022-08-26 09:00:00,29.738833333333332
2022-08-26 10:00:00,30.490133333333333
2022-08-26 11:00:00,30.506616666666666
2022-08-26 12:00:00,29.979166666666668
2022-08-26 13:00:00,28.9117
2022-08-26 14:00:00,29.273466666666664
2022-08-26 15:00:00,29.281316666666665
2022-08-26 16:00:00,29.910083333333333
2022-08-26 17:00:00,28.635266666666666
2022-08-26 18:00:00,27.65011666666667
2022-08-26 19:00:00,27.09365
2022-08-26 20:00:00,26.766099999999998
2022-08-26 21:00:00,26.64496666666667
2022-08-26 22:00:00,26.587983333333334
2022-08-26 23:00:00,26.441183333333335
2022-08-27 00:00:00,26.454333333333334
2022-08-27 01:00:00,26.304983333333332
2022-08-27 02:00:00,25.9374
2022-08-27 03:00:00,25.8186
2022-08-27 04:00:00,25.6699
2022-08-27 05:00:00,25.54638333333333
2022-08-27 06:00:00,26.048299999999998
2022-08-27 07:00:00,28.413083333333336
2022-08-27 08:00:00,31.21688333333333
2022-08-27 09:00:00,32.10308333333333
2022-08-27 10:00:00,32.256883333333334
2022-08-27 11:00:00,32.76975
2022-08-27 12:00:00,32.24098333333333
2022-08-27 13:00:00,31.52988333333333
2022-08-27 14:00:00,32.25615
2022-08-27 15:00:00,32.466950000000004
2022-08-27 16:00:00,33.34251666666667
2022-08-27 17:00:00,31.85396666666667
2022-08-27 18:00:00,29.848483333333334
2022-08-27 19:00:00,28.920633333333335
2022-08-27 20:00:00,28.68395
2022-08-27 21:00:00,28.633633333333332
2022-08-27 22:00:00,28.432366666666667
2022-08-27 23:00:00,28.1576
2022-08-28 00:00:00,28.03506666666667
2022-08-28 01:00:00,27.892133333333334
2022-08-28 02:00:00,27.691166666666668
2022-08-28 03:00:00,27.601366666666667
2022-08-28 04:00:00,27.22396666666667
2022-08-28 05:00:00,27.16775
2022-08-28 06:00:00,27.55251666666667
2022-08-28 07:00:00,30.396783333333335
2022-08-28 08:00:00,32.62081666666667
2022-08-28 09:00:00,34.945883333333335
2022-08-28 10:00:00,34.829883333333335
2022-08-28 11:00:00,34.52733333333333
2022-08-28 12:00:00,33.49243333333333
2022-08-28 13:00:00,32.61295
2022-08-28 14:00:00,31.86371666666667
2022-08-28 15:00:00,31.463966666666668
2022-08-28 16:00:00,29.896516666666667
2022-08-28 17:00:00,29.0139
2022-08-28 18:00:00,28.505766666666666
2022-08-28 19:00:00,28.250116666666667
2022-08-28 20:00:00,28.013066666666667
2022-08-28 21:00:00,27.922349999999998
2022-08-28 22:00:00,27.850233333333335
2022-08-28 23:00:00,27.740533333333335
2022-08-29 00:00:00,27.599416666666666
2022-08-29 01:00:00,27.4147
2022-08-29 02:00:00,27.23528333333333
2022-08-29 03:00:00,27.052833333333336
2022-08-29 04:00:00,26.84143333333333
2022-08-29 05:00:00,26.69595
2022-08-29 06:00:00,26.615266666666667
2022-08-29 07:00:00,27.14405
2022-08-29 08:00:00,28.1742
2022-08-29 09:00:00,29.592133333333333
2022-08-29 10:00:00,31.0566
2022-08-29 11:00:00,32.04548333333334
2022-08-29 12:00:00,31.841283333333333
2022-08-29 13:00:00,32.349450000000004
2022-08-29 14:00:00,32.083016666666666
2022-08-29 15:00:00,31.682983333333333
2022-08-29 16:00:00,29.423083333333334
2022-08-29 17:00:00,28.574566666666666
2022-08-29 18:00:00,27.78151666666667
2022-08-29 19:00:00,27.208016666666666
2022-08-29 20:00:00,26.934583333333332
2022-08-29 21:00:00,27.128716666666666
2022-08-29 22:00:00,27.1048
2022-08-29 23:00:00,26.891666666666666
2022-08-30 00:00:00,26.786566666666666
2022-08-30 01:00:00,26.513233333333332
2022-08-30 02:00:00,26.340083333333332
2022-08-30 03:00:00,26.39375
2022-08-30 04:00:00,26.282983333333334
2022-08-30 05:00:00,26.0362
2022-08-30 06:00:00,26.283250000000002
2022-08-30 07:00:00,28.853383333333333
2022-08-30 08:00:00,31.557583333333334
2022-08-30 09:00:00,32.64983333333333
2022-08-30 10:00:00,32.96281666666667
2022-08-30 11:00:00,33.499966666666666
2022-08-30 12:00:00,33.405833333333334
2022-08-30 13:00:00,33.25705
2022-08-30 14:00:00,30.60506666666667
2022-08-30 15:00:00,31.47695
2022-08-30 16:00:00,29.332983333333335
2022-08-30 17:00:00,29.131733333333333
2022-08-30 18:00:00,28.555266666666668
2022-08-30 19:00:00,28.49046666666667
2022-08-30 20:00:00,28.53015
2022-08-30 21:00:00,28.37105
2022-08-30 22:00:00,27.871133333333333
2022-08-30 23:00:00,27.605933333333333
2022-08-31 00:00:00,27.243949999999998
2022-08-31 01:00:00,27.238833333333332
2022-08-31 02:00:00,27.312716666666667
2022-08-31 03:00:00,27.082633333333334
2022-08-31 04:00:00,27.18316666666667
2022-08-31 05:00:00,27.2407
2022-08-31 06:00:00,27.316033333333333
2022-08-31 07:00:00,29.63998333333333
2022-08-31 08:00:00,32.986016666666664
2022-08-31 09:00:00,34.3021
2022-08-31 10:00:00,34.329883333333335
2022-08-31 11:00:00,33.51821666666667
2022-08-31 12:00:00,33.100966666666665
2022-08-31 13:00:00,32.3284
2022-08-31 14:00:00,33.297716666666666
2022-08-31 15:00:00,31.817183333333332
2022-08-31 16:00:00,30.1466
2022-08-31 17:00:00,29.276283333333332
2022-08-31 18:00:00,28.4647
2022-08-31 19:00:00,28.28536666666667
2022-08-31 20:00:00,28.104466666666667
2022-08-31 21:00:00,27.93785
2022-08-31 22:00:00,27.724283333333336
2022-08-31 23:00:00,27.647433333333332
2022-09-01 00:00:00,27.788866666666667
2022-09-01 01:00:00,27.851766666666666
2022-09-01 02:00:00,27.350399999999997
2022-09-01 03:00:00,27.085116666666668
2022-09-01 04:00:00,27.26086666666667
2022-09-01 05:00:00,26.890116666666664
2022-09-01 06:00:00,27.130766666666666
2022-09-01 07:00:00,29.65995
2022-09-01 08:00:00,32.81153333333334
2022-09-01 09:00:00,34.71103333333333
2022-09-01 10:00:00,33.838550000000005
2022-09-01 11:00:00,33.959183333333335
2022-09-01 12:00:00,34.343983333333334
2022-09-01 13:00:00,33.65528333333334
2022-09-01 14:00:00,32.67208333333333
2022-09-01 15:00:00,31.10033333333333
2022-09-01 16:00:00,28.09401666666667
2022-09-01 17:00:00,27.054250000000003
2022-09-01 18:00:00,27.178483333333336
2022-09-01 19:00:00,27.109366666666666
2022-09-01 20:00:00,27.622766666666667
2022-09-01 21:00:00,27.758950000000002
2022-09-01 22:00:00,27.660416666666666
2022-09-01 23:00:00,27.489933333333333
2022-09-02 00:00:00,27.372316666666666
2022-09-02 01:00:00,27.1608
2022-09-02 02:00:00,26.841450000000002
2022-09-02 03:00:00,26.639850000000003
2022-09-02 04:00:00,26.3749
2022-09-02 05:00:00,26.256083333333333
2022-09-02 06:00:00,25.86735
2022-09-02 07:00:00,26.151
2022-09-02 08:00:00,27.4525
2022-09-02 09:00:00,28.506016666666667
2022-09-02 10:00:00,29.662916666666668
2022-09-02 11:00:00,31.350250000000003
2022-09-02 12:00:00,32.02751666666667
2022-09-02 13:00:00,32.43236666666667
2022-09-02 14:00:00,33.2467
2022-09-02 15:00:00,34.0898
2022-09-02 16:00:00,33.09813333333333
2022-09-02 17:00:00,31.259133333333335
2022-09-02 18:00:00,29.674633333333336
2022-09-02 19:00:00,28.8793
2022-09-02 20:00:00,28.682616666666668
2022-09-02 21:00:00,28.331666666666667
2022-09-02 22:00:00,27.94161666666667
2022-09-02 23:00:00,27.653833333333335
2022-09-03 00:00:00,27.290666666666667
2022-09-03 01:00:00,26.927266666666664
2022-09-03 02:00:00,26.63545
2022-09-03 03:00:00,26.179516666666665
2022-09-03 04:00:00,25.916633333333333
2022-09-03 05:00:00,25.629916666666666
2022-09-03 06:00:00,25.758750000000003
2022-09-03 07:00:00,27.08966666666667
2022-09-03 08:00:00,28.938083333333335
2022-09-03 09:00:00,30.9017
2022-09-03 10:00:00,32.37785
2022-09-03 11:00:00,33.721849999999996
2022-09-03 12:00:00,34.16556666666667
2022-09-03 13:00:00,34.88601666666667
2022-09-03 14:00:00,34.59765
2022-09-03 15:00:00,34.101816666666664
2022-09-03 16:00:00,33.35111666666667
2022-09-03 17:00:00,31.8155
2022-09-03 18:00:00,30.294483333333336
2022-09-03 19:00:00,29.492583333333336
2022-09-03 20:00:00,29.16486666666667
2022-09-03 21:00:00,29.061483333333335
2022-09-03 22:00:00,28.974866666666667
2022-09-03 23:00:00,28.695716666666666
2022-09-04 00:00:00,28.320983333333334
2022-09-04 01:00:00,27.74925
2022-09-04 02:00:00,27.184966666666664
2022-09-04 03:00:00,26.786633333333334
2022-09-04 04:00:00,26.47375
2022-09-04 05:00:00,26.052766666666667
2022-09-04 06:00:00,26.014083333333335
2022-09-04 07:00:00,28.11365
2022-09-04 08:00:00,30.055766666666667
2022-09-04 09:00:00,31.368383333333334
2022-09-04 10:00:00,31.972133333333332
2022-09-04 11:00:00,32.9727
2022-09-04 12:00:00,34.52725
2022-09-04 13:00:00,35.71361666666667
2022-09-04 14:00:00,35.365233333333336
2022-09-04 15:00:00,34.86468333333333
2022-09-04 16:00:00,34.62786666666667
2022-09-04 17:00:00,33.417699999999996
2022-09-04 18:00:00,31.234433333333335
2022-09-04 19:00:00,30.515983333333335
2022-09-04 20:00:00,29.61413333333333
2022-09-04 21:00:00,28.69255
2022-09-04 22:00:00,28.829933333333333
2022-09-04 23:00:00,29.078783333333334
2022-09-05 00:00:00,28.888983333333332
2022-09-05 01:00:00,28.43795
2022-09-05 02:00:00,28.11886666666667
2022-09-05 03:00:00,27.488400000000002
2022-09-05 04:00:00,27.255133333333333
2022-09-05 05:00:00,26.822633333333332
2022-09-05 06:00:00,27.29961666666667
2022-09-05 07:00:00,28.289916666666667
2022-09-05 08:00:00,30.087750000000003
2022-09-05 09:00:00,31.001816666666667
2022-09-05 10:00:00,31.865033333333333
2022-09-05 11:00:00,33.9595
2022-09-05 12:00:00,35.822
2022-09-05 13:00:00,36.77348333333334
2022-09-05 14:00:00,36.20226666666667
2022-09-05 15:00:00,34.22911666666666
2022-09-05 16:00:00,31.604866666666666
2022-09-05 17:00:00,30.7562
2022-09-05 18:00:00,30.422666666666665
2022-09-05 19:00:00,29.077783333333333
2022-09-05 20:00:00,28.529400000000003
2022-09-05 21:00:00,28.57475
2022-09-05 22:00:00,28.41306666666667
2022-09-05 23:00:00,28.434666666666665
2022-09-06 00:00:00,28.088116666666668
2022-09-06 01:00:00,27.81315
2022-09-06 02:00:00,27.695016666666668
2022-09-06 03:00:00,27.92355
2022-09-06 04:00:00,27.915683333333334
2022-09-06 05:00:00,27.6846
2022-09-06 06:00:00,27.949599999999997
2022-09-06 07:00:00,28.65835
2022-09-06 08:00:00,30.021083333333333
2022-09-06 09:00:00,34.34525
2022-09-06 10:00:00,36.1788
2022-09-06 11:00:00,35.74781666666667
2022-09-06 12:00:00,34.08455
2022-09-06 13:00:00,33.56908333333333
2022-09-06 14:00:00,33.84118333333333
2022-09-06 15:00:00,32.57268333333333
2022-09-06 16:00:00,31.4487
2022-09-06 17:00:00,29.954583333333336
2022-09-06 18:00:00,28.484283333333334
2022-09-06 19:00:00,27.91955
2022-09-06 20:00:00,27.653466666666667
2022-09-06 21:00:00,27.658783333333336
2022-09-06 22:00:00,27.7198
2022-09-06 23:00:00,27.545666666666666
2022-09-07 00:00:00,27.556316666666664
2022-09-07 01:00:00,27.42485
2022-09-07 02:00:00,27.213199999999997
2022-09-07 03:00:00,26.284666666666666
2022-09-07 04:00:00,25.477899999999998
2022-09-07 05:00:00,25.442166666666665
2022-09-07 06:00:00,25.257033333333332
2022-09-07 07:00:00,24.884183333333333
2022-09-07 08:00:00,25.17005
2022-09-07 09:00:00,25.779216666666667
2022-09-07 10:00:00,26.595383333333334
2022-09-07 11:00:00,26.62796666666667
2022-09-07 12:00:00,26.669016666666668
2022-09-07 13:00:00,27.010916666666667
2022-09-07 14:00:00,27.41815
2022-09-07 15:00:00,27.34603333333333
2022-09-07 16:00:00,26.89375
2022-09-07 17:00:00,26.9441
2022-09-07 18:00:00,26.725900000000003
2022-09-07 19:00:00,26.487216666666665
2022-09-07 20:00:00,26.381966666666663
2022-09-07 21:00:00,26.386300000000002
2022-09-07 22:00:00,26.326900000000002
2022-09-07 23:00:00,26.501116666666668
2022-09-08 00:00:00,26.577350000000003
2022-09-08 01:00:00,26.550166666666666
2022-09-08 02:00:00,26.350900000000003
2022-09-08 03:00:00,26.150083333333335
2022-09-08 04:00:00,26.068116666666665
2022-09-08 05:00:00,25.995716666666667
2022-09-08 06:00:00,25.938049999999997
2022-09-08 07:00:00,29.15305
2022-09-08 08:00:00,32.46041666666667
2022-09-08 09:00:00,33.58495
2022-09-08 10:00:00,32.961733333333335
2022-09-08 11:00:00,32.99953333333333
2022-09-08 12:00:00,32.9308
2022-09-08 13:00:00,32.33016666666666
2022-09-08 14:00:00,31.72126666666667
2022-09-08 15:00:00,30.713266666666666
2022-09-08 16:00:00,29.2072
2022-09-08 17:00:00,27.916283333333336
2022-09-08 18:00:00,27.242616666666667
2022-09-08 19:00:00,26.83425
2022-09-08 20:00:00,26.831216666666666
2022-09-08 21:00:00,26.807766666666666
2022-09-08 22:00:00,26.60846666666667
2022-09-08 23:00:00,27.26581666666667
2022-09-09 00:00:00,27.61931666666667
2022-09-09 01:00:00,27.412266666666667
2022-09-09 02:00:00,27.328916666666665
2022-09-09 03:00:00,27.067366666666665
2022-09-09 04:00:00,26.575683333333334
2022-09-09 05:00:00,26.294433333333334
2022-09-09 06:00:00,25.86965
2022-09-09 07:00:00,28.6734
2022-09-09 08:00:00,32.2726
2022-09-09 09:00:00,33.2106
2022-09-09 10:00:00,32.1364
2022-09-09 11:00:00,32.468783333333334
2022-09-09 12:00:00,33.369616666666666
2022-09-09 13:00:00,33.220616666666665
2022-09-09 14:00:00,31.982033333333334
2022-09-09 15:00:00,30.575083333333335
2022-09-09 16:00:00,29.390800000000002
2022-09-09 17:00:00,28.037466666666667
2022-09-09 18:00:00,26.636233333333333
2022-09-09 19:00:00,26.186883333333334
2022-09-09 20:00:00,26.8394
2022-09-09 21:00:00,27.0775
2022-09-09 22:00:00,27.071250000000003
2022-09-09 23:00:00,26.609199999999998
2022-09-10 00:00:00,26.154833333333332
2022-09-10 01:00:00,26.032283333333332
2022-09-10 02:00:00,25.750333333333334
2022-09-10 03:00:00,25.74495
2022-09-10 04:00:00,25.686066666666665
2022-09-10 05:00:00,25.725783333333332
2022-09-10 06:00:00,25.811500000000002
2022-09-10 07:00:00,27.23388333333333
2022-09-10 08:00:00,30.450966666666666
2022-09-10 09:00:00,29.450216666666666
2022-09-10 10:00:00,30.9373
2022-09-10 11:00:00,32.4574
2022-09-10 12:00:00,32.525666666666666
2022-09-10 13:00:00,31.879166666666666
2022-09-10 14:00:00,30.883166666666668
2022-09-10 15:00:00,29.4834
2022-09-10 16:00:00,28.215566666666668
2022-09-10 17:00:00,27.777733333333334
2022-09-10 18:00:00,26.8583
2022-09-10 19:00:00,26.648333333333333
2022-09-10 20:00:00,26.581266666666668
2022-09-10 21:00:00,26.649166666666666
2022-09-10 22:00:00,26.3198
2022-09-10 23:00:00,25.93985
2022-09-11 00:00:00,25.841616666666667
2022-09-11 01:00:00,25.6896
2022-09-11 02:00:00,25.77515
2022-09-11 03:00:00,25.66078333333333
2022-09-11 04:00:00,25.488166666666665
2022-09-11 05:00:00,25.647783333333333
2022-09-11 06:00:00,25.523883333333334
2022-09-11 07:00:00,27.094266666666666
2022-09-11 08:00:00,28.970883333333333
2022-09-11 09:00:00,30.896433333333334
2022-09-11 10:00:00,32.06766666666667
2022-09-11 11:00:00,31.743883333333333
2022-09-11 12:00:00,33.32625
2022-09-11 13:00:00,32.60783333333333
2022-09-11 14:00:00,32.56158333333333
2022-09-11 15:00:00,32.26788333333334
2022-09-11 16:00:00,31.74205
2022-09-11 17:00:00,31.380716666666668
2022-09-11 18:00:00,29.8497
2022-09-11 19:00:00,29.130533333333332
2022-09-11 20:00:00,28.93228333333333
2022-09-11 21:00:00,28.755266666666667
2022-09-11 22:00:00,28.60095
2022-09-11 23:00:00,28.371983333333333
2022-09-12 00:00:00,28.075283333333335
2022-09-12 01:00:00,28.049866666666667
2022-09-12 02:00:00,27.783483333333333
2022-09-12 03:00:00,27.536166666666666
2022-09-12 04:00:00,27.144266666666667
2022-09-12 05:00:00,27.711616666666668
2022-09-12 06:00:00,27.71845
2022-09-12 07:00:00,30.075766666666667
2022-09-12 08:00:00,33.31491666666667
2022-09-12 09:00:00,35.357216666666666
2022-09-12 10:00:00,36.5816
2022-09-12 11:00:00,37.409866666666666
2022-09-12 12:00:00,38.11541666666667
2022-09-12 13:00:00,37.82615
2022-09-12 14:00:00,34.94986666666667
2022-09-12 15:00:00,34.329316666666664
2022-09-12 16:00:00,32.22731666666667
2022-09-12 17:00:00,31.890083333333333
2022-09-12 18:00:00,30.470899999999997
2022-09-12 19:00:00,29.473733333333332
2022-09-12 20:00:00,29.66531666666667
2022-09-12 21:00:00,30.2147
2022-09-12 22:00:00,30.353583333333333
2022-09-12 23:00:00,29.9792
2022-09-13 00:00:00,29.71075
2022-09-13 01:00:00,29.031716666666668
2022-09-13 02:00:00,28.9583
2022-09-13 03:00:00,29.461416666666665
2022-09-13 04:00:00,29.271466666666665
2022-09-13 05:00:00,29.203883333333334
2022-09-13 06:00:00,28.77695
2022-09-13 07:00:00,30.75455
2022-09-13 08:00:00,33.0658
2022-09-13 09:00:00,35.036449999999995
2022-09-13 10:00:00,35.85275
2022-09-13 11:00:00,36.687866666666665
2022-09-13 12:00:00,37.22293333333334
2022-09-13 13:00:00,37.981300000000005
2022-09-13 14:00:00,36.84515
2022-09-13 15:00:00,37.09278333333334
2022-09-13 16:00:00,35.774816666666666
2022-09-13 17:00:00,34.441583333333334
2022-09-13 18:00:00,32.03178333333333
2022-09-13 19:00:00,31.542783333333333
2022-09-13 20:00:00,30.461850000000002
2022-09-13 21:00:00,30.3027
2022-09-13 22:00:00,30.667283333333334
2022-09-13 23:00:00,30.5945
2022-09-14 00:00:00,30.756316666666667
2022-09-14 01:00:00,30.037916666666668
2022-09-14 02:00:00,29.49951666666667
2022-09-14 03:00:00,29.29671666666667
2022-09-14 04:00:00,29.17393333333333
2022-09-14 05:00:00,29.0358
2022-09-14 06:00:00,28.849749999999997
2022-09-14 07:00:00,29.719033333333336
2022-09-14 08:00:00,31.40201666666667
2022-09-14 09:00:00,32.442933333333336
2022-09-14 10:00:00,34.32618333333333
2022-09-14 11:00:00,36.084966666666666
2022-09-14 12:00:00,36.8147
2022-09-14 13:00:00,37.2271
2022-09-14 14:00:00,37.45281666666666
2022-09-14 15:00:00,37.2603
2022-09-14 16:00:00,36.220016666666666
2022-09-14 17:00:00,34.001733333333334
2022-09-14 18:00:00,32.08936666666667
2022-09-14 19:00:00,31.281533333333336
2022-09-14 20:00:00,30.362516666666668
2022-09-14 21:00:00,30.000049999999998
2022-09-14 22:00:00,30.03933333333333
2022-09-14 23:00:00,30.09285
2022-09-15 00:00:00,29.011783333333334
2022-09-15 01:00:00,28.339066666666668
2022-09-15 02:00:00,28.8039
2022-09-15 03:00:00,28.310333333333332
2022-09-15 04:00:00,27.805116666666667
2022-09-15 05:00:00,27.879433333333335
2022-09-15 06:00:00,28.173833333333334
2022-09-15 07:00:00,30.447966666666666
2022-09-15 08:00:00,33.40963333333333
2022-09-15 09:00:00,35.362550000000006
2022-09-15 10:00:00,36.054433333333336
2022-09-15 11:00:00,36.61825
2022-09-15 12:00:00,37.80251666666666
2022-09-15 13:00:00,37.53338333333333
2022-09-15 14:00:00,33.608216666666664
2022-09-15 15:00:00,31.6328
2022-09-15 16:00:00,31.079416666666667
2022-09-15 17:00:00,30.455766666666666
2022-09-15 18:00:00,30.017983333333333
2022-09-15 19:00:00,29.524266666666666
2022-09-15 20:00:00,28.763716666666667
2022-09-15 21:00:00,28.183716666666665
2022-09-15 22:00:00,28.437816666666667
2022-09-15 23:00:00,27.87248333333333
2022-09-16 00:00:00,28.313083333333335
2022-09-16 01:00:00,28.553116666666664
2022-09-16 02:00:00,28.156466666666667
2022-09-16 03:00:00,27.81395
2022-09-16 04:00:00,27.651416666666666
2022-09-16 05:00:00,27.128683333333335
2022-09-16 06:00:00,27.51595
2022-09-16 07:00:00,30.15198333333333
2022-09-16 08:00:00,31.903666666666666
2022-09-16 09:00:00,34.34458333333334
2022-09-16 10:00:00,34.39266666666666
2022-09-16 11:00:00,34.15903333333333
2022-09-16 12:00:00,34.16383333333333
2022-09-16 13:00:00,32.14276666666667
2022-09-16 14:00:00,30.427083333333332
2022-09-16 15:00:00,31.146583333333336
2022-09-16 16:00:00,30.14585
2022-09-16 17:00:00,30.126700000000003
2022-09-16 18:00:00,29.24226666666667
2022-09-16 19:00:00,28.399516666666667
2022-09-16 20:00:00,28.26985
2022-09-16 21:00:00,27.823983333333334
2022-09-16 22:00:00,27.774416666666664
2022-09-16 23:00:00,28.232766666666667
2022-09-17 00:00:00,27.368466666666666
2022-09-17 01:00:00,27.082016666666668
2022-09-17 02:00:00,26.715966666666667
2022-09-17 03:00:00,27.3907
2022-09-17 04:00:00,27.601566666666667
2022-09-17 05:00:00,28.03666666666667
2022-09-17 06:00:00,27.1581
2022-09-17 07:00:00,28.8798
2022-09-17 08:00:00,31.099266666666665
2022-09-17 09:00:00,32.25743333333333
2022-09-17 10:00:00,33.2125
2022-09-17 11:00:00,34.46616666666667
2022-09-17 12:00:00,34.42645
2022-09-17 13:00:00,33.03676666666667
2022-09-17 14:00:00,31.063583333333334
2022-09-17 15:00:00,30.6034
2022-09-17 16:00:00,30.83815
2022-09-17 17:00:00,30.977033333333335
2022-09-17 18:00:00,29.94093333333333
2022-09-17 19:00:00,29.370783333333335
2022-09-17 20:00:00,29.252083333333335
2022-09-17 21:00:00,28.92716666666667
2022-09-17 22:00:00,28.66913333333333
2022-09-17 23:00:00,28.26795
2022-09-18 00:00:00,28.477700000000002
2022-09-18 01:00:00,28.7795
2022-09-18 02:00:00,28.7385
2022-09-18 03:00:00,28.500366666666665
2022-09-18 04:00:00,28.08608333333333
2022-09-18 05:00:00,27.970483333333334
2022-09-18 06:00:00,27.674483333333335
2022-09-18 07:00:00,28.84916666666667
2022-09-18 08:00:00,30.3378
2022-09-18 09:00:00,31.982450000000004
2022-09-18 10:00:00,32.56165
2022-09-18 11:00:00,34.031349999999996
2022-09-18 12:00:00,32.84628333333333
2022-09-18 13:00:00,34.45536666666667
2022-09-18 14:00:00,34.626533333333334
2022-09-18 15:00:00,33.70195
2022-09-18 16:00:00,27.296533333333333
2022-09-18 17:00:00,27.33465
2022-09-18 18:00:00,27.884666666666664
2022-09-18 19:00:00,28.569366666666667
2022-09-18 20:00:00,28.510783333333332
2022-09-18 21:00:00,27.548583333333333
2022-09-18 22:00:00,27.373949999999997
2022-09-18 23:00:00,26.524566666666665
2022-09-19 00:00:00,26.56928333333333
2022-09-19 01:00:00,26.149083333333333
2022-09-19 02:00:00,25.823983333333334
2022-09-19 03:00:00,25.88116666666667
2022-09-19 04:00:00,25.012616666666666
2022-09-19 05:00:00,25.24591666666667
2022-09-19 06:00:00,25.60355
2022-09-19 07:00:00,25.678783333333335
2022-09-19 08:00:00,27.84345
2022-09-19 09:00:00,30.02556666666667
2022-09-19 10:00:00,32.378433333333334
2022-09-19 11:00:00,33.99211666666667
2022-09-19 12:00:00,36.08951666666667
2022-09-19 13:00:00,35.42126666666666
2022-09-19 14:00:00,33.423433333333335
2022-09-19 15:00:00,32.67058333333333
2022-09-19 16:00:00,31.610833333333336
2022-09-19 17:00:00,30.51495
2022-09-19 18:00:00,28.506083333333333
2022-09-19 19:00:00,28.110566666666667
2022-09-19 20:00:00,27.837966666666667
2022-09-19 21:00:00,28.015633333333334
2022-09-19 22:00:00,27.929883333333333
2022-09-19 23:00:00,28.02381666666667
2022-09-20 00:00:00,27.538816666666666
2022-09-20 01:00:00,27.098883333333333
2022-09-20 02:00:00,27.238766666666667
2022-09-20 03:00:00,27.0976
2022-09-20 04:00:00,26.8668
2022-09-20 05:00:00,26.578100000000003
2022-09-20 06:00:00,26.3534
2022-09-20 07:00:00,25.121533333333332
2022-09-20 08:00:00,26.915566666666667
2022-09-20 09:00:00,28.221816666666665
2022-09-20 10:00:00,28.993433333333332
2022-09-20 11:00:00,23.49321666666667
2022-09-20 12:00:00,25.286516666666667
2022-09-20 13:00:00,27.825766666666667
2022-09-20 14:00:00,28.059783333333332
2022-09-20 15:00:00,27.975733333333334
2022-09-20 16:00:00,27.39
2022-09-20 17:00:00,27.257683333333333
2022-09-20 18:00:00,27.1324
2022-09-20 19:00:00,25.97621666666667
2022-09-20 20:00:00,25.890183333333333
2022-09-20 21:00:00,26.145483333333335
2022-09-20 22:00:00,26.46175
2022-09-20 23:00:00,26.62568333333333
2022-09-21 00:00:00,26.5064
2022-09-21 01:00:00,26.518533333333334
2022-09-21 02:00:00,26.354033333333334
2022-09-21 03:00:00,26.076683333333335
2022-09-21 04:00:00,26.3686
2022-09-21 05:00:00,26.231416666666668
2022-09-21 06:00:00,25.717816666666668
2022-09-21 07:00:00,25.408816666666667
2022-09-21 08:00:00,27.290666666666667
2022-09-21 09:00:00,28.867866666666668
2022-09-21 10:00:00,29.204533333333334
2022-09-21 11:00:00,30.392133333333334
2022-09-21 12:00:00,29.8715
2022-09-21 13:00:00,30.350983333333332
2022-09-21 14:00:00,29.4506
2022-09-21 15:00:00,29.46013333333333
2022-09-21 16:00:00,28.0062
2022-09-21 17:00:00,26.47061666666667
2022-09-21 18:00:00,26.039683333333336
2022-09-21 19:00:00,25.88255
2022-09-21 20:00:00,25.811666666666667
2022-09-21 21:00:00,26.011533333333333
2022-09-21 22:00:00,26.13585
2022-09-21 23:00:00,26.08673333333333
2022-09-22 00:00:00,26.0118
2022-09-22 01:00:00,26.130083333333335
2022-09-22 02:00:00,26.221049999999998
2022-09-22 03:00:00,26.150666666666666
2022-09-22 04:00:00,25.644366666666667
2022-09-22 05:00:00,25.009283333333332
2022-09-22 06:00:00,24.820933333333336
2022-09-22 07:00:00,26.761616666666665
2022-09-22 08:00:00,28.18295
2022-09-22 09:00:00,30.18136666666667
2022-09-22 10:00:00,30.472016666666665
2022-09-22 11:00:00,29.48365
2022-09-22 12:00:00,30.2113
2022-09-22 13:00:00,30.685733333333335
2022-09-22 14:00:00,30.135550000000002
2022-09-22 15:00:00,29.3368
2022-09-22 16:00:00,28.256933333333333
2022-09-22 17:00:00,26.98548333333333
2022-09-22 18:00:00,25.947233333333333
2022-09-22 19:00:00,25.45968333333333
2022-09-22 20:00:00,25.714583333333334
2022-09-22 21:00:00,25.758816666666668
2022-09-22 22:00:00,25.7302
2022-09-22 23:00:00,25.48845
2022-09-23 00:00:00,25.519433333333332
2022-09-23 01:00:00,25.51833333333333
2022-09-23 02:00:00,25.415066666666668
2022-09-23 03:00:00,25.19675
2022-09-23 04:00:00,24.964533333333335
2022-09-23 05:00:00,24.960166666666666
2022-09-23 06:00:00,25.016516666666668
2022-09-23 07:00:00,27.569883333333333
2022-09-23 08:00:00,30.782966666666667
2022-09-23 09:00:00,31.58288333333333
2022-09-23 10:00:00,31.613883333333334
2022-09-23 11:00:00,33.13373333333333
2022-09-23 12:00:00,31.300166666666666
2022-09-23 13:00:00,30.44366666666667
2022-09-23 14:00:00,30.793266666666668
2022-09-23 15:00:00,30.75035
2022-09-23 16:00:00,29.130100000000002
2022-09-23 17:00:00,27.80121666666667
2022-09-23 18:00:00,26.724300000000003
2022-09-23 19:00:00,26.344299999999997
2022-09-23 20:00:00,26.362983333333332
2022-09-23 21:00:00,26.393733333333333
2022-09-23 22:00:00,24.747383333333335
2022-09-23 23:00:00,25.379366666666666
2022-09-24 00:00:00,25.822316666666666
2022-09-24 01:00:00,25.982950000000002
2022-09-24 02:00:00,25.833666666666666
2022-09-24 03:00:00,25.82525
2022-09-24 04:00:00,25.887583333333335
2022-09-24 05:00:00,25.816
2022-09-24 06:00:00,25.7439
2022-09-24 07:00:00,25.970433333333336
2022-09-24 08:00:00,26.320600000000002
2022-09-24 09:00:00,28.28855
2022-09-24 10:00:00,29.8447
2022-09-24 11:00:00,31.378683333333335
2022-09-24 12:00:00,31.35953333333333
2022-09-24 13:00:00,31.924366666666668
2022-09-24 14:00:00,30.046166666666668
2022-09-24 15:00:00,28.759916666666665
2022-09-24 16:00:00,28.1328
2022-09-24 17:00:00,27.28076666666667
2022-09-24 18:00:00,26.560533333333336
2022-09-24 19:00:00,26.3465
2022-09-24 20:00:00,26.2276
2022-09-24 21:00:00,26.11098333333333
2022-09-24 22:00:00,25.95675
2022-09-24 23:00:00,25.876583333333333
2022-09-25 00:00:00,25.74546666666667
2022-09-25 01:00:00,25.698249999999998
2022-09-25 02:00:00,25.793366666666667
2022-09-25 03:00:00,25.706216666666666
2022-09-25 04:00:00,25.4165
2022-09-25 05:00:00,25.362616666666668
2022-09-25 06:00:00,25.33425
2022-09-25 07:00:00,27.485116666666666
2022-09-25 08:00:00,30.307216666666665
2022-09-25 09:00:00,32.41745
2022-09-25 10:00:00,32.60058333333333
2022-09-25 11:00:00,32.3311
2022-09-25 12:00:00,32.26541666666667
2022-09-25 13:00:00,31.599633333333333
2022-09-25 14:00:00,31.43325
2022-09-25 15:00:00,29.794050000000002
2022-09-25 16:00:00,28.663233333333334
2022-09-25 17:00:00,27.11886666666667
2022-09-25 18:00:00,26.044333333333334
2022-09-25 19:00:00,25.77885
2022-09-25 20:00:00,25.701933333333333
2022-09-25 21:00:00,25.855666666666664
2022-09-25 22:00:00,25.868516666666668
2022-09-25 23:00:00,26.043966666666666
2022-09-26 00:00:00,26.12206666666667
2022-09-26 01:00:00,26.0662
2022-09-26 02:00:00,25.935583333333334
2022-09-26 03:00:00,25.532916666666665
2022-09-26 04:00:00,25.657016666666667
2022-09-26 05:00:00,25.439283333333332
2022-09-26 06:00:00,25.29965
2022-09-26 07:00:00,27.981083333333334
2022-09-26 08:00:00,30.96715
2022-09-26 09:00:00,32.599066666666666
2022-09-26 10:00:00,32.83891666666667
2022-09-26 11:00:00,34.027033333333335
2022-09-26 12:00:00,33.55101666666666
2022-09-26 13:00:00,33.26945
2022-09-26 14:00:00,32.30266666666667
2022-09-26 15:00:00,30.754983333333332
2022-09-26 16:00:00,29.487450000000003
2022-09-26 17:00:00,28.066950000000002
2022-09-26 18:00:00,27.026166666666665
2022-09-26 19:00:00,26.81665
2022-09-26 20:00:00,27.0382
2022-09-26 21:00:00,27.11028333333333
2022-09-26 22:00:00,27.0793
2022-09-26 23:00:00,26.708083333333335
2022-09-27 00:00:00,26.586833333333335
2022-09-27 01:00:00,26.61475
2022-09-27 02:00:00,26.5154
2022-09-27 03:00:00,26.461333333333336
2022-09-27 04:00:00,26.46665
2022-09-27 05:00:00,26.399983333333335
2022-09-27 06:00:00,26.532466666666668
2022-09-27 07:00:00,27.34606666666667
2022-09-27 08:00:00,29.00045
2022-09-27 09:00:00,29.960333333333335
2022-09-27 10:00:00,31.035433333333334
2022-09-27 11:00:00,31.865566666666666
2022-09-27 12:00:00,30.57245
2022-09-27 13:00:00,29.74635
2022-09-27 14:00:00,31.020016666666667
2022-09-27 15:00:00,28.432516666666668
2022-09-27 16:00:00,27.480616666666666
2022-09-27 17:00:00,26.685133333333333
2022-09-27 18:00:00,27.157066666666665
2022-09-27 19:00:00,27.038400000000003
2022-09-27 20:00:00,26.93575
2022-09-27 21:00:00,26.980349999999998
2022-09-27 22:00:00,26.884900000000002
2022-09-27 23:00:00,26.81945
2022-09-28 00:00:00,26.72755
2022-09-28 01:00:00,26.404600000000002
2022-09-28 02:00:00,26.327783333333333
2022-09-28 03:00:00,26.203516666666665
2022-09-28 04:00:00,26.14865
2022-09-28 05:00:00,26.116016666666667
2022-09-28 06:00:00,26.113
2022-09-28 07:00:00,26.42123333333333
2022-09-28 08:00:00,27.504399999999997
2022-09-28 09:00:00,28.741633333333333
2022-09-28 10:00:00,29.456149999999997
2022-09-28 11:00:00,29.74865
2022-09-28 12:00:00,28.17485
2022-09-28 13:00:00,30.205616666666668
2022-09-28 14:00:00,30.897666666666666
2022-09-28 15:00:00,30.04798333333333
2022-09-28 16:00:00,29.157416666666666
2022-09-28 17:00:00,27.614233333333335
2022-09-28 18:00:00,26.912133333333333
2022-09-28 19:00:00,26.624416666666665
2022-09-28 20:00:00,26.619883333333334
2022-09-28 21:00:00,26.609583333333333
2022-09-28 22:00:00,26.467683333333333
2022-09-28 23:00:00,26.33646666666667
2022-09-29 00:00:00,26.254283333333333
2022-09-29 01:00:00,26.18335
2022-09-29 02:00:00,26.16485
2022-09-29 03:00:00,25.993033333333333
2022-09-29 04:00:00,25.995816666666666
2022-09-29 05:00:00,26.082583333333332
2022-09-29 06:00:00,26.053150000000002
2022-09-29 07:00:00,26.364066666666666
2022-09-29 08:00:00,24.201900000000002
2022-09-29 09:00:00,24.003866666666667
2022-09-29 10:00:00,24.82105
2022-09-29 11:00:00,26.012116666666667
2022-09-29 12:00:00,27.04286666666667
2022-09-29 13:00:00,27.171100000000003
2022-09-29 14:00:00,27.4282
2022-09-29 15:00:00,27.293733333333332
2022-09-29 16:00:00,27.029166666666665
2022-09-29 17:00:00,26.50395
2022-09-29 18:00:00,26.23975
2022-09-29 19:00:00,26.28708333333333
2022-09-29 20:00:00,26.289483333333333
2022-09-29 21:00:00,26.207733333333334
2022-09-29 22:00:00,26.36705
2022-09-29 23:00:00,26.511000000000003
2022-09-30 00:00:00,26.312383333333333
2022-09-30 01:00:00,26.501533333333334
2022-09-30 02:00:00,26.150916666666667
2022-09-30 03:00:00,26.27215
2022-09-30 04:00:00,26.331383333333335
2022-09-30 05:00:00,26.284366666666664
2022-09-30 06:00:00,25.304
2022-09-30 07:00:00,25.157500000000002
2022-09-30 08:00:00,25.300766666666668
2022-09-30 09:00:00,25.933533333333333
2022-09-30 10:00:00,25.164083333333334
2022-09-30 11:00:00,23.944916666666664
2022-09-30 12:00:00,24.068733333333334
2022-09-30 13:00:00,24.331016666666667
2022-09-30 14:00:00,24.284366666666664
2022-09-30 15:00:00,24.44271666666667
2022-09-30 16:00:00,23.75015
2022-09-30 17:00:00,24.229733333333336
2022-09-30 18:00:00,24.242166666666666
2022-09-30 19:00:00,23.741233333333334
2022-09-30 20:00:00,23.88296666666667
2022-09-30 21:00:00,23.883466666666667
2022-09-30 22:00:00,23.91978333333333
2022-09-30 23:00:00,24.14175
2022-10-01 00:00:00,24.30118333333333
2022-10-01 01:00:00,24.552
2022-10-01 02:00:00,24.829833333333333
2022-10-01 03:00:00,24.8774
2022-10-01 04:00:00,25.048383333333334
2022-10-01 05:00:00,25.15331666666667
2022-10-01 06:00:00,25.480766666666668
2022-10-01 07:00:00,26.394433333333332
2022-10-01 08:00:00,27.3085
2022-10-01 09:00:00,28.451833333333333
2022-10-01 10:00:00,29.734783333333333
2022-10-01 11:00:00,31.707733333333334
2022-10-01 12:00:00,30.128466666666668
2022-10-01 13:00:00,29.993783333333333
2022-10-01 14:00:00,28.7739
2022-10-01 15:00:00,27.106466666666666
2022-10-01 16:00:00,26.43406666666667
2022-10-01 17:00:00,26.47555
2022-10-01 18:00:00,26.309816666666666
2022-10-01 19:00:00,26.312483333333333
2022-10-01 20:00:00,26.474983333333334
2022-10-01 21:00:00,26.510566666666666
2022-10-01 22:00:00,26.30906666666667
2022-10-01 23:00:00,26.22641666666667
2022-10-02 00:00:00,26.311966666666667
2022-10-02 01:00:00,26.238916666666668
2022-10-02 02:00:00,26.222283333333333
2022-10-02 03:00:00,26.406633333333332
2022-10-02 04:00:00,26.391849999999998
2022-10-02 05:00:00,26.338483333333333
2022-10-02 06:00:00,26.374433333333332
2022-10-02 07:00:00,26.96605
2022-10-02 08:00:00,27.691966666666666
2022-10-02 09:00:00,28.269433333333332
2022-10-02 10:00:00,29.51738333333333
2022-10-02 11:00:00,30.737933333333334
2022-10-02 12:00:00,31.879316666666668
2022-10-02 13:00:00,30.746333333333332
2022-10-02 14:00:00,30.693383333333333
2022-10-02 15:00:00,27.951583333333335
2022-10-02 16:00:00,27.2174
2022-10-02 17:00:00,26.910233333333334
2022-10-02 18:00:00,26.609033333333333
2022-10-02 19:00:00,26.562416666666664
2022-10-02 20:00:00,26.37923333333333
2022-10-02 21:00:00,26.611033333333335
2022-10-02 22:00:00,26.44138333333333
2022-10-02 23:00:00,26.397233333333336
2022-10-03 00:00:00,26.168799999999997
2022-10-03 01:00:00,26.207800000000002
2022-10-03 02:00:00,26.13235
2022-10-03 03:00:00,26.000183333333332
2022-10-03 04:00:00,25.90853333333333
2022-10-03 05:00:00,25.730999999999998
2022-10-03 06:00:00,25.748583333333332
2022-10-03 07:00:00,27.14155
2022-10-03 08:00:00,30.180666666666664
2022-10-03 09:00:00,32.303983333333335
2022-10-03 10:00:00,32.81738333333333
2022-10-03 11:00:00,33.54408333333333
2022-10-03 12:00:00,33.593783333333334
2022-10-03 13:00:00,32.986916666666666
2022-10-03 14:00:00,31.83083333333333
2022-10-03 15:00:00,31.19265
2022-10-03 16:00:00,30.09905
2022-10-03 17:00:00,29.216566666666665
2022-10-03 18:00:00,26.999133333333337
2022-10-03 19:00:00,26.732083333333332
2022-10-03 20:00:00,26.499183333333335
2022-10-03 21:00:00,26.115166666666667
2022-10-03 22:00:00,26.2941
2022-10-03 23:00:00,25.9287
2022-10-04 00:00:00,26.00796666666667
2022-10-04 01:00:00,25.821133333333332
2022-10-04 02:00:00,25.772583333333333
2022-10-04 03:00:00,25.48228333333333
2022-10-04 04:00:00,25.51203333333333
2022-10-04 05:00:00,25.565616666666664
2022-10-04 06:00:00,25.79158333333333
2022-10-04 07:00:00,27.25156666666667
2022-10-04 08:00:00,29.463083333333334
2022-10-04 09:00:00,31.375816666666665
2022-10-04 10:00:00,32.74413333333333
2022-10-04 11:00:00,33.146049999999995
2022-10-04 12:00:00,33.13125
2022-10-04 13:00:00,32.87225
2022-10-04 14:00:00,32.08905
2022-10-04 15:00:00,31.240866666666665
2022-10-04 16:00:00,29.3281
2022-10-04 17:00:00,27.504316666666668
2022-10-04 18:00:00,26.5591
2022-10-04 19:00:00,26.66605
2022-10-04 20:00:00,26.5837
2022-10-04 21:00:00,26.303616666666667
2022-10-04 22:00:00,26.087083333333332
2022-10-04 23:00:00,25.918233333333333
2022-10-05 00:00:00,26.2185
2022-10-05 01:00:00,26.052799999999998
2022-10-05 02:00:00,26.0609
2022-10-05 03:00:00,25.7568
2022-10-05 04:00:00,26.157216666666667
2022-10-05 05:00:00,25.899016666666668
2022-10-05 06:00:00,25.717533333333332
2022-10-05 07:00:00,27.26565
2022-10-05 08:00:00,28.793783333333334
2022-10-05 09:00:00,29.313366666666663
2022-10-05 10:00:00,31.31433333333333
2022-10-05 11:00:00,32.0227
2022-10-05 12:00:00,31.077099999999998
2022-10-05 13:00:00,30.43705
2022-10-05 14:00:00,30.26931666666667
2022-10-05 15:00:00,29.102283333333332
2022-10-05 16:00:00,27.986749999999997
2022-10-05 17:00:00,27.34573333333333
2022-10-05 18:00:00,26.965083333333332
2022-10-05 19:00:00,26.706166666666665
2022-10-05 20:00:00,26.6597
2022-10-05 21:00:00,26.598216666666666
2022-10-05 22:00:00,26.40693333333333
2022-10-05 23:00:00,26.437933333333334
2022-10-06 00:00:00,26.424833333333332
2022-10-06 01:00:00,26.20145
2022-10-06 02:00:00,26.033066666666667
2022-10-06 03:00:00,25.987716666666664
2022-10-06 04:00:00,25.88296666666667
2022-10-06 05:00:00,25.777733333333334
2022-10-06 06:00:00,25.556916666666666
2022-10-06 07:00:00,27.728150000000003
2022-10-06 08:00:00,28.15191666666667
2022-10-06 09:00:00,30.276733333333333
2022-10-06 10:00:00,31.385833333333334
2022-10-06 11:00:00,32.44508333333333
2022-10-06 12:00:00,32.670116666666665
2022-10-06 13:00:00,31.61685
2022-10-06 14:00:00,31.387316666666667
2022-10-06 15:00:00,30.301416666666668
2022-10-06 16:00:00,27.891916666666667
2022-10-06 17:00:00,27.105116666666667
2022-10-06 18:00:00,26.403566666666666
2022-10-06 19:00:00,26.466549999999998
2022-10-06 20:00:00,26.5926
2022-10-06 21:00:00,26.51993333333333
2022-10-06 22:00:00,26.239383333333333
2022-10-06 23:00:00,26.245099999999997
2022-10-07 00:00:00,26.329933333333333
2022-10-07 01:00:00,26.170283333333334
2022-10-07 02:00:00,26.093683333333335
2022-10-07 03:00:00,25.8188
2022-10-07 04:00:00,24.967083333333335
2022-10-07 05:00:00,24.9125
2022-10-07 06:00:00,25.0428
2022-10-07 07:00:00,26.02965
2022-10-07 08:00:00,28.3715
2022-10-07 09:00:00,29.07425
2022-10-07 10:00:00,29.989166666666666
2022-10-07 11:00:00,31.876033333333332
2022-10-07 12:00:00,31.84695
2022-10-07 13:00:00,31.401583333333335
2022-10-07 14:00:00,30.560366666666667
2022-10-07 15:00:00,29.600633333333334
2022-10-07 16:00:00,28.0288
2022-10-07 17:00:00,26.897883333333333
2022-10-07 18:00:00,26.298916666666667
2022-10-07 19:00:00,26.336783333333333
2022-10-07 20:00:00,26.422183333333336
2022-10-07 21:00:00,26.352616666666666
2022-10-07 22:00:00,25.617233333333335
2022-10-07 23:00:00,24.590066666666665
2022-10-08 00:00:00,23.84798333333333
2022-10-08 01:00:00,23.830783333333333
2022-10-08 02:00:00,23.873783333333332
2022-10-08 03:00:00,23.842316666666665
2022-10-08 04:00:00,23.9451
2022-10-08 05:00:00,23.87295
2022-10-08 06:00:00,24.140916666666666
2022-10-08 07:00:00,24.994233333333334
2022-10-08 08:00:00,26.934416666666667
2022-10-08 09:00:00,29.386866666666666
2022-10-08 10:00:00,31.158783333333336
2022-10-08 11:00:00,29.158549999999998
2022-10-08 12:00:00,29.180783333333334
2022-10-08 13:00:00,31.212933333333336
2022-10-08 14:00:00,30.574233333333332
2022-10-08 15:00:00,29.555633333333333
2022-10-08 16:00:00,27.74028333333333
2022-10-08 17:00:00,26.790133333333333
2022-10-08 18:00:00,26.151533333333337
2022-10-08 19:00:00,26.08921666666667
2022-10-08 20:00:00,25.93655
2022-10-08 21:00:00,25.84135
2022-10-08 22:00:00,25.752083333333335
2022-10-08 23:00:00,25.73708333333333
2022-10-09 00:00:00,25.738633333333333
2022-10-09 01:00:00,24.439133333333334
2022-10-09 02:00:00,24.279600000000002
2022-10-09 03:00:00,24.281383333333334
2022-10-09 04:00:00,23.8907
2022-10-09 05:00:00,23.445600000000002
2022-10-09 06:00:00,23.314683333333335
2022-10-09 07:00:00,24.368383333333334
2022-10-09 08:00:00,27.438133333333333
2022-10-09 09:00:00,31.05913333333333
2022-10-09 10:00:00,32.826633333333334
2022-10-09 11:00:00,32.61405
2022-10-09 12:00:00,32.34036666666667
2022-10-09 13:00:00,34.04455
2022-10-09 14:00:00,32.495916666666666
2022-10-09 15:00:00,32.4079
2022-10-09 16:00:00,29.919916666666666
2022-10-09 17:00:00,27.98346666666667
2022-10-09 18:00:00,27.2696
2022-10-09 19:00:00,25.72331666666667
2022-10-09 20:00:00,24.4834
2022-10-09 21:00:00,23.393716666666666
2022-10-09 22:00:00,22.350066666666667
2022-10-09 23:00:00,21.84715
2022-10-10 00:00:00,21.44915
2022-10-10 01:00:00,21.012616666666666
2022-10-10 02:00:00,20.6713
2022-10-10 03:00:00,20.43705
2022-10-10 04:00:00,20.237283333333334
2022-10-10 05:00:00,19.989516666666667
2022-10-10 06:00:00,19.8484
2022-10-10 07:00:00,19.851333333333333
2022-10-10 08:00:00,20.37163333333333
2022-10-10 09:00:00,21.899933333333333
2022-10-10 10:00:00,24.742616666666667
2022-10-10 11:00:00,26.348433333333332
2022-10-10 12:00:00,27.47218333333333
2022-10-10 13:00:00,27.4664
2022-10-10 14:00:00,26.088900000000002
2022-10-10 15:00:00,25.55305
2022-10-10 16:00:00,25.270366666666668
2022-10-10 17:00:00,24.65805
2022-10-10 18:00:00,24.1159
2022-10-10 19:00:00,23.77225
2022-10-10 20:00:00,23.3865
2022-10-10 21:00:00,22.7391
2022-10-10 22:00:00,22.1693
2022-10-10 23:00:00,21.550433333333334
2022-10-11 00:00:00,21.093149999999998
2022-10-11 01:00:00,20.678266666666666
2022-10-11 02:00:00,20.277483333333333
2022-10-11 03:00:00,19.990633333333335
2022-10-11 04:00:00,19.81155
2022-10-11 05:00:00,19.584333333333333
2022-10-11 06:00:00,19.310266666666667
2022-10-11 07:00:00,19.9634
2022-10-11 08:00:00,22.27396666666667
2022-10-11 09:00:00,24.278133333333336
2022-10-11 10:00:00,25.6351
2022-10-11 11:00:00,27.73053333333333
2022-10-11 12:00:00,29.643016666666664
2022-10-11 13:00:00,30.02885
2022-10-11 14:00:00,28.8947
2022-10-11 15:00:00,26.2043
2022-10-11 16:00:00,23.591683333333332
2022-10-11 17:00:00,22.808100000000003
2022-10-11 18:00:00,22.110799999999998
2022-10-11 19:00:00,22.107683333333334
2022-10-11 20:00:00,22.1285
2022-10-11 21:00:00,21.997433333333333
2022-10-11 22:00:00,22.03715
2022-10-11 23:00:00,21.775666666666666
2022-10-12 00:00:00,21.96105
2022-10-12 01:00:00,22.161416666666664
2022-10-12 02:00:00,21.436083333333332
2022-10-12 03:00:00,20.768649999999997
2022-10-12 04:00:00,20.3469
2022-10-12 05:00:00,19.900066666666664
2022-10-12 06:00:00,19.612633333333335
2022-10-12 07:00:00,21.290066666666668
2022-10-12 08:00:00,23.372633333333333
2022-10-12 09:00:00,25.482866666666666
2022-10-12 10:00:00,27.343
2022-10-12 11:00:00,29.345683333333334
2022-10-12 12:00:00,30.868783333333333
2022-10-12 13:00:00,31.34371666666667
2022-10-12 14:00:00,31.47126666666667
2022-10-12 15:00:00,30.452783333333333
2022-10-12 16:00:00,27.462666666666667
2022-10-12 17:00:00,25.775866666666666
2022-10-12 18:00:00,24.105816666666666
2022-10-12 19:00:00,23.13635
2022-10-12 20:00:00,22.986183333333333
2022-10-12 21:00:00,22.91593333333333
2022-10-12 22:00:00,23.08948333333333
2022-10-12 23:00:00,23.557583333333334
2022-10-13 00:00:00,23.22461666666667
2022-10-13 01:00:00,22.624816666666668
2022-10-13 02:00:00,22.382766666666665
2022-10-13 03:00:00,22.322066666666668
2022-10-13 04:00:00,22.015016666666668
2022-10-13 05:00:00,21.571633333333335
2022-10-13 06:00:00,21.362916666666667
2022-10-13 07:00:00,22.648683333333334
2022-10-13 08:00:00,24.969800000000003
2022-10-13 09:00:00,28.045983333333332
2022-10-13 10:00:00,27.637066666666666
2022-10-13 11:00:00,29.65065
2022-10-13 12:00:00,30.46101666666667
2022-10-13 13:00:00,30.259583333333335
2022-10-13 14:00:00,30.79413333333333
2022-10-13 15:00:00,27.444766666666666
2022-10-13 16:00:00,26.330966666666665
2022-10-13 17:00:00,25.365816666666667
2022-10-13 18:00:00,24.6184
2022-10-13 19:00:00,24.531366666666667
2022-10-13 20:00:00,24.069266666666667
2022-10-13 21:00:00,24.14505
2022-10-13 22:00:00,24.3912
2022-10-13 23:00:00,24.477683333333335
2022-10-14 00:00:00,24.420483333333333
2022-10-14 01:00:00,24.253049999999998
2022-10-14 02:00:00,23.766099999999998
2022-10-14 03:00:00,23.544883333333335
2022-10-14 04:00:00,23.420566666666666
2022-10-14 05:00:00,23.308333333333334
2022-10-14 06:00:00,23.281166666666664
2022-10-14 07:00:00,25.143433333333334
2022-10-14 08:00:00,27.03483333333333
2022-10-14 09:00:00,29.194683333333334
2022-10-14 10:00:00,30.75905
2022-10-14 11:00:00,31.853883333333332
2022-10-14 12:00:00,33.47085
2022-10-14 13:00:00,33.76906666666667
2022-10-14 14:00:00,32.70643333333333
2022-10-14 15:00:00,29.297733333333333
2022-10-14 16:00:00,26.574383333333333
2022-10-14 17:00:00,24.77195
2022-10-14 18:00:00,24.075466666666667
2022-10-14 19:00:00,23.98465
2022-10-14 20:00:00,23.9642
2022-10-14 21:00:00,24.000600000000002
2022-10-14 22:00:00,24.09958333333333
2022-10-14 23:00:00,24.230483333333332
2022-10-15 00:00:00,24.175683333333332
2022-10-15 01:00:00,23.909233333333336
2022-10-15 02:00:00,23.530966666666664
2022-10-15 03:00:00,23.151333333333334
2022-10-15 04:00:00,22.7576
2022-10-15 05:00:00,22.18315
2022-10-15 06:00:00,22.03475
2022-10-15 07:00:00,23.9737
2022-10-15 08:00:00,26.269483333333334
2022-10-15 09:00:00,27.631816666666666
2022-10-15 10:00:00,30.07455
2022-10-15 11:00:00,31.541533333333334
2022-10-15 12:00:00,33.149883333333335
2022-10-15 13:00:00,33.667116666666665
2022-10-15 14:00:00,33.46398333333333
2022-10-15 15:00:00,32.25416666666667
2022-10-15 16:00:00,29.373716666666667
2022-10-15 17:00:00,27.982833333333335
2022-10-15 18:00:00,27.323383333333332
2022-10-15 19:00:00,27.133433333333336
2022-10-15 20:00:00,26.8628
2022-10-15 21:00:00,27.167316666666668
2022-10-15 22:00:00,26.903466666666667
2022-10-15 23:00:00,26.2151
2022-10-16 00:00:00,26.21445
2022-10-16 01:00:00,25.923716666666667
2022-10-16 02:00:00,25.599116666666664
2022-10-16 03:00:00,25.074749999999998
2022-10-16 04:00:00,24.684266666666666
2022-10-16 05:00:00,24.575816666666665
2022-10-16 06:00:00,24.544966666666667
2022-10-16 07:00:00,24.835716666666666
2022-10-16 08:00:00,26.034499999999998
2022-10-16 09:00:00,26.903616666666668
2022-10-16 10:00:00,27.76285
2022-10-16 11:00:00,30.83625
2022-10-16 12:00:00,28.715866666666667
2022-10-16 13:00:00,29.434900000000003
2022-10-16 14:00:00,29.7206
2022-10-16 15:00:00,31.075866666666666
2022-10-16 16:00:00,29.766000000000002
2022-10-16 17:00:00,28.9818
2022-10-16 18:00:00,28.647716666666668
2022-10-16 19:00:00,28.61495
2022-10-16 20:00:00,28.125516666666666
2022-10-16 21:00:00,27.581799999999998
2022-10-16 22:00:00,27.144583333333333
2022-10-16 23:00:00,26.88495
2022-10-17 00:00:00,26.58335
2022-10-17 01:00:00,26.268916666666666
2022-10-17 02:00:00,26.017883333333334
2022-10-17 03:00:00,25.925783333333335
2022-10-17 04:00:00,25.633583333333334
2022-10-17 05:00:00,25.410233333333334
2022-10-17 06:00:00,25.284533333333336
2022-10-17 07:00:00,25.228216666666665
2022-10-17 08:00:00,25.345283333333334
2022-10-17 09:00:00,26.197799999999997
2022-10-17 10:00:00,26.230466666666665
2022-10-17 11:00:00,27.746716666666664
2022-10-17 12:00:00,29.38566666666667
2022-10-17 13:00:00,27.850849999999998
2022-10-17 14:00:00,27.105900000000002
2022-10-17 15:00:00,26.374133333333337
2022-10-17 16:00:00,25.569766666666666
2022-10-17 17:00:00,25.131733333333333
2022-10-17 18:00:00,24.644683333333333
2022-10-17 19:00:00,24.8027
2022-10-17 20:00:00,24.96901666666667
2022-10-17 21:00:00,25.251266666666666
2022-10-17 22:00:00,25.25088333333333
2022-10-17 23:00:00,25.128049999999998
2022-10-18 00:00:00,25.067333333333334
2022-10-18 01:00:00,24.590633333333336
2022-10-18 02:00:00,23.827483333333337
2022-10-18 03:00:00,23.139166666666664
2022-10-18 04:00:00,22.376816666666667
2022-10-18 05:00:00,20.954166666666666
2022-10-18 06:00:00,19.777833333333334
2022-10-18 07:00:00,19.827350000000003
2022-10-18 08:00:00,20.209516666666666
2022-10-18 09:00:00,20.701433333333334
2022-10-18 10:00:00,20.946383333333333
2022-10-18 11:00:00,20.132716666666667
2022-10-18 12:00:00,18.982633333333336
2022-10-18 13:00:00,18.237683333333333
2022-10-18 14:00:00,17.24726666666667
2022-10-18 15:00:00,16.492683333333336
2022-10-18 16:00:00,16.346700000000002
2022-10-18 17:00:00,16.198966666666667
2022-10-18 18:00:00,16.15635
2022-10-18 19:00:00,16.25555
2022-10-18 20:00:00,15.914466666666668
2022-10-18 21:00:00,15.983483333333334
2022-10-18 22:00:00,15.830883333333333
2022-10-18 23:00:00,16.555833333333332
2022-10-19 00:00:00,18.092
2022-10-19 01:00:00,18.837
2022-10-19 02:00:00,19.321966666666665
2022-10-19 03:00:00,19.644000000000002
2022-10-19 04:00:00,19.431383333333333
2022-10-19 05:00:00,19.1158
2022-10-19 06:00:00,19.123333333333335
2022-10-19 07:00:00,20.9554
2022-10-19 08:00:00,22.88945
2022-10-19 09:00:00,24.80915
2022-10-19 10:00:00,26.741033333333334
2022-10-19 11:00:00,27.858516666666667
2022-10-19 12:00:00,26.87485
2022-10-19 13:00:00,25.141416666666665
2022-10-19 14:00:00,24.368066666666667
2022-10-19 15:00:00,24.027516666666667
2022-10-19 16:00:00,23.32455
2022-10-19 17:00:00,22.6929
2022-10-19 18:00:00,22.402116666666664
2022-10-19 19:00:00,22.601333333333333
2022-10-19 20:00:00,22.510350000000003
2022-10-19 21:00:00,22.418616666666665
2022-10-19 22:00:00,22.5027
2022-10-19 23:00:00,22.267216666666666
2022-10-20 00:00:00,22.2448
2022-10-20 01:00:00,22.131016666666667
2022-10-20 02:00:00,21.892983333333333
2022-10-20 03:00:00,21.563283333333334
2022-10-20 04:00:00,21.398983333333334
2022-10-20 05:00:00,21.150633333333335
2022-10-20 06:00:00,21.09355
2022-10-20 07:00:00,21.440816666666667
2022-10-20 08:00:00,21.96535
2022-10-20 09:00:00,22.297633333333334
2022-10-20 10:00:00,22.828283333333335
2022-10-20 11:00:00,23.477383333333332
2022-10-20 12:00:00,23.97835
2022-10-20 13:00:00,25.19135
2022-10-20 14:00:00,25.36273333333333
2022-10-20 15:00:00,25.474466666666668
2022-10-20 16:00:00,24.2893
2022-10-20 17:00:00,23.466783333333336
2022-10-20 18:00:00,22.951016666666664
2022-10-20 19:00:00,22.856583333333333
2022-10-20 20:00:00,22.909783333333333
2022-10-20 21:00:00,22.876966666666664
2022-10-20 22:00:00,22.76771666666667
2022-10-20 23:00:00,22.594216666666668
2022-10-21 00:00:00,22.37795
2022-10-21 01:00:00,22.170866666666665
2022-10-21 02:00:00,21.966833333333334
2022-10-21 03:00:00,21.912916666666668
2022-10-21 04:00:00,21.705933333333334
2022-10-21 05:00:00,21.4941
2022-10-21 06:00:00,21.441516666666665
2022-10-21 07:00:00,24.001283333333333
2022-10-21 08:00:00,26.70841666666667
2022-10-21 09:00:00,27.893483333333332
2022-10-21 10:00:00,27.763766666666665
2022-10-21 11:00:00,28.04655
2022-10-21 12:00:00,28.601616666666665
2022-10-21 13:00:00,28.53098333333333
2022-10-21 14:00:00,27.864233333333335
2022-10-21 15:00:00,26.67725
2022-10-21 16:00:00,23.94695
2022-10-21 17:00:00,23.214
2022-10-21 18:00:00,22.55835
2022-10-21 19:00:00,22.243433333333332
2022-10-21 20:00:00,22.114966666666664
2022-10-21 21:00:00,22.211333333333336
2022-10-21 22:00:00,22.15761666666667
2022-10-21 23:00:00,21.984033333333333
2022-10-22 00:00:00,22.115666666666666
2022-10-22 01:00:00,22.08536666666667
2022-10-22 02:00:00,21.85873333333333
2022-10-22 03:00:00,21.580316666666665
2022-10-22 04:00:00,21.2588
2022-10-22 05:00:00,21.415983333333333
2022-10-22 06:00:00,21.203950000000003
2022-10-22 07:00:00,23.16848333333333
2022-10-22 08:00:00,27.701633333333334
2022-10-22 09:00:00,28.996816666666668
2022-10-22 10:00:00,29.972050000000003
2022-10-22 11:00:00,31.21445
2022-10-22 12:00:00,32.51675
2022-10-22 13:00:00,33.3098
2022-10-22 14:00:00,33.35048333333334
2022-10-22 15:00:00,30.522233333333336
2022-10-22 16:00:00,27.601916666666668
2022-10-22 17:00:00,26.2989
2022-10-22 18:00:00,25.333616666666668
2022-10-22 19:00:00,25.2333
2022-10-22 20:00:00,25.5176
2022-10-22 21:00:00,25.329933333333333
2022-10-22 22:00:00,25.171499999999998
2022-10-22 23:00:00,25.092283333333334
2022-10-23 00:00:00,25.13765
2022-10-23 01:00:00,24.672733333333333
2022-10-23 02:00:00,24.14493333333333
2022-10-23 03:00:00,23.9658
2022-10-23 04:00:00,24.027233333333335
2022-10-23 05:00:00,23.94895
2022-10-23 06:00:00,23.93978333333333
2022-10-23 07:00:00,24.05591666666667
2022-10-23 08:00:00,25.2167
2022-10-23 09:00:00,26.724899999999998
2022-10-23 10:00:00,29.57946666666667
2022-10-23 11:00:00,32.23616666666667
2022-10-23 12:00:00,34.47513333333333
2022-10-23 13:00:00,32.327149999999996
2022-10-23 14:00:00,27.563216666666666
2022-10-23 15:00:00,25.706
2022-10-23 16:00:00,24.5344
2022-10-23 17:00:00,23.411299999999997
2022-10-23 18:00:00,22.8798
2022-10-23 19:00:00,22.642999999999997
2022-10-23 20:00:00,22.308766666666667
2022-10-23 21:00:00,22.43235
2022-10-23 22:00:00,22.819683333333334
2022-10-23 23:00:00,23.1082
2022-10-24 00:00:00,23.304266666666667
2022-10-24 01:00:00,23.309849999999997
2022-10-24 02:00:00,23.220566666666667
2022-10-24 03:00:00,22.99188333333333
2022-10-24 04:00:00,22.63805
2022-10-24 05:00:00,22.469299999999997
2022-10-24 06:00:00,22.592733333333335
2022-10-24 07:00:00,23.966333333333335
2022-10-24 08:00:00,26.1494
2022-10-24 09:00:00,27.481283333333334
2022-10-24 10:00:00,27.476433333333333
2022-10-24 11:00:00,27.835316666666664
2022-10-24 12:00:00,26.365833333333335
2022-10-24 13:00:00,26.33925
2022-10-24 14:00:00,24.7944
2022-10-24 15:00:00,24.140233333333335
2022-10-24 16:00:00,23.430433333333333
2022-10-24 17:00:00,22.765916666666666
2022-10-24 18:00:00,22.506983333333334
2022-10-24 19:00:00,22.59101666666667
2022-10-24 20:00:00,22.510883333333332
2022-10-24 21:00:00,22.407433333333334
2022-10-24 22:00:00,22.327883333333332
2022-10-24 23:00:00,22.107133333333334
2022-10-25 00:00:00,21.80815
2022-10-25 01:00:00,21.5524
2022-10-25 02:00:00,21.369733333333333
2022-10-25 03:00:00,21.244066666666665
2022-10-25 04:00:00,21.070216666666667
2022-10-25 05:00:00,20.86215
2022-10-25 06:00:00,20.831883333333334
2022-10-25 07:00:00,22.156833333333335
2022-10-25 08:00:00,23.713466666666665
2022-10-25 09:00:00,24.540950000000002
2022-10-25 10:00:00,24.934516666666664
2022-10-25 11:00:00,25.139233333333333
2022-10-25 12:00:00,25.614066666666666
2022-10-25 13:00:00,25.776533333333337
2022-10-25 14:00:00,25.181933333333333
2022-10-25 15:00:00,24.028016666666666
2022-10-25 16:00:00,22.358966666666667
2022-10-25 17:00:00,21.917466666666666
2022-10-25 18:00:00,21.69203333333333
2022-10-25 19:00:00,21.686516666666666
2022-10-25 20:00:00,21.8786
2022-10-25 21:00:00,21.815766666666665
2022-10-25 22:00:00,21.66815
2022-10-25 23:00:00,21.589333333333332
2022-10-26 00:00:00,21.42168333333333
2022-10-26 01:00:00,21.284983333333333
2022-10-26 02:00:00,21.151633333333333
2022-10-26 03:00:00,20.90145
2022-10-26 04:00:00,20.728333333333335
2022-10-26 05:00:00,20.264083333333335
2022-10-26 06:00:00,20.144766666666666
2022-10-26 07:00:00,22.419933333333333
2022-10-26 08:00:00,24.553266666666666
2022-10-26 09:00:00,25.6458
2022-10-26 10:00:00,26.40155
2022-10-26 11:00:00,26.53281666666667
2022-10-26 12:00:00,26.14763333333333
2022-10-26 13:00:00,26.55776666666667
2022-10-26 14:00:00,25.951050000000002
2022-10-26 15:00:00,24.854983333333333
2022-10-26 16:00:00,22.14065
2022-10-26 17:00:00,21.521783333333335
2022-10-26 18:00:00,21.177466666666664
2022-10-26 19:00:00,21.331566666666667
2022-10-26 20:00:00,21.4373
2022-10-26 21:00:00,21.53468333333333
2022-10-26 22:00:00,21.571833333333334
2022-10-26 23:00:00,21.523183333333336
2022-10-27 00:00:00,21.325100000000003
2022-10-27 01:00:00,21.259283333333332
2022-10-27 02:00:00,21.102516666666666
2022-10-27 03:00:00,21.227700000000002
2022-10-27 04:00:00,20.932683333333333
2022-10-27 05:00:00,21.047433333333334
2022-10-27 06:00:00,20.782016666666667
2022-10-27 07:00:00,22.409766666666666
2022-10-27 08:00:00,25.92805
2022-10-27 09:00:00,27.20685
2022-10-27 10:00:00,28.2987
2022-10-27 11:00:00,28.69595
2022-10-27 12:00:00,27.5293
2022-10-27 13:00:00,27.834600000000002
2022-10-27 14:00:00,27.490816666666667
2022-10-27 15:00:00,25.94315
2022-10-27 16:00:00,23.253716666666666
2022-10-27 17:00:00,22.66803333333333
2022-10-27 18:00:00,22.2727
2022-10-27 19:00:00,22.210050000000003
2022-10-27 20:00:00,22.3809
2022-10-27 21:00:00,22.389566666666667
2022-10-27 22:00:00,22.3828
2022-10-27 23:00:00,22.305400000000002
2022-10-28 00:00:00,22.00201666666667
2022-10-28 01:00:00,21.97725
2022-10-28 02:00:00,21.908383333333333
2022-10-28 03:00:00,22.05503333333333
2022-10-28 04:00:00,21.924716666666665
2022-10-28 05:00:00,21.672483333333332
2022-10-28 06:00:00,21.51676666666667
2022-10-28 07:00:00,23.35118333333333
2022-10-28 08:00:00,25.464583333333334
2022-10-28 09:00:00,27.534383333333334
2022-10-28 10:00:00,29.8055
2022-10-28 11:00:00,31.8642
2022-10-28 12:00:00,33.155566666666665
2022-10-28 13:00:00,33.5047
2022-10-28 14:00:00,30.74073333333333
2022-10-28 15:00:00,26.588483333333333
2022-10-28 16:00:00,24.031
2022-10-28 17:00:00,23.063466666666667
2022-10-28 18:00:00,22.504900000000003
2022-10-28 19:00:00,22.438233333333336
2022-10-28 20:00:00,22.387783333333335
2022-10-28 21:00:00,22.354033333333334
2022-10-28 22:00:00,22.156833333333335
2022-10-28 23:00:00,22.034966666666666
2022-10-29 00:00:00,22.041833333333333
2022-10-29 01:00:00,22.061533333333333
2022-10-29 02:00:00,22.397299999999998
2022-10-29 03:00:00,22.51535
2022-10-29 04:00:00,22.270183333333332
2022-10-29 05:00:00,22.099983333333334
2022-10-29 06:00:00,21.656333333333336
2022-10-29 07:00:00,22.702566666666666
2022-10-29 08:00:00,25.1364
2022-10-29 09:00:00,27.823333333333334
2022-10-29 10:00:00,30.1013
2022-10-29 11:00:00,32.6571
2022-10-29 12:00:00,32.62336666666667
2022-10-29 13:00:00,32.185966666666666
2022-10-29 14:00:00,31.7788
2022-10-29 15:00:00,30.137133333333335
2022-10-29 16:00:00,27.238316666666666
2022-10-29 17:00:00,24.5117
2022-10-29 18:00:00,23.077566666666666
2022-10-29 19:00:00,22.746100000000002
2022-10-29 20:00:00,22.484550000000002
2022-10-29 21:00:00,22.22465
2022-10-29 22:00:00,22.4634
2022-10-29 23:00:00,22.173683333333333
2022-10-30 00:00:00,21.941366666666667
2022-10-30 01:00:00,21.90666666666667
2022-10-30 02:00:00,22.015916666666666
2022-10-30 03:00:00,21.77815
2022-10-30 04:00:00,21.392616666666665
2022-10-30 05:00:00,21.128183333333332
2022-10-30 06:00:00,20.820566666666664
2022-10-30 07:00:00,20.965466666666664
2022-10-30 08:00:00,22.380016666666666
2022-10-30 09:00:00,24.046983333333333
2022-10-30 10:00:00,25.387183333333333
2022-10-30 11:00:00,27.885316666666665
2022-10-30 12:00:00,29.21448333333333
2022-10-30 13:00:00,29.05395
2022-10-30 14:00:00,29.389149999999997
2022-10-30 15:00:00,27.556733333333334
2022-10-30 16:00:00,26.432183333333334
2022-10-30 17:00:00,25.6597
2022-10-30 18:00:00,25.0723
2022-10-30 19:00:00,24.7656
2022-10-30 20:00:00,24.65693333333333
2022-10-30 21:00:00,24.306616666666667
2022-10-30 22:00:00,23.802083333333332
2022-10-30 23:00:00,23.435033333333333
2022-10-31 00:00:00,23.12685
2022-10-31 01:00:00,22.79775
2022-10-31 02:00:00,22.522949999999998
2022-10-31 03:00:00,22.329666666666665
2022-10-31 04:00:00,22.266383333333334
2022-10-31 05:00:00,22.208883333333333
2022-10-31 06:00:00,22.074883333333332
2022-10-31 07:00:00,22.20136666666667
2022-10-31 08:00:00,22.616033333333334
2022-10-31 09:00:00,24.3021
2022-10-31 10:00:00,24.667783333333333
2022-10-31 11:00:00,25.002650000000003
2022-10-31 12:00:00,25.799466666666667
2022-10-31 13:00:00,25.591833333333334
2022-10-31 14:00:00,25.29238333333333
2022-10-31 15:00:00,24.961383333333334
2022-10-31 16:00:00,25.140533333333334
2022-10-31 17:00:00,24.943416666666668
2022-10-31 18:00:00,24.983416666666667
2022-10-31 19:00:00,24.907866666666667
2022-10-31 20:00:00,24.777233333333335
2022-10-31 21:00:00,24.485166666666665
2022-10-31 22:00:00,24.125616666666666
2022-10-31 23:00:00,23.66658333333333
2022-11-01 00:00:00,23.378666666666668
2022-11-01 01:00:00,22.8308
2022-11-01 02:00:00,22.54618333333333
2022-11-01 03:00:00,22.2185
2022-11-01 04:00:00,21.845966666666666
2022-11-01 05:00:00,21.554016666666666
2022-11-01 06:00:00,21.489933333333333
2022-11-01 07:00:00,21.35485
2022-11-01 08:00:00,21.35643333333333
2022-11-01 09:00:00,20.9122
2022-11-01 10:00:00,20.368533333333335
2022-11-01 11:00:00,21.399283333333337
2022-11-01 12:00:00,21.232966666666666
2022-11-01 13:00:00,19.760616666666667
2022-11-01 14:00:00,17.615916666666667
2022-11-01 15:00:00,17.451816666666666
2022-11-01 16:00:00,17.722916666666666
2022-11-01 17:00:00,17.917716666666667
2022-11-01 18:00:00,18.160766666666667
2022-11-01 19:00:00,18.522266666666667
2022-11-01 20:00:00,18.80135
2022-11-01 21:00:00,19.354633333333332
2022-11-01 22:00:00,19.754399999999997
2022-11-01 23:00:00,19.7921
2022-11-02 00:00:00,18.78128333333333
2022-11-02 01:00:00,17.66391666666667
2022-11-02 02:00:00,17.581650000000003
2022-11-02 03:00:00,17.19345
2022-11-02 04:00:00,17.26471666666667
2022-11-02 05:00:00,17.233966666666667
2022-11-02 06:00:00,17.247733333333333
2022-11-02 07:00:00,17.468133333333334
2022-11-02 08:00:00,17.8678
2022-11-02 09:00:00,18.735166666666665
2022-11-02 10:00:00,19.417133333333332
2022-11-02 11:00:00,19.382833333333334
2022-11-02 12:00:00,19.837033333333334
2022-11-02 13:00:00,19.5984
2022-11-02 14:00:00,19.46135
2022-11-02 15:00:00,18.971366666666665
2022-11-02 16:00:00,18.744183333333336
2022-11-02 17:00:00,18.688766666666666
2022-11-02 18:00:00,18.256033333333335
2022-11-02 19:00:00,18.16605
2022-11-02 20:00:00,18.16935
2022-11-02 21:00:00,18.741983333333334
2022-11-02 22:00:00,19.695333333333334
2022-11-02 23:00:00,19.9509
2022-11-03 00:00:00,20.58045
2022-11-03 01:00:00,20.320633333333333
2022-11-03 02:00:00,20.234216666666665
2022-11-03 03:00:00,20.032983333333334
2022-11-03 04:00:00,20.084416666666666
2022-11-03 05:00:00,19.9776
2022-11-03 06:00:00,20.316216666666666
2022-11-03 07:00:00,20.355583333333335
2022-11-03 08:00:00,20.49576666666667
2022-11-03 09:00:00,20.472616666666667
2022-11-03 10:00:00,20.676733333333335
2022-11-03 11:00:00,20.98411666666667
2022-11-03 12:00:00,20.8925
2022-11-03 13:00:00,20.962716666666665
2022-11-03 14:00:00,20.914883333333332
2022-11-03 15:00:00,20.883966666666666
2022-11-03 16:00:00,20.9125
2022-11-03 17:00:00,20.7672
2022-11-03 18:00:00,20.816933333333335
2022-11-03 19:00:00,20.7666
2022-11-03 20:00:00,20.747700000000002
2022-11-03 21:00:00,20.8311
2022-11-03 22:00:00,20.75155
2022-11-03 23:00:00,20.705750000000002
2022-11-04 00:00:00,20.678066666666666
2022-11-04 01:00:00,20.737399999999997
2022-11-04 02:00:00,20.803266666666666
2022-11-04 03:00:00,20.7789
2022-11-04 04:00:00,20.75766666666667
2022-11-04 05:00:00,20.78936666666667
2022-11-04 06:00:00,20.7091
2022-11-04 07:00:00,20.922766666666668
2022-11-04 08:00:00,21.40095
2022-11-04 09:00:00,21.98595
2022-11-04 10:00:00,21.96115
2022-11-04 11:00:00,22.279133333333334
2022-11-04 12:00:00,22.186033333333334
2022-11-04 13:00:00,21.72461666666667
2022-11-04 14:00:00,21.52171666666667
2022-11-04 15:00:00,21.306183333333333
2022-11-04 16:00:00,21.109333333333332
2022-11-04 17:00:00,21.055466666666668
2022-11-04 18:00:00,20.97618333333333
2022-11-04 19:00:00,20.833750000000002
2022-11-04 20:00:00,20.545916666666667
2022-11-04 21:00:00,20.54435
2022-11-04 22:00:00,20.48346666666667
2022-11-04 23:00:00,20.316899999999997
2022-11-05 00:00:00,20.309433333333335
2022-11-05 01:00:00,20.301083333333334
2022-11-05 02:00:00,20.150699999999997
2022-11-05 03:00:00,20.0489
2022-11-05 04:00:00,19.886783333333334
2022-11-05 05:00:00,19.814083333333333
2022-11-05 06:00:00,19.361583333333332
2022-11-05 07:00:00,18.950683333333334
2022-11-05 08:00:00,19.039550000000002
2022-11-05 09:00:00,19.4302
2022-11-05 10:00:00,19.63895
2022-11-05 11:00:00,20.087866666666667
2022-11-05 12:00:00,20.453566666666667
2022-11-05 13:00:00,20.46448333333333
2022-11-05 14:00:00,20.26205
2022-11-05 15:00:00,20.414166666666667
2022-11-05 16:00:00,20.233166666666666
2022-11-05 17:00:00,19.92995
2022-11-05 18:00:00,19.8678
2022-11-05 19:00:00,19.815583333333333
2022-11-05 20:00:00,19.738366666666664
2022-11-05 21:00:00,19.690533333333335
2022-11-05 22:00:00,19.500383333333332
2022-11-05 23:00:00,19.234199999999998
2022-11-06 00:00:00,19.079716666666666
2022-11-06 01:00:00,19.032233333333334
2022-11-06 02:00:00,18.891399999999997
2022-11-06 03:00:00,18.318033333333332
2022-11-06 04:00:00,18.08125
2022-11-06 05:00:00,18.017216666666666
2022-11-06 06:00:00,18.04805
2022-11-06 07:00:00,18.132166666666667
2022-11-06 08:00:00,18.6509
2022-11-06 09:00:00,19.661533333333335
2022-11-06 10:00:00,21.9705
2022-11-06 11:00:00,23.282283333333332
2022-11-06 12:00:00,23.490616666666664
2022-11-06 13:00:00,20.89428333333333
2022-11-06 14:00:00,20.465033333333334
2022-11-06 15:00:00,20.828866666666666
2022-11-06 16:00:00,20.09555
2022-11-06 17:00:00,18.99958333333333
2022-11-06 18:00:00,18.62155
2022-11-06 19:00:00,18.743949999999998
2022-11-06 20:00:00,18.90083333333333
2022-11-06 21:00:00,18.891849999999998
2022-11-06 22:00:00,19.0344
2022-11-06 23:00:00,18.51695
2022-11-07 00:00:00,18.475383333333333
2022-11-07 01:00:00,18.564833333333336
2022-11-07 02:00:00,18.622566666666668
2022-11-07 03:00:00,18.6143
2022-11-07 04:00:00,18.66795
2022-11-07 05:00:00,18.590866666666667
2022-11-07 06:00:00,18.712233333333334
2022-11-07 07:00:00,19.008300000000002
2022-11-07 08:00:00,19.6736
2022-11-07 09:00:00,20.58785
2022-11-07 10:00:00,23.335966666666664
2022-11-07 11:00:00,23.583683333333333
2022-11-07 12:00:00,24.89218333333333
2022-11-07 13:00:00,24.46131666666667
2022-11-07 14:00:00,24.265483333333336
2022-11-07 15:00:00,22.9767
2022-11-07 16:00:00,21.769233333333332
2022-11-07 17:00:00,20.723866666666666
2022-11-07 18:00:00,20.317183333333332
2022-11-07 19:00:00,20.095133333333333
2022-11-07 20:00:00,20.134866666666667
2022-11-07 21:00:00,20.163383333333332
2022-11-07 22:00:00,19.7669
2022-11-07 23:00:00,19.672866666666668
2022-11-08 00:00:00,19.750333333333334
2022-11-08 01:00:00,19.736666666666668
2022-11-08 02:00:00,19.401316666666666
2022-11-08 03:00:00,19.277283333333333
2022-11-08 04:00:00,19.41125
2022-11-08 05:00:00,19.59965
2022-11-08 06:00:00,19.68715
2022-11-08 07:00:00,19.907516666666666
2022-11-08 08:00:00,20.510166666666667
2022-11-08 09:00:00,21.5456
2022-11-08 10:00:00,22.708583333333333
2022-11-08 11:00:00,26.027616666666667
2022-11-08 12:00:00,25.88811666666667
2022-11-08 13:00:00,24.978066666666667
2022-11-08 14:00:00,24.390233333333335
2022-11-08 15:00:00,23.69425
2022-11-08 16:00:00,22.5952
2022-11-08 17:00:00,21.81095
2022-11-08 18:00:00,21.275483333333334
2022-11-08 19:00:00,20.945383333333332
2022-11-08 20:00:00,21.143433333333334
2022-11-08 21:00:00,21.134400000000003
2022-11-08 22:00:00,21.045183333333334
2022-11-08 23:00:00,20.900733333333335
2022-11-09 00:00:00,20.907
2022-11-09 01:00:00,20.45625
2022-11-09 02:00:00,20.527266666666666
2022-11-09 03:00:00,20.558983333333334
2022-11-09 04:00:00,20.583399999999997
2022-11-09 05:00:00,20.36863333333333
2022-11-09 06:00:00,20.150316666666665
2022-11-09 07:00:00,22.63696666666667
2022-11-09 08:00:00,24.252149999999997
2022-11-09 09:00:00,25.196733333333334
2022-11-09 10:00:00,26.9205
2022-11-09 11:00:00,28.029766666666667
2022-11-09 12:00:00,26.840333333333334
2022-11-09 13:00:00,26.210916666666666
2022-11-09 14:00:00,25.997183333333332
2022-11-09 15:00:00,24.212283333333335
2022-11-09 16:00:00,22.10438333333333
2022-11-09 17:00:00,21.68025
2022-11-09 18:00:00,21.441816666666668
2022-11-09 19:00:00,21.71261666666667
2022-11-09 20:00:00,21.767483333333335
2022-11-09 21:00:00,22.136333333333333
2022-11-09 22:00:00,22.249750000000002
2022-11-09 23:00:00,22.263333333333332
2022-11-10 00:00:00,22.00701666666667
2022-11-10 01:00:00,21.95345
2022-11-10 02:00:00,21.89131666666667
2022-11-10 03:00:00,21.822850000000003
2022-11-10 04:00:00,21.74523333333333
2022-11-10 05:00:00,21.558783333333334
2022-11-10 06:00:00,21.577183333333334
2022-11-10 07:00:00,23.32515
2022-11-10 08:00:00,26.642516666666666
2022-11-10 09:00:00,26.91261666666667
2022-11-10 10:00:00,27.412916666666668
2022-11-10 11:00:00,27.73098333333333
2022-11-10 12:00:00,27.55826666666667
2022-11-10 13:00:00,27.738816666666665
2022-11-10 14:00:00,27.445183333333333
2022-11-10 15:00:00,25.3424
2022-11-10 16:00:00,23.294633333333334
2022-11-10 17:00:00,22.8311
2022-11-10 18:00:00,22.13175
2022-11-10 19:00:00,21.661150000000003
2022-11-10 20:00:00,21.90583333333333
2022-11-10 21:00:00,22.2729
2022-11-10 22:00:00,22.701833333333333
2022-11-10 23:00:00,22.718233333333334
2022-11-11 00:00:00,22.558866666666667
2022-11-11 01:00:00,22.390383333333332
2022-11-11 02:00:00,21.960050000000003
2022-11-11 03:00:00,21.94295
2022-11-11 04:00:00,21.773766666666667
2022-11-11 05:00:00,21.736833333333333
2022-11-11 06:00:00,21.856116666666665
2022-11-11 07:00:00,22.047933333333333
2022-11-11 08:00:00,22.919566666666665
2022-11-11 09:00:00,22.954366666666665
2022-11-11 10:00:00,25.108900000000002
2022-11-11 11:00:00,29.52405
2022-11-11 12:00:00,28.674
2022-11-11 13:00:00,28.21715
2022-11-11 14:00:00,28.377366666666667
2022-11-11 15:00:00,25.52565
2022-11-11 16:00:00,23.395950000000003
2022-11-11 17:00:00,22.547433333333334
2022-11-11 18:00:00,22.153833333333335
2022-11-11 19:00:00,22.055333333333333
2022-11-11 20:00:00,22.214783333333333
2022-11-11 21:00:00,22.36075
2022-11-11 22:00:00,22.259966666666667
2022-11-11 23:00:00,22.150399999999998
2022-11-12 00:00:00,22.297583333333332
2022-11-12 01:00:00,22.518183333333333
2022-11-12 02:00:00,22.4638
2022-11-12 03:00:00,22.293733333333332
2022-11-12 04:00:00,22.173483333333333
2022-11-12 05:00:00,22.20633333333333
2022-11-12 06:00:00,21.730666666666664
2022-11-12 07:00:00,21.63181666666667
2022-11-12 08:00:00,22.015233333333335
2022-11-12 09:00:00,24.445016666666668
2022-11-12 10:00:00,25.878933333333336
2022-11-12 11:00:00,25.245983333333335
2022-11-12 12:00:00,25.19656666666667
2022-11-12 13:00:00,25.5521
2022-11-12 14:00:00,25.30953333333333
2022-11-12 15:00:00,24.561883333333334
2022-11-12 16:00:00,23.7601
2022-11-12 17:00:00,22.358349999999998
2022-11-12 18:00:00,21.77035
2022-11-12 19:00:00,21.6581
2022-11-12 20:00:00,21.768583333333332
2022-11-12 21:00:00,21.767433333333333
2022-11-12 22:00:00,21.23098333333333
2022-11-12 23:00:00,21.201700000000002
2022-11-13 00:00:00,21.065366666666666
2022-11-13 01:00:00,21.14108333333333
2022-11-13 02:00:00,21.012183333333333
2022-11-13 03:00:00,20.90083333333333
2022-11-13 04:00:00,20.7233
2022-11-13 05:00:00,20.736933333333333
2022-11-13 06:00:00,20.9857
2022-11-13 07:00:00,21.958000000000002
2022-11-13 08:00:00,26.48425
2022-11-13 09:00:00,29.698183333333336
2022-11-13 10:00:00,27.28643333333333
2022-11-13 11:00:00,26.671316666666666
2022-11-13 12:00:00,27.887216666666667
2022-11-13 13:00:00,27.64088333333333
2022-11-13 14:00:00,26.57858333333333
2022-11-13 15:00:00,24.791800000000002
2022-11-13 16:00:00,23.133783333333334
2022-11-13 17:00:00,22.54805
2022-11-13 18:00:00,22.57218333333333
2022-11-13 19:00:00,22.94245
2022-11-13 20:00:00,22.567233333333334
2022-11-13 21:00:00,22.444916666666664
2022-11-13 22:00:00,22.57715
2022-11-13 23:00:00,22.46688333333333
2022-11-14 00:00:00,21.97781666666667
2022-11-14 01:00:00,21.643066666666666
2022-11-14 02:00:00,21.447666666666667
2022-11-14 03:00:00,21.497933333333332
2022-11-14 04:00:00,21.60625
2022-11-14 05:00:00,21.64591666666667
2022-11-14 06:00:00,21.658399999999997
2022-11-14 07:00:00,21.763466666666666
2022-11-14 08:00:00,21.925116666666668
2022-11-14 09:00:00,22.3534
2022-11-14 10:00:00,23.369533333333333
2022-11-14 11:00:00,24.19125
2022-11-14 12:00:00,24.44996666666667
2022-11-14 13:00:00,24.57218333333333
2022-11-14 14:00:00,24.220483333333334
2022-11-14 15:00:00,23.49866666666667
2022-11-14 16:00:00,23.2235
2022-11-14 17:00:00,22.668433333333333
2022-11-14 18:00:00,22.444266666666667
2022-11-14 19:00:00,22.10868333333333
2022-11-14 20:00:00,21.96901666666667
2022-11-14 21:00:00,22.300883333333335
2022-11-14 22:00:00,22.35615
2022-11-14 23:00:00,22.059683333333332
2022-11-15 00:00:00,22.01835
2022-11-15 01:00:00,21.826433333333334
2022-11-15 02:00:00,22.114516666666667
2022-11-15 03:00:00,21.91525
2022-11-15 04:00:00,22.088199999999997
2022-11-15 05:00:00,21.8665
2022-11-15 06:00:00,21.927650000000003
2022-11-15 07:00:00,21.9835
2022-11-15 08:00:00,22.727883333333335
2022-11-15 09:00:00,23.766866666666665
2022-11-15 10:00:00,24.701416666666667
2022-11-15 11:00:00,23.4997
2022-11-15 12:00:00,23.318116666666665
2022-11-15 13:00:00,23.56405
2022-11-15 14:00:00,24.705283333333334
2022-11-15 15:00:00,25.373033333333336
2022-11-15 16:00:00,22.91551666666667
2022-11-15 17:00:00,22.21056666666667
2022-11-15 18:00:00,21.71115
2022-11-15 19:00:00,22.033016666666665
2022-11-15 20:00:00,22.161783333333332
2022-11-15 21:00:00,21.55225
2022-11-15 22:00:00,21.144833333333334
2022-11-15 23:00:00,21.037983333333333
2022-11-16 00:00:00,21.27075
2022-11-16 01:00:00,21.582583333333332
2022-11-16 02:00:00,21.4224
2022-11-16 03:00:00,21.34176666666667
2022-11-16 04:00:00,21.380483333333334
2022-11-16 05:00:00,21.485033333333334
2022-11-16 06:00:00,21.650716666666664
2022-11-16 07:00:00,21.50678333333333
2022-11-16 08:00:00,22.876433333333335
2022-11-16 09:00:00,24.56215
2022-11-16 10:00:00,23.610366666666668
2022-11-16 11:00:00,23.45713333333333
2022-11-16 12:00:00,25.502066666666668
2022-11-16 13:00:00,25.66445
2022-11-16 14:00:00,25.162916666666668
2022-11-16 15:00:00,23.70315
2022-11-16 16:00:00,22.905816666666666
2022-11-16 17:00:00,22.319216666666666
2022-11-16 18:00:00,22.029049999999998
2022-11-16 19:00:00,22.108566666666665
2022-11-16 20:00:00,22.227016666666668
2022-11-16 21:00:00,22.08955
2022-11-16 22:00:00,22.1556
2022-11-16 23:00:00,21.85376666666667
2022-11-17 00:00:00,21.808066666666665
2022-11-17 01:00:00,21.750733333333336
2022-11-17 02:00:00,21.724733333333333
2022-11-17 03:00:00,21.454900000000002
2022-11-17 04:00:00,21.377533333333336
2022-11-17 05:00:00,21.287216666666666
2022-11-17 06:00:00,21.140466666666665
2022-11-17 07:00:00,21.808666666666667
2022-11-17 08:00:00,22.771349999999998
2022-11-17 09:00:00,23.270433333333333
2022-11-17 10:00:00,23.005733333333335
2022-11-17 11:00:00,23.305883333333334
2022-11-17 12:00:00,23.96565
2022-11-17 13:00:00,26.0988
2022-11-17 14:00:00,27.030700000000003
2022-11-17 15:00:00,25.289066666666667
2022-11-17 16:00:00,24.084349999999997
2022-11-17 17:00:00,23.310616666666665
2022-11-17 18:00:00,22.393666666666665
2022-11-17 19:00:00,21.9322
2022-11-17 20:00:00,21.7251
2022-11-17 21:00:00,21.81615
2022-11-17 22:00:00,21.98501666666667
2022-11-17 23:00:00,21.826199999999996
2022-11-18 00:00:00,21.80955
2022-11-18 01:00:00,21.818883333333336
2022-11-18 02:00:00,21.293766666666667
2022-11-18 03:00:00,21.40243333333333
2022-11-18 04:00:00,21.316416666666665
2022-11-18 05:00:00,21.460083333333333
2022-11-18 06:00:00,21.46285
2022-11-18 07:00:00,21.980433333333334
2022-11-18 08:00:00,25.213816666666666
2022-11-18 09:00:00,28.649316666666667
2022-11-18 10:00:00,27.83805
2022-11-18 11:00:00,25.6866
2022-11-18 12:00:00,24.968366666666668
2022-11-18 13:00:00,26.15666666666667
2022-11-18 14:00:00,26.21245
2022-11-18 15:00:00,23.98005
2022-11-18 16:00:00,23.0392
2022-11-18 17:00:00,22.592883333333337
2022-11-18 18:00:00,22.65325
2022-11-18 19:00:00,22.8566
2022-11-18 20:00:00,22.754933333333334
2022-11-18 21:00:00,22.7692
2022-11-18 22:00:00,22.820216666666667
2022-11-18 23:00:00,22.802433333333333
2022-11-19 00:00:00,22.394883333333333
2022-11-19 01:00:00,22.0485
2022-11-19 02:00:00,22.146849999999997
2022-11-19 03:00:00,21.888183333333334
2022-11-19 04:00:00,21.85118333333333
2022-11-19 05:00:00,22.0206
2022-11-19 06:00:00,21.856916666666667
2022-11-19 07:00:00,24.501466666666666
2022-11-19 08:00:00,26.4468
2022-11-19 09:00:00,27.554633333333335
2022-11-19 10:00:00,27.253633333333333
2022-11-19 11:00:00,27.065166666666666
2022-11-19 12:00:00,27.811333333333334
2022-11-19 13:00:00,27.0908
2022-11-19 14:00:00,26.789649999999998
2022-11-19 15:00:00,24.962566666666664
2022-11-19 16:00:00,23.256016666666667
2022-11-19 17:00:00,22.49226666666667
2022-11-19 18:00:00,22.035933333333332
2022-11-19 19:00:00,21.94085
2022-11-19 20:00:00,21.6535
2022-11-19 21:00:00,22.131216666666667
2022-11-19 22:00:00,22.22918333333333
2022-11-19 23:00:00,22.09573333333333
2022-11-20 00:00:00,21.647550000000003
2022-11-20 01:00:00,21.478483333333333
2022-11-20 02:00:00,21.264766666666667
2022-11-20 03:00:00,21.2819
2022-11-20 04:00:00,21.561633333333337
2022-11-20 05:00:00,21.953783333333334
2022-11-20 06:00:00,21.963033333333332
2022-11-20 07:00:00,21.90826666666667
2022-11-20 08:00:00,23.668583333333334
2022-11-20 09:00:00,26.117116666666668
2022-11-20 10:00:00,30.157633333333333
2022-11-20 11:00:00,28.848216666666666
2022-11-20 12:00:00,27.779049999999998
2022-11-20 13:00:00,27.192416666666666
2022-11-20 14:00:00,26.40758333333333
2022-11-20 15:00:00,24.50575
2022-11-20 16:00:00,23.777416666666667
2022-11-20 17:00:00,22.853650000000002
2022-11-20 18:00:00,22.865333333333336
2022-11-20 19:00:00,22.78693333333333
2022-11-20 20:00:00,22.456233333333333
2022-11-20 21:00:00,22.168083333333335
2022-11-20 22:00:00,22.017333333333333
2022-11-20 23:00:00,21.75415
2022-11-21 00:00:00,21.6154
2022-11-21 01:00:00,21.725866666666665
2022-11-21 02:00:00,21.500733333333336
2022-11-21 03:00:00,21.266633333333335
2022-11-21 04:00:00,21.657216666666667
2022-11-21 05:00:00,21.789283333333334
2022-11-21 06:00:00,21.8684
2022-11-21 07:00:00,21.96966666666667
2022-11-21 08:00:00,22.161716666666667
2022-11-21 09:00:00,22.88155
2022-11-21 10:00:00,23.309633333333334
2022-11-21 11:00:00,23.351066666666668
2022-11-21 12:00:00,23.292366666666666
2022-11-21 13:00:00,23.152066666666666
2022-11-21 14:00:00,23.070783333333335
2022-11-21 15:00:00,22.88865
2022-11-21 16:00:00,22.196416666666668
2022-11-21 17:00:00,21.410966666666663
2022-11-21 18:00:00,21.50071666666667
2022-11-21 19:00:00,21.4407
2022-11-21 20:00:00,21.22576666666667
2022-11-21 21:00:00,21.470466666666667
2022-11-21 22:00:00,21.68075
2022-11-21 23:00:00,21.658883333333332
2022-11-22 00:00:00,21.6572
2022-11-22 01:00:00,21.707933333333333
2022-11-22 02:00:00,21.71855
2022-11-22 03:00:00,21.409883333333333
2022-11-22 04:00:00,21.48185
2022-11-22 05:00:00,21.154566666666668
2022-11-22 06:00:00,21.03986666666667
2022-11-22 07:00:00,20.908633333333334
2022-11-22 08:00:00,21.176166666666667
2022-11-22 09:00:00,21.441466666666667
2022-11-22 10:00:00,21.686899999999998
2022-11-22 11:00:00,21.813699999999997
2022-11-22 12:00:00,21.946483333333333
2022-11-22 13:00:00,22.169916666666666
2022-11-22 14:00:00,22.15898333333333
2022-11-22 15:00:00,22.339299999999998
2022-11-22 16:00:00,22.334766666666667
2022-11-22 17:00:00,22.159550000000003
2022-11-22 18:00:00,22.132833333333334
2022-11-22 19:00:00,21.931966666666668
2022-11-22 20:00:00,21.969516666666667
2022-11-22 21:00:00,21.9756
2022-11-22 22:00:00,21.878416666666666
2022-11-22 23:00:00,21.71578333333333
2022-11-23 00:00:00,21.65761666666667
2022-11-23 01:00:00,21.68701666666667
2022-11-23 02:00:00,21.756800000000002
2022-11-23 03:00:00,21.822266666666668
2022-11-23 04:00:00,21.863833333333332
2022-11-23 05:00:00,21.95361666666667
2022-11-23 06:00:00,22.03076666666667
2022-11-23 07:00:00,21.975716666666667
2022-11-23 08:00:00,22.157683333333335
2022-11-23 09:00:00,22.163666666666664
2022-11-23 10:00:00,22.119966666666663
2022-11-23 11:00:00,22.29008333333333
2022-11-23 12:00:00,22.639466666666667
2022-11-23 13:00:00,22.16058333333333
2022-11-23 14:00:00,21.955966666666665
2022-11-23 15:00:00,21.911633333333334
2022-11-23 16:00:00,21.711116666666666
2022-11-23 17:00:00,21.73143333333333
2022-11-23 18:00:00,21.4927
2022-11-23 19:00:00,21.278933333333335
2022-11-23 20:00:00,21.15216666666667
2022-11-23 21:00:00,21.265150000000002
2022-11-23 22:00:00,21.27221666666667
2022-11-23 23:00:00,21.181016666666668
2022-11-24 00:00:00,21.190633333333334
2022-11-24 01:00:00,21.04253333333333
2022-11-24 02:00:00,20.800516666666667
2022-11-24 03:00:00,20.814883333333334
2022-11-24 04:00:00,20.641066666666667
2022-11-24 05:00:00,20.25025
2022-11-24 06:00:00,20.07885
2022-11-24 07:00:00,20.093966666666667
2022-11-24 08:00:00,20.205166666666667
2022-11-24 09:00:00,20.2939
2022-11-24 10:00:00,20.139566666666667
2022-11-24 11:00:00,20.084999999999997
2022-11-24 12:00:00,20.193949999999997
2022-11-24 13:00:00,20.431016666666668
2022-11-24 14:00:00,20.538633333333333
2022-11-24 15:00:00,20.437116666666668
2022-11-24 16:00:00,20.443683333333336
2022-11-24 17:00:00,20.36305
2022-11-24 18:00:00,20.367
2022-11-24 19:00:00,20.407833333333333
2022-11-24 20:00:00,20.301766666666666
2022-11-24 21:00:00,20.26653333333333
2022-11-24 22:00:00,20.282333333333334
2022-11-24 23:00:00,20.21015
2022-11-25 00:00:00,20.0199
2022-11-25 01:00:00,20.089116666666666
2022-11-25 02:00:00,20.2774
2022-11-25 03:00:00,20.20266666666667
2022-11-25 04:00:00,20.1699
2022-11-25 05:00:00,20.09875
2022-11-25 06:00:00,20.141333333333332
2022-11-25 07:00:00,20.250533333333333
2022-11-25 08:00:00,20.401116666666667
2022-11-25 09:00:00,20.7685
2022-11-25 10:00:00,21.0202
2022-11-25 11:00:00,21.223166666666668
2022-11-25 12:00:00,21.35
2022-11-25 13:00:00,21.4494
2022-11-25 14:00:00,21.477766666666664
2022-11-25 15:00:00,21.874866666666666
2022-11-25 16:00:00,22.351966666666666
2022-11-25 17:00:00,22.18795
2022-11-25 18:00:00,21.818516666666667
2022-11-25 19:00:00,21.976916666666668
2022-11-25 20:00:00,20.43955
2022-11-25 21:00:00,20.15545
2022-11-25 22:00:00,20.315150000000003
2022-11-25 23:00:00,20.417933333333334
2022-11-26 00:00:00,20.275316666666665
2022-11-26 01:00:00,20.127133333333333
2022-11-26 02:00:00,20.116766666666667
2022-11-26 03:00:00,20.440683333333332
2022-11-26 04:00:00,20.4873
2022-11-26 05:00:00,20.727566666666668
2022-11-26 06:00:00,20.682366666666667
2022-11-26 07:00:00,21.087083333333332
2022-11-26 08:00:00,21.80065
2022-11-26 09:00:00,22.21173333333333
2022-11-26 10:00:00,21.86235
2022-11-26 11:00:00,22.058183333333332
2022-11-26 12:00:00,22.350916666666667
2022-11-26 13:00:00,23.29866666666667
2022-11-26 14:00:00,22.70545
2022-11-26 15:00:00,21.52815
2022-11-26 16:00:00,21.716483333333333
2022-11-26 17:00:00,21.362683333333333
2022-11-26 18:00:00,21.191416666666665
2022-11-26 19:00:00,21.015
2022-11-26 20:00:00,21.17545
2022-11-26 21:00:00,21.319583333333334
2022-11-26 22:00:00,21.466516666666667
2022-11-26 23:00:00,21.503666666666668
2022-11-27 00:00:00,21.519183333333334
2022-11-27 01:00:00,21.43658333333333
2022-11-27 02:00:00,21.286183333333334
2022-11-27 03:00:00,21.1767
2022-11-27 04:00:00,20.996883333333336
2022-11-27 05:00:00,20.7547
2022-11-27 06:00:00,21.01086666666667
2022-11-27 07:00:00,20.90495
2022-11-27 08:00:00,21.047316666666667
2022-11-27 09:00:00,20.988883333333334
2022-11-27 10:00:00,21.087183333333332
2022-11-27 11:00:00,21.19715
2022-11-27 12:00:00,21.23506666666667
2022-11-27 13:00:00,21.217166666666667
2022-11-27 14:00:00,21.26158333333333
2022-11-27 15:00:00,21.238633333333333
2022-11-27 16:00:00,21.12073333333333
2022-11-27 17:00:00,21.227466666666665
2022-11-27 18:00:00,21.389599999999998
2022-11-27 19:00:00,21.496950000000002
2022-11-27 20:00:00,21.623816666666666
2022-11-27 21:00:00,21.810883333333333
2022-11-27 22:00:00,21.902033333333335
2022-11-27 23:00:00,21.859916666666667
2022-11-28 00:00:00,21.8691
2022-11-28 01:00:00,21.945066666666666
2022-11-28 02:00:00,22.096883333333334
2022-11-28 03:00:00,22.32085
2022-11-28 04:00:00,22.399283333333333
2022-11-28 05:00:00,22.49035
2022-11-28 06:00:00,22.660216666666667
2022-11-28 07:00:00,22.863516666666666
2022-11-28 08:00:00,23.457116666666664
2022-11-28 09:00:00,24.460050000000003
2022-11-28 10:00:00,25.341816666666666
2022-11-28 11:00:00,25.8948
2022-11-28 12:00:00,26.36965
2022-11-28 13:00:00,26.573249999999998
2022-11-28 14:00:00,25.287133333333333
2022-11-28 15:00:00,24.644983333333336
2022-11-28 16:00:00,24.787566666666667
2022-11-28 17:00:00,24.250766666666667
2022-11-28 18:00:00,23.713266666666666
2022-11-28 19:00:00,23.342033333333333
2022-11-28 20:00:00,23.125999999999998
2022-11-28 21:00:00,23.125383333333332
2022-11-28 22:00:00,23.209966666666666
2022-11-28 23:00:00,23.219566666666665
2022-11-29 00:00:00,23.279283333333336
2022-11-29 01:00:00,23.387333333333334
2022-11-29 02:00:00,23.305233333333334
2022-11-29 03:00:00,23.20125
2022-11-29 04:00:00,23.10305
2022-11-29 05:00:00,22.933866666666667
2022-11-29 06:00:00,22.805133333333334
2022-11-29 07:00:00,22.799833333333332
2022-11-29 08:00:00,22.93361666666667
2022-11-29 09:00:00,24.642833333333332
2022-11-29 10:00:00,26.863633333333333
2022-11-29 11:00:00,27.306350000000002
2022-11-29 12:00:00,27.78605
2022-11-29 13:00:00,27.071733333333334
2022-11-29 14:00:00,26.99641666666667
2022-11-29 15:00:00,24.740566666666666
2022-11-29 16:00:00,23.67778333333333
2022-11-29 17:00:00,23.8396
2022-11-29 18:00:00,23.1067
2022-11-29 19:00:00,22.71085
2022-11-29 20:00:00,22.93155
2022-11-29 21:00:00,22.804100000000002
2022-11-29 22:00:00,22.52038333333333
2022-11-29 23:00:00,22.440033333333336
2022-11-30 00:00:00,22.640933333333333
2022-11-30 01:00:00,22.438533333333332
2022-11-30 02:00:00,22.385749999999998
2022-11-30 03:00:00,22.2923
2022-11-30 04:00:00,22.179516666666665
2022-11-30 05:00:00,22.1662
2022-11-30 06:00:00,21.8988
2022-11-30 07:00:00,24.096966666666667
2022-11-30 08:00:00,27.877
2022-11-30 09:00:00,27.180583333333335
2022-11-30 10:00:00,27.4117
2022-11-30 11:00:00,24.238433333333333
2022-11-30 12:00:00,22.62915
2022-11-30 13:00:00,21.828500000000002
2022-11-30 14:00:00,20.94408333333333
2022-11-30 15:00:00,19.71288333333333
2022-11-30 16:00:00,18.48465
2022-11-30 17:00:00,17.713316666666667
2022-11-30 18:00:00,17.345033333333333
2022-11-30 19:00:00,17.196633333333335
2022-11-30 20:00:00,17.03345
2022-11-30 21:00:00,16.904866666666667
2022-11-30 22:00:00,16.22195
2022-11-30 23:00:00,15.663783333333333
2022-12-01 00:00:00,15.47285
2022-12-01 01:00:00,14.86105
2022-12-01 02:00:00,14.406916666666666
2022-12-01 03:00:00,14.113116666666667
2022-12-01 04:00:00,13.86145
2022-12-01 05:00:00,13.64565
2022-12-01 06:00:00,13.18135
2022-12-01 07:00:00,13.133199999999999
2022-12-01 08:00:00,13.381066666666667
2022-12-01 09:00:00,13.7065
2022-12-01 10:00:00,16.428033333333335
2022-12-01 11:00:00,17.86
2022-12-01 12:00:00,17.66235
2022-12-01 13:00:00,17.331799999999998
2022-12-01 14:00:00,16.722766666666665
2022-12-01 15:00:00,16.25541666666667
2022-12-01 16:00:00,14.674299999999999
2022-12-01 17:00:00,14.024283333333333
2022-12-01 18:00:00,13.578483333333335
2022-12-01 19:00:00,13.304266666666667
2022-12-01 20:00:00,12.844233333333333
2022-12-01 21:00:00,12.80685
2022-12-01 22:00:00,12.753316666666667
2022-12-01 23:00:00,12.7526
2022-12-02 00:00:00,12.759183333333334
2022-12-02 01:00:00,12.482083333333332
2022-12-02 02:00:00,12.047183333333333
2022-12-02 03:00:00,11.528016666666668
2022-12-02 04:00:00,11.267666666666665
2022-12-02 05:00:00,11.406683333333332
2022-12-02 06:00:00,11.204049999999999
2022-12-02 07:00:00,11.907816666666667
2022-12-02 08:00:00,14.823483333333334
2022-12-02 09:00:00,17.58536666666667
2022-12-02 10:00:00,18.681714285714285
2022-12-04 07:00:00,18.547101694915256
2022-12-04 08:00:00,18.989649999999997
2022-12-04 09:00:00,19.214850000000002
2022-12-04 10:00:00,20.397016666666666
2022-12-04 11:00:00,23.98425
2022-12-04 12:00:00,25.52766666666667
2022-12-04 13:00:00,26.776833333333332
2022-12-04 14:00:00,26.63788333333333
2022-12-04 15:00:00,24.026283333333332
2022-12-04 16:00:00,22.038349999999998
2022-12-04 17:00:00,20.325066666666665
2022-12-04 18:00:00,19.591099999999997
2022-12-04 19:00:00,19.135933333333334
2022-12-04 20:00:00,18.80731666666667
2022-12-04 21:00:00,18.573183333333336
2022-12-04 22:00:00,18.801233333333336
2022-12-04 23:00:00,18.654066666666665
2022-12-05 00:00:00,18.514816666666665
2022-12-05 01:00:00,18.068166666666666
2022-12-05 02:00:00,17.211666666666666
2022-12-05 03:00:00,16.6888
2022-12-05 04:00:00,16.431066666666666
2022-12-05 05:00:00,15.816716666666668
2022-12-05 06:00:00,15.173083333333333
2022-12-05 07:00:00,14.796983333333333
2022-12-05 08:00:00,14.434566666666665
2022-12-05 09:00:00,14.605433333333334
2022-12-05 10:00:00,15.706816666666667
2022-12-05 11:00:00,17.423983333333336
2022-12-05 12:00:00,18.937666666666665
2022-12-05 13:00:00,18.54625
2022-12-05 14:00:00,18.083233333333332
2022-12-05 15:00:00,18.002866666666666
2022-12-05 16:00:00,17.144650000000002
2022-12-05 17:00:00,15.793883333333333
2022-12-05 18:00:00,15.028466666666667
2022-12-05 19:00:00,14.419833333333335
2022-12-05 20:00:00,13.989683333333334
2022-12-05 21:00:00,13.708566666666666
2022-12-05 22:00:00,13.503166666666667
2022-12-05 23:00:00,13.274433333333333
2022-12-06 00:00:00,13.396700000000001
2022-12-06 01:00:00,13.743500000000001
2022-12-06 02:00:00,13.73455
2022-12-06 03:00:00,13.4665
2022-12-06 04:00:00,13.136733333333332
2022-12-06 05:00:00,12.958616666666668
2022-12-06 06:00:00,13.045
2022-12-06 07:00:00,13.0421
2022-12-06 08:00:00,13.662783333333334
2022-12-06 09:00:00,16.307816666666668
2022-12-06 10:00:00,18.91705
2022-12-06 11:00:00,19.95968333333333
2022-12-06 12:00:00,20.647100000000002
2022-12-06 13:00:00,20.395333333333333
2022-12-06 14:00:00,20.68068333333333
2022-12-06 15:00:00,18.504250000000003
2022-12-06 16:00:00,16.97215
2022-12-06 17:00:00,16.154366666666665
2022-12-06 18:00:00,15.3294
2022-12-06 19:00:00,15.219766666666667
2022-12-06 20:00:00,15.12605
2022-12-06 21:00:00,14.913383333333334
2022-12-06 22:00:00,15.13725
2022-12-06 23:00:00,14.876516666666667
2022-12-07 00:00:00,14.9623
2022-12-07 01:00:00,14.678583333333334
2022-12-07 02:00:00,14.589416666666667
2022-12-07 03:00:00,14.758316666666667
2022-12-07 04:00:00,15.0453
2022-12-07 05:00:00,15.702166666666667
2022-12-07 06:00:00,15.627216666666667
2022-12-07 07:00:00,15.62715
2022-12-07 08:00:00,17.090966666666667
2022-12-07 09:00:00,20.072133333333333
2022-12-07 10:00:00,21.468799999999998
2022-12-07 11:00:00,23.85945
2022-12-07 12:00:00,24.288766666666668
2022-12-07 13:00:00,23.35758333333333
2022-12-07 14:00:00,23.0951
2022-12-07 15:00:00,20.333133333333333
2022-12-07 16:00:00,19.55975
2022-12-07 17:00:00,18.611966666666667
2022-12-07 18:00:00,17.598466666666663
2022-12-07 19:00:00,16.792133333333332
2022-12-07 20:00:00,16.400033333333333
2022-12-07 21:00:00,16.471166666666665
2022-12-07 22:00:00,16.63475
2022-12-07 23:00:00,16.710533333333334
2022-12-08 00:00:00,16.90515
2022-12-08 01:00:00,16.502633333333332
2022-12-08 02:00:00,16.211933333333334
2022-12-08 03:00:00,15.990266666666667
2022-12-08 04:00:00,15.6298
2022-12-08 05:00:00,15.985466666666667
2022-12-08 06:00:00,16.042033333333332
2022-12-08 07:00:00,16.925616666666667
2022-12-08 08:00:00,20.89985
2022-12-08 09:00:00,23.67076666666667
2022-12-08 10:00:00,25.25251666666667
2022-12-08 11:00:00,26.38563333333333
2022-12-08 12:00:00,25.0147
2022-12-08 13:00:00,23.601816666666664
2022-12-08 14:00:00,21.484966666666665
2022-12-08 15:00:00,19.670716666666667
2022-12-08 16:00:00,18.711616666666664
2022-12-08 17:00:00,18.0862
2022-12-08 18:00:00,17.814116666666667
2022-12-08 19:00:00,17.571033333333332
2022-12-08 20:00:00,18.239483333333332
2022-12-08 21:00:00,17.6
2022-12-08 22:00:00,17.41415
2022-12-08 23:00:00,17.563633333333332
2022-12-09 00:00:00,17.247966666666667
2022-12-09 01:00:00,16.841666666666665
2022-12-09 02:00:00,16.635366666666666
2022-12-09 03:00:00,16.033283333333333
2022-12-09 04:00:00,15.77065
2022-12-09 05:00:00,15.808950000000001
2022-12-09 06:00:00,15.53655
2022-12-09 07:00:00,16.393383333333333
2022-12-09 08:00:00,19.055266666666668
2022-12-09 09:00:00,21.58963333333333
2022-12-09 10:00:00,23.928083333333333
2022-12-09 11:00:00,25.00811666666667
2022-12-09 12:00:00,26.1202
2022-12-09 13:00:00,26.68675
2022-12-09 14:00:00,25.995683333333332
2022-12-09 15:00:00,22.419066666666666
2022-12-09 16:00:00,20.291216666666667
2022-12-09 17:00:00,19.229433333333336
2022-12-09 18:00:00,18.389633333333332
2022-12-09 19:00:00,17.82133333333333
2022-12-09 20:00:00,17.438783333333333
2022-12-09 21:00:00,16.918833333333332
2022-12-09 22:00:00,16.513916666666667
2022-12-09 23:00:00,15.907733333333333
2022-12-10 00:00:00,15.419133333333333
2022-12-10 01:00:00,15.119766666666667
2022-12-10 02:00:00,14.502883333333333
2022-12-10 03:00:00,14.179083333333333
2022-12-10 04:00:00,13.901066666666667
2022-12-10 05:00:00,13.725183333333332
2022-12-10 06:00:00,13.62395
2022-12-10 07:00:00,14.4176
2022-12-10 08:00:00,15.753783333333333
2022-12-10 09:00:00,19.792066666666663
2022-12-10 10:00:00,24.027116666666664
2022-12-10 11:00:00,25.550716666666666
2022-12-10 12:00:00,26.593133333333334
2022-12-10 13:00:00,27.026016666666667
2022-12-10 14:00:00,26.12298333333333
2022-12-10 15:00:00,21.678266666666666
2022-12-10 16:00:00,19.783849999999997
2022-12-10 17:00:00,18.788700000000002
2022-12-10 18:00:00,17.841633333333334
2022-12-10 19:00:00,17.177599999999998
2022-12-10 20:00:00,16.4892
2022-12-10 21:00:00,15.882233333333334
2022-12-10 22:00:00,15.541583333333334
2022-12-10 23:00:00,14.9348
2022-12-11 00:00:00,14.526
2022-12-11 01:00:00,14.2689
2022-12-11 02:00:00,13.957883333333333
2022-12-11 03:00:00,13.587916666666667
2022-12-11 04:00:00,13.449000000000002
2022-12-11 05:00:00,13.474483333333334
2022-12-11 06:00:00,13.72205
2022-12-11 07:00:00,14.122533333333333
2022-12-11 08:00:00,14.943466666666666
2022-12-11 09:00:00,18.24138333333333
2022-12-11 10:00:00,19.112783333333333
2022-12-11 11:00:00,19.409233333333336
2022-12-11 12:00:00,18.926199999999998
2022-12-11 13:00:00,18.818133333333332
2022-12-11 14:00:00,16.8859
2022-12-11 15:00:00,16.899250000000002
2022-12-11 16:00:00,16.2575
2022-12-11 17:00:00,15.581083333333334
2022-12-11 18:00:00,15.190583333333333
2022-12-11 19:00:00,14.92155
2022-12-11 20:00:00,14.790116666666668
2022-12-11 21:00:00,14.812966666666666
2022-12-11 22:00:00,14.858483333333334
2022-12-11 23:00:00,14.6601
2022-12-12 00:00:00,14.3076
2022-12-12 01:00:00,14.2347
2022-12-12 02:00:00,14.24335
2022-12-12 03:00:00,13.930100000000001
2022-12-12 04:00:00,13.80665
2022-12-12 05:00:00,13.658516666666666
2022-12-12 06:00:00,13.452583333333333
2022-12-12 07:00:00,13.4284
2022-12-12 08:00:00,13.8579
2022-12-12 09:00:00,14.96105
2022-12-12 10:00:00,15.814733333333333
2022-12-12 11:00:00,16.802816666666665
2022-12-12 12:00:00,17.168766666666667
2022-12-12 13:00:00,18.01425
2022-12-12 14:00:00,17.857866666666666
2022-12-12 15:00:00,16.538333333333334
2022-12-12 16:00:00,15.325050000000001
2022-12-12 17:00:00,14.530016666666667
2022-12-12 18:00:00,14.144866666666667
2022-12-12 19:00:00,14.194933333333333
2022-12-12 20:00:00,13.823083333333333
2022-12-12 21:00:00,13.672733333333333
2022-12-12 22:00:00,13.552999999999999
2022-12-12 23:00:00,13.493599999999999
2022-12-13 00:00:00,13.329316666666667
2022-12-13 01:00:00,13.182583333333334
2022-12-13 02:00:00,12.958
2022-12-13 03:00:00,12.913549999999999
2022-12-13 04:00:00,12.9313
2022-12-13 05:00:00,12.84835
2022-12-13 06:00:00,12.858366666666665
2022-12-13 07:00:00,13.19425
2022-12-13 08:00:00,13.459033333333334
2022-12-13 09:00:00,13.921766666666667
2022-12-13 10:00:00,15.009183333333334
2022-12-13 11:00:00,16.188783333333333
2022-12-13 12:00:00,17.086650000000002
2022-12-13 13:00:00,17.70525
2022-12-13 14:00:00,15.514966666666668
2022-12-13 15:00:00,14.208816666666667
2022-12-13 16:00:00,12.805266666666666
2022-12-13 17:00:00,11.50655
2022-12-13 18:00:00,11.128433333333334
2022-12-13 19:00:00,11.19205
2022-12-13 20:00:00,11.132666666666667
2022-12-13 21:00:00,11.231133333333334
2022-12-13 22:00:00,11.130566666666665
2022-12-13 23:00:00,11.320516666666666
2022-12-14 00:00:00,11.394716666666666
2022-12-14 01:00:00,11.133866666666668
2022-12-14 02:00:00,10.8999
2022-12-14 03:00:00,10.665466666666667
2022-12-14 04:00:00,10.36025
2022-12-14 05:00:00,9.981578333333335
2022-12-14 06:00:00,9.576175000000001
2022-12-14 07:00:00,9.820126666666665
2022-12-14 08:00:00,10.10679
2022-12-14 09:00:00,10.051153333333334
2022-12-14 10:00:00,10.3825
2022-12-14 11:00:00,10.917033333333334
2022-12-14 12:00:00,11.1027
2022-12-14 13:00:00,10.9389
2022-12-14 14:00:00,10.900866666666667
2022-12-14 15:00:00,10.838566666666667
2022-12-14 16:00:00,10.824366666666666
2022-12-14 17:00:00,10.6242
2022-12-14 18:00:00,10.498966666666666
2022-12-14 19:00:00,10.540033333333334
2022-12-14 20:00:00,10.923216666666667
2022-12-14 21:00:00,11.108466666666667
2022-12-14 22:00:00,10.944733333333334
2022-12-14 23:00:00,10.9675
2022-12-15 00:00:00,10.788466666666666
2022-12-15 01:00:00,10.8842
2022-12-15 02:00:00,10.870233333333333
2022-12-15 03:00:00,10.894516666666668
2022-12-15 04:00:00,10.972683333333332
2022-12-15 05:00:00,11.049650000000002
2022-12-15 06:00:00,10.936183333333334
2022-12-15 07:00:00,11.145383333333333
2022-12-15 08:00:00,11.488850000000001
2022-12-15 09:00:00,11.92855
2022-12-15 10:00:00,12.492266666666666
2022-12-15 11:00:00,13.648816666666667
2022-12-15 12:00:00,14.699250000000001
2022-12-15 13:00:00,15.055933333333334
2022-12-15 14:00:00,15.273200000000001
2022-12-15 15:00:00,14.95235
2022-12-15 16:00:00,14.74975
2022-12-15 17:00:00,14.397366666666667
2022-12-15 18:00:00,13.965750000000002
2022-12-15 19:00:00,13.857933333333333
2022-12-15 20:00:00,13.748266666666666
2022-12-15 21:00:00,13.947033333333334
2022-12-15 22:00:00,14.051250000000001
2022-12-15 23:00:00,14.081583333333333
2022-12-16 00:00:00,14.196216666666666
2022-12-16 01:00:00,14.358816666666666
2022-12-16 02:00:00,14.5384
2022-12-16 03:00:00,14.639833333333334
2022-12-16 04:00:00,14.70875
2022-12-16 05:00:00,14.6653
2022-12-16 06:00:00,14.981566666666668
2022-12-16 07:00:00,15.35665
2022-12-16 08:00:00,15.598983333333333
2022-12-16 09:00:00,15.781316666666667
2022-12-16 10:00:00,16.094516666666667
2022-12-16 11:00:00,16.46555
2022-12-16 12:00:00,16.50495
2022-12-16 13:00:00,16.0901
2022-12-16 14:00:00,16.371533333333335
2022-12-16 15:00:00,16.543633333333336
2022-12-16 16:00:00,15.823866666666667
2022-12-16 17:00:00,15.57195
2022-12-16 18:00:00,14.998366666666668
2022-12-16 19:00:00,14.642983333333332
2022-12-16 20:00:00,14.585066666666668
2022-12-16 21:00:00,14.070216666666665
2022-12-16 22:00:00,13.596233333333334
2022-12-16 23:00:00,13.230066666666666
2022-12-17 00:00:00,13.081483333333333
2022-12-17 01:00:00,12.592383333333334
2022-12-17 02:00:00,12.150966666666667
2022-12-17 03:00:00,11.528866666666666
2022-12-17 04:00:00,10.6481
2022-12-17 05:00:00,10.381400000000001
2022-12-17 06:00:00,10.340966666666667
2022-12-17 07:00:00,10.583133333333333
2022-12-17 08:00:00,10.648050000000001
2022-12-17 09:00:00,10.685966666666667
2022-12-17 10:00:00,11.260416666666666
2022-12-17 11:00:00,11.360866666666668
2022-12-17 12:00:00,11.442816666666666
2022-12-17 13:00:00,11.62525
2022-12-17 14:00:00,11.999916666666667
2022-12-17 15:00:00,12.175033333333333
2022-12-17 16:00:00,12.128549999999999
2022-12-17 17:00:00,11.727833333333333
2022-12-17 18:00:00,11.3667
2022-12-17 19:00:00,11.275716666666666
2022-12-17 20:00:00,11.059
2022-12-17 21:00:00,10.743133333333333
2022-12-17 22:00:00,10.558183333333334
2022-12-17 23:00:00,10.320556666666667
2022-12-18 00:00:00,9.857983333333333
2022-12-18 01:00:00,9.32388
2022-12-18 02:00:00,9.165429999999999
2022-12-18 03:00:00,8.902125000000002
2022-12-18 04:00:00,8.439673333333333
2022-12-18 05:00:00,8.1008
2022-12-18 06:00:00,7.732973333333334
2022-12-18 07:00:00,7.436718333333333
2022-12-18 08:00:00,8.476116666666666
2022-12-18 09:00:00,11.717016666666666
2022-12-18 10:00:00,11.788683333333333
2022-12-18 11:00:00,13.033966666666666
2022-12-18 12:00:00,14.44695
2022-12-18 13:00:00,15.104266666666666
2022-12-18 14:00:00,15.350833333333332
2022-12-18 15:00:00,12.709033333333334
2022-12-18 16:00:00,11.711016666666666
2022-12-18 17:00:00,11.272549999999999
2022-12-18 18:00:00,10.688266666666667
2022-12-18 19:00:00,10.391733333333333
2022-12-18 20:00:00,10.077666666666666
2022-12-18 21:00:00,9.884275
2022-12-18 22:00:00,9.704041666666665
2022-12-18 23:00:00,9.640953333333334
2022-12-19 00:00:00,9.347758333333333
2022-12-19 01:00:00,9.1966
2022-12-19 02:00:00,9.253511666666666
2022-12-19 03:00:00,9.045269999999999
2022-12-19 04:00:00,9.053853333333334
2022-12-19 05:00:00,9.252411666666665
2022-12-19 06:00:00,9.012421666666667
2022-12-19 07:00:00,9.076985
2022-12-19 08:00:00,10.607384999999999
2022-12-19 09:00:00,14.3725
2022-12-19 10:00:00,17.367633333333334
2022-12-19 11:00:00,19.5449
2022-12-19 12:00:00,19.84306666666667
2022-12-19 13:00:00,17.025833333333335
2022-12-19 14:00:00,16.539766666666665
2022-12-19 15:00:00,14.532783333333333
2022-12-19 16:00:00,13.58355
2022-12-19 17:00:00,13.15255
2022-12-19 18:00:00,12.692766666666667
2022-12-19 19:00:00,12.807416666666667
2022-12-19 20:00:00,13.174233333333332
2022-12-19 21:00:00,13.402133333333333
2022-12-19 22:00:00,13.702566666666666
2022-12-19 23:00:00,14.753366666666667
2022-12-20 00:00:00,14.548783333333335
2022-12-20 01:00:00,14.251166666666668
2022-12-20 02:00:00,13.762866666666667
2022-12-20 03:00:00,13.148333333333333
2022-12-20 04:00:00,12.707316666666665
2022-12-20 05:00:00,12.62565
2022-12-20 06:00:00,12.8069
2022-12-20 07:00:00,13.554683333333333
2022-12-20 08:00:00,14.6852
2022-12-20 09:00:00,16.832016666666668
2022-12-20 10:00:00,19.1128
2022-12-20 11:00:00,19.729033333333334
2022-12-20 12:00:00,18.99591666666667
2022-12-20 13:00:00,19.522966666666665
2022-12-20 14:00:00,19.1064
2022-12-20 15:00:00,16.992416666666667
2022-12-20 16:00:00,16.4713
2022-12-20 17:00:00,15.83815
2022-12-20 18:00:00,15.602233333333334
2022-12-20 19:00:00,15.26595
2022-12-20 20:00:00,15.530633333333332
2022-12-20 21:00:00,15.5384
2022-12-20 22:00:00,15.504966666666666
2022-12-20 23:00:00,15.71065
2022-12-21 00:00:00,15.852716666666668
2022-12-21 01:00:00,15.818383333333333
2022-12-21 02:00:00,15.2327
2022-12-21 03:00:00,15.500583333333333
2022-12-21 04:00:00,15.422616666666666
2022-12-21 05:00:00,15.402766666666668
2022-12-21 06:00:00,14.599983333333334
2022-12-21 07:00:00,14.460216666666666
2022-12-21 08:00:00,16.059816666666666
2022-12-21 09:00:00,17.75435
2022-12-21 10:00:00,19.154083333333332
2022-12-21 11:00:00,20.2955
2022-12-21 12:00:00,21.893933333333333
2022-12-21 13:00:00,22.785683333333335
2022-12-21 14:00:00,22.917183333333334
2022-12-21 15:00:00,20.07695
2022-12-21 16:00:00,18.461116666666666
2022-12-21 17:00:00,17.740533333333335
2022-12-21 18:00:00,17.131216666666667
2022-12-21 19:00:00,16.60935
2022-12-21 20:00:00,15.929683333333333
2022-12-21 21:00:00,15.734266666666667
2022-12-21 22:00:00,15.1468
2022-12-21 23:00:00,14.659583333333334
2022-12-22 00:00:00,14.100150000000001
2022-12-22 01:00:00,13.556316666666667
2022-12-22 02:00:00,13.243950000000002
2022-12-22 03:00:00,13.137716666666668
2022-12-22 04:00:00,13.225349999999999
2022-12-22 05:00:00,13.03585
2022-12-22 06:00:00,12.716516666666667
2022-12-22 07:00:00,13.309750000000001
2022-12-22 08:00:00,16.12645
2022-12-22 09:00:00,18.776816666666665
2022-12-22 10:00:00,20.824916666666663
2022-12-22 11:00:00,22.969283333333333
2022-12-22 12:00:00,24.95445
2022-12-22 13:00:00,26.00746666666667
2022-12-22 14:00:00,23.55521666666667
2022-12-22 15:00:00,19.084133333333334
2022-12-22 16:00:00,17.63515
2022-12-22 17:00:00,17.441716666666665
2022-12-22 18:00:00,16.37905
2022-12-22 19:00:00,16.1347
2022-12-22 20:00:00,16.046983333333333
2022-12-22 21:00:00,16.306666666666665
2022-12-22 22:00:00,16.01185
2022-12-22 23:00:00,15.531683333333335
2022-12-23 00:00:00,15.259250000000002
2022-12-23 01:00:00,14.810466666666667
2022-12-23 02:00:00,14.311583333333335
2022-12-23 03:00:00,13.995833333333334
2022-12-23 04:00:00,13.578133333333334
2022-12-23 05:00:00,13.16825
2022-12-23 06:00:00,12.9513
2022-12-23 07:00:00,13.725249999999999
2022-12-23 08:00:00,15.598933333333333
2022-12-23 09:00:00,18.018416666666667
2022-12-23 10:00:00,20.834016666666667
2022-12-23 11:00:00,22.660216666666667
2022-12-23 12:00:00,24.239316666666664
2022-12-23 13:00:00,23.14016666666667
2022-12-23 14:00:00,19.629466666666666
2022-12-23 15:00:00,17.068416666666668
2022-12-23 16:00:00,15.581733333333334
2022-12-23 17:00:00,15.378166666666667
2022-12-23 18:00:00,15.04855
2022-12-23 19:00:00,14.13855
2022-12-23 20:00:00,14.637733333333333
2022-12-23 21:00:00,14.842766666666668
2022-12-23 22:00:00,14.678116666666666
2022-12-23 23:00:00,14.710216666666668
2022-12-24 00:00:00,14.384133333333333
2022-12-24 01:00:00,14.222683333333332
2022-12-24 02:00:00,13.80245
2022-12-24 03:00:00,13.392116666666668
2022-12-24 04:00:00,13.016916666666667
2022-12-24 05:00:00,12.85955
2022-12-24 06:00:00,12.334033333333334
2022-12-24 07:00:00,12.817916666666667
2022-12-24 08:00:00,15.368966666666667
2022-12-24 09:00:00,18.547383333333336
2022-12-24 10:00:00,21.201133333333335
2022-12-24 11:00:00,23.433666666666667
2022-12-24 12:00:00,24.184849999999997
2022-12-24 13:00:00,20.37523333333333
2022-12-24 14:00:00,20.890033333333335
2022-12-24 15:00:00,18.122683333333335
2022-12-24 16:00:00,15.664216666666666
2022-12-24 17:00:00,14.930766666666667
2022-12-24 18:00:00,14.516583333333333
2022-12-24 19:00:00,14.323916666666666
2022-12-24 20:00:00,14.292716666666667
2022-12-24 21:00:00,14.295416666666666
2022-12-24 22:00:00,14.292733333333333
2022-12-24 23:00:00,14.1256
2022-12-25 00:00:00,13.9632
2022-12-25 01:00:00,13.674166666666668
2022-12-25 02:00:00,13.063899999999999
2022-12-25 03:00:00,12.6757
2022-12-25 04:00:00,12.163433333333334
2022-12-25 05:00:00,11.895216666666666
2022-12-25 06:00:00,11.770483333333335
2022-12-25 07:00:00,12.279850000000001
2022-12-25 08:00:00,16.09655
2022-12-25 09:00:00,18.891016666666665
2022-12-25 10:00:00,17.720283333333334
2022-12-25 11:00:00,17.672933333333333
2022-12-25 12:00:00,17.575833333333332
2022-12-25 13:00:00,17.396766666666668
2022-12-25 14:00:00,16.820316666666667
2022-12-25 15:00:00,15.5083
2022-12-25 16:00:00,14.6508
2022-12-25 17:00:00,14.188016666666666
2022-12-25 18:00:00,13.872883333333334
2022-12-25 19:00:00,13.72865
2022-12-25 20:00:00,13.792816666666665
2022-12-25 21:00:00,13.916683333333333
2022-12-25 22:00:00,14.05185
2022-12-25 23:00:00,13.9992
2022-12-26 00:00:00,13.971616666666668
2022-12-26 01:00:00,13.451633333333332
2022-12-26 02:00:00,12.900883333333333
2022-12-26 03:00:00,12.457983333333335
2022-12-26 04:00:00,12.041400000000001
2022-12-26 05:00:00,11.78795
2022-12-26 06:00:00,11.813233333333333
2022-12-26 07:00:00,13.141783333333333
2022-12-26 08:00:00,16.011216666666666
2022-12-26 09:00:00,17.61205
2022-12-26 10:00:00,17.0661
2022-12-26 11:00:00,18.45286666666667
2022-12-26 12:00:00,18.890183333333333
2022-12-26 13:00:00,18.465783333333334
2022-12-26 14:00:00,17.693666666666665
2022-12-26 15:00:00,15.997616666666666
2022-12-26 16:00:00,14.934733333333332
2022-12-26 17:00:00,14.439866666666665
2022-12-26 18:00:00,14.0386
2022-12-26 19:00:00,13.721766666666667
2022-12-26 20:00:00,14.054499999999999
2022-12-26 21:00:00,14.32745
2022-12-26 22:00:00,14.260966666666667
2022-12-26 23:00:00,14.244499999999999
2022-12-27 00:00:00,14.054883333333333
2022-12-27 01:00:00,13.582016666666668
2022-12-27 02:00:00,13.344966666666666
2022-12-27 03:00:00,13.270383333333333
2022-12-27 04:00:00,12.995033333333334
2022-12-27 05:00:00,12.673083333333333
2022-12-27 06:00:00,12.4506
2022-12-27 07:00:00,13.256933333333334
2022-12-27 08:00:00,16.856483333333333
2022-12-27 09:00:00,20.318716666666667
2022-12-27 10:00:00,19.288283333333332
2022-12-27 11:00:00,18.299183333333335
2022-12-27 12:00:00,18.783583333333336
2022-12-27 13:00:00,18.2942
2022-12-27 14:00:00,17.645733333333332
2022-12-27 15:00:00,16.818983333333332
2022-12-27 16:00:00,15.977133333333335
2022-12-27 17:00:00,15.667366666666668
2022-12-27 18:00:00,15.4137
2022-12-27 19:00:00,15.5246
2022-12-27 20:00:00,15.4673
2022-12-27 21:00:00,15.688099999999999
2022-12-27 22:00:00,15.570066666666666
2022-12-27 23:00:00,15.27245
2022-12-28 00:00:00,14.7827
2022-12-28 01:00:00,14.324583333333333
2022-12-28 02:00:00,13.751816666666667
2022-12-28 03:00:00,13.316266666666667
2022-12-28 04:00:00,13.175966666666666
2022-12-28 05:00:00,13.0257
2022-12-28 06:00:00,12.888866666666667
2022-12-28 07:00:00,13.63585
2022-12-28 08:00:00,16.750683333333335
2022-12-28 09:00:00,20.081016666666667
2022-12-28 10:00:00,22.288866666666664
2022-12-28 11:00:00,23.491066666666665
2022-12-28 12:00:00,24.51575
2022-12-28 13:00:00,25.11688333333333
2022-12-28 14:00:00,25.16238333333333
2022-12-28 15:00:00,21.29191666666667
2022-12-28 16:00:00,18.949483333333333
2022-12-28 17:00:00,18.25773333333333
2022-12-28 18:00:00,17.23595
2022-12-28 19:00:00,16.39825
2022-12-28 20:00:00,16.18905
2022-12-28 21:00:00,16.138766666666665
2022-12-28 22:00:00,16.292916666666667
2022-12-28 23:00:00,16.170283333333334
2022-12-29 00:00:00,15.6339
2022-12-29 01:00:00,14.962316666666668
2022-12-29 02:00:00,14.061900000000001
2022-12-29 03:00:00,13.8436
2022-12-29 04:00:00,12.901916666666667
2022-12-29 05:00:00,12.20325
2022-12-29 06:00:00,12.238633333333333
2022-12-29 07:00:00,12.4403
2022-12-29 08:00:00,13.025233333333334
2022-12-29 09:00:00,14.195716666666668
2022-12-29 10:00:00,15.950616666666667
2022-12-29 11:00:00,18.201716666666666
2022-12-29 12:00:00,19.217016666666666
2022-12-29 13:00:00,21.427116666666667
2022-12-29 14:00:00,22.02855
2022-12-29 15:00:00,19.172466666666665
2022-12-29 16:00:00,17.094066666666667
2022-12-29 17:00:00,16.359466666666666
2022-12-29 18:00:00,15.607033333333334
2022-12-29 19:00:00,14.848566666666667
2022-12-29 20:00:00,14.552683333333333
2022-12-29 21:00:00,14.190683333333334
2022-12-29 22:00:00,13.673816666666665
2022-12-29 23:00:00,13.252516666666667
2022-12-30 00:00:00,12.818966666666666
2022-12-30 01:00:00,12.19675
2022-12-30 02:00:00,11.787766666666666
2022-12-30 03:00:00,11.4777
2022-12-30 04:00:00,10.931849999999999
2022-12-30 05:00:00,10.525316666666667
2022-12-30 06:00:00,10.026166666666667
2022-12-30 07:00:00,10.47943
2022-12-30 08:00:00,12.515183333333335
2022-12-30 09:00:00,15.096499999999999
2022-12-30 10:00:00,16.57395
2022-12-30 11:00:00,19.064416666666666
2022-12-30 12:00:00,19.62271666666667
2022-12-30 13:00:00,19.83106666666667
2022-12-30 14:00:00,19.0513
2022-12-30 15:00:00,16.34625
2022-12-30 16:00:00,14.918433333333333
2022-12-30 17:00:00,14.187283333333333
2022-12-30 18:00:00,13.591716666666667
2022-12-30 19:00:00,13.195866666666667
2022-12-30 20:00:00,13.022133333333333
2022-12-30 21:00:00,12.705766666666667
2022-12-30 22:00:00,12.089516666666666
2022-12-30 23:00:00,11.4419
2022-12-31 00:00:00,10.8295
2022-12-31 01:00:00,10.6351
2022-12-31 02:00:00,10.650116666666666
2022-12-31 03:00:00,10.470366666666667
2022-12-31 04:00:00,10.32675
2022-12-31 05:00:00,9.947371666666667
2022-12-31 06:00:00,9.700664999999999
2022-12-31 07:00:00,10.230451666666665
2022-12-31 08:00:00,12.426383333333332
2022-12-31 09:00:00,14.928866666666666
2022-12-31 10:00:00,17.819399999999998
2022-12-31 11:00:00,19.879283333333333
2022-12-31 12:00:00,21.990816666666667
2022-12-31 13:00:00,22.564316666666667
2022-12-31 14:00:00,20.178266666666666
2022-12-31 15:00:00,18.982450000000004
2022-12-31 16:00:00,17.065516666666667
2022-12-31 17:00:00,16.443066666666667
2022-12-31 18:00:00,15.602716666666668
2022-12-31 19:00:00,14.8833
2022-12-31 20:00:00,14.323466666666667
2022-12-31 21:00:00,14.012133333333335
2022-12-31 22:00:00,13.871583333333332
2022-12-31 23:00:00,14.384666666666668
2023-01-01 00:00:00,14.002016666666666
2023-01-01 01:00:00,13.428833333333333
2023-01-01 02:00:00,12.806966666666666
2023-01-01 03:00:00,12.709266666666668
2023-01-01 04:00:00,12.44215
2023-01-01 05:00:00,12.241066666666667
2023-01-01 06:00:00,12.05375
2023-01-01 07:00:00,12.375216666666667
2023-01-01 08:00:00,13.51485
2023-01-01 09:00:00,14.87715
2023-01-01 10:00:00,17.395833333333332
2023-01-01 11:00:00,18.79168333333333
2023-01-01 12:00:00,19.068383333333333
2023-01-01 13:00:00,20.2927
2023-01-01 14:00:00,20.2601
2023-01-01 15:00:00,19.230133333333335
2023-01-01 16:00:00,18.03468333333333
2023-01-01 17:00:00,16.455033333333333
2023-01-01 18:00:00,15.700050000000001
2023-01-01 19:00:00,15.77025
2023-01-01 20:00:00,15.966583333333334
2023-01-01 21:00:00,16.113783333333334
2023-01-01 22:00:00,16.043316666666666
2023-01-01 23:00:00,15.9902
2023-01-02 00:00:00,15.563733333333333
2023-01-02 01:00:00,15.66615
2023-01-02 02:00:00,15.754783333333334
2023-01-02 03:00:00,15.727933333333334
2023-01-02 04:00:00,15.453116666666666
2023-01-02 05:00:00,15.394350000000001
2023-01-02 06:00:00,15.40705
2023-01-02 07:00:00,15.409633333333334
2023-01-02 08:00:00,16.996566666666666
2023-01-02 09:00:00,17.742416666666667
2023-01-02 10:00:00,21.54096666666667
2023-01-02 11:00:00,22.696199999999997
2023-01-02 12:00:00,22.545
2023-01-02 13:00:00,23.258
2023-01-02 14:00:00,22.50065
2023-01-02 15:00:00,21.6626
2023-01-02 16:00:00,19.428483333333336
2023-01-02 17:00:00,18.3816
2023-01-02 18:00:00,17.58151666666667
2023-01-02 19:00:00,16.896416666666667
2023-01-02 20:00:00,16.37848333333333
2023-01-02 21:00:00,15.973816666666666
2023-01-02 22:00:00,15.710083333333333
2023-01-02 23:00:00,15.562233333333333
2023-01-03 00:00:00,15.4089
2023-01-03 01:00:00,15.3428
2023-01-03 02:00:00,15.049666666666667
2023-01-03 03:00:00,14.84175
2023-01-03 04:00:00,14.4261
2023-01-03 05:00:00,14.153533333333334
2023-01-03 06:00:00,14.015283333333334
2023-01-03 07:00:00,13.748700000000001
2023-01-03 08:00:00,14.295716666666667
2023-01-03 09:00:00,15.3775
2023-01-03 10:00:00,16.133433333333333
2023-01-03 11:00:00,17.29505
2023-01-03 12:00:00,18.642366666666664
2023-01-03 13:00:00,19.221016666666667
2023-01-03 14:00:00,18.872116666666667
2023-01-03 15:00:00,18.183899999999998
2023-01-03 16:00:00,17.666483333333336
2023-01-03 17:00:00,15.803766666666666
2023-01-03 18:00:00,14.041766666666666
2023-01-03 19:00:00,13.94195
2023-01-03 20:00:00,14.160116666666665
2023-01-03 21:00:00,14.551116666666667
2023-01-03 22:00:00,14.6883
2023-01-03 23:00:00,14.773166666666667
2023-01-04 00:00:00,14.743950000000002
2023-01-04 01:00:00,14.684316666666666
2023-01-04 02:00:00,14.43
2023-01-04 03:00:00,13.938033333333333
2023-01-04 04:00:00,13.7371
2023-01-04 05:00:00,13.810516666666667
2023-01-04 06:00:00,13.847316666666668
2023-01-04 07:00:00,13.812000000000001
2023-01-04 08:00:00,14.10805
2023-01-04 09:00:00,14.7241
2023-01-04 10:00:00,16.99435
2023-01-04 11:00:00,20.2795
2023-01-04 12:00:00,22.904433333333333
2023-01-04 13:00:00,19.664916666666667
2023-01-04 14:00:00,18.553166666666666
2023-01-04 15:00:00,17.347683333333332
2023-01-04 16:00:00,16.352916666666665
2023-01-04 17:00:00,15.818416666666668
2023-01-04 18:00:00,15.151833333333334
2023-01-04 19:00:00,15.451833333333333
2023-01-04 20:00:00,15.7526
2023-01-04 21:00:00,15.74895
2023-01-04 22:00:00,15.5521
2023-01-04 23:00:00,15.591000000000001
2023-01-05 00:00:00,15.649283333333333
2023-01-05 01:00:00,15.52435
2023-01-05 02:00:00,15.379150000000001
2023-01-05 03:00:00,15.374366666666667
2023-01-05 04:00:00,15.383083333333333
2023-01-05 05:00:00,15.4031
2023-01-05 06:00:00,15.281666666666666
2023-01-05 07:00:00,15.166666666666666
2023-01-05 08:00:00,16.683966666666667
2023-01-05 09:00:00,19.420016666666665
2023-01-05 10:00:00,22.6741
2023-01-05 11:00:00,23.616249999999997
2023-01-05 12:00:00,20.3331
2023-01-05 13:00:00,20.49425
2023-01-05 14:00:00,19.649533333333334
2023-01-05 15:00:00,17.997316666666666
2023-01-05 16:00:00,16.833616666666668
2023-01-05 17:00:00,16.1389
2023-01-05 18:00:00,15.3732
2023-01-05 19:00:00,15.250383333333334
2023-01-05 20:00:00,15.2469
2023-01-05 21:00:00,14.993833333333333
2023-01-05 22:00:00,15.268633333333334
2023-01-05 23:00:00,15.2193
2023-01-06 00:00:00,15.30455
2023-01-06 01:00:00,15.109
2023-01-06 02:00:00,15.131816666666667
2023-01-06 03:00:00,15.122483333333332
2023-01-06 04:00:00,15.17385
2023-01-06 05:00:00,15.581033333333332
2023-01-06 06:00:00,15.450966666666666
2023-01-06 07:00:00,15.813233333333333
2023-01-06 08:00:00,18.884333333333334
2023-01-06 09:00:00,21.039683333333336
2023-01-06 10:00:00,22.169233333333334
2023-01-06 11:00:00,23.19425
2023-01-06 12:00:00,23.691683333333334
2023-01-06 13:00:00,25.099833333333333
2023-01-06 14:00:00,25.727466666666665
2023-01-06 15:00:00,23.813
2023-01-06 16:00:00,21.19086666666667
2023-01-06 17:00:00,20.15288333333333
2023-01-06 18:00:00,18.976083333333335
2023-01-06 19:00:00,18.779033333333334
2023-01-06 20:00:00,18.1993
2023-01-06 21:00:00,17.820800000000002
2023-01-06 22:00:00,17.718416666666666
2023-01-06 23:00:00,17.344866666666668
2023-01-07 00:00:00,17.030133333333332
2023-01-07 01:00:00,17.013683333333333
2023-01-07 02:00:00,16.590166666666665
2023-01-07 03:00:00,16.435483333333334
2023-01-07 04:00:00,16.368850000000002
2023-01-07 05:00:00,16.253683333333335
2023-01-07 06:00:00,16.023683333333334
2023-01-07 07:00:00,15.788716666666666
2023-01-07 08:00:00,16.1843
2023-01-07 09:00:00,17.531716666666668
2023-01-07 10:00:00,21.19855
2023-01-07 11:00:00,23.29668333333333
2023-01-07 12:00:00,20.954150000000002
2023-01-07 13:00:00,18.960083333333333
2023-01-07 14:00:00,18.493566666666666
2023-01-07 15:00:00,18.202133333333332
2023-01-07 16:00:00,17.47235
2023-01-07 17:00:00,16.75685
2023-01-07 18:00:00,16.433716666666665
2023-01-07 19:00:00,16.64575
2023-01-07 20:00:00,16.701283333333333
2023-01-07 21:00:00,16.672833333333333
2023-01-07 22:00:00,16.674566666666667
2023-01-07 23:00:00,16.5162
2023-01-08 00:00:00,16.429533333333335
2023-01-08 01:00:00,16.44131666666667
2023-01-08 02:00:00,16.381083333333333
2023-01-08 03:00:00,16.367783333333332
2023-01-08 04:00:00,16.460766666666665
2023-01-08 05:00:00,16.474066666666666
2023-01-08 06:00:00,16.624166666666667
2023-01-08 07:00:00,16.946933333333334
2023-01-08 08:00:00,17.24481666666667
2023-01-08 09:00:00,17.991516666666666
2023-01-08 10:00:00,18.260783333333332
2023-01-08 11:00:00,17.432599999999997
2023-01-08 12:00:00,17.282716666666666
2023-01-08 13:00:00,17.805666666666664
2023-01-08 14:00:00,17.566566666666667
2023-01-08 15:00:00,17.203500000000002
2023-01-08 16:00:00,16.957083333333333
2023-01-08 17:00:00,16.659533333333332
2023-01-08 18:00:00,16.328316666666666
2023-01-08 19:00:00,15.106
2023-01-08 20:00:00,14.6815
2023-01-08 21:00:00,15.52845
2023-01-08 22:00:00,15.9348
2023-01-08 23:00:00,16.569783333333334
2023-01-09 00:00:00,16.78125
2023-01-09 01:00:00,17.0813
2023-01-09 02:00:00,17.34345
2023-01-09 03:00:00,16.6914
2023-01-09 04:00:00,16.338083333333334
2023-01-09 05:00:00,16.689566666666668
2023-01-09 06:00:00,16.946816666666667
2023-01-09 07:00:00,17.379833333333334
2023-01-09 08:00:00,17.920099999999998
2023-01-09 09:00:00,19.1423
2023-01-09 10:00:00,19.890449999999998
2023-01-09 11:00:00,19.8329
2023-01-09 12:00:00,21.633166666666668
2023-01-09 13:00:00,21.55388333333333
2023-01-09 14:00:00,20.298033333333333
2023-01-09 15:00:00,20.020633333333333
2023-01-09 16:00:00,19.970883333333333
2023-01-09 17:00:00,19.237883333333333
2023-01-09 18:00:00,18.087516666666666
2023-01-09 19:00:00,16.998616666666667
2023-01-09 20:00:00,16.8785
2023-01-09 21:00:00,17.024016666666668
2023-01-09 22:00:00,17.081083333333332
2023-01-09 23:00:00,16.746916666666667
2023-01-10 00:00:00,16.582833333333333
2023-01-10 01:00:00,16.470383333333334
2023-01-10 02:00:00,16.7255
2023-01-10 03:00:00,16.85461666666667
2023-01-10 04:00:00,16.90355
2023-01-10 05:00:00,16.886616666666665
2023-01-10 06:00:00,16.846316666666667
2023-01-10 07:00:00,16.5901
2023-01-10 08:00:00,16.6855
2023-01-10 09:00:00,17.084349999999997
2023-01-10 10:00:00,17.425166666666666
2023-01-10 11:00:00,17.262549999999997
2023-01-10 12:00:00,17.29573333333333
2023-01-10 13:00:00,17.360883333333334
2023-01-10 14:00:00,17.16466666666667
2023-01-10 15:00:00,16.692899999999998
2023-01-10 16:00:00,16.29051666666667
2023-01-10 17:00:00,16.141416666666668
2023-01-10 18:00:00,15.909899999999999
2023-01-10 19:00:00,15.888883333333332
2023-01-10 20:00:00,15.982383333333333
2023-01-10 21:00:00,16.02315
2023-01-10 22:00:00,16.13885
2023-01-10 23:00:00,16.218300000000003
2023-01-11 00:00:00,16.1843
2023-01-11 01:00:00,15.830383333333334
2023-01-11 02:00:00,15.787216666666666
2023-01-11 03:00:00,15.650483333333334
2023-01-11 04:00:00,15.65775
2023-01-11 05:00:00,15.561783333333333
2023-01-11 06:00:00,15.667233333333334
2023-01-11 07:00:00,15.909283333333333
2023-01-11 08:00:00,16.060066666666668
2023-01-11 09:00:00,16.12405
2023-01-11 10:00:00,15.97235
2023-01-11 11:00:00,16.211016666666666
2023-01-11 12:00:00,16.749583333333334
2023-01-11 13:00:00,17.239116666666668
2023-01-11 14:00:00,17.278383333333334
2023-01-11 15:00:00,17.061583333333335
2023-01-11 16:00:00,16.697783333333334
2023-01-11 17:00:00,16.41345
2023-01-11 18:00:00,16.6153
2023-01-11 19:00:00,16.464983333333333
2023-01-11 20:00:00,16.670616666666668
2023-01-11 21:00:00,16.932916666666667
2023-01-11 22:00:00,17.077816666666667
2023-01-11 23:00:00,16.627233333333333
2023-01-12 00:00:00,16.484166666666667
2023-01-12 01:00:00,16.284366666666667
2023-01-12 02:00:00,16.438933333333335
2023-01-12 03:00:00,16.284266666666667
2023-01-12 04:00:00,16.18091666666667
2023-01-12 05:00:00,16.14378333333333
2023-01-12 06:00:00,16.326466666666665
2023-01-12 07:00:00,16.420733333333335
2023-01-12 08:00:00,16.527066666666666
2023-01-12 09:00:00,16.593283333333332
2023-01-12 10:00:00,16.904916666666665
2023-01-12 11:00:00,17.02103333333333
2023-01-12 12:00:00,16.90315
2023-01-12 13:00:00,17.011883333333333
2023-01-12 14:00:00,16.828633333333332
2023-01-12 15:00:00,17.14398333333333
2023-01-12 16:00:00,17.394616666666664
2023-01-12 17:00:00,17.3053
2023-01-12 18:00:00,17.412733333333332
2023-01-12 19:00:00,17.7253
2023-01-12 20:00:00,17.798066666666667
2023-01-12 21:00:00,17.875633333333333
2023-01-12 22:00:00,17.65
2023-01-12 23:00:00,17.5346
2023-01-13 00:00:00,17.418783333333334
2023-01-13 01:00:00,17.526766666666667
2023-01-13 02:00:00,17.50358333333333
2023-01-13 03:00:00,17.654466666666668
2023-01-13 04:00:00,18.1067
2023-01-13 05:00:00,18.429816666666667
2023-01-13 06:00:00,18.467266666666667
2023-01-13 07:00:00,18.825133333333333
2023-01-13 08:00:00,19.1061
2023-01-13 09:00:00,19.401466666666668
2023-01-13 10:00:00,20.05325
2023-01-13 11:00:00,20.61006666666667
2023-01-13 12:00:00,20.466583333333332
2023-01-13 13:00:00,19.6664
2023-01-13 14:00:00,19.771400000000003
2023-01-13 15:00:00,19.961650000000002
2023-01-13 16:00:00,20.424733333333332
2023-01-13 17:00:00,20.8629
2023-01-13 18:00:00,21.073249999999998
2023-01-13 19:00:00,20.98548333333333
2023-01-13 20:00:00,20.998
2023-01-13 21:00:00,20.995083333333334
2023-01-13 22:00:00,21.05885
2023-01-13 23:00:00,21.040583333333334
2023-01-14 00:00:00,21.01745
2023-01-14 01:00:00,20.991783333333334
2023-01-14 02:00:00,20.816399999999998
2023-01-14 03:00:00,20.820966666666667
2023-01-14 04:00:00,20.91436666666667
2023-01-14 05:00:00,21.022566666666666
2023-01-14 06:00:00,21.076683333333335
2023-01-14 07:00:00,21.07453333333333
2023-01-14 08:00:00,21.563499999999998
2023-01-14 09:00:00,21.88495
2023-01-14 10:00:00,22.116233333333334
2023-01-14 11:00:00,22.845583333333334
2023-01-14 12:00:00,24.79821666666667
2023-01-14 13:00:00,25.595399999999998
2023-01-14 14:00:00,25.493133333333333
2023-01-14 15:00:00,25.049033333333334
2023-01-14 16:00:00,23.986183333333333
2023-01-14 17:00:00,23.314283333333332
2023-01-14 18:00:00,22.207266666666666
2023-01-14 19:00:00,21.724316666666667
2023-01-14 20:00:00,21.368883333333333
2023-01-14 21:00:00,21.183216666666667
2023-01-14 22:00:00,20.0134
2023-01-14 23:00:00,19.904316666666666
2023-01-15 00:00:00,19.444200000000002
2023-01-15 01:00:00,19.970000000000002
2023-01-15 02:00:00,19.9346
2023-01-15 03:00:00,19.628733333333333
2023-01-15 04:00:00,19.22055
2023-01-15 05:00:00,18.97225
2023-01-15 06:00:00,19.227483333333335
2023-01-15 07:00:00,18.773983333333334
2023-01-15 08:00:00,18.45723333333333
2023-01-15 09:00:00,19.009783333333335
2023-01-15 10:00:00,20.534783333333333
2023-01-15 11:00:00,22.21676666666667
2023-01-15 12:00:00,18.69425
2023-01-15 13:00:00,17.598566666666667
2023-01-15 14:00:00,16.813583333333334
2023-01-15 15:00:00,15.5092
2023-01-15 16:00:00,14.59855
2023-01-15 17:00:00,13.8304
2023-01-15 18:00:00,13.065216666666666
2023-01-15 19:00:00,12.481416666666666
2023-01-15 20:00:00,11.906983333333333
2023-01-15 21:00:00,11.48525
2023-01-15 22:00:00,11.0442
2023-01-15 23:00:00,10.686033333333334
2023-01-16 00:00:00,10.381566666666666
2023-01-16 01:00:00,10.217166666666666
2023-01-16 02:00:00,10.00191
2023-01-16 03:00:00,9.890636666666667
2023-01-16 04:00:00,9.659249999999998
2023-01-16 05:00:00,9.512528333333334
2023-01-16 06:00:00,9.373125
2023-01-16 07:00:00,9.033138333333333
2023-01-16 08:00:00,9.363245000000001
2023-01-16 09:00:00,9.323696666666667
2023-01-16 10:00:00,9.833946666666666
2023-01-16 11:00:00,10.950666666666667
2023-01-16 12:00:00,11.716516666666667
2023-01-16 13:00:00,12.465033333333334
2023-01-16 14:00:00,12.190949999999999
2023-01-16 15:00:00,11.860216666666666
2023-01-16 16:00:00,11.593033333333333
2023-01-16 17:00:00,11.099216666666667
2023-01-16 18:00:00,10.531550000000001
2023-01-16 19:00:00,10.322049999999999
2023-01-16 20:00:00,10.16405
2023-01-16 21:00:00,10.212633333333335
2023-01-16 22:00:00,10.328283333333333
2023-01-16 23:00:00,10.541316666666667
2023-01-17 00:00:00,10.384416666666668
2023-01-17 01:00:00,10.037666666666667
2023-01-17 02:00:00,9.731431666666667
2023-01-17 03:00:00,9.276658333333334
2023-01-17 04:00:00,9.018013333333332
2023-01-17 05:00:00,9.218635
2023-01-17 06:00:00,9.167485
2023-01-17 07:00:00,9.255011666666666
2023-01-17 08:00:00,10.306948333333333
2023-01-17 09:00:00,13.648666666666665
2023-01-17 10:00:00,17.80548333333333
2023-01-17 11:00:00,16.176516666666668
2023-01-17 12:00:00,15.205016666666667
2023-01-17 13:00:00,15.41805
2023-01-17 14:00:00,15.272783333333333
2023-01-17 15:00:00,14.647316666666667
2023-01-17 16:00:00,13.594933333333334
2023-01-17 17:00:00,13.104716666666667
2023-01-17 18:00:00,12.282466666666666
2023-01-17 19:00:00,11.945716666666666
2023-01-17 20:00:00,11.8579
2023-01-17 21:00:00,11.6926
2023-01-17 22:00:00,11.418416666666667
2023-01-17 23:00:00,11.350599999999998
2023-01-18 00:00:00,11.381133333333334
2023-01-18 01:00:00,11.36955
2023-01-18 02:00:00,11.302983333333334
2023-01-18 03:00:00,10.751483333333333
2023-01-18 04:00:00,10.194591666666668
2023-01-18 05:00:00,9.330026666666667
2023-01-18 06:00:00,9.015965
2023-01-18 07:00:00,9.378013333333334
2023-01-18 08:00:00,12.103416666666668
2023-01-18 09:00:00,13.255116666666668
2023-01-18 10:00:00,15.587133333333332
2023-01-18 11:00:00,18.510233333333336
2023-01-18 12:00:00,20.423566666666666
2023-01-18 13:00:00,21.5616
2023-01-18 14:00:00,21.227566666666668
2023-01-18 15:00:00,18.905316666666668
2023-01-18 16:00:00,14.6167
2023-01-18 17:00:00,14.109283333333334
2023-01-18 18:00:00,13.906466666666667
2023-01-18 19:00:00,13.73855
2023-01-18 20:00:00,13.008916666666666
2023-01-18 21:00:00,12.588383333333333
2023-01-18 22:00:00,12.411983333333332
2023-01-18 23:00:00,12.271683333333334
2023-01-19 00:00:00,12.209466666666666
2023-01-19 01:00:00,12.168650000000001
2023-01-19 02:00:00,12.095916666666666
2023-01-19 03:00:00,12.1754
2023-01-19 04:00:00,11.69385
2023-01-19 05:00:00,11.827966666666667
2023-01-19 06:00:00,11.7676
2023-01-19 07:00:00,12.09625
2023-01-19 08:00:00,15.772416666666667
2023-01-19 09:00:00,18.221349999999997
2023-01-19 10:00:00,20.791249999999998
2023-01-19 11:00:00,22.552500000000002
2023-01-19 12:00:00,19.880999999999997
2023-01-19 13:00:00,18.95545
2023-01-19 14:00:00,18.619433333333333
2023-01-19 15:00:00,17.784666666666666
2023-01-19 16:00:00,15.646999999999998
2023-01-19 17:00:00,15.579450000000001
2023-01-19 18:00:00,15.119933333333334
2023-01-19 19:00:00,14.935716666666668
2023-01-19 20:00:00,15.295766666666667
2023-01-19 21:00:00,15.48735
2023-01-19 22:00:00,15.647433333333334
2023-01-19 23:00:00,15.431216666666668
2023-01-20 00:00:00,15.583883333333334
2023-01-20 01:00:00,15.851016666666668
2023-01-20 02:00:00,15.735733333333334
2023-01-20 03:00:00,15.327233333333334
2023-01-20 04:00:00,14.893550000000001
2023-01-20 05:00:00,14.379066666666667
2023-01-20 06:00:00,13.84045
2023-01-20 07:00:00,13.701583333333334
2023-01-20 08:00:00,13.645866666666667
2023-01-20 09:00:00,14.283583333333333
2023-01-20 10:00:00,16.0074
2023-01-20 11:00:00,18.47435
2023-01-20 12:00:00,21.19783333333333
2023-01-20 13:00:00,23.397983333333332
2023-01-20 14:00:00,25.734033333333333
2023-01-20 15:00:00,23.682383333333334
2023-01-20 16:00:00,18.03555
2023-01-20 17:00:00,16.502783333333333
2023-01-20 18:00:00,16.22383333333333
2023-01-20 19:00:00,15.777733333333334
2023-01-20 20:00:00,15.507383333333333
2023-01-20 21:00:00,15.676866666666665
2023-01-20 22:00:00,15.6547
2023-01-20 23:00:00,15.531683333333332
2023-01-21 00:00:00,15.332283333333333
2023-01-21 01:00:00,15.191883333333333
2023-01-21 02:00:00,15.003933333333332
2023-01-21 03:00:00,14.86585
2023-01-21 04:00:00,14.707383333333333
2023-01-21 05:00:00,14.7041
2023-01-21 06:00:00,14.557283333333334
2023-01-21 07:00:00,14.45815
2023-01-21 08:00:00,14.326533333333334
2023-01-21 09:00:00,13.999416666666667
2023-01-21 10:00:00,14.622233333333334
2023-01-21 11:00:00,15.540183333333335
2023-01-21 12:00:00,16.275583333333334
2023-01-21 13:00:00,16.358349999999998
2023-01-21 14:00:00,15.896966666666666
2023-01-21 15:00:00,15.1695
2023-01-21 16:00:00,14.985766666666667
2023-01-21 17:00:00,14.709666666666667
2023-01-21 18:00:00,14.443883333333334
2023-01-21 19:00:00,14.533449999999998
2023-01-21 20:00:00,14.7556
2023-01-21 21:00:00,14.767983333333335
2023-01-21 22:00:00,15.015716666666666
2023-01-21 23:00:00,15.06395
2023-01-22 00:00:00,15.126033333333334
2023-01-22 01:00:00,15.211133333333333
2023-01-22 02:00:00,15.279349999999999
2023-01-22 03:00:00,15.354583333333332
2023-01-22 04:00:00,15.383483333333334
2023-01-22 05:00:00,15.24185
2023-01-22 06:00:00,15.323566666666666
2023-01-22 07:00:00,15.765649999999999
2023-01-22 08:00:00,16.426333333333336
2023-01-22 09:00:00,18.446250000000003
2023-01-22 10:00:00,20.713233333333335
2023-01-22 11:00:00,21.7269
2023-01-22 12:00:00,21.506866666666667
2023-01-22 13:00:00,20.845416666666665
2023-01-22 14:00:00,20.3582
2023-01-22 15:00:00,19.602633333333333
2023-01-22 16:00:00,18.168533333333336
2023-01-22 17:00:00,17.14626666666667
2023-01-22 18:00:00,16.80095
2023-01-22 19:00:00,17.166766666666668
2023-01-22 20:00:00,17.465300000000003
2023-01-22 21:00:00,16.980033333333335
2023-01-22 22:00:00,16.932233333333333
2023-01-22 23:00:00,16.678549999999998
2023-01-23 00:00:00,16.506733333333333
2023-01-23 01:00:00,16.5399
2023-01-23 02:00:00,16.813466666666667
2023-01-23 03:00:00,16.719583333333333
2023-01-23 04:00:00,16.57561666666667
2023-01-23 05:00:00,16.04845
2023-01-23 06:00:00,16.205383333333334
2023-01-23 07:00:00,17.720216666666666
2023-01-23 08:00:00,22.024
2023-01-23 09:00:00,21.7809
2023-01-23 10:00:00,21.8178
2023-01-23 11:00:00,20.611366666666665
2023-01-23 12:00:00,19.929066666666664
2023-01-23 13:00:00,18.0196
2023-01-23 14:00:00,17.610666666666667
2023-01-23 15:00:00,17.735366666666668
2023-01-23 16:00:00,17.544483333333336
2023-01-23 17:00:00,17.0193
2023-01-23 18:00:00,16.649683333333332
2023-01-23 19:00:00,16.650983333333333
2023-01-23 20:00:00,16.844583333333333
2023-01-23 21:00:00,16.787033333333333
2023-01-23 22:00:00,17.071383333333333
2023-01-23 23:00:00,16.99785
2023-01-24 00:00:00,17.025883333333333
2023-01-24 01:00:00,16.4329
2023-01-24 02:00:00,14.594916666666668
2023-01-24 03:00:00,13.193516666666666
2023-01-24 04:00:00,12.537016666666666
2023-01-24 05:00:00,12.168483333333334
2023-01-24 06:00:00,12.001333333333333
2023-01-24 07:00:00,11.793816666666666
2023-01-24 08:00:00,11.717033333333335
2023-01-24 09:00:00,11.9747
2023-01-24 10:00:00,13.717033333333335
2023-01-24 11:00:00,15.326866666666666
2023-01-24 12:00:00,16.32125
2023-01-24 13:00:00,17.031466666666667
2023-01-24 14:00:00,16.399350000000002
2023-01-24 15:00:00,15.626966666666666
2023-01-24 16:00:00,13.5342
2023-01-24 17:00:00,13.012466666666667
2023-01-24 18:00:00,12.2939
2023-01-24 19:00:00,11.912216666666666
2023-01-24 20:00:00,11.633816666666666
2023-01-24 21:00:00,11.112766666666666
2023-01-24 22:00:00,10.458516666666666
2023-01-24 23:00:00,10.106426666666666
2023-01-25 00:00:00,9.906703333333333
2023-01-25 01:00:00,9.487543333333333
2023-01-25 02:00:00,9.000300000000001
2023-01-25 03:00:00,8.715691666666666
2023-01-25 04:00:00,8.451256666666668
2023-01-25 05:00:00,8.310145
2023-01-25 06:00:00,8.132908333333333
2023-01-25 07:00:00,7.762311666666666
2023-01-25 08:00:00,8.690226666666666
2023-01-25 09:00:00,10.256606666666666
2023-01-25 10:00:00,12.250816666666667
2023-01-25 11:00:00,13.4257
2023-01-25 12:00:00,12.663033333333335
2023-01-25 13:00:00,12.026533333333333
2023-01-25 14:00:00,12.572383333333333
2023-01-25 15:00:00,12.453783333333332
2023-01-25 16:00:00,12.197216666666666
2023-01-25 17:00:00,11.079983333333333
2023-01-25 18:00:00,10.6068
2023-01-25 19:00:00,11.347383333333333
2023-01-25 20:00:00,11.707016666666668
2023-01-25 21:00:00,11.850200000000001
2023-01-25 22:00:00,11.864833333333333
2023-01-25 23:00:00,12.0793
2023-01-26 00:00:00,11.932416666666667
2023-01-26 01:00:00,11.730333333333334
2023-01-26 02:00:00,11.679483333333334
2023-01-26 03:00:00,11.446583333333333
2023-01-26 04:00:00,11.074716666666665
2023-01-26 05:00:00,10.854216666666668
2023-01-26 06:00:00,11.025566666666666
2023-01-26 07:00:00,11.465316666666666
2023-01-26 08:00:00,12.631166666666667
2023-01-26 09:00:00,13.626833333333334
2023-01-26 10:00:00,14.490616666666666
2023-01-26 11:00:00,15.138083333333332
2023-01-26 12:00:00,15.84705
2023-01-26 13:00:00,16.342566666666666
2023-01-26 14:00:00,16.674
2023-01-26 15:00:00,16.325166666666668
2023-01-26 16:00:00,15.466566666666667
2023-01-26 17:00:00,14.933383333333333
2023-01-26 18:00:00,14.575433333333333
2023-01-26 19:00:00,14.815966666666666
2023-01-26 20:00:00,15.1351
2023-01-26 21:00:00,15.210133333333333
2023-01-26 22:00:00,15.098833333333333
2023-01-26 23:00:00,15.174133333333334
2023-01-27 00:00:00,15.360516666666665
2023-01-27 01:00:00,15.566849999999999
2023-01-27 02:00:00,15.625933333333334
2023-01-27 03:00:00,15.533199999999999
2023-01-27 04:00:00,14.966483333333334
2023-01-27 05:00:00,14.02975
2023-01-27 06:00:00,13.467616666666666
2023-01-27 07:00:00,13.11365
2023-01-27 08:00:00,13.27245
2023-01-27 09:00:00,13.752416666666667
2023-01-27 10:00:00,13.991433333333333
2023-01-27 11:00:00,14.299000000000001
2023-01-27 12:00:00,14.579366666666667
2023-01-27 13:00:00,15.308633333333335
2023-01-27 14:00:00,16.96895
2023-01-27 15:00:00,16.564866666666667
2023-01-27 16:00:00,14.271733333333334
2023-01-27 17:00:00,13.219916666666668
2023-01-27 18:00:00,12.392166666666666
2023-01-27 19:00:00,11.5009
2023-01-27 20:00:00,10.743366666666667
2023-01-27 21:00:00,10.6024
2023-01-27 22:00:00,10.41905
2023-01-27 23:00:00,10.356333333333334
2023-01-28 00:00:00,10.397383333333332
2023-01-28 01:00:00,10.315766666666667
2023-01-28 02:00:00,10.183683333333333
2023-01-28 03:00:00,9.89753
2023-01-28 04:00:00,9.440316666666666
2023-01-28 05:00:00,8.960701666666667
2023-01-28 06:00:00,8.631581666666667
2023-01-28 07:00:00,8.727971666666667
2023-01-28 08:00:00,10.54602
2023-01-28 09:00:00,12.136483333333333
2023-01-28 10:00:00,13.207316666666665
2023-01-28 11:00:00,15.049633333333333
2023-01-28 12:00:00,17.395433333333337
2023-01-28 13:00:00,18.282733333333333
2023-01-28 14:00:00,18.611283333333333
2023-01-28 15:00:00,16.816366666666667
2023-01-28 16:00:00,13.373616666666667
2023-01-28 17:00:00,12.674616666666667
2023-01-28 18:00:00,12.009416666666668
2023-01-28 19:00:00,11.565916666666668
2023-01-28 20:00:00,11.188683333333334
2023-01-28 21:00:00,11.006116666666665
2023-01-28 22:00:00,10.807333333333334
2023-01-28 23:00:00,10.368549999999999
2023-01-29 00:00:00,9.87439
2023-01-29 01:00:00,9.250285
2023-01-29 02:00:00,8.924608333333333
2023-01-29 03:00:00,8.468258333333333
2023-01-29 04:00:00,8.119666666666667
2023-01-29 05:00:00,7.628981666666666
2023-01-29 06:00:00,7.268556666666667
2023-01-29 07:00:00,7.58604
2023-01-29 08:00:00,10.772295000000002
2023-01-29 09:00:00,13.362066666666667
2023-01-29 10:00:00,15.716433333333333
2023-01-29 11:00:00,18.341549999999998
2023-01-29 12:00:00,19.226683333333334
2023-01-29 13:00:00,18.014
2023-01-29 14:00:00,16.1966
2023-01-29 15:00:00,15.472516666666667
2023-01-29 16:00:00,13.186833333333334
2023-01-29 17:00:00,12.4774
2023-01-29 18:00:00,12.07555
2023-01-29 19:00:00,11.782350000000001
2023-01-29 20:00:00,11.538733333333333
2023-01-29 21:00:00,11.5251
2023-01-29 22:00:00,11.650866666666667
2023-01-29 23:00:00,11.824466666666666
2023-01-30 00:00:00,11.644316666666667
2023-01-30 01:00:00,11.364650000000001
2023-01-30 02:00:00,11.096333333333332
2023-01-30 03:00:00,10.887783333333335
2023-01-30 04:00:00,10.537058333333333
2023-01-30 05:00:00,10.192423333333332
2023-01-30 06:00:00,10.369533333333333
2023-01-30 07:00:00,11.446083333333332
2023-01-30 08:00:00,15.960366666666665
2023-01-30 09:00:00,19.774549999999998
2023-01-30 10:00:00,21.582783333333335
2023-01-30 11:00:00,19.267616666666665
2023-01-30 12:00:00,18.523866666666667
2023-01-30 13:00:00,17.906366666666667
2023-01-30 14:00:00,17.457150000000002
2023-01-30 15:00:00,16.805866666666667
2023-01-30 16:00:00,14.498683333333334
2023-01-30 17:00:00,13.694633333333334
2023-01-30 18:00:00,13.60865
2023-01-30 19:00:00,13.444316666666667
2023-01-30 20:00:00,13.687800000000001
2023-01-30 21:00:00,13.6703
2023-01-30 22:00:00,13.6257
2023-01-30 23:00:00,13.360516666666665
2023-01-31 00:00:00,13.2139
2023-01-31 01:00:00,12.811566666666666
2023-01-31 02:00:00,12.632816666666667
2023-01-31 03:00:00,12.179583333333333
2023-01-31 04:00:00,11.755216666666666
2023-01-31 05:00:00,11.647916666666667
2023-01-31 06:00:00,11.9555
2023-01-31 07:00:00,12.066066666666666
2023-01-31 08:00:00,15.140566666666667
2023-01-31 09:00:00,18.490850000000002
2023-01-31 10:00:00,19.75423333333333
2023-01-31 11:00:00,18.62095
2023-01-31 12:00:00,18.547183333333333
2023-01-31 13:00:00,18.661083333333334
2023-01-31 14:00:00,17.270416666666666
2023-01-31 15:00:00,16.217233333333333
2023-01-31 16:00:00,16.033216666666664
2023-01-31 17:00:00,16.162466666666667
2023-01-31 18:00:00,16.476183333333335
2023-01-31 19:00:00,16.564716666666666
2023-01-31 20:00:00,16.831383333333335
2023-01-31 21:00:00,16.902666666666665
2023-01-31 22:00:00,16.857766666666667
2023-01-31 23:00:00,16.79971666666667
2023-02-01 00:00:00,16.88195
2023-02-01 01:00:00,16.900666666666666
2023-02-01 02:00:00,17.0179
2023-02-01 03:00:00,17.176666666666666
2023-02-01 04:00:00,17.23006666666667
2023-02-01 05:00:00,17.383016666666666
2023-02-01 06:00:00,17.483633333333334
2023-02-01 07:00:00,17.664383333333333
2023-02-01 08:00:00,18.6955
2023-02-01 09:00:00,20.41753333333333
2023-02-01 10:00:00,20.588366666666666
2023-02-01 11:00:00,20.445183333333333
2023-02-01 12:00:00,22.5827
2023-02-01 13:00:00,23.076083333333333
2023-02-01 14:00:00,22.3626
2023-02-01 15:00:00,21.608666666666668
2023-02-01 16:00:00,19.385766666666665
2023-02-01 17:00:00,18.46623333333333
2023-02-01 18:00:00,18.100649999999998
2023-02-01 19:00:00,17.800166666666666
2023-02-01 20:00:00,17.56661666666667
2023-02-01 21:00:00,17.636633333333336
2023-02-01 22:00:00,17.9145
2023-02-01 23:00:00,18.087049999999998
2023-02-02 00:00:00,17.831633333333333
2023-02-02 01:00:00,17.883483333333334
2023-02-02 02:00:00,17.284083333333335
2023-02-02 03:00:00,17.235599999999998
2023-02-02 04:00:00,17.578416666666666
2023-02-02 05:00:00,17.79145
2023-02-02 06:00:00,17.65895
2023-02-02 07:00:00,18.749916666666664
2023-02-02 08:00:00,19.76631666666667
2023-02-02 09:00:00,18.972316666666664
2023-02-02 10:00:00,17.844116666666665
2023-02-02 11:00:00,17.666583333333335
2023-02-02 12:00:00,17.94775
2023-02-02 13:00:00,18.077383333333334
2023-02-02 14:00:00,18.84395
2023-02-02 15:00:00,19.546816666666665
2023-02-02 16:00:00,18.599233333333334
2023-02-02 17:00:00,17.479066666666665
2023-02-02 18:00:00,16.676866666666665
2023-02-02 19:00:00,16.695
2023-02-02 20:00:00,16.664716666666667
2023-02-02 21:00:00,16.472533333333335
2023-02-02 22:00:00,16.313216666666666
2023-02-02 23:00:00,16.13655
2023-02-03 00:00:00,15.9259
2023-02-03 01:00:00,15.490483333333334
2023-02-03 02:00:00,15.489566666666667
2023-02-03 03:00:00,15.188483333333332
2023-02-03 04:00:00,15.10345
2023-02-03 05:00:00,15.004916666666666
2023-02-03 06:00:00,14.967166666666666
2023-02-03 07:00:00,14.904233333333334
2023-02-03 08:00:00,15.21805
2023-02-03 09:00:00,15.948933333333335
2023-02-03 10:00:00,17.01115
2023-02-03 11:00:00,19.085816666666666
2023-02-03 12:00:00,18.217966666666666
2023-02-03 13:00:00,17.550549999999998
2023-02-03 14:00:00,17.35141666666667
2023-02-03 15:00:00,17.180400000000002
2023-02-03 16:00:00,17.271216666666664
2023-02-03 17:00:00,16.78955
2023-02-03 18:00:00,16.614833333333333
2023-02-03 19:00:00,16.35385
2023-02-03 20:00:00,16.432783333333333
2023-02-03 21:00:00,16.246016666666666
2023-02-03 22:00:00,16.348233333333333
2023-02-03 23:00:00,16.1691
2023-02-04 00:00:00,15.872066666666665
2023-02-04 01:00:00,15.712283333333334
2023-02-04 02:00:00,15.50665
2023-02-04 03:00:00,15.38855
2023-02-04 04:00:00,15.324333333333334
2023-02-04 05:00:00,15.366883333333334
2023-02-04 06:00:00,15.2402
2023-02-04 07:00:00,14.962366666666666
2023-02-04 08:00:00,14.878416666666668
2023-02-04 09:00:00,15.358466666666667
2023-02-04 10:00:00,15.514533333333333
2023-02-04 11:00:00,15.623833333333334
2023-02-04 12:00:00,15.503866666666665
2023-02-04 13:00:00,15.40355
2023-02-04 14:00:00,16.086966666666665
2023-02-04 15:00:00,16.8417
2023-02-04 16:00:00,16.087816666666665
2023-02-04 17:00:00,15.706150000000001
2023-02-04 18:00:00,15.364816666666666
2023-02-04 19:00:00,15.305516666666668
2023-02-04 20:00:00,15.712983333333334
2023-02-04 21:00:00,15.859633333333333
2023-02-04 22:00:00,15.797433333333334
2023-02-04 23:00:00,16.005
2023-02-05 00:00:00,15.764100000000001
2023-02-05 01:00:00,15.4495
2023-02-05 02:00:00,15.384816666666667
2023-02-05 03:00:00,15.21275
2023-02-05 04:00:00,14.970683333333334
2023-02-05 05:00:00,15.079383333333334
2023-02-05 06:00:00,14.987033333333333
2023-02-05 07:00:00,15.159249999999998
2023-02-05 08:00:00,15.28825
2023-02-05 09:00:00,15.548716666666667
2023-02-05 10:00:00,16.2161
2023-02-05 11:00:00,16.541616666666666
2023-02-05 12:00:00,16.5853
2023-02-05 13:00:00,16.62965
2023-02-05 14:00:00,17.17168333333333
2023-02-05 15:00:00,16.611116666666668
2023-02-05 16:00:00,17.366066666666665
2023-02-05 17:00:00,17.087699999999998
2023-02-05 18:00:00,15.8283
2023-02-05 19:00:00,15.90305
2023-02-05 20:00:00,16.30215
2023-02-05 21:00:00,16.399333333333335
2023-02-05 22:00:00,16.362166666666667
2023-02-05 23:00:00,16.5094
2023-02-06 00:00:00,16.395
2023-02-06 01:00:00,16.41955
2023-02-06 02:00:00,16.323433333333334
2023-02-06 03:00:00,16.464783333333333
2023-02-06 04:00:00,16.3979
2023-02-06 05:00:00,16.386066666666668
2023-02-06 06:00:00,16.51315
2023-02-06 07:00:00,16.646716666666666
2023-02-06 08:00:00,16.697983333333333
2023-02-06 09:00:00,16.8248
2023-02-06 10:00:00,17.388366666666666
2023-02-06 11:00:00,19.109016666666665
2023-02-06 12:00:00,19.26725
2023-02-06 13:00:00,18.364700000000003
2023-02-06 14:00:00,18.788283333333332
2023-02-06 15:00:00,18.74915
2023-02-06 16:00:00,18.396733333333334
2023-02-06 17:00:00,18.0229
2023-02-06 18:00:00,17.745683333333332
2023-02-06 19:00:00,17.694483333333334
2023-02-06 20:00:00,17.56755
2023-02-06 21:00:00,17.415683333333334
2023-02-06 22:00:00,17.15255
2023-02-06 23:00:00,17.034283333333335
2023-02-07 00:00:00,17.214766666666666
2023-02-07 01:00:00,17.39356666666667
2023-02-07 02:00:00,17.367633333333334
2023-02-07 03:00:00,17.423000000000002
2023-02-07 04:00:00,17.1606
2023-02-07 05:00:00,17.271733333333334
2023-02-07 06:00:00,17.453533333333333
2023-02-07 07:00:00,17.821683333333333
2023-02-07 08:00:00,18.61505
2023-02-07 09:00:00,19.2696
2023-02-07 10:00:00,20.985149999999997
2023-02-07 11:00:00,21.264783333333334
2023-02-07 12:00:00,22.654083333333332
2023-02-07 13:00:00,22.691950000000002
2023-02-07 14:00:00,22.462433333333333
2023-02-07 15:00:00,22.794916666666666
2023-02-07 16:00:00,20.921666666666667
2023-02-07 17:00:00,19.743016666666666
2023-02-07 18:00:00,18.959933333333332
2023-02-07 19:00:00,18.388316666666665
2023-02-07 20:00:00,18.7532
2023-02-07 21:00:00,18.66845
2023-02-07 22:00:00,18.5838
2023-02-07 23:00:00,17.953833333333332
2023-02-08 00:00:00,17.27605
2023-02-08 01:00:00,16.607166666666668
2023-02-08 02:00:00,16.1389
2023-02-08 03:00:00,15.825316666666668
2023-02-08 04:00:00,15.503133333333333
2023-02-08 05:00:00,15.4442
2023-02-08 06:00:00,15.402333333333333
2023-02-08 07:00:00,15.506116666666665
2023-02-08 08:00:00,15.9912
2023-02-08 09:00:00,16.308016666666667
2023-02-08 10:00:00,16.483733333333333
2023-02-08 11:00:00,16.8291
2023-02-08 12:00:00,17.067
2023-02-08 13:00:00,17.229283333333335
2023-02-08 14:00:00,17.430400000000002
2023-02-08 15:00:00,17.080516666666664
2023-02-08 16:00:00,17.029866666666667
2023-02-08 17:00:00,17.164550000000002
2023-02-08 18:00:00,16.940933333333334
2023-02-08 19:00:00,16.783
2023-02-08 20:00:00,16.663883333333334
2023-02-08 21:00:00,16.629083333333334
2023-02-08 22:00:00,16.113583333333334
2023-02-08 23:00:00,15.984016666666667
2023-02-09 00:00:00,15.975383333333333
2023-02-09 01:00:00,16.069200000000002
2023-02-09 02:00:00,15.888583333333333
2023-02-09 03:00:00,15.5393
2023-02-09 04:00:00,15.276
2023-02-09 05:00:00,15.282716666666666
2023-02-09 06:00:00,15.373766666666667
2023-02-09 07:00:00,15.448833333333335
2023-02-09 08:00:00,15.469416666666666
2023-02-09 09:00:00,15.656816666666666
2023-02-09 10:00:00,16.262566666666668
2023-02-09 11:00:00,16.872033333333334
2023-02-09 12:00:00,18.987383333333334
2023-02-09 13:00:00,19.9513
2023-02-09 14:00:00,20.489816666666666
2023-02-09 15:00:00,20.078466666666667
2023-02-09 16:00:00,19.767483333333335
2023-02-09 17:00:00,19.166833333333333
2023-02-09 18:00:00,19.037066666666664
2023-02-09 19:00:00,18.507383333333333
2023-02-09 20:00:00,18.2274
2023-02-09 21:00:00,18.509533333333334
2023-02-09 22:00:00,18.526016666666667
2023-02-09 23:00:00,18.6486
2023-02-10 00:00:00,18.4939
2023-02-10 01:00:00,18.602866666666667
2023-02-10 02:00:00,18.6602
2023-02-10 03:00:00,18.805666666666664
2023-02-10 04:00:00,18.786800000000003
2023-02-10 05:00:00,18.414066666666667
2023-02-10 06:00:00,17.900583333333334
2023-02-10 07:00:00,17.767100000000003
2023-02-10 08:00:00,18.503033333333335
2023-02-10 09:00:00,19.221133333333334
2023-02-10 10:00:00,19.790133333333333
2023-02-10 11:00:00,19.994799999999998
2023-02-10 12:00:00,21.176933333333334
2023-02-10 13:00:00,22.442766666666667
2023-02-10 14:00:00,22.196483333333333
2023-02-10 15:00:00,21.504983333333332
2023-02-10 16:00:00,20.5838
2023-02-10 17:00:00,19.948533333333334
2023-02-10 18:00:00,19.3106
2023-02-10 19:00:00,19.1742
2023-02-10 20:00:00,19.228683333333333
2023-02-10 21:00:00,19.506116666666667
2023-02-10 22:00:00,19.3304
2023-02-10 23:00:00,18.365616666666664
2023-02-11 00:00:00,17.764866666666666
2023-02-11 01:00:00,17.42255
2023-02-11 02:00:00,17.074566666666666
2023-02-11 03:00:00,16.527166666666666
2023-02-11 04:00:00,16.38328333333333
2023-02-11 05:00:00,16.407516666666666
2023-02-11 06:00:00,16.4986
2023-02-11 07:00:00,16.48265
2023-02-11 08:00:00,16.498583333333332
2023-02-11 09:00:00,16.686116666666667
2023-02-11 10:00:00,16.75215
2023-02-11 11:00:00,16.985083333333332
2023-02-11 12:00:00,17.088733333333334
2023-02-11 13:00:00,17.36863333333333
2023-02-11 14:00:00,17.403166666666667
2023-02-11 15:00:00,17.531916666666667
2023-02-11 16:00:00,17.4769
2023-02-11 17:00:00,17.433083333333332
2023-02-11 18:00:00,17.290683333333334
2023-02-11 19:00:00,17.352466666666665
2023-02-11 20:00:00,17.503300000000003
2023-02-11 21:00:00,17.549633333333336
2023-02-11 22:00:00,17.550166666666666
2023-02-11 23:00:00,17.411816666666667
2023-02-12 00:00:00,17.279283333333336
2023-02-12 01:00:00,17.318933333333334
2023-02-12 02:00:00,17.3986
2023-02-12 03:00:00,17.31885
2023-02-12 04:00:00,17.312716666666667
2023-02-12 05:00:00,17.406616666666665
2023-02-12 06:00:00,17.585333333333335
2023-02-12 07:00:00,17.803766666666665
2023-02-12 08:00:00,18.075783333333334
2023-02-12 09:00:00,18.10805
2023-02-12 10:00:00,18.18003333333333
2023-02-12 11:00:00,18.499616666666668
2023-02-12 12:00:00,18.82763333333333
2023-02-12 13:00:00,18.754250000000003
2023-02-12 14:00:00,18.778599999999997
2023-02-12 15:00:00,18.800549999999998
2023-02-12 16:00:00,18.583433333333335
2023-02-12 17:00:00,18.556066666666666
2023-02-12 18:00:00,18.6594
2023-02-12 19:00:00,18.4602
2023-02-12 20:00:00,18.98405
2023-02-12 21:00:00,19.163883333333334
2023-02-12 22:00:00,19.144000000000002
2023-02-12 23:00:00,19.217
2023-02-13 00:00:00,19.172816666666666
2023-02-13 01:00:00,19.121616666666668
2023-02-13 02:00:00,19.357950000000002
2023-02-13 03:00:00,19.374483333333334
2023-02-13 04:00:00,19.337783333333334
2023-02-13 05:00:00,19.136816666666668
2023-02-13 06:00:00,19.217816666666668
2023-02-13 07:00:00,19.4707
2023-02-13 08:00:00,19.809116666666668
2023-02-13 09:00:00,20.198533333333334
2023-02-13 10:00:00,20.7576
2023-02-13 11:00:00,21.200716666666665
2023-02-13 12:00:00,21.82446666666667
2023-02-13 13:00:00,23.590183333333336
2023-02-13 14:00:00,23.75945
2023-02-13 15:00:00,23.43563333333333
2023-02-13 16:00:00,22.4831
2023-02-13 17:00:00,22.060850000000002
2023-02-13 18:00:00,21.534066666666668
2023-02-13 19:00:00,20.88065
2023-02-13 20:00:00,21.148566666666667
2023-02-13 21:00:00,20.53098333333333
2023-02-13 22:00:00,20.61525
2023-02-13 23:00:00,21.215783333333334
2023-02-14 00:00:00,20.87845
2023-02-14 01:00:00,18.971116666666667
2023-02-14 02:00:00,16.90775
2023-02-14 03:00:00,16.145316666666666
2023-02-14 04:00:00,15.543933333333333
2023-02-14 05:00:00,15.296866666666666
2023-02-14 06:00:00,14.933033333333332
2023-02-14 07:00:00,14.418800000000001
2023-02-14 08:00:00,14.26275
2023-02-14 09:00:00,14.409116666666668
2023-02-14 10:00:00,14.896933333333333
2023-02-14 11:00:00,16.641916666666667
2023-02-14 12:00:00,18.98418333333333
2023-02-14 13:00:00,19.4592
2023-02-14 14:00:00,21.7826
2023-02-14 15:00:00,19.864633333333334
2023-02-14 16:00:00,18.173350000000003
2023-02-14 17:00:00,16.71806666666667
2023-02-14 18:00:00,16.203033333333334
2023-02-14 19:00:00,16.078216666666666
2023-02-14 20:00:00,15.667083333333332
2023-02-14 21:00:00,15.159383333333333
2023-02-14 22:00:00,14.799133333333334
2023-02-14 23:00:00,14.43435
2023-02-15 00:00:00,13.862033333333333
2023-02-15 01:00:00,13.413316666666667
2023-02-15 02:00:00,12.90865
2023-02-15 03:00:00,12.614166666666668
2023-02-15 04:00:00,12.20675
2023-02-15 05:00:00,11.306700000000001
2023-02-15 06:00:00,10.602783333333333
2023-02-15 07:00:00,10.60595
2023-02-15 08:00:00,12.137616666666666
2023-02-15 09:00:00,14.486483333333332
2023-02-15 10:00:00,16.58485
2023-02-15 11:00:00,19.120166666666666
2023-02-15 12:00:00,21.183366666666664
2023-02-15 13:00:00,21.4135
2023-02-15 14:00:00,19.875616666666666
2023-02-15 15:00:00,17.718816666666665
2023-02-15 16:00:00,15.750283333333332
2023-02-15 17:00:00,14.507900000000001
2023-02-15 18:00:00,14.040466666666667
2023-02-15 19:00:00,14.012266666666667
2023-02-15 20:00:00,13.855883333333333
2023-02-15 21:00:00,14.176916666666667
2023-02-15 22:00:00,14.438666666666668
2023-02-15 23:00:00,14.37705
2023-02-16 00:00:00,14.357883333333332
2023-02-16 01:00:00,14.261783333333334
2023-02-16 02:00:00,13.920150000000001
2023-02-16 03:00:00,13.228233333333332
2023-02-16 04:00:00,12.641633333333335
2023-02-16 05:00:00,12.403066666666666
2023-02-16 06:00:00,12.225050000000001
2023-02-16 07:00:00,12.177483333333333
2023-02-16 08:00:00,12.5621
2023-02-16 09:00:00,15.211766666666668
2023-02-16 10:00:00,18.909216666666666
2023-02-16 11:00:00,20.60125
2023-02-16 12:00:00,22.4717
2023-02-16 13:00:00,18.40005
2023-02-16 14:00:00,17.882133333333336
2023-02-16 15:00:00,17.098066666666668
2023-02-16 16:00:00,15.996316666666667
2023-02-16 17:00:00,15.3788
2023-02-16 18:00:00,15.0046
2023-02-16 19:00:00,15.2247
2023-02-16 20:00:00,15.702883333333334
2023-02-16 21:00:00,15.685933333333333
2023-02-16 22:00:00,15.620983333333333
2023-02-16 23:00:00,15.725666666666665
2023-02-17 00:00:00,15.557383333333332
2023-02-17 01:00:00,15.369066666666667
2023-02-17 02:00:00,15.058666666666666
2023-02-17 03:00:00,14.748333333333333
2023-02-17 04:00:00,14.282083333333333
2023-02-17 05:00:00,13.644316666666667
2023-02-17 06:00:00,13.275883333333333
2023-02-17 07:00:00,14.290266666666668
2023-02-17 08:00:00,17.962666666666667
2023-02-17 09:00:00,18.929433333333336
2023-02-17 10:00:00,19.002266666666667
2023-02-17 11:00:00,19.77625
2023-02-17 12:00:00,21.0821
2023-02-17 13:00:00,25.182650000000002
2023-02-17 14:00:00,20.75805
2023-02-17 15:00:00,20.003833333333333
2023-02-17 16:00:00,18.2712
2023-02-17 17:00:00,16.916616666666666
2023-02-17 18:00:00,16.712933333333332
2023-02-17 19:00:00,15.891866666666665
2023-02-17 20:00:00,15.754616666666667
2023-02-17 21:00:00,16.3358
2023-02-17 22:00:00,17.057383333333334
2023-02-17 23:00:00,16.963383333333333
2023-02-18 00:00:00,17.308316666666666
2023-02-18 01:00:00,17.48875
2023-02-18 02:00:00,16.6801
2023-02-18 03:00:00,16.653983333333333
2023-02-18 04:00:00,16.3793
2023-02-18 05:00:00,16.561183333333332
2023-02-18 06:00:00,16.652283333333333
2023-02-18 07:00:00,17.205916666666667
2023-02-18 08:00:00,18.841366666666666
2023-02-18 09:00:00,19.4101
2023-02-18 10:00:00,22.158399999999997
2023-02-18 11:00:00,22.8569
2023-02-18 12:00:00,28.2408
2023-02-18 13:00:00,24.64105
2023-02-18 14:00:00,23.614033333333335
2023-02-18 15:00:00,22.94865
2023-02-18 16:00:00,22.935183333333335
2023-02-18 17:00:00,21.410383333333336
2023-02-18 18:00:00,21.159383333333334
2023-02-18 19:00:00,20.93935
2023-02-18 20:00:00,20.466116666666668
2023-02-18 21:00:00,20.144916666666667
2023-02-18 22:00:00,19.628916666666665
2023-02-18 23:00:00,19.8321
2023-02-19 00:00:00,19.75818333333333
2023-02-19 01:00:00,19.866433333333337
2023-02-19 02:00:00,20.0936
2023-02-19 03:00:00,20.364183333333337
2023-02-19 04:00:00,20.669383333333332
2023-02-19 05:00:00,20.638416666666668
2023-02-19 06:00:00,20.538066666666666
2023-02-19 07:00:00,20.83485
2023-02-19 08:00:00,20.7908
2023-02-19 09:00:00,22.0901
2023-02-19 10:00:00,24.05548333333333
2023-02-19 11:00:00,28.634333333333334
2023-02-19 12:00:00,30.693649999999998
2023-02-19 13:00:00,31.98871666666667
2023-02-19 14:00:00,30.37976666666667
2023-02-19 15:00:00,27.409716666666668
2023-02-19 16:00:00,25.251116666666668
2023-02-19 17:00:00,24.7485
2023-02-19 18:00:00,23.929233333333332
2023-02-19 19:00:00,22.11841666666667
2023-02-19 20:00:00,19.955
2023-02-19 21:00:00,18.667849999999998
2023-02-19 22:00:00,18.206183333333335
2023-02-19 23:00:00,17.751966666666664
2023-02-20 00:00:00,17.557883333333333
2023-02-20 01:00:00,17.520666666666667
2023-02-20 02:00:00,17.2552
2023-02-20 03:00:00,17.125516666666666
2023-02-20 04:00:00,16.84091666666667
2023-02-20 05:00:00,16.41068333333333
2023-02-20 06:00:00,16.123749999999998
2023-02-20 07:00:00,16.2595
2023-02-20 08:00:00,16.784016666666666
2023-02-20 09:00:00,19.27488333333333
2023-02-20 10:00:00,20.726333333333333
2023-02-20 11:00:00,22.736266666666666
2023-02-20 12:00:00,25.021333333333335
2023-02-20 13:00:00,21.3069
2023-02-20 14:00:00,20.797700000000003
2023-02-20 15:00:00,20.28098333333333
2023-02-20 16:00:00,18.962333333333333
2023-02-20 17:00:00,17.961866666666666
2023-02-20 18:00:00,17.153233333333333
2023-02-20 19:00:00,16.84355
2023-02-20 20:00:00,17.116133333333334
2023-02-20 21:00:00,17.055666666666667
2023-02-20 22:00:00,16.7183
2023-02-20 23:00:00,16.267866666666666
2023-02-21 00:00:00,15.843483333333333
2023-02-21 01:00:00,15.565050000000001
2023-02-21 02:00:00,15.475366666666668
2023-02-21 03:00:00,15.214816666666668
2023-02-21 04:00:00,14.925433333333332
2023-02-21 05:00:00,15.223733333333334
2023-02-21 06:00:00,15.343866666666667
2023-02-21 07:00:00,15.083183333333332
2023-02-21 08:00:00,15.904983333333332
2023-02-21 09:00:00,17.05421666666667
2023-02-21 10:00:00,18.31265
2023-02-21 11:00:00,18.69561666666667
2023-02-21 12:00:00,18.7724
2023-02-21 13:00:00,18.2233
2023-02-21 14:00:00,17.59423333333333
2023-02-21 15:00:00,17.251416666666668
2023-02-21 16:00:00,16.0783
2023-02-21 17:00:00,15.575816666666666
2023-02-21 18:00:00,15.265166666666666
2023-02-21 19:00:00,15.142083333333334
2023-02-21 20:00:00,14.967083333333333
2023-02-21 21:00:00,14.816816666666666
2023-02-21 22:00:00,14.643133333333333
2023-02-21 23:00:00,14.377216666666667
2023-02-22 00:00:00,14.1427
2023-02-22 01:00:00,13.8034
2023-02-22 02:00:00,13.642266666666668
2023-02-22 03:00:00,13.34785
2023-02-22 04:00:00,13.042633333333333
2023-02-22 05:00:00,12.876966666666668
2023-02-22 06:00:00,12.634133333333333
2023-02-22 07:00:00,13.650916666666665
2023-02-22 08:00:00,16.0035
2023-02-22 09:00:00,16.812583333333333
2023-02-22 10:00:00,17.195366666666665
2023-02-22 11:00:00,18.02425
2023-02-22 12:00:00,18.448666666666668
2023-02-22 13:00:00,18.169249999999998
2023-02-22 14:00:00,18.377850000000002
2023-02-22 15:00:00,17.569716666666668
2023-02-22 16:00:00,16.006666666666668
2023-02-22 17:00:00,14.90825
2023-02-22 18:00:00,14.45325
2023-02-22 19:00:00,14.211016666666666
2023-02-22 20:00:00,14.244016666666665
2023-02-22 21:00:00,14.2295
2023-02-22 22:00:00,14.508849999999999
2023-02-22 23:00:00,14.579749999999999
2023-02-23 00:00:00,14.38205
2023-02-23 01:00:00,13.873516666666667
2023-02-23 02:00:00,13.923666666666666
2023-02-23 03:00:00,13.887483333333334
2023-02-23 04:00:00,13.7323
2023-02-23 05:00:00,13.562883333333334
2023-02-23 06:00:00,13.37785
2023-02-23 07:00:00,14.2729
2023-02-23 08:00:00,17.365516666666668
2023-02-23 09:00:00,18.678566666666665
2023-02-23 10:00:00,19.349966666666667
2023-02-23 11:00:00,20.38586666666667
2023-02-23 12:00:00,20.993966666666665
2023-02-23 13:00:00,20.330916666666667
2023-02-23 14:00:00,20.121516666666665
2023-02-23 15:00:00,19.572983333333333
2023-02-23 16:00:00,17.926016666666666
2023-02-23 17:00:00,16.398566666666667
2023-02-23 18:00:00,15.836416666666668
2023-02-23 19:00:00,15.284249999999998
2023-02-23 20:00:00,15.623050000000001
2023-02-23 21:00:00,15.543366666666666
2023-02-23 22:00:00,15.21255
2023-02-23 23:00:00,15.466066666666668
2023-02-24 00:00:00,15.832833333333333
2023-02-24 01:00:00,16.03558333333333
2023-02-24 02:00:00,15.780149999999999
2023-02-24 03:00:00,15.670250000000001
2023-02-24 04:00:00,15.2535
2023-02-24 05:00:00,14.810883333333333
2023-02-24 06:00:00,14.537566666666667
2023-02-24 07:00:00,15.8291
2023-02-24 08:00:00,19.752533333333336
2023-02-24 09:00:00,20.93985
2023-02-24 10:00:00,20.954166666666666
2023-02-24 11:00:00,21.170933333333334
2023-02-24 12:00:00,22.314149999999998
2023-02-24 13:00:00,23.162683333333334
2023-02-24 14:00:00,24.5989
2023-02-24 15:00:00,24.779633333333333
2023-02-24 16:00:00,21.852216666666667
2023-02-24 17:00:00,20.89511666666667
2023-02-24 18:00:00,20.496216666666665
2023-02-24 19:00:00,20.09135
2023-02-24 20:00:00,19.67778333333333
2023-02-24 21:00:00,19.125433333333334
2023-02-24 22:00:00,18.157783333333334
2023-02-24 23:00:00,17.125999999999998
2023-02-25 00:00:00,16.137333333333334
2023-02-25 01:00:00,15.296966666666666
2023-02-25 02:00:00,14.558783333333334
2023-02-25 03:00:00,13.84825
2023-02-25 04:00:00,13.314866666666667
2023-02-25 05:00:00,13.0377
2023-02-25 06:00:00,12.366833333333334
2023-02-25 07:00:00,12.552683333333333
2023-02-25 08:00:00,14.690683333333334
2023-02-25 09:00:00,16.3072
2023-02-25 10:00:00,17.756649999999997
2023-02-25 11:00:00,19.303683333333332
2023-02-25 12:00:00,20.940833333333334
2023-02-25 13:00:00,21.588383333333333
2023-02-25 14:00:00,21.470633333333335
2023-02-25 15:00:00,20.492516666666667
2023-02-25 16:00:00,18.075366666666664
2023-02-25 17:00:00,15.724783333333333
2023-02-25 18:00:00,14.49405
2023-02-25 19:00:00,13.775483333333334
2023-02-25 20:00:00,13.719683333333334
2023-02-25 21:00:00,13.6279
2023-02-25 22:00:00,13.302249999999999
2023-02-25 23:00:00,13.13035
2023-02-26 00:00:00,12.909433333333334
2023-02-26 01:00:00,12.712250000000001
2023-02-26 02:00:00,12.59775
2023-02-26 03:00:00,12.455366666666666
2023-02-26 04:00:00,12.413816666666666
2023-02-26 05:00:00,12.547683333333334
2023-02-26 06:00:00,12.586416666666668
2023-02-26 07:00:00,13.172583333333334
2023-02-26 08:00:00,15.224883333333334
2023-02-26 09:00:00,17.20338333333333
2023-02-26 10:00:00,19.536116666666665
2023-02-26 11:00:00,20.656816666666664
2023-02-26 12:00:00,22.106749999999998
2023-02-26 13:00:00,20.991899999999998
2023-02-26 14:00:00,18.632333333333335
2023-02-26 15:00:00,17.9721
2023-02-26 16:00:00,16.27595
2023-02-26 17:00:00,15.2451
2023-02-26 18:00:00,14.755666666666666
2023-02-26 19:00:00,14.513733333333333
2023-02-26 20:00:00,14.79895
2023-02-26 21:00:00,14.918733333333334
2023-02-26 22:00:00,14.541216666666665
2023-02-26 23:00:00,14.109933333333334
2023-02-27 00:00:00,13.715916666666667
2023-02-27 01:00:00,13.311366666666666
2023-02-27 02:00:00,12.923016666666665
2023-02-27 03:00:00,12.542116666666667
2023-02-27 04:00:00,12.3875
2023-02-27 05:00:00,12.240533333333333
2023-02-27 06:00:00,12.194099999999999
2023-02-27 07:00:00,12.826766666666666
2023-02-27 08:00:00,15.890216666666667
2023-02-27 09:00:00,16.226816666666668
2023-02-27 10:00:00,16.725166666666667
2023-02-27 11:00:00,16.918066666666668
2023-02-27 12:00:00,17.348383333333334
2023-02-27 13:00:00,17.743383333333334
2023-02-27 14:00:00,17.708633333333335
2023-02-27 15:00:00,17.108133333333335
2023-02-27 16:00:00,15.58705
2023-02-27 17:00:00,14.55375
2023-02-27 18:00:00,14.181966666666666
2023-02-27 19:00:00,14.00615
2023-02-27 20:00:00,14.028016666666668
2023-02-27 21:00:00,14.21805
2023-02-27 22:00:00,14.303916666666668
2023-02-27 23:00:00,14.10075
2023-02-28 00:00:00,13.840466666666666
2023-02-28 01:00:00,13.875066666666667
2023-02-28 02:00:00,13.632083333333332
2023-02-28 03:00:00,13.3799
2023-02-28 04:00:00,13.343833333333333
2023-02-28 05:00:00,13.320183333333334
2023-02-28 06:00:00,13.462016666666667
2023-02-28 07:00:00,13.679616666666668
2023-02-28 08:00:00,14.518816666666668
2023-02-28 09:00:00,18.103650000000002
2023-02-28 10:00:00,19.831416666666666
2023-02-28 11:00:00,20.720283333333334
2023-02-28 12:00:00,19.629166666666666
2023-02-28 13:00:00,19.8816
2023-02-28 14:00:00,19.44595
2023-02-28 15:00:00,18.802883333333334
2023-02-28 16:00:00,17.5908
2023-02-28 17:00:00,16.519983333333332
2023-02-28 18:00:00,16.07385
2023-02-28 19:00:00,15.937066666666668
2023-02-28 20:00:00,15.6973
2023-02-28 21:00:00,15.572183333333333
2023-02-28 22:00:00,15.412983333333333
2023-02-28 23:00:00,15.479783333333334
2023-03-01 00:00:00,15.43755
2023-03-01 01:00:00,14.979033333333332
2023-03-01 02:00:00,14.891316666666667
2023-03-01 03:00:00,14.662883333333333
2023-03-01 04:00:00,14.4622
2023-03-01 05:00:00,14.515083333333333
2023-03-01 06:00:00,14.344183333333332
2023-03-01 07:00:00,16.471633333333333
2023-03-01 08:00:00,20.81275
2023-03-01 09:00:00,20.841833333333334
2023-03-01 10:00:00,22.62315
2023-03-01 11:00:00,22.964949999999998
2023-03-01 12:00:00,22.40853333333333
2023-03-01 13:00:00,22.84146666666667
2023-03-01 14:00:00,22.2015
2023-03-01 15:00:00,22.809383333333336
2023-03-01 16:00:00,21.793866666666666
2023-03-01 17:00:00,20.896933333333333
2023-03-01 18:00:00,20.37965
2023-03-01 19:00:00,19.69265
2023-03-01 20:00:00,19.327233333333332
2023-03-01 21:00:00,18.827583333333333
2023-03-01 22:00:00,19.027933333333333
2023-03-01 23:00:00,18.374033333333333
2023-03-02 00:00:00,17.721400000000003
2023-03-02 01:00:00,18.1509
2023-03-02 02:00:00,18.382333333333335
2023-03-02 03:00:00,17.656799999999997
2023-03-02 04:00:00,17.287433333333336
2023-03-02 05:00:00,16.92995
2023-03-02 06:00:00,16.563933333333335
2023-03-02 07:00:00,16.479683333333334
2023-03-02 08:00:00,18.49215
2023-03-02 09:00:00,19.6381
2023-03-02 10:00:00,19.963
2023-03-02 11:00:00,20.300816666666666
2023-03-02 12:00:00,20.704066666666666
2023-03-02 13:00:00,21.417366666666666
2023-03-02 14:00:00,20.82015
2023-03-02 15:00:00,19.820216666666667
2023-03-02 16:00:00,18.701316666666667
2023-03-02 17:00:00,17.819650000000003
2023-03-02 18:00:00,17.2681
2023-03-02 19:00:00,17.010583333333333
2023-03-02 20:00:00,16.819216666666666
2023-03-02 21:00:00,16.5608
2023-03-02 22:00:00,16.364349999999998
2023-03-02 23:00:00,15.8143
2023-03-03 00:00:00,15.50615
2023-03-03 01:00:00,15.281833333333333
2023-03-03 02:00:00,14.96125
2023-03-03 03:00:00,14.6928
2023-03-03 04:00:00,14.7032
2023-03-03 05:00:00,14.421616666666667
2023-03-03 06:00:00,14.206383333333333
2023-03-03 07:00:00,15.090333333333332
2023-03-03 08:00:00,16.69625
2023-03-03 09:00:00,18.217483333333334
2023-03-03 10:00:00,19.009516666666666
2023-03-03 11:00:00,18.91646666666667
2023-03-03 12:00:00,19.73345
2023-03-03 13:00:00,20.245683333333332
2023-03-03 14:00:00,19.599766666666667
2023-03-03 15:00:00,19.1483
2023-03-03 16:00:00,18.275666666666666
2023-03-03 17:00:00,16.98463333333333
2023-03-03 18:00:00,16.328966666666666
2023-03-03 19:00:00,16.2773
2023-03-03 20:00:00,16.193083333333334
2023-03-03 21:00:00,16.009633333333333
2023-03-03 22:00:00,15.899483333333333
2023-03-03 23:00:00,15.982083333333332
2023-03-04 00:00:00,15.609283333333334
2023-03-04 01:00:00,15.668983333333333
2023-03-04 02:00:00,15.842483333333332
2023-03-04 03:00:00,15.87535
2023-03-04 04:00:00,15.724133333333333
2023-03-04 05:00:00,15.530583333333334
2023-03-04 06:00:00,15.304166666666667
2023-03-04 07:00:00,15.73145
2023-03-04 08:00:00,16.38955
2023-03-04 09:00:00,18.50456666666667
2023-03-04 10:00:00,21.010266666666666
2023-03-04 11:00:00,20.24931666666667
2023-03-04 12:00:00,20.609466666666666
2023-03-04 13:00:00,21.06866666666667
2023-03-04 14:00:00,20.941950000000002
2023-03-04 15:00:00,20.22301666666667
2023-03-04 16:00:00,19.179933333333334
2023-03-04 17:00:00,17.917816666666667
2023-03-04 18:00:00,16.82435
2023-03-04 19:00:00,16.434733333333334
2023-03-04 20:00:00,16.295816666666667
2023-03-04 21:00:00,16.59295
2023-03-04 22:00:00,16.617666666666665
2023-03-04 23:00:00,16.545933333333334
2023-03-05 00:00:00,15.8503
2023-03-05 01:00:00,15.4004
2023-03-05 02:00:00,15.208966666666667
2023-03-05 03:00:00,14.937066666666668
2023-03-05 04:00:00,14.83695
2023-03-05 05:00:00,14.854333333333333
2023-03-05 06:00:00,14.600833333333332
2023-03-05 07:00:00,16.095466666666667
2023-03-05 08:00:00,19.95266666666667
2023-03-05 09:00:00,20.92865
2023-03-05 10:00:00,21.203166666666668
2023-03-05 11:00:00,22.011633333333336
2023-03-05 12:00:00,22.123516666666667
2023-03-05 13:00:00,21.82828333333333
2023-03-05 14:00:00,21.211616666666664
2023-03-05 15:00:00,20.779016666666667
2023-03-05 16:00:00,19.5727
2023-03-05 17:00:00,18.3186
2023-03-05 18:00:00,17.812033333333332
2023-03-05 19:00:00,17.33856666666667
2023-03-05 20:00:00,17.147566666666666
2023-03-05 21:00:00,17.2057
2023-03-05 22:00:00,17.03705
2023-03-05 23:00:00,16.776283333333332
2023-03-06 00:00:00,16.131916666666665
2023-03-06 01:00:00,15.710716666666666
2023-03-06 02:00:00,15.518783333333333
2023-03-06 03:00:00,15.42695
2023-03-06 04:00:00,15.340883333333332
2023-03-06 05:00:00,15.101949999999999
2023-03-06 06:00:00,14.991566666666667
2023-03-06 07:00:00,16.807016666666666
2023-03-06 08:00:00,20.389149999999997
2023-03-06 09:00:00,21.564166666666665
2023-03-06 10:00:00,22.794183333333333
2023-03-06 11:00:00,22.1578
2023-03-06 12:00:00,22.476466666666667
2023-03-06 13:00:00,21.9436
2023-03-06 14:00:00,21.41828333333333
2023-03-06 15:00:00,20.793783333333334
2023-03-06 16:00:00,19.529333333333334
2023-03-06 17:00:00,18.775983333333333
2023-03-06 18:00:00,17.782249999999998
2023-03-06 19:00:00,17.584400000000002
2023-03-06 20:00:00,17.4909
2023-03-06 21:00:00,17.181983333333335
2023-03-06 22:00:00,16.795416666666668
2023-03-06 23:00:00,16.317433333333334
2023-03-07 00:00:00,16.3458
2023-03-07 01:00:00,16.296716666666665
2023-03-07 02:00:00,16.37035
2023-03-07 03:00:00,16.087583333333335
2023-03-07 04:00:00,16.0063
2023-03-07 05:00:00,15.902416666666666
2023-03-07 06:00:00,15.7442
2023-03-07 07:00:00,17.060133333333333
2023-03-07 08:00:00,20.038783333333335
2023-03-07 09:00:00,19.986566666666665
2023-03-07 10:00:00,20.7009
2023-03-07 11:00:00,21.994333333333334
2023-03-07 12:00:00,20.89715
2023-03-07 13:00:00,21.502583333333334
2023-03-07 14:00:00,21.0258
2023-03-07 15:00:00,20.573950000000004
2023-03-07 16:00:00,19.423333333333336
2023-03-07 17:00:00,18.15345
2023-03-07 18:00:00,17.366866666666667
2023-03-07 19:00:00,16.864983333333335
2023-03-07 20:00:00,16.88371666666667
2023-03-07 21:00:00,17.075133333333333
2023-03-07 22:00:00,17.165866666666666
2023-03-07 23:00:00,17.39176666666667
2023-03-08 00:00:00,17.548350000000003
2023-03-08 01:00:00,17.748866666666668
2023-03-08 02:00:00,17.746
2023-03-08 03:00:00,17.70995
2023-03-08 04:00:00,17.449766666666665
2023-03-08 05:00:00,17.41585
2023-03-08 06:00:00,17.32838333333333
2023-03-08 07:00:00,18.39085
2023-03-08 08:00:00,21.470966666666666
2023-03-08 09:00:00,23.039649999999998
2023-03-08 10:00:00,22.503233333333334
2023-03-08 11:00:00,22.707416666666667
2023-03-08 12:00:00,23.397433333333332
2023-03-08 13:00:00,22.129366666666666
2023-03-08 14:00:00,20.47605
2023-03-08 15:00:00,20.315566666666665
2023-03-08 16:00:00,21.093383333333335
2023-03-08 17:00:00,20.189916666666665
2023-03-08 18:00:00,19.945183333333333
2023-03-08 19:00:00,19.287316666666666
2023-03-08 20:00:00,18.87535
2023-03-08 21:00:00,18.760499999999997
2023-03-08 22:00:00,18.29238333333333
2023-03-08 23:00:00,18.323383333333332
2023-03-09 00:00:00,18.066033333333333
2023-03-09 01:00:00,17.947400000000002
2023-03-09 02:00:00,18.003300000000003
2023-03-09 03:00:00,18.207733333333334
2023-03-09 04:00:00,17.904666666666667
2023-03-09 05:00:00,18.026883333333334
2023-03-09 06:00:00,17.752766666666666
2023-03-09 07:00:00,19.125366666666665
2023-03-09 08:00:00,22.132483333333333
2023-03-09 09:00:00,22.991766666666667
2023-03-09 10:00:00,24.500866666666663
2023-03-09 11:00:00,24.923299999999998
2023-03-09 12:00:00,25.904983333333334
2023-03-09 13:00:00,25.9993
2023-03-09 14:00:00,25.5188
2023-03-09 15:00:00,24.93405
2023-03-09 16:00:00,24.187133333333335
2023-03-09 17:00:00,22.885683333333336
2023-03-09 18:00:00,22.039350000000002
2023-03-09 19:00:00,21.179516666666665
2023-03-09 20:00:00,20.3903
2023-03-09 21:00:00,19.927316666666666
2023-03-09 22:00:00,19.49435
2023-03-09 23:00:00,18.947799999999997
2023-03-10 00:00:00,19.013983333333332
2023-03-10 01:00:00,19.152983333333335
2023-03-10 02:00:00,19.151183333333332
2023-03-10 03:00:00,19.098333333333336
2023-03-10 04:00:00,19.060766666666666
2023-03-10 05:00:00,18.962633333333333
2023-03-10 06:00:00,18.323233333333334
2023-03-10 07:00:00,19.231116666666665
2023-03-10 08:00:00,23.0228
2023-03-10 09:00:00,23.33955
2023-03-10 10:00:00,23.92345
2023-03-10 11:00:00,26.092033333333333
2023-03-10 12:00:00,25.643916666666666
2023-03-10 13:00:00,25.52396666666667
2023-03-10 14:00:00,25.36915
2023-03-10 15:00:00,24.12183333333333
2023-03-10 16:00:00,22.5155
2023-03-10 17:00:00,21.197266666666668
2023-03-10 18:00:00,19.485850000000003
2023-03-10 19:00:00,19.13285
2023-03-10 20:00:00,19.007083333333334
2023-03-10 21:00:00,18.780649999999998
2023-03-10 22:00:00,18.620583333333332
2023-03-10 23:00:00,18.633783333333334
2023-03-11 00:00:00,18.933600000000002
2023-03-11 01:00:00,19.056966666666664
2023-03-11 02:00:00,18.619883333333334
2023-03-11 03:00:00,18.157233333333334
2023-03-11 04:00:00,17.9867
2023-03-11 05:00:00,17.9319
2023-03-11 06:00:00,17.97935
2023-03-11 07:00:00,18.498316666666664
2023-03-11 08:00:00,21.2732
2023-03-11 09:00:00,23.260066666666667
2023-03-11 10:00:00,21.712233333333334
2023-03-11 11:00:00,22.489816666666666
2023-03-11 12:00:00,23.19591666666667
2023-03-11 13:00:00,23.473650000000003
2023-03-11 14:00:00,22.89126666666667
2023-03-11 15:00:00,21.858816666666666
2023-03-11 16:00:00,21.088266666666666
2023-03-11 17:00:00,20.302733333333332
2023-03-11 18:00:00,19.362000000000002
2023-03-11 19:00:00,19.17515
2023-03-11 20:00:00,19.224566666666664
2023-03-11 21:00:00,19.18948333333333
2023-03-11 22:00:00,19.11025
2023-03-11 23:00:00,18.975616666666667
2023-03-12 00:00:00,18.775483333333334
2023-03-12 01:00:00,18.540016666666666
2023-03-12 02:00:00,18.38445
2023-03-12 03:00:00,18.521849999999997
2023-03-12 04:00:00,18.7641
2023-03-12 05:00:00,18.152316666666664
2023-03-12 06:00:00,18.1891
2023-03-12 07:00:00,19.0946
2023-03-12 08:00:00,21.60445
2023-03-12 09:00:00,22.680533333333337
2023-03-12 10:00:00,24.87728333333333
2023-03-12 11:00:00,24.98711666666667
2023-03-12 12:00:00,24.6222
2023-03-12 13:00:00,24.152716666666667
2023-03-12 14:00:00,26.214233333333333
2023-03-12 15:00:00,26.561916666666665
2023-03-12 16:00:00,25.066033333333333
2023-03-12 17:00:00,23.891000000000002
2023-03-12 18:00:00,22.592916666666667
2023-03-12 19:00:00,21.86116666666667
2023-03-12 20:00:00,21.507566666666666
2023-03-12 21:00:00,20.7974
2023-03-12 22:00:00,19.873283333333333
2023-03-12 23:00:00,19.621166666666667
2023-03-13 00:00:00,19.319116666666666
2023-03-13 01:00:00,18.901583333333335
2023-03-13 02:00:00,18.865766666666666
2023-03-13 03:00:00,18.666966666666667
2023-03-13 04:00:00,18.432000000000002
2023-03-13 05:00:00,18.304066666666664
2023-03-13 06:00:00,18.075666666666667
2023-03-13 07:00:00,18.016466666666666
2023-03-13 08:00:00,18.165583333333334
2023-03-13 09:00:00,17.755916666666668
2023-03-13 10:00:00,17.118433333333332
2023-03-13 11:00:00,16.46056666666667
2023-03-13 12:00:00,16.95425
2023-03-13 13:00:00,17.979699999999998
2023-03-13 14:00:00,19.659783333333333
2023-03-13 15:00:00,19.6136
2023-03-13 16:00:00,18.671433333333333
2023-03-13 17:00:00,18.06611666666667
2023-03-13 18:00:00,17.653266666666664
2023-03-13 19:00:00,17.391849999999998
2023-03-13 20:00:00,17.294533333333334
2023-03-13 21:00:00,17.047866666666668
2023-03-13 22:00:00,16.918316666666666
2023-03-13 23:00:00,16.522466666666666
2023-03-14 00:00:00,16.948633333333333
2023-03-14 01:00:00,17.2141
2023-03-14 02:00:00,17.197883333333333
2023-03-14 03:00:00,17.044183333333333
2023-03-14 04:00:00,16.9105
2023-03-14 05:00:00,16.813416666666665
2023-03-14 06:00:00,16.794416666666667
2023-03-14 07:00:00,16.77975
2023-03-14 08:00:00,16.913050000000002
2023-03-14 09:00:00,16.91595
2023-03-14 10:00:00,16.91668333333333
2023-03-14 11:00:00,17.379
2023-03-14 12:00:00,18.115650000000002
2023-03-14 13:00:00,19.3915
2023-03-14 14:00:00,20.35186666666667
2023-03-14 15:00:00,19.3043
2023-03-14 16:00:00,18.634149999999998
2023-03-14 17:00:00,17.92005
2023-03-14 18:00:00,17.063399999999998
2023-03-14 19:00:00,16.743683333333333
2023-03-14 20:00:00,16.876933333333334
2023-03-14 21:00:00,16.707516666666667
2023-03-14 22:00:00,16.82095
2023-03-14 23:00:00,17.145433333333337
2023-03-15 00:00:00,17.146633333333334
2023-03-15 01:00:00,17.156633333333332
2023-03-15 02:00:00,16.93725
2023-03-15 03:00:00,16.90025
2023-03-15 04:00:00,16.8
2023-03-15 05:00:00,16.877033333333333
2023-03-15 06:00:00,16.390716666666666
2023-03-15 07:00:00,17.506716666666666
2023-03-15 08:00:00,19.20338333333333
2023-03-15 09:00:00,19.942333333333334
2023-03-15 10:00:00,20.684833333333334
2023-03-15 11:00:00,20.799699999999998
2023-03-15 12:00:00,21.432516666666668
2023-03-15 13:00:00,22.02701666666667
2023-03-15 14:00:00,22.038933333333333
2023-03-15 15:00:00,21.519466666666666
2023-03-15 16:00:00,20.69865
2023-03-15 17:00:00,19.776416666666666
2023-03-15 18:00:00,18.773416666666666
2023-03-15 19:00:00,18.447133333333333
2023-03-15 20:00:00,18.248466666666666
2023-03-15 21:00:00,18.068966666666665
2023-03-15 22:00:00,18.190516666666667
2023-03-15 23:00:00,17.97735
2023-03-16 00:00:00,17.915416666666665
2023-03-16 01:00:00,17.98735
2023-03-16 02:00:00,18.054966666666665
2023-03-16 03:00:00,17.99725
2023-03-16 04:00:00,17.951649999999997
2023-03-16 05:00:00,17.930216666666663
2023-03-16 06:00:00,17.421783333333334
2023-03-16 07:00:00,18.674666666666667
2023-03-16 08:00:00,20.345683333333334
2023-03-16 09:00:00,22.9207
2023-03-16 10:00:00,23.289133333333332
2023-03-16 11:00:00,23.58625
2023-03-16 12:00:00,23.698266666666665
2023-03-16 13:00:00,23.3492
2023-03-16 14:00:00,22.888550000000002
2023-03-16 15:00:00,23.819833333333335
2023-03-16 16:00:00,22.183633333333333
2023-03-16 17:00:00,20.928783333333335
2023-03-16 18:00:00,19.80053333333333
2023-03-16 19:00:00,19.38041666666667
2023-03-16 20:00:00,19.182766666666666
2023-03-16 21:00:00,18.932133333333333
2023-03-16 22:00:00,19.02445
2023-03-16 23:00:00,19.563983333333333
2023-03-17 00:00:00,19.29623333333333
2023-03-17 01:00:00,18.9676
2023-03-17 02:00:00,18.647033333333333
2023-03-17 03:00:00,18.59465
2023-03-17 04:00:00,18.503416666666666
2023-03-17 05:00:00,18.391683333333333
2023-03-17 06:00:00,18.33395
2023-03-17 07:00:00,18.2411
2023-03-17 08:00:00,18.24425
2023-03-17 09:00:00,18.570833333333333
2023-03-17 10:00:00,19.06433333333333
2023-03-17 11:00:00,19.4849
2023-03-17 12:00:00,20.1555
2023-03-17 13:00:00,22.663999999999998
2023-03-17 14:00:00,22.7753
2023-03-17 15:00:00,21.747
2023-03-17 16:00:00,21.019299999999998
2023-03-17 17:00:00,20.294833333333333
2023-03-17 18:00:00,19.284066666666668
2023-03-17 19:00:00,18.791766666666668
2023-03-17 20:00:00,18.843316666666666
2023-03-17 21:00:00,18.97185
2023-03-17 22:00:00,19.190083333333334
2023-03-17 23:00:00,19.138033333333333
2023-03-18 00:00:00,19.20385
2023-03-18 01:00:00,19.2639
2023-03-18 02:00:00,19.28085
2023-03-18 03:00:00,19.381500000000003
2023-03-18 04:00:00,19.140449999999998
2023-03-18 05:00:00,18.583483333333334
2023-03-18 06:00:00,18.328683333333334
2023-03-18 07:00:00,19.351566666666667
2023-03-18 08:00:00,21.828183333333335
2023-03-18 09:00:00,23.794566666666665
2023-03-18 10:00:00,24.58225
2023-03-18 11:00:00,24.097233333333335
2023-03-18 12:00:00,23.997583333333335
2023-03-18 13:00:00,24.098883333333333
2023-03-18 14:00:00,23.873949999999997
2023-03-18 15:00:00,22.624399999999998
2023-03-18 16:00:00,21.721316666666667
2023-03-18 17:00:00,20.840766666666664
2023-03-18 18:00:00,20.220966666666666
2023-03-18 19:00:00,20.09625
2023-03-18 20:00:00,20.0952
2023-03-18 21:00:00,19.986733333333333
2023-03-18 22:00:00,19.92165
2023-03-18 23:00:00,19.83525
2023-03-19 00:00:00,19.251199999999997
2023-03-19 01:00:00,18.802916666666665
2023-03-19 02:00:00,18.57023333333333
2023-03-19 03:00:00,18.497166666666665
2023-03-19 04:00:00,18.511950000000002
2023-03-19 05:00:00,18.462933333333336
2023-03-19 06:00:00,18.40576666666667
2023-03-19 07:00:00,18.346566666666668
2023-03-19 08:00:00,18.42938333333333
2023-03-19 09:00:00,18.524416666666664
2023-03-19 10:00:00,18.793633333333332
2023-03-19 11:00:00,18.988400000000002
2023-03-19 12:00:00,18.900533333333332
2023-03-19 13:00:00,18.93385
2023-03-19 14:00:00,18.85435
2023-03-19 15:00:00,18.8117
2023-03-19 16:00:00,18.439799999999998
2023-03-19 17:00:00,18.331316666666666
2023-03-19 18:00:00,18.222766666666665
2023-03-19 19:00:00,18.46738333333333
2023-03-19 20:00:00,18.625366666666665
2023-03-19 21:00:00,18.816366666666667
2023-03-19 22:00:00,18.75355
2023-03-19 23:00:00,18.773866666666667
2023-03-20 00:00:00,18.852666666666668
2023-03-20 01:00:00,18.850866666666665
2023-03-20 02:00:00,18.810483333333334
2023-03-20 03:00:00,18.868133333333333
2023-03-20 04:00:00,18.811516666666666
2023-03-20 05:00:00,18.737266666666667
2023-03-20 06:00:00,18.853633333333335
2023-03-20 07:00:00,18.948216666666667
2023-03-20 08:00:00,18.844916666666666
2023-03-20 09:00:00,19.001733333333334
2023-03-20 10:00:00,19.213316666666667
2023-03-20 11:00:00,19.435316666666665
2023-03-20 12:00:00,19.920650000000002
2023-03-20 13:00:00,20.418799999999997
2023-03-20 14:00:00,20.550066666666666
2023-03-20 15:00:00,20.47843333333333
2023-03-20 16:00:00,20.335083333333333
2023-03-20 17:00:00,19.955016666666666
2023-03-20 18:00:00,19.75883333333333
2023-03-20 19:00:00,19.74341666666667
2023-03-20 20:00:00,19.78535
2023-03-20 21:00:00,19.842883333333337
2023-03-20 22:00:00,19.966333333333335
2023-03-20 23:00:00,20.087833333333332
2023-03-21 00:00:00,20.214616666666664
2023-03-21 01:00:00,20.384516666666666
2023-03-21 02:00:00,20.357766666666667
2023-03-21 03:00:00,20.3715
2023-03-21 04:00:00,20.45675
2023-03-21 05:00:00,20.34958333333333
2023-03-21 06:00:00,20.463250000000002
2023-03-21 07:00:00,20.85803333333333
2023-03-21 08:00:00,21.3827
2023-03-21 09:00:00,22.233133333333335
2023-03-21 10:00:00,22.213516666666667
2023-03-21 11:00:00,22.574316666666668
2023-03-21 12:00:00,23.1155
2023-03-21 13:00:00,23.733183333333333
2023-03-21 14:00:00,22.852666666666668
2023-03-21 15:00:00,22.73101666666667
2023-03-21 16:00:00,22.614866666666668
2023-03-21 17:00:00,22.449316666666668
2023-03-21 18:00:00,22.117416666666667
2023-03-21 19:00:00,21.80415
2023-03-21 20:00:00,21.798766666666666
2023-03-21 21:00:00,21.90961666666667
2023-03-21 22:00:00,21.972233333333335
2023-03-21 23:00:00,21.950816666666665
2023-03-22 00:00:00,22.030266666666666
2023-03-22 01:00:00,22.187133333333335
2023-03-22 02:00:00,22.244883333333334
2023-03-22 03:00:00,22.417333333333332
2023-03-22 04:00:00,22.326649999999997
2023-03-22 05:00:00,22.214433333333332
2023-03-22 06:00:00,22.325633333333332
2023-03-22 07:00:00,22.736033333333335
2023-03-22 08:00:00,23.337750000000003
2023-03-22 09:00:00,24.304816666666667
2023-03-22 10:00:00,24.296716666666665
2023-03-22 11:00:00,25.058133333333334
2023-03-22 12:00:00,25.014466666666667
2023-03-22 13:00:00,24.174566666666667
2023-03-22 14:00:00,23.74958333333333
2023-03-22 15:00:00,23.358866666666664
2023-03-22 16:00:00,23.2254
2023-03-22 17:00:00,22.947816666666665
2023-03-22 18:00:00,22.694866666666666
2023-03-22 19:00:00,22.74665
2023-03-22 20:00:00,22.711783333333337
2023-03-22 21:00:00,22.736916666666666
2023-03-22 22:00:00,22.860733333333332
2023-03-22 23:00:00,23.01135
2023-03-23 00:00:00,22.908833333333334
2023-03-23 01:00:00,22.803733333333334
2023-03-23 02:00:00,22.562183333333333
2023-03-23 03:00:00,22.649033333333332
2023-03-23 04:00:00,22.6187
2023-03-23 05:00:00,22.446633333333335
2023-03-23 06:00:00,22.418233333333333
2023-03-23 07:00:00,22.72665
2023-03-23 08:00:00,23.3649
2023-03-23 09:00:00,24.3705
2023-03-23 10:00:00,24.725883333333332
2023-03-23 11:00:00,25.0388
2023-03-23 12:00:00,25.498933333333333
2023-03-23 13:00:00,25.476616666666665
2023-03-23 14:00:00,25.930333333333333
2023-03-23 15:00:00,25.59893333333333
2023-03-23 16:00:00,25.123683333333336
2023-03-23 17:00:00,24.384116666666667
2023-03-23 18:00:00,23.437416666666664
2023-03-23 19:00:00,22.879166666666666
2023-03-23 20:00:00,22.459883333333334
2023-03-23 21:00:00,22.427933333333332
2023-03-23 22:00:00,22.306449999999998
2023-03-23 23:00:00,22.35135
2023-03-24 00:00:00,22.369116666666667
2023-03-24 01:00:00,22.3217
2023-03-24 02:00:00,22.040216666666666
2023-03-24 03:00:00,21.853133333333336
2023-03-24 04:00:00,21.63875
2023-03-24 05:00:00,21.817833333333333
2023-03-24 06:00:00,21.85395
2023-03-24 07:00:00,22.33955
2023-03-24 08:00:00,22.71195
2023-03-24 09:00:00,23.436116666666667
2023-03-24 10:00:00,24.871199999999998
2023-03-24 11:00:00,26.114016666666664
2023-03-24 12:00:00,25.6017
2023-03-24 13:00:00,25.09766666666667
2023-03-24 14:00:00,24.573233333333334
2023-03-24 15:00:00,24.510233333333336
2023-03-24 16:00:00,23.680349999999997
2023-03-24 17:00:00,23.3823
2023-03-24 18:00:00,23.05441666666667
2023-03-24 19:00:00,23.05365
2023-03-24 20:00:00,22.971516666666666
2023-03-24 21:00:00,22.98281666666667
2023-03-24 22:00:00,22.9817
2023-03-24 23:00:00,22.9558
2023-03-25 00:00:00,22.93865
2023-03-25 01:00:00,22.809666666666665
2023-03-25 02:00:00,22.60925
2023-03-25 03:00:00,22.01131666666667
2023-03-25 04:00:00,21.987816666666667
2023-03-25 05:00:00,22.0742
2023-03-25 06:00:00,22.206616666666665
2023-03-25 07:00:00,22.4042
2023-03-25 08:00:00,22.30585
2023-03-25 09:00:00,22.40983333333333
2023-03-25 10:00:00,21.314083333333333
2023-03-25 11:00:00,21.032983333333334
2023-03-25 12:00:00,21.029366666666665
2023-03-25 13:00:00,20.648216666666666
2023-03-25 14:00:00,20.436083333333332
2023-03-25 15:00:00,19.9234
2023-03-25 16:00:00,19.666816666666666
2023-03-25 17:00:00,19.738166666666665
2023-03-25 18:00:00,19.717699999999997
2023-03-25 19:00:00,19.667366666666666
2023-03-25 20:00:00,19.460733333333334
2023-03-25 21:00:00,19.457416666666667
2023-03-25 22:00:00,19.4987
2023-03-25 23:00:00,19.53323333333333
2023-03-26 00:00:00,19.678983333333335
2023-03-26 01:00:00,19.872216666666667
2023-03-26 02:00:00,19.921866666666666
2023-03-26 03:00:00,19.94505
2023-03-26 04:00:00,19.493533333333335
2023-03-26 05:00:00,19.262066666666666
2023-03-26 06:00:00,19.23753333333333
2023-03-26 07:00:00,18.094816666666667
2023-03-26 08:00:00,18.18091666666667
2023-03-26 09:00:00,18.79253333333333
2023-03-26 10:00:00,19.16255
2023-03-26 11:00:00,19.513066666666667
2023-03-26 12:00:00,19.8146
2023-03-26 13:00:00,19.291383333333332
2023-03-26 14:00:00,18.58308333333333
2023-03-26 15:00:00,18.9221
2023-03-26 16:00:00,19.211583333333333
2023-03-26 17:00:00,19.177416666666666
2023-03-26 18:00:00,19.16845
2023-03-26 19:00:00,18.932983333333333
2023-03-26 20:00:00,18.45853333333333
2023-03-26 21:00:00,18.092283333333334
2023-03-26 22:00:00,18.147499999999997
2023-03-26 23:00:00,18.076366666666665
2023-03-27 00:00:00,18.032983333333334
2023-03-27 01:00:00,17.858433333333334
2023-03-27 02:00:00,17.594216666666668
2023-03-27 03:00:00,17.294483333333336
2023-03-27 04:00:00,16.97825
2023-03-27 05:00:00,16.964383333333334
2023-03-27 06:00:00,17.039566666666666
2023-03-27 07:00:00,17.06195
2023-03-27 08:00:00,17.276816666666665
2023-03-27 09:00:00,17.2328
2023-03-27 10:00:00,17.06435
2023-03-27 11:00:00,17.181683333333336
2023-03-27 12:00:00,17.269150000000003
2023-03-27 13:00:00,17.181916666666666
2023-03-27 14:00:00,17.131733333333333
2023-03-27 15:00:00,16.7941
2023-03-27 16:00:00,16.4309
2023-03-27 17:00:00,16.035733333333333
2023-03-27 18:00:00,15.783466666666667
2023-03-27 19:00:00,15.5723
2023-03-27 20:00:00,15.640416666666665
2023-03-27 21:00:00,15.516233333333334
2023-03-27 22:00:00,15.4915
2023-03-27 23:00:00,15.624683333333333
2023-03-28 00:00:00,15.723833333333333
2023-03-28 01:00:00,15.753383333333334
2023-03-28 02:00:00,15.77525
2023-03-28 03:00:00,15.716933333333333
2023-03-28 04:00:00,15.4129
2023-03-28 05:00:00,15.306116666666666
2023-03-28 06:00:00,15.617600000000001
2023-03-28 07:00:00,15.900383333333334
2023-03-28 08:00:00,16.24083333333333
2023-03-28 09:00:00,16.492516666666667
2023-03-28 10:00:00,16.761383333333335
2023-03-28 11:00:00,16.9551
2023-03-28 12:00:00,17.44675
2023-03-28 13:00:00,17.627233333333333
2023-03-28 14:00:00,17.778783333333333
2023-03-28 15:00:00,17.532916666666665
2023-03-28 16:00:00,17.87325
2023-03-28 17:00:00,18.08805
2023-03-28 18:00:00,17.907500000000002
2023-03-28 19:00:00,17.73848333333333
2023-03-28 20:00:00,18.138316666666665
2023-03-28 21:00:00,18.269783333333333
2023-03-28 22:00:00,18.299416666666666
2023-03-28 23:00:00,18.27045
2023-03-29 00:00:00,18.046433333333333
2023-03-29 01:00:00,17.469316666666668
2023-03-29 02:00:00,17.404566666666664
2023-03-29 03:00:00,17.29736666666667
2023-03-29 04:00:00,17.277933333333333
2023-03-29 05:00:00,17.08285
2023-03-29 06:00:00,17.11916666666667
2023-03-29 07:00:00,17.118466666666666
2023-03-29 08:00:00,17.051716666666668
2023-03-29 09:00:00,16.960883333333335
2023-03-29 10:00:00,17.1056
2023-03-29 11:00:00,17.650683333333333
2023-03-29 12:00:00,18.07965
2023-03-29 13:00:00,18.619149999999998
2023-03-29 14:00:00,18.88948333333333
2023-03-29 15:00:00,19.0598
2023-03-29 16:00:00,19.30731666666667
2023-03-29 17:00:00,18.82135
2023-03-29 18:00:00,18.385466666666666
2023-03-29 19:00:00,18.45025
2023-03-29 20:00:00,18.584600000000002
2023-03-29 21:00:00,18.877
2023-03-29 22:00:00,19.128899999999998
2023-03-29 23:00:00,19.290166666666668
2023-03-30 00:00:00,19.3686
2023-03-30 01:00:00,19.0961
2023-03-30 02:00:00,18.999416666666665
2023-03-30 03:00:00,18.903983333333333
2023-03-30 04:00:00,18.625066666666665
2023-03-30 05:00:00,18.560783333333333
2023-03-30 06:00:00,18.5135
2023-03-30 07:00:00,18.5746
2023-03-30 08:00:00,18.636433333333333
2023-03-30 09:00:00,18.95085
2023-03-30 10:00:00,19.1017
2023-03-30 11:00:00,19.162566666666667
2023-03-30 12:00:00,19.216099999999997
2023-03-30 13:00:00,19.138466666666666
2023-03-30 14:00:00,19.139200000000002
2023-03-30 15:00:00,19.040783333333334
2023-03-30 16:00:00,18.989016666666664
2023-03-30 17:00:00,19.13175
2023-03-30 18:00:00,19.10186666666667
2023-03-30 19:00:00,19.17635
2023-03-30 20:00:00,19.37585
2023-03-30 21:00:00,19.428033333333335
2023-03-30 22:00:00,19.19325
2023-03-30 23:00:00,19.209083333333336
2023-03-31 00:00:00,19.22076666666667
2023-03-31 01:00:00,19.149216666666668
2023-03-31 02:00:00,19.07766666666667
2023-03-31 03:00:00,19.173283333333334
2023-03-31 04:00:00,19.12728333333333
2023-03-31 05:00:00,18.996783333333333
2023-03-31 06:00:00,18.862399999999997
2023-03-31 07:00:00,18.7913
2023-03-31 08:00:00,18.820983333333334
2023-03-31 09:00:00,18.831
2023-03-31 10:00:00,18.825683333333334
2023-03-31 11:00:00,18.755999999999997
2023-03-31 12:00:00,18.503633333333333
2023-03-31 13:00:00,18.41623333333333
2023-03-31 14:00:00,18.43358333333333
2023-03-31 15:00:00,18.3988
2023-03-31 16:00:00,18.153200000000002
2023-03-31 17:00:00,17.939033333333334
2023-03-31 18:00:00,18.19408333333333
2023-03-31 19:00:00,18.30955
2023-03-31 20:00:00,18.37858333333333
2023-03-31 21:00:00,18.3429
2023-03-31 22:00:00,18.030966666666664
2023-03-31 23:00:00,17.863533333333333
2023-04-01 00:00:00,18.14671666666667
2023-04-01 01:00:00,18.063733333333335
2023-04-01 02:00:00,18.232183333333335
2023-04-01 03:00:00,18.0949
2023-04-01 04:00:00,18.1513
2023-04-01 05:00:00,18.12035
2023-04-01 06:00:00,18.277350000000002
2023-04-01 07:00:00,18.210166666666666
2023-04-01 08:00:00,18.003
2023-04-01 09:00:00,17.76203333333333
2023-04-01 10:00:00,17.71355
2023-04-01 11:00:00,17.90898333333333
2023-04-01 12:00:00,18.477433333333334
2023-04-01 13:00:00,19.458566666666666
2023-04-01 14:00:00,19.63543333333333
2023-04-01 15:00:00,19.469683333333332
2023-04-01 16:00:00,19.28135
2023-04-01 17:00:00,19.076383333333336
2023-04-01 18:00:00,18.780016666666665
2023-04-01 19:00:00,18.927183333333335
2023-04-01 20:00:00,19.035566666666668
2023-04-01 21:00:00,19.11231666666667
2023-04-01 22:00:00,19.39405
2023-04-01 23:00:00,19.506866666666667
2023-04-02 00:00:00,19.478333333333335
2023-04-02 01:00:00,19.479100000000003
2023-04-02 02:00:00,19.53308333333333
2023-04-02 03:00:00,19.57685
2023-04-02 04:00:00,19.54348333333333
2023-04-02 05:00:00,19.41036666666667
2023-04-02 06:00:00,19.30095
2023-04-02 07:00:00,19.25026666666667
2023-04-02 08:00:00,19.172816666666666
2023-04-02 09:00:00,19.233900000000002
2023-04-02 10:00:00,19.302533333333333
2023-04-02 11:00:00,19.29348333333333
2023-04-02 12:00:00,19.158833333333334
2023-04-02 13:00:00,18.88811666666667
2023-04-02 14:00:00,18.742016666666665
2023-04-02 15:00:00,18.9153
2023-04-02 16:00:00,18.78536666666667
2023-04-02 17:00:00,19.1758
2023-04-02 18:00:00,19.28578333333333
2023-04-02 19:00:00,19.265483333333336
2023-04-02 20:00:00,19.47736666666667
2023-04-02 21:00:00,19.690749999999998
2023-04-02 22:00:00,19.77005
2023-04-02 23:00:00,19.481833333333334
2023-04-03 00:00:00,19.514833333333335
2023-04-03 01:00:00,19.623299999999997
2023-04-03 02:00:00,19.65308333333333
2023-04-03 03:00:00,19.657683333333335
2023-04-03 04:00:00,19.55483333333333
2023-04-03 05:00:00,19.1619
2023-04-03 06:00:00,18.991766666666667
2023-04-03 07:00:00,19.0681
2023-04-03 08:00:00,18.935383333333334
2023-04-03 09:00:00,18.871316666666665
2023-04-03 10:00:00,19.102383333333332
2023-04-03 11:00:00,19.313433333333332
2023-04-03 12:00:00,19.430583333333335
2023-04-03 13:00:00,18.97443333333333
2023-04-03 14:00:00,18.870600000000003
2023-04-03 15:00:00,18.799216666666666
2023-04-03 16:00:00,18.65811666666667
2023-04-03 17:00:00,18.694383333333334
2023-04-03 18:00:00,18.987266666666667
2023-04-03 19:00:00,19.092466666666667
2023-04-03 20:00:00,19.122133333333334
2023-04-03 21:00:00,19.3386
2023-04-03 22:00:00,19.498466666666666
2023-04-03 23:00:00,19.420633333333335
2023-04-04 00:00:00,19.325366666666664
2023-04-04 01:00:00,19.400733333333335
2023-04-04 02:00:00,19.457283333333333
2023-04-04 03:00:00,19.813766666666666
2023-04-04 04:00:00,20.20606666666667
2023-04-04 05:00:00,20.622583333333335
2023-04-04 06:00:00,21.229699999999998
2023-04-04 07:00:00,21.585383333333333
2023-04-04 08:00:00,21.842499999999998
2023-04-04 09:00:00,22.385483333333333
2023-04-04 10:00:00,23.216833333333334
2023-04-04 11:00:00,24.56585
2023-04-04 12:00:00,24.078216666666666
2023-04-04 13:00:00,23.4186
2023-04-04 14:00:00,22.904533333333333
2023-04-04 15:00:00,22.721366666666665
2023-04-04 16:00:00,22.854366666666667
2023-04-04 17:00:00,22.89428333333333
2023-04-04 18:00:00,23.008916666666668
2023-04-04 19:00:00,22.780199999999997
2023-04-04 20:00:00,22.91531666666667
2023-04-04 21:00:00,22.942366666666665
2023-04-04 22:00:00,22.86371666666667
2023-04-04 23:00:00,23.0005
2023-04-05 00:00:00,22.899583333333332
2023-04-05 01:00:00,22.94318333333333
2023-04-05 02:00:00,22.848133333333333
2023-04-05 03:00:00,22.697566666666667
2023-04-05 04:00:00,22.444816666666668
2023-04-05 05:00:00,22.43681666666667
2023-04-05 06:00:00,22.385933333333334
2023-04-05 07:00:00,22.554250000000003
2023-04-05 08:00:00,22.627366666666667
2023-04-05 09:00:00,22.762983333333334
2023-04-05 10:00:00,22.931583333333332
2023-04-05 11:00:00,23.013183333333334
2023-04-05 12:00:00,23.19783333333333
2023-04-05 13:00:00,23.563166666666667
2023-04-05 14:00:00,23.710083333333333
2023-04-05 15:00:00,23.80445
2023-04-05 16:00:00,23.82316666666667
2023-04-05 17:00:00,23.913566666666668
2023-04-05 18:00:00,23.986683333333335
2023-04-05 19:00:00,23.774116666666668
2023-04-05 20:00:00,24.052883333333334
2023-04-05 21:00:00,24.06645
2023-04-05 22:00:00,23.892083333333336
2023-04-05 23:00:00,23.873616666666667
2023-04-06 00:00:00,23.7931
2023-04-06 01:00:00,23.508666666666667
2023-04-06 02:00:00,23.324833333333334
2023-04-06 03:00:00,23.258583333333334
2023-04-06 04:00:00,23.297216666666667
2023-04-06 05:00:00,23.201716666666666
2023-04-06 06:00:00,23.1456
2023-04-06 07:00:00,23.33525
2023-04-06 08:00:00,23.915833333333335
2023-04-06 09:00:00,24.48258333333333
2023-04-06 10:00:00,24.78806666666667
2023-04-06 11:00:00,25.491316666666666
2023-04-06 12:00:00,26.672050000000002
2023-04-06 13:00:00,26.1158
2023-04-06 14:00:00,26.267333333333333
2023-04-06 15:00:00,25.815966666666668
2023-04-06 16:00:00,25.26125
2023-04-06 17:00:00,24.95106666666667
2023-04-06 18:00:00,24.463383333333336
2023-04-06 19:00:00,24.371616666666668
2023-04-06 20:00:00,24.529983333333334
2023-04-06 21:00:00,24.20296666666667
2023-04-06 22:00:00,22.592283333333334
2023-04-06 23:00:00,21.877416666666665
2023-04-07 00:00:00,20.029999999999998
2023-04-07 01:00:00,19.02988333333333
2023-04-07 02:00:00,18.2975
2023-04-07 03:00:00,18.001066666666667
2023-04-07 04:00:00,17.929016666666666
2023-04-07 05:00:00,18.123516666666667
2023-04-07 06:00:00,17.84283333333333
2023-04-07 07:00:00,17.9603
2023-04-07 08:00:00,18.50091666666667
2023-04-07 09:00:00,20.6229
2023-04-07 10:00:00,21.888583333333333
2023-04-07 11:00:00,24.547666666666665
2023-04-07 12:00:00,25.755616666666665
2023-04-07 13:00:00,26.77345
2023-04-07 14:00:00,25.8594
2023-04-07 15:00:00,25.604983333333333
2023-04-07 16:00:00,23.765666666666668
2023-04-07 17:00:00,20.8292
2023-04-07 18:00:00,20.0331
2023-04-07 19:00:00,20.068233333333335
2023-04-07 20:00:00,20.035649999999997
2023-04-07 21:00:00,19.986266666666666
2023-04-07 22:00:00,19.829349999999998
2023-04-07 23:00:00,19.7221
2023-04-08 00:00:00,19.632383333333333
2023-04-08 01:00:00,19.499000000000002
2023-04-08 02:00:00,19.0549
2023-04-08 03:00:00,18.62366666666667
2023-04-08 04:00:00,18.55956666666667
2023-04-08 05:00:00,18.509766666666668
2023-04-08 06:00:00,18.545383333333334
2023-04-08 07:00:00,18.781183333333335
2023-04-08 08:00:00,19.1054
2023-04-08 09:00:00,19.08403333333333
2023-04-08 10:00:00,18.82786666666667
2023-04-08 11:00:00,19.045233333333332
2023-04-08 12:00:00,18.879366666666666
2023-04-08 13:00:00,19.27695
2023-04-08 14:00:00,18.466966666666668
2023-04-08 15:00:00,18.955516666666664
2023-04-08 16:00:00,19.030966666666664
2023-04-08 17:00:00,18.93935
2023-04-08 18:00:00,18.451116666666667
2023-04-08 19:00:00,18.4651
2023-04-08 20:00:00,18.46015
2023-04-08 21:00:00,18.563383333333334
2023-04-08 22:00:00,18.634149999999998
2023-04-08 23:00:00,18.67268333333333
2023-04-09 00:00:00,18.43245
2023-04-09 01:00:00,18.3836
2023-04-09 02:00:00,18.143483333333332
2023-04-09 03:00:00,18.048083333333334
2023-04-09 04:00:00,17.88856666666667
2023-04-09 05:00:00,17.661833333333334
2023-04-09 06:00:00,17.526783333333334
2023-04-09 07:00:00,17.412166666666668
2023-04-09 08:00:00,17.859333333333332
2023-04-09 09:00:00,17.956466666666664
2023-04-09 10:00:00,17.808699999999998
2023-04-09 11:00:00,18.12845
2023-04-09 12:00:00,21.643866666666668
2023-04-09 13:00:00,20.861716666666666
2023-04-09 14:00:00,19.97595
2023-04-09 15:00:00,19.925216666666664
2023-04-09 16:00:00,19.162966666666666
2023-04-09 17:00:00,18.707616666666663
2023-04-09 18:00:00,17.853833333333334
2023-04-09 19:00:00,17.692583333333335
2023-04-09 20:00:00,17.91825
2023-04-09 21:00:00,18.337699999999998
2023-04-09 22:00:00,18.387116666666667
2023-04-09 23:00:00,18.696466666666666
2023-04-10 00:00:00,18.90485
2023-04-10 01:00:00,19.049249999999997
2023-04-10 02:00:00,18.79505
2023-04-10 03:00:00,18.54146666666667
2023-04-10 04:00:00,18.348200000000002
2023-04-10 05:00:00,18.350233333333332
2023-04-10 06:00:00,18.23015
2023-04-10 07:00:00,18.595450000000003
2023-04-10 08:00:00,19.2862
2023-04-10 09:00:00,20.281883333333333
2023-04-10 10:00:00,20.75183333333333
2023-04-10 11:00:00,21.49543333333333
2023-04-10 12:00:00,22.19066666666667
2023-04-10 13:00:00,21.355533333333334
2023-04-10 14:00:00,20.9695
2023-04-10 15:00:00,20.80431666666667
2023-04-10 16:00:00,20.07831666666667
2023-04-10 17:00:00,19.7113
2023-04-10 18:00:00,19.619916666666665
2023-04-10 19:00:00,19.82905
2023-04-10 20:00:00,20.032766666666664
2023-04-10 21:00:00,20.088583333333336
2023-04-10 22:00:00,20.20038333333333
2023-04-10 23:00:00,20.406716666666668
2023-04-11 00:00:00,20.317983333333334
2023-04-11 01:00:00,20.3246
2023-04-11 02:00:00,20.529566666666668
2023-04-11 03:00:00,20.40755
2023-04-11 04:00:00,20.53033333333333
2023-04-11 05:00:00,20.420516666666668
2023-04-11 06:00:00,20.37956666666667
2023-04-11 07:00:00,20.372866666666667
2023-04-11 08:00:00,20.64745
2023-04-11 09:00:00,21.72165
2023-04-11 10:00:00,22.3397
2023-04-11 11:00:00,24.054583333333333
2023-04-11 12:00:00,24.82401666666667
2023-04-11 13:00:00,25.330266666666667
2023-04-11 14:00:00,24.788883333333334
2023-04-11 15:00:00,24.0533
2023-04-11 16:00:00,23.24925
2023-04-11 17:00:00,22.535
2023-04-11 18:00:00,21.601066666666668
2023-04-11 19:00:00,21.418583333333334
2023-04-11 20:00:00,21.293066666666668
2023-04-11 21:00:00,21.18773333333333
2023-04-11 22:00:00,21.536266666666666
2023-04-11 23:00:00,21.415200000000002
2023-04-12 00:00:00,21.05251666666667
2023-04-12 01:00:00,20.579150000000002
2023-04-12 02:00:00,20.525483333333334
2023-04-12 03:00:00,20.524966666666668
2023-04-12 04:00:00,20.514599999999998
2023-04-12 05:00:00,20.556916666666666
2023-04-12 06:00:00,20.690516666666667
2023-04-12 07:00:00,22.711683333333333
2023-04-12 08:00:00,25.321483333333333
2023-04-12 09:00:00,26.254166666666666
2023-04-12 10:00:00,26.7476
2023-04-12 11:00:00,25.9361
2023-04-12 12:00:00,26.046400000000002
2023-04-12 13:00:00,26.04315
2023-04-12 14:00:00,26.220166666666668
2023-04-12 15:00:00,25.85236666666667
2023-04-12 16:00:00,24.93501666666667
2023-04-12 17:00:00,23.951616666666666
2023-04-12 18:00:00,23.137999999999998
2023-04-12 19:00:00,22.507816666666667
2023-04-12 20:00:00,22.107033333333334
2023-04-12 21:00:00,22.1085
2023-04-12 22:00:00,22.231650000000002
2023-04-12 23:00:00,21.600733333333334
2023-04-13 00:00:00,21.212716666666665
2023-04-13 01:00:00,20.9361
2023-04-13 02:00:00,20.475983333333332
2023-04-13 03:00:00,20.235149999999997
2023-04-13 04:00:00,20.093533333333333
2023-04-13 05:00:00,19.8689
2023-04-13 06:00:00,19.808816666666665
2023-04-13 07:00:00,20.012733333333333
2023-04-13 08:00:00,20.482166666666668
2023-04-13 09:00:00,20.745166666666666
2023-04-13 10:00:00,21.4026
2023-04-13 11:00:00,22.415166666666668
2023-04-13 12:00:00,23.983116666666668
2023-04-13 13:00:00,23.65375
2023-04-13 14:00:00,23.6841
2023-04-13 15:00:00,23.796133333333334
2023-04-13 16:00:00,22.66425
2023-04-13 17:00:00,22.621
2023-04-13 18:00:00,22.0476
2023-04-13 19:00:00,21.139116666666666
2023-04-13 20:00:00,21.281816666666664
2023-04-13 21:00:00,21.481833333333334
2023-04-13 22:00:00,21.544916666666666
2023-04-13 23:00:00,21.585516666666667
2023-04-14 00:00:00,21.521083333333333
2023-04-14 01:00:00,21.43635
2023-04-14 02:00:00,21.4058
2023-04-14 03:00:00,21.308600000000002
2023-04-14 04:00:00,21.233516666666667
2023-04-14 05:00:00,21.239283333333333
2023-04-14 06:00:00,21.160416666666666
2023-04-14 07:00:00,21.410766666666667
2023-04-14 08:00:00,21.78803333333333
2023-04-14 09:00:00,22.395983333333334
2023-04-14 10:00:00,23.88875
2023-04-14 11:00:00,25.537266666666667
2023-04-14 12:00:00,25.207733333333334
2023-04-14 13:00:00,24.794083333333333
2023-04-14 14:00:00,24.51895
2023-04-14 15:00:00,24.768883333333335
2023-04-14 16:00:00,24.1829
2023-04-14 17:00:00,23.2102
2023-04-14 18:00:00,22.621366666666667
2023-04-14 19:00:00,22.378633333333333
2023-04-14 20:00:00,22.553933333333337
2023-04-14 21:00:00,22.482983333333333
2023-04-14 22:00:00,22.654733333333336
2023-04-14 23:00:00,22.623116666666665
2023-04-15 00:00:00,23.05366666666667
2023-04-15 01:00:00,22.7907
2023-04-15 02:00:00,22.67515
2023-04-15 03:00:00,22.894433333333332
2023-04-15 04:00:00,22.89428333333333
2023-04-15 05:00:00,22.839033333333337
2023-04-15 06:00:00,22.811933333333336
2023-04-15 07:00:00,24.36705
2023-04-15 08:00:00,27.1365
2023-04-15 09:00:00,29.528416666666665
2023-04-15 10:00:00,30.326466666666665
2023-04-15 11:00:00,31.968916666666665
2023-04-15 12:00:00,32.64383333333333
2023-04-15 13:00:00,32.8239
2023-04-15 14:00:00,30.587766666666667
2023-04-15 15:00:00,31.39538333333333
2023-04-15 16:00:00,30.533466666666666
2023-04-15 17:00:00,29.321849999999998
2023-04-15 18:00:00,27.854466666666667
2023-04-15 19:00:00,27.26155
2023-04-15 20:00:00,26.641583333333333
2023-04-15 21:00:00,26.051966666666665
2023-04-15 22:00:00,25.835866666666668
2023-04-15 23:00:00,25.601516666666665
2023-04-16 00:00:00,25.160033333333335
2023-04-16 01:00:00,24.743583333333333
2023-04-16 02:00:00,24.598883333333333
2023-04-16 03:00:00,24.005583333333334
2023-04-16 04:00:00,23.65585
2023-04-16 05:00:00,23.703433333333333
2023-04-16 06:00:00,23.567866666666664
2023-04-16 07:00:00,27.6264
2023-04-16 08:00:00,31.295466666666666
2023-04-16 09:00:00,32.1045
2023-04-16 10:00:00,29.597666666666665
2023-04-16 11:00:00,28.997466666666664
2023-04-16 12:00:00,28.690966666666668
2023-04-16 13:00:00,27.950566666666667
2023-04-16 14:00:00,26.9932
2023-04-16 15:00:00,26.596349999999997
2023-04-16 16:00:00,25.834383333333335
2023-04-16 17:00:00,24.71036666666667
2023-04-16 18:00:00,24.002116666666666
2023-04-16 19:00:00,23.31185
2023-04-16 20:00:00,23.12933333333333
2023-04-16 21:00:00,22.659916666666668
2023-04-16 22:00:00,22.575666666666667
2023-04-16 23:00:00,22.85235
2023-04-17 00:00:00,22.6307
2023-04-17 01:00:00,22.561483333333335
2023-04-17 02:00:00,22.343766666666667
2023-04-17 03:00:00,22.30255
2023-04-17 04:00:00,22.662816666666668
2023-04-17 05:00:00,22.490333333333336
2023-04-17 06:00:00,22.762516666666667
2023-04-17 07:00:00,23.541366666666665
2023-04-17 08:00:00,24.559933333333333
2023-04-17 09:00:00,26.876683333333332
2023-04-17 10:00:00,25.924633333333336
2023-04-17 11:00:00,25.950249999999997
2023-04-17 12:00:00,26.37046666666667
2023-04-17 13:00:00,26.902033333333335
2023-04-17 14:00:00,25.865416666666665
2023-04-17 15:00:00,25.029966666666667
2023-04-17 16:00:00,24.50636666666667
2023-04-17 17:00:00,24.059316666666668
2023-04-17 18:00:00,23.8072
2023-04-17 19:00:00,23.73098333333333
2023-04-17 20:00:00,23.9116
2023-04-17 21:00:00,23.93615
2023-04-17 22:00:00,23.839983333333333
2023-04-17 23:00:00,23.603666666666665
2023-04-18 00:00:00,23.411783333333336
2023-04-18 01:00:00,23.37118333333333
2023-04-18 02:00:00,23.456966666666666
2023-04-18 03:00:00,23.501883333333335
2023-04-18 04:00:00,23.182666666666666
2023-04-18 05:00:00,23.1354
2023-04-18 06:00:00,23.126433333333335
2023-04-18 07:00:00,23.485200000000003
2023-04-18 08:00:00,24.4009
2023-04-18 09:00:00,25.598783333333333
2023-04-18 10:00:00,27.477233333333334
2023-04-18 11:00:00,28.30435
2023-04-18 12:00:00,28.204983333333335
2023-04-18 13:00:00,26.8979
2023-04-18 14:00:00,26.245266666666666
2023-04-18 15:00:00,25.731299999999997
2023-04-18 16:00:00,25.30388333333333
2023-04-18 17:00:00,24.919033333333335
2023-04-18 18:00:00,24.857333333333333
2023-04-18 19:00:00,24.722483333333333
2023-04-18 20:00:00,24.78441666666667
2023-04-18 21:00:00,24.732216666666666
2023-04-18 22:00:00,24.58341666666667
2023-04-18 23:00:00,24.722933333333334
2023-04-19 00:00:00,24.78335
2023-04-19 01:00:00,24.900016666666666
2023-04-19 02:00:00,25.0031
2023-04-19 03:00:00,25.15225
2023-04-19 04:00:00,25.191166666666668
2023-04-19 05:00:00,25.0167
2023-04-19 06:00:00,25.023616666666666
2023-04-19 07:00:00,25.42983333333333
2023-04-19 08:00:00,25.996533333333332
2023-04-19 09:00:00,26.24363333333333
2023-04-19 10:00:00,25.785233333333334
2023-04-19 11:00:00,22.39665
2023-04-19 12:00:00,21.547183333333333
2023-04-19 13:00:00,22.647366666666667
2023-04-19 14:00:00,25.643966666666664
2023-04-19 15:00:00,26.44908333333333
2023-04-19 16:00:00,25.609233333333336
2023-04-19 17:00:00,23.632816666666667
2023-04-19 18:00:00,23.0168
2023-04-19 19:00:00,22.4806
2023-04-19 20:00:00,22.53311666666667
2023-04-19 21:00:00,22.484133333333332
2023-04-19 22:00:00,22.742733333333334
2023-04-19 23:00:00,22.6495
2023-04-20 00:00:00,22.34786666666667
2023-04-20 01:00:00,22.46196666666667
2023-04-20 02:00:00,22.488366666666664
2023-04-20 03:00:00,22.405466666666666
2023-04-20 04:00:00,22.44271666666667
2023-04-20 05:00:00,22.303816666666666
2023-04-20 06:00:00,22.280816666666666
2023-04-20 07:00:00,22.482916666666664
2023-04-20 08:00:00,22.9783
2023-04-20 09:00:00,22.915066666666668
2023-04-20 10:00:00,23.082733333333334
2023-04-20 11:00:00,23.017166666666665
2023-04-20 12:00:00,23.054633333333335
2023-04-20 13:00:00,23.06505
2023-04-20 14:00:00,23.4646
2023-04-20 15:00:00,23.644299999999998
2023-04-20 16:00:00,23.227449999999997
2023-04-20 17:00:00,22.9787
2023-04-20 18:00:00,22.837600000000002
2023-04-20 19:00:00,22.651566666666668
2023-04-20 20:00:00,22.80785
2023-04-20 21:00:00,22.631983333333334
2023-04-20 22:00:00,22.62305
2023-04-20 23:00:00,22.643483333333332
2023-04-21 00:00:00,22.552533333333333
2023-04-21 01:00:00,22.516033333333333
2023-04-21 02:00:00,22.527949999999997
2023-04-21 03:00:00,22.574133333333332
2023-04-21 04:00:00,22.58993333333333
2023-04-21 05:00:00,22.276516666666666
2023-04-21 06:00:00,21.928366666666665
2023-04-21 07:00:00,21.994533333333333
2023-04-21 08:00:00,22.305866666666667
2023-04-21 09:00:00,22.316266666666664
2023-04-21 10:00:00,22.4563
2023-04-21 11:00:00,23.3836
2023-04-21 12:00:00,23.36386666666667
2023-04-21 13:00:00,23.377200000000002
2023-04-21 14:00:00,23.725933333333334
2023-04-21 15:00:00,23.07968333333333
2023-04-21 16:00:00,22.495833333333334
2023-04-21 17:00:00,22.39333333333333
2023-04-21 18:00:00,22.386633333333336
2023-04-21 19:00:00,22.345950000000002
2023-04-21 20:00:00,22.019266666666667
2023-04-21 21:00:00,21.781166666666664
2023-04-21 22:00:00,21.867816666666666
2023-04-21 23:00:00,21.88
2023-04-22 00:00:00,21.938966666666666
2023-04-22 01:00:00,21.695800000000002
2023-04-22 02:00:00,21.266816666666667
2023-04-22 03:00:00,21.10845
2023-04-22 04:00:00,20.893633333333334
2023-04-22 05:00:00,21.088266666666666
2023-04-22 06:00:00,20.981416666666668
2023-04-22 07:00:00,21.146633333333334
2023-04-22 08:00:00,21.141666666666666
2023-04-22 09:00:00,21.32701666666667
2023-04-22 10:00:00,21.455016666666666
2023-04-22 11:00:00,21.545466666666666
2023-04-22 12:00:00,21.581583333333334
2023-04-22 13:00:00,21.576083333333333
2023-04-22 14:00:00,21.46676666666667
2023-04-22 15:00:00,21.4367
2023-04-22 16:00:00,21.174866666666667
2023-04-22 17:00:00,20.877599999999997
2023-04-22 18:00:00,20.76305
2023-04-22 19:00:00,20.728266666666666
2023-04-22 20:00:00,20.70743333333333
2023-04-22 21:00:00,20.768683333333335
2023-04-22 22:00:00,20.79475
2023-04-22 23:00:00,20.827116666666665
2023-04-23 00:00:00,20.944066666666668
2023-04-23 01:00:00,21.109166666666667
2023-04-23 02:00:00,21.1454
2023-04-23 03:00:00,21.290866666666666
2023-04-23 04:00:00,21.299466666666667
2023-04-23 05:00:00,21.110266666666668
2023-04-23 06:00:00,20.893666666666665
2023-04-23 07:00:00,20.686016666666667
2023-04-23 08:00:00,20.74975
2023-04-23 09:00:00,20.916116666666667
2023-04-23 10:00:00,20.976533333333336
2023-04-23 11:00:00,21.109066666666667
2023-04-23 12:00:00,21.379166666666666
2023-04-23 13:00:00,21.490783333333336
2023-04-23 14:00:00,21.481749999999998
2023-04-23 15:00:00,21.192416666666666
2023-04-23 16:00:00,21.15038333333333
2023-04-23 17:00:00,21.041666666666668
2023-04-23 18:00:00,21.0611
2023-04-23 19:00:00,21.023183333333336
2023-04-23 20:00:00,21.102066666666666
2023-04-23 21:00:00,21.161566666666666
2023-04-23 22:00:00,21.130116666666666
2023-04-23 23:00:00,21.231083333333334
2023-04-24 00:00:00,21.262866666666664
2023-04-24 01:00:00,21.25068333333333
2023-04-24 02:00:00,21.234683333333333
2023-04-24 03:00:00,21.223683333333334
2023-04-24 04:00:00,21.043233333333333
2023-04-24 05:00:00,21.0216
2023-04-24 06:00:00,21.152533333333334
2023-04-24 07:00:00,21.480933333333333
2023-04-24 08:00:00,21.66915
2023-04-24 09:00:00,21.6947
2023-04-24 10:00:00,22.108016666666668
2023-04-24 11:00:00,22.032216666666667
2023-04-24 12:00:00,22.149733333333334
2023-04-24 13:00:00,21.738733333333336
2023-04-24 14:00:00,21.964266666666667
2023-04-24 15:00:00,21.980733333333333
2023-04-24 16:00:00,22.281533333333336
2023-04-24 17:00:00,22.1902
2023-04-24 18:00:00,21.668133333333333
2023-04-24 19:00:00,21.4361
2023-04-24 20:00:00,21.587600000000002
2023-04-24 21:00:00,21.735966666666666
2023-04-24 22:00:00,21.779999999999998
2023-04-24 23:00:00,21.795933333333334
2023-04-25 00:00:00,21.630266666666667
2023-04-25 01:00:00,21.7131
2023-04-25 02:00:00,21.68675
2023-04-25 03:00:00,21.67285
2023-04-25 04:00:00,21.70125
2023-04-25 05:00:00,21.7726
2023-04-25 06:00:00,21.751316666666664
2023-04-25 07:00:00,21.830583333333333
2023-04-25 08:00:00,21.829250000000002
2023-04-25 09:00:00,21.8287
2023-04-25 10:00:00,21.7956
2023-04-25 11:00:00,21.958516666666664
2023-04-25 12:00:00,21.666666666666668
2023-04-25 13:00:00,21.48445
2023-04-25 14:00:00,21.472733333333334
2023-04-25 15:00:00,21.5276
2023-04-25 16:00:00,21.24576666666667
2023-04-25 17:00:00,20.701700000000002
2023-04-25 18:00:00,20.042633333333335
2023-04-25 19:00:00,19.625933333333332
2023-04-25 20:00:00,19.218616666666666
2023-04-25 21:00:00,18.91045
2023-04-25 22:00:00,18.766183333333334
2023-04-25 23:00:00,18.579316666666667
2023-04-26 00:00:00,18.18355
2023-04-26 01:00:00,18.1034
2023-04-26 02:00:00,18.045749999999998
2023-04-26 03:00:00,17.90935
2023-04-26 04:00:00,18.04573333333333
2023-04-26 05:00:00,17.862066666666667
2023-04-26 06:00:00,17.725616666666667
2023-04-26 07:00:00,18.384533333333334
2023-04-26 08:00:00,20.270333333333333
2023-04-26 09:00:00,22.239983333333335
2023-04-26 10:00:00,23.1516
2023-04-26 11:00:00,26.679433333333336
2023-04-26 12:00:00,27.300116666666668
2023-04-26 13:00:00,24.759383333333336
2023-04-26 14:00:00,22.533450000000002
2023-04-26 15:00:00,21.872966666666667
2023-04-26 16:00:00,21.19431666666667
2023-04-26 17:00:00,20.750283333333336
2023-04-26 18:00:00,20.00295
2023-04-26 19:00:00,19.676066666666667
2023-04-26 20:00:00,19.869533333333333
2023-04-26 21:00:00,20.157916666666665
2023-04-26 22:00:00,20.23705
2023-04-26 23:00:00,20.132516666666668
2023-04-27 00:00:00,19.973633333333336
2023-04-27 01:00:00,20.077533333333335
2023-04-27 02:00:00,20.178033333333335
2023-04-27 03:00:00,19.697916666666668
2023-04-27 04:00:00,19.655116666666668
2023-04-27 05:00:00,19.709566666666667
2023-04-27 06:00:00,19.694233333333333
2023-04-27 07:00:00,19.806383333333333
2023-04-27 08:00:00,20.093116666666667
2023-04-27 09:00:00,20.24226666666667
2023-04-27 10:00:00,20.812549999999998
2023-04-27 11:00:00,21.79025
2023-04-27 12:00:00,21.787733333333332
2023-04-27 13:00:00,21.6665
2023-04-27 14:00:00,21.82881666666667
2023-04-27 15:00:00,21.502799999999997
2023-04-27 16:00:00,21.026583333333335
2023-04-27 17:00:00,21.034083333333335
2023-04-27 18:00:00,20.79736666666667
2023-04-27 19:00:00,21.102433333333334
2023-04-27 20:00:00,20.83195
2023-04-27 21:00:00,20.542166666666667
2023-04-27 22:00:00,20.789933333333334
2023-04-27 23:00:00,20.795283333333334
2023-04-28 00:00:00,20.609583333333333
2023-04-28 01:00:00,20.504733333333334
2023-04-28 02:00:00,20.415950000000002
2023-04-28 03:00:00,20.650966666666665
2023-04-28 04:00:00,20.566633333333336
2023-04-28 05:00:00,20.73185
2023-04-28 06:00:00,20.5035
2023-04-28 07:00:00,20.47535
2023-04-28 08:00:00,20.824666666666666
2023-04-28 09:00:00,21.72195
2023-04-28 10:00:00,23.004566666666665
2023-04-28 11:00:00,25.360583333333334
2023-04-28 12:00:00,25.636433333333333
2023-04-28 13:00:00,25.868566666666666
2023-04-28 14:00:00,25.158733333333334
2023-04-28 15:00:00,24.653283333333334
2023-04-28 16:00:00,23.633916666666668
2023-04-28 17:00:00,22.747166666666665
2023-04-28 18:00:00,22.191516666666665
2023-04-28 19:00:00,21.9865
2023-04-28 20:00:00,21.91025
2023-04-28 21:00:00,22.0689
2023-04-28 22:00:00,22.380499999999998
2023-04-28 23:00:00,22.47295
2023-04-29 00:00:00,22.43095
2023-04-29 01:00:00,22.30163333333333
2023-04-29 02:00:00,22.2071
2023-04-29 03:00:00,22.005933333333335
2023-04-29 04:00:00,22.110533333333333
2023-04-29 05:00:00,22.200049999999997
2023-04-29 06:00:00,22.315066666666667
2023-04-29 07:00:00,22.627833333333335
2023-04-29 08:00:00,23.25766666666667
2023-04-29 09:00:00,25.604133333333333
2023-04-29 10:00:00,26.835116666666668
2023-04-29 11:00:00,25.55976666666667
2023-04-29 12:00:00,26.10186666666667
2023-04-29 13:00:00,25.136333333333333
2023-04-29 14:00:00,24.95713333333333
2023-04-29 15:00:00,24.994983333333334
2023-04-29 16:00:00,25.388966666666665
2023-04-29 17:00:00,24.634783333333335
2023-04-29 18:00:00,23.79035
2023-04-29 19:00:00,23.988533333333333
2023-04-29 20:00:00,23.6856
2023-04-29 21:00:00,23.274116666666664
2023-04-29 22:00:00,22.72245
2023-04-29 23:00:00,22.9756
2023-04-30 00:00:00,22.76043333333333
2023-04-30 01:00:00,22.2701
2023-04-30 02:00:00,21.6219
2023-04-30 03:00:00,21.2957
2023-04-30 04:00:00,20.926683333333337
2023-04-30 05:00:00,20.648383333333335
2023-04-30 06:00:00,20.68185
2023-04-30 07:00:00,21.97195
2023-04-30 08:00:00,24.69546666666667
2023-04-30 09:00:00,27.21516666666667
2023-04-30 10:00:00,28.005766666666666
2023-04-30 11:00:00,29.2763
2023-04-30 12:00:00,29.4297
2023-04-30 13:00:00,27.826016666666664
2023-04-30 14:00:00,24.114183333333337
2023-04-30 15:00:00,24.11341666666667
2023-04-30 16:00:00,24.230016666666664
2023-04-30 17:00:00,23.167816666666667
2023-04-30 18:00:00,22.441683333333334
2023-04-30 19:00:00,21.946966666666665
2023-04-30 20:00:00,22.10373333333333
2023-04-30 21:00:00,21.990483333333334
2023-04-30 22:00:00,21.888250000000003
2023-04-30 23:00:00,21.750783333333334
2023-05-01 00:00:00,21.72125
2023-05-01 01:00:00,21.691216666666666
2023-05-01 02:00:00,21.161883333333332
2023-05-01 03:00:00,21.168333333333333
2023-05-01 04:00:00,21.151083333333336
2023-05-01 05:00:00,21.101633333333332
2023-05-01 06:00:00,21.027233333333335
2023-05-01 07:00:00,21.295099999999998
2023-05-01 08:00:00,21.9314
2023-05-01 09:00:00,23.41405
2023-05-01 10:00:00,24.38136666666667
2023-05-01 11:00:00,24.77698333333333
2023-05-01 12:00:00,25.017583333333334
2023-05-01 13:00:00,24.63975
2023-05-01 14:00:00,23.792266666666666
2023-05-01 15:00:00,23.366516666666666
2023-05-01 16:00:00,23.092533333333332
2023-05-01 17:00:00,22.5673
2023-05-01 18:00:00,22.131216666666667
2023-05-01 19:00:00,21.924933333333335
2023-05-01 20:00:00,21.9744
2023-05-01 21:00:00,21.986933333333333
2023-05-01 22:00:00,21.894266666666667
2023-05-01 23:00:00,21.775766666666666
2023-05-02 00:00:00,21.451316666666667
2023-05-02 01:00:00,21.2117
2023-05-02 02:00:00,21.12035
2023-05-02 03:00:00,21.18785
2023-05-02 04:00:00,21.19545
2023-05-02 05:00:00,21.08128333333333
2023-05-02 06:00:00,21.047833333333333
2023-05-02 07:00:00,21.21345
2023-05-02 08:00:00,21.49935
2023-05-02 09:00:00,21.686783333333334
2023-05-02 10:00:00,22.208266666666667
2023-05-02 11:00:00,22.954416666666667
2023-05-02 12:00:00,23.69815
2023-05-02 13:00:00,23.711533333333332
2023-05-02 14:00:00,23.968149999999998
2023-05-02 15:00:00,23.46465
2023-05-02 16:00:00,23.0618
2023-05-02 17:00:00,22.68613333333333
2023-05-02 18:00:00,22.391000000000002
2023-05-02 19:00:00,22.58308333333333
2023-05-02 20:00:00,22.676
2023-05-02 21:00:00,22.790366666666667
2023-05-02 22:00:00,22.85845
2023-05-02 23:00:00,22.78495
2023-05-03 00:00:00,22.369433333333333
2023-05-03 01:00:00,22.3461
2023-05-03 02:00:00,22.359366666666666
2023-05-03 03:00:00,22.103366666666666
2023-05-03 04:00:00,21.958033333333333
2023-05-03 05:00:00,21.876216666666668
2023-05-03 06:00:00,21.631183333333336
2023-05-03 07:00:00,21.944333333333336
2023-05-03 08:00:00,22.4112
2023-05-03 09:00:00,22.89435
2023-05-03 10:00:00,23.499883333333333
2023-05-03 11:00:00,24.164316666666664
2023-05-03 12:00:00,25.000566666666668
2023-05-03 13:00:00,26.13015
2023-05-03 14:00:00,26.229516666666665
2023-05-03 15:00:00,25.64475
2023-05-03 16:00:00,24.560233333333333
2023-05-03 17:00:00,24.004250000000003
2023-05-03 18:00:00,23.523766666666667
2023-05-03 19:00:00,23.21225
2023-05-03 20:00:00,23.308483333333335
2023-05-03 21:00:00,23.509816666666666
2023-05-03 22:00:00,23.428533333333334
2023-05-03 23:00:00,23.56005
2023-05-04 00:00:00,23.70038333333333
2023-05-04 01:00:00,23.631633333333333
2023-05-04 02:00:00,23.46955
2023-05-04 03:00:00,23.560166666666664
2023-05-04 04:00:00,23.717433333333336
2023-05-04 05:00:00,23.64591666666667
2023-05-04 06:00:00,23.699716666666667
2023-05-04 07:00:00,23.890383333333332
2023-05-04 08:00:00,24.272433333333332
2023-05-04 09:00:00,24.543383333333335
2023-05-04 10:00:00,25.40015
2023-05-04 11:00:00,27.630216666666666
2023-05-04 12:00:00,27.90695
2023-05-04 13:00:00,27.156983333333336
2023-05-04 14:00:00,26.774966666666668
2023-05-04 15:00:00,25.566466666666667
2023-05-04 16:00:00,25.31115
2023-05-04 17:00:00,24.72575
2023-05-04 18:00:00,24.508816666666668
2023-05-04 19:00:00,24.3024
2023-05-04 20:00:00,24.05365
2023-05-04 21:00:00,23.933483333333335
2023-05-04 22:00:00,23.998516666666667
2023-05-04 23:00:00,23.96735
2023-05-05 00:00:00,23.97686666666667
2023-05-05 01:00:00,23.973866666666666
2023-05-05 02:00:00,23.77405
2023-05-05 03:00:00,23.732466666666667
2023-05-05 04:00:00,23.608966666666667
2023-05-05 05:00:00,23.232883333333334
2023-05-05 06:00:00,23.367966666666668
2023-05-05 07:00:00,24.4954
2023-05-05 08:00:00,26.536099999999998
2023-05-05 09:00:00,27.128249999999998
2023-05-05 10:00:00,28.45195
2023-05-05 11:00:00,28.67275
2023-05-05 12:00:00,29.521133333333335
2023-05-05 13:00:00,28.515866666666668
2023-05-05 14:00:00,28.565366666666666
2023-05-05 15:00:00,28.633883333333333
2023-05-05 16:00:00,27.463016666666665
2023-05-05 17:00:00,26.433100000000003
2023-05-05 18:00:00,25.438016666666666
2023-05-05 19:00:00,25.024716666666666
2023-05-05 20:00:00,24.987383333333334
2023-05-05 21:00:00,24.97165
2023-05-05 22:00:00,25.097649999999998
2023-05-05 23:00:00,25.2081
2023-05-06 00:00:00,25.123616666666667
2023-05-06 01:00:00,25.155916666666666
2023-05-06 02:00:00,25.272883333333333
2023-05-06 03:00:00,25.281850000000002
2023-05-06 04:00:00,25.1219
2023-05-06 05:00:00,24.927216666666666
2023-05-06 06:00:00,25.154433333333333
2023-05-06 07:00:00,25.62728333333333
2023-05-06 08:00:00,25.94108333333333
2023-05-06 09:00:00,26.5233
2023-05-06 10:00:00,27.416783333333335
2023-05-06 11:00:00,28.703133333333334
2023-05-06 12:00:00,28.715616666666666
2023-05-06 13:00:00,28.31341666666667
2023-05-06 14:00:00,27.97955
2023-05-06 15:00:00,27.57515
2023-05-06 16:00:00,27.58646666666667
2023-05-06 17:00:00,27.21355
2023-05-06 18:00:00,27.216549999999998
2023-05-06 19:00:00,27.17481666666667
2023-05-06 20:00:00,26.97955
2023-05-06 21:00:00,26.678683333333332
2023-05-06 22:00:00,26.5192
2023-05-06 23:00:00,26.318016666666665
2023-05-07 00:00:00,26.223816666666668
2023-05-07 01:00:00,26.302133333333334
2023-05-07 02:00:00,26.198449999999998
2023-05-07 03:00:00,26.113533333333333
2023-05-07 04:00:00,26.315533333333335
2023-05-07 05:00:00,26.046533333333333
2023-05-07 06:00:00,26.15695
2023-05-07 07:00:00,26.89966666666667
2023-05-07 08:00:00,27.65165
2023-05-07 09:00:00,28.477149999999998
2023-05-07 10:00:00,29.873933333333333
2023-05-07 11:00:00,28.912583333333334
2023-05-07 12:00:00,29.06448333333333
2023-05-07 13:00:00,23.836583333333333
2023-05-07 14:00:00,22.29366666666667
2023-05-07 15:00:00,22.344616666666663
2023-05-07 16:00:00,22.121233333333333
2023-05-07 17:00:00,22.3626
2023-05-07 18:00:00,22.268966666666664
2023-05-07 19:00:00,22.30548333333333
2023-05-07 20:00:00,22.78101666666667
2023-05-07 21:00:00,22.805600000000002
2023-05-07 22:00:00,22.988833333333332
2023-05-07 23:00:00,22.915766666666666
2023-05-08 00:00:00,22.701516666666667
2023-05-08 01:00:00,22.432333333333336
2023-05-08 02:00:00,22.01543333333333
2023-05-08 03:00:00,22.004466666666666
2023-05-08 04:00:00,21.813750000000002
2023-05-08 05:00:00,21.564033333333334
2023-05-08 06:00:00,21.460683333333336
2023-05-08 07:00:00,21.362466666666666
2023-05-08 08:00:00,20.4952
2023-05-08 09:00:00,20.4136
2023-05-08 10:00:00,20.48685
2023-05-08 11:00:00,19.9463
2023-05-08 12:00:00,20.391650000000002
2023-05-08 13:00:00,21.192816666666666
2023-05-08 14:00:00,21.196033333333332
2023-05-08 15:00:00,21.191416666666665
2023-05-08 16:00:00,21.821216666666665
2023-05-08 17:00:00,21.637483333333332
2023-05-08 18:00:00,21.4592
2023-05-08 19:00:00,21.39215
2023-05-08 20:00:00,21.21925
2023-05-08 21:00:00,21.146400000000003
2023-05-08 22:00:00,21.0478
2023-05-08 23:00:00,21.231350000000003
2023-05-09 00:00:00,21.23528333333333
2023-05-09 01:00:00,21.353833333333334
2023-05-09 02:00:00,21.001233333333335
2023-05-09 03:00:00,20.876283333333333
2023-05-09 04:00:00,20.67556666666667
2023-05-09 05:00:00,20.991516666666666
2023-05-09 06:00:00,20.618716666666668
2023-05-09 07:00:00,20.871616666666668
2023-05-09 08:00:00,21.10438333333333
2023-05-09 09:00:00,21.998033333333336
2023-05-09 10:00:00,21.801550000000002
2023-05-09 11:00:00,22.26925
2023-05-09 12:00:00,22.624450000000003
2023-05-09 13:00:00,22.53918333333333
2023-05-09 14:00:00,23.014850000000003
2023-05-09 15:00:00,23.052016666666667
2023-05-09 16:00:00,22.732733333333332
2023-05-09 17:00:00,22.292266666666666
2023-05-09 18:00:00,21.82595
2023-05-09 19:00:00,21.545133333333336
2023-05-09 20:00:00,21.592483333333334
2023-05-09 21:00:00,21.597199999999997
2023-05-09 22:00:00,21.50456666666667
2023-05-09 23:00:00,21.482666666666667
2023-05-10 00:00:00,21.496033333333333
2023-05-10 01:00:00,21.520883333333334
2023-05-10 02:00:00,21.332683333333332
2023-05-10 03:00:00,21.388849999999998
2023-05-10 04:00:00,21.37935
2023-05-10 05:00:00,21.31845
2023-05-10 06:00:00,21.329366666666665
2023-05-10 07:00:00,21.615183333333334
2023-05-10 08:00:00,22.053033333333335
2023-05-10 09:00:00,22.74481666666667
2023-05-10 10:00:00,23.6953
2023-05-10 11:00:00,23.218316666666666
2023-05-10 12:00:00,23.107033333333334
2023-05-10 13:00:00,22.8954
2023-05-10 14:00:00,23.01785
2023-05-10 15:00:00,23.287483333333334
2023-05-10 16:00:00,22.56768333333333
2023-05-10 17:00:00,22.278116666666666
2023-05-10 18:00:00,22.079333333333334
2023-05-10 19:00:00,21.795683333333333
2023-05-10 20:00:00,21.83806666666667
2023-05-10 21:00:00,21.906566666666667
2023-05-10 22:00:00,21.968933333333332
2023-05-10 23:00:00,21.90705
2023-05-11 00:00:00,21.942883333333334
2023-05-11 01:00:00,21.77058333333333
2023-05-11 02:00:00,21.751666666666665
2023-05-11 03:00:00,21.82058333333333
2023-05-11 04:00:00,21.853749999999998
2023-05-11 05:00:00,21.071716666666664
2023-05-11 06:00:00,21.068533333333335
2023-05-11 07:00:00,21.3415
2023-05-11 08:00:00,20.58185
2023-05-11 09:00:00,20.365516666666668
2023-05-11 10:00:00,21.61703333333333
2023-05-11 11:00:00,21.605866666666667
2023-05-11 12:00:00,22.591633333333334
2023-05-11 13:00:00,23.334866666666667
2023-05-11 14:00:00,23.419483333333336
2023-05-11 15:00:00,23.4402
2023-05-11 16:00:00,22.863866666666663
2023-05-11 17:00:00,22.76505
2023-05-11 18:00:00,22.422433333333334
2023-05-11 19:00:00,22.346799999999998
2023-05-11 20:00:00,22.277383333333333
2023-05-11 21:00:00,22.260416666666668
2023-05-11 22:00:00,22.35495
2023-05-11 23:00:00,22.158066666666667
2023-05-12 00:00:00,22.199816666666667
2023-05-12 01:00:00,22.11965
2023-05-12 02:00:00,22.088383333333333
2023-05-12 03:00:00,22.038700000000002
2023-05-12 04:00:00,22.024116666666664
2023-05-12 05:00:00,22.058033333333334
2023-05-12 06:00:00,22.14111666666667
2023-05-12 07:00:00,22.805666666666664
2023-05-12 08:00:00,23.3139
2023-05-12 09:00:00,24.023616666666666
2023-05-12 10:00:00,25.214466666666667
2023-05-12 11:00:00,25.854750000000003
2023-05-12 12:00:00,27.214
2023-05-12 13:00:00,25.954083333333333
2023-05-12 14:00:00,24.397283333333334
2023-05-12 15:00:00,23.8362
2023-05-12 16:00:00,23.58595
2023-05-12 17:00:00,23.132316666666668
2023-05-12 18:00:00,22.614649999999997
2023-05-12 19:00:00,21.956333333333337
2023-05-12 20:00:00,21.936966666666667
2023-05-12 21:00:00,21.999016666666666
2023-05-12 22:00:00,21.908033333333332
2023-05-12 23:00:00,22.072266666666668
2023-05-13 00:00:00,21.955266666666667
2023-05-13 01:00:00,22.132150000000003
2023-05-13 02:00:00,21.942666666666664
2023-05-13 03:00:00,21.842616666666668
2023-05-13 04:00:00,21.638233333333336
2023-05-13 05:00:00,21.635733333333334
2023-05-13 06:00:00,21.9144
2023-05-13 07:00:00,22.208483333333334
2023-05-13 08:00:00,22.996716666666664
2023-05-13 09:00:00,23.791033333333335
2023-05-13 10:00:00,24.603116666666665
2023-05-13 11:00:00,24.989516666666667
2023-05-13 12:00:00,25.557683333333333
2023-05-13 13:00:00,24.9012
2023-05-13 14:00:00,22.993366666666667
2023-05-13 15:00:00,22.510616666666667
2023-05-13 16:00:00,22.181949999999997
2023-05-13 17:00:00,21.696083333333334
2023-05-13 18:00:00,20.98435
2023-05-13 19:00:00,20.830766666666666
2023-05-13 20:00:00,20.985766666666667
2023-05-13 21:00:00,20.944183333333335
2023-05-13 22:00:00,21.428266666666666
2023-05-13 23:00:00,21.175
2023-05-14 00:00:00,20.959466666666668
2023-05-14 01:00:00,20.604499999999998
2023-05-14 02:00:00,19.626766666666665
2023-05-14 03:00:00,19.21688333333333
2023-05-14 04:00:00,19.1758
2023-05-14 05:00:00,19.34995
2023-05-14 06:00:00,19.578566666666667
2023-05-14 07:00:00,20.212300000000003
2023-05-14 08:00:00,20.849283333333336
2023-05-14 09:00:00,21.460416666666667
2023-05-14 10:00:00,21.586716666666668
2023-05-14 11:00:00,21.153366666666667
2023-05-14 12:00:00,21.149
2023-05-14 13:00:00,21.098383333333334
2023-05-14 14:00:00,20.541133333333335
2023-05-14 15:00:00,20.373066666666666
2023-05-14 16:00:00,19.3114
2023-05-14 17:00:00,19.20755
2023-05-14 18:00:00,19.416999999999998
2023-05-14 19:00:00,19.536733333333334
2023-05-14 20:00:00,19.831866666666667
2023-05-14 21:00:00,19.90355
2023-05-14 22:00:00,20.131633333333333
2023-05-14 23:00:00,20.467066666666664
2023-05-15 00:00:00,20.60275
2023-05-15 01:00:00,20.607266666666664
2023-05-15 02:00:00,20.623716666666667
2023-05-15 03:00:00,20.71345
2023-05-15 04:00:00,20.65715
2023-05-15 05:00:00,20.639266666666668
2023-05-15 06:00:00,20.84508333333333
2023-05-15 07:00:00,21.95338333333333
2023-05-15 08:00:00,23.97175
2023-05-15 09:00:00,23.715216666666667
2023-05-15 10:00:00,23.3052
2023-05-15 11:00:00,25.072766666666666
2023-05-15 12:00:00,25.8639
2023-05-15 13:00:00,25.7025
2023-05-15 14:00:00,25.29126666666667
2023-05-15 15:00:00,25.288999999999998
2023-05-15 16:00:00,25.110133333333334
2023-05-15 17:00:00,24.37156666666667
2023-05-15 18:00:00,24.20178333333333
2023-05-15 19:00:00,23.606916666666667
2023-05-15 20:00:00,22.878300000000003
2023-05-15 21:00:00,22.406433333333332
2023-05-15 22:00:00,22.290133333333333
2023-05-15 23:00:00,22.0825
2023-05-16 00:00:00,21.933633333333333
2023-05-16 01:00:00,21.677416666666666
2023-05-16 02:00:00,21.66756666666667
2023-05-16 03:00:00,21.42455
2023-05-16 04:00:00,21.464033333333337
2023-05-16 05:00:00,21.219749999999998
2023-05-16 06:00:00,21.8774
2023-05-16 07:00:00,24.644483333333334
2023-05-16 08:00:00,25.596416666666666
2023-05-16 09:00:00,25.04893333333333
2023-05-16 10:00:00,25.932916666666664
2023-05-16 11:00:00,24.7272
2023-05-16 12:00:00,24.030649999999998
2023-05-16 13:00:00,24.059866666666668
2023-05-16 14:00:00,23.972283333333333
2023-05-16 15:00:00,23.856116666666665
2023-05-16 16:00:00,23.678350000000002
2023-05-16 17:00:00,23.686433333333333
2023-05-16 18:00:00,23.59525
2023-05-16 19:00:00,23.572916666666668
2023-05-16 20:00:00,23.733833333333333
2023-05-16 21:00:00,23.950033333333334
2023-05-16 22:00:00,23.987866666666665
2023-05-16 23:00:00,23.96405
2023-05-17 00:00:00,24.0516
2023-05-17 01:00:00,23.932599999999997
2023-05-17 02:00:00,23.838616666666667
2023-05-17 03:00:00,24.030916666666666
2023-05-17 04:00:00,24.0358
2023-05-17 05:00:00,24.047433333333334
2023-05-17 06:00:00,24.374416666666665
2023-05-17 07:00:00,24.953683333333334
2023-05-17 08:00:00,25.3741
2023-05-17 09:00:00,24.95975
2023-05-17 10:00:00,24.853150000000003
2023-05-17 11:00:00,24.95361666666667
2023-05-17 12:00:00,23.943050000000003
2023-05-17 13:00:00,24.841616666666667
2023-05-17 14:00:00,25.6303
2023-05-17 15:00:00,26.526933333333332
2023-05-17 16:00:00,27.015216666666667
2023-05-17 17:00:00,27.105883333333335
2023-05-17 18:00:00,26.382083333333334
2023-05-17 19:00:00,26.3005
2023-05-17 20:00:00,26.499366666666667
2023-05-17 21:00:00,26.59415
2023-05-17 22:00:00,26.743816666666664
2023-05-17 23:00:00,26.871533333333332
2023-05-18 00:00:00,26.834049999999998
2023-05-18 01:00:00,26.74195
2023-05-18 02:00:00,26.448333333333334
2023-05-18 03:00:00,26.221766666666667
2023-05-18 04:00:00,26.109416666666668
2023-05-18 05:00:00,25.72941666666667
2023-05-18 06:00:00,25.839299999999998
2023-05-18 07:00:00,27.68125
2023-05-18 08:00:00,29.00423333333333
2023-05-18 09:00:00,30.22675
2023-05-18 10:00:00,30.65755
2023-05-18 11:00:00,30.99181666666667
2023-05-18 12:00:00,30.8073
2023-05-18 13:00:00,31.531
2023-05-18 14:00:00,31.940033333333336
2023-05-18 15:00:00,31.5963
2023-05-18 16:00:00,30.263616666666667
2023-05-18 17:00:00,29.302616666666665
2023-05-18 18:00:00,28.319166666666668
2023-05-18 19:00:00,27.71063333333333
2023-05-18 20:00:00,27.462283333333335
2023-05-18 21:00:00,27.130383333333334
2023-05-18 22:00:00,26.958633333333335
2023-05-18 23:00:00,26.71625
2023-05-19 00:00:00,26.6018
2023-05-19 01:00:00,26.691633333333336
2023-05-19 02:00:00,26.48186666666667
2023-05-19 03:00:00,26.067733333333333
2023-05-19 04:00:00,25.715449999999997
2023-05-19 05:00:00,25.849183333333333
2023-05-19 06:00:00,25.897283333333334
2023-05-19 07:00:00,25.829183333333333
2023-05-19 08:00:00,27.15555
2023-05-19 09:00:00,28.774016666666668
2023-05-19 10:00:00,28.91238333333333
2023-05-19 11:00:00,29.106366666666666
2023-05-19 12:00:00,30.40175
2023-05-19 13:00:00,30.133566666666663
2023-05-19 14:00:00,29.487000000000002
2023-05-19 15:00:00,29.5424
2023-05-19 16:00:00,28.795366666666666
2023-05-19 17:00:00,28.499466666666667
2023-05-19 18:00:00,27.611666666666668
2023-05-19 19:00:00,26.87745
2023-05-19 20:00:00,26.666833333333333
2023-05-19 21:00:00,26.33563333333333
2023-05-19 22:00:00,26.14235
2023-05-19 23:00:00,26.17885
2023-05-20 00:00:00,25.99683333333333
2023-05-20 01:00:00,25.864766666666664
2023-05-20 02:00:00,26.116633333333333
2023-05-20 03:00:00,26.3094
2023-05-20 04:00:00,26.220816666666668
2023-05-20 05:00:00,25.991683333333334
2023-05-20 06:00:00,25.98506666666667
2023-05-20 07:00:00,27.36385
2023-05-20 08:00:00,27.71895
2023-05-20 09:00:00,28.200133333333333
2023-05-20 10:00:00,28.093466666666664
2023-05-20 11:00:00,28.372666666666664
2023-05-20 12:00:00,28.103866666666665
2023-05-20 13:00:00,27.989183333333333
2023-05-20 14:00:00,28.781816666666668
2023-05-20 15:00:00,29.628383333333332
2023-05-20 16:00:00,28.634883333333335
2023-05-20 17:00:00,28.10035
2023-05-20 18:00:00,27.85885
2023-05-20 19:00:00,27.489466666666665
2023-05-20 20:00:00,27.32335
2023-05-20 21:00:00,27.33536666666667
2023-05-20 22:00:00,27.111516666666667
2023-05-20 23:00:00,27.22025
2023-05-21 00:00:00,27.04775
2023-05-21 01:00:00,26.651316666666666
2023-05-21 02:00:00,26.89428333333333
2023-05-21 03:00:00,26.8872
2023-05-21 04:00:00,27.08315
2023-05-21 05:00:00,26.9534
2023-05-21 06:00:00,26.943116666666665
2023-05-21 07:00:00,28.355433333333334
2023-05-21 08:00:00,29.415633333333336
2023-05-21 09:00:00,30.131449999999997
2023-05-21 10:00:00,30.566933333333335
2023-05-21 11:00:00,30.572333333333333
2023-05-21 12:00:00,30.874883333333333
2023-05-21 13:00:00,30.118833333333335
2023-05-21 14:00:00,30.698183333333336
2023-05-21 15:00:00,29.8471
2023-05-21 16:00:00,29.487416666666665
2023-05-21 17:00:00,29.03121666666667
2023-05-21 18:00:00,28.3266
2023-05-21 19:00:00,27.76775
2023-05-21 20:00:00,27.956149999999997
2023-05-21 21:00:00,27.887383333333332
2023-05-21 22:00:00,27.72778333333333
2023-05-21 23:00:00,27.513333333333332
2023-05-22 00:00:00,27.342466666666667
2023-05-22 01:00:00,27.414133333333332
2023-05-22 02:00:00,27.45915
2023-05-22 03:00:00,27.36255
2023-05-22 04:00:00,27.347516666666667
2023-05-22 05:00:00,27.303966666666668
2023-05-22 06:00:00,27.477149999999998
2023-05-22 07:00:00,28.53761666666667
2023-05-22 08:00:00,30.3992
2023-05-22 09:00:00,31.083383333333334
2023-05-22 10:00:00,31.54778333333333
2023-05-22 11:00:00,32.159016666666666
2023-05-22 12:00:00,32.319
2023-05-22 13:00:00,32.16155
2023-05-22 14:00:00,30.74576666666667
2023-05-22 15:00:00,29.79351666666667
2023-05-22 16:00:00,29.44925
2023-05-22 17:00:00,29.059883333333335
2023-05-22 18:00:00,28.337833333333332
2023-05-22 19:00:00,27.84733333333333
2023-05-22 20:00:00,27.551
2023-05-22 21:00:00,27.722916666666666
2023-05-22 22:00:00,27.659916666666668
2023-05-22 23:00:00,27.43125
2023-05-23 00:00:00,27.526349999999997
2023-05-23 01:00:00,27.494866666666667
2023-05-23 02:00:00,27.35355
2023-05-23 03:00:00,27.389633333333332
2023-05-23 04:00:00,27.324333333333335
2023-05-23 05:00:00,27.19855
2023-05-23 06:00:00,26.9541
2023-05-23 07:00:00,25.966116666666668
2023-05-23 08:00:00,25.819650000000003
2023-05-23 09:00:00,25.531316666666665
2023-05-23 10:00:00,26.096999999999998
2023-05-23 11:00:00,28.327616666666664
2023-05-23 12:00:00,26.997216666666667
2023-05-23 13:00:00,24.838816666666666
2023-05-23 14:00:00,24.22811666666667
2023-05-23 15:00:00,23.87428333333333
2023-05-23 16:00:00,23.608900000000002
2023-05-23 17:00:00,23.461883333333333
2023-05-23 18:00:00,23.15375
2023-05-23 19:00:00,23.051033333333333
2023-05-23 20:00:00,22.956583333333334
2023-05-23 21:00:00,22.708849999999998
2023-05-23 22:00:00,22.79191666666667
2023-05-23 23:00:00,23.1588
2023-05-24 00:00:00,22.719
2023-05-24 01:00:00,22.478883333333332
2023-05-24 02:00:00,22.11368333333333
2023-05-24 03:00:00,21.82538333333333
2023-05-24 04:00:00,21.71356666666667
2023-05-24 05:00:00,21.653816666666668
2023-05-24 06:00:00,21.673633333333335
2023-05-24 07:00:00,21.823116666666667
2023-05-24 08:00:00,22.114916666666666
2023-05-24 09:00:00,22.032316666666667
2023-05-24 10:00:00,23.022933333333334
2023-05-24 11:00:00,24.355666666666664
2023-05-24 12:00:00,25.54595
2023-05-24 13:00:00,25.334183333333332
2023-05-24 14:00:00,24.89626666666667
2023-05-24 15:00:00,24.53101666666667
2023-05-24 16:00:00,24.012666666666668
2023-05-24 17:00:00,23.359266666666667
2023-05-24 18:00:00,23.007066666666667
2023-05-24 19:00:00,23.042416666666668
2023-05-24 20:00:00,23.012283333333336
2023-05-24 21:00:00,23.036633333333334
2023-05-24 22:00:00,23.434466666666665
2023-05-24 23:00:00,23.4042
2023-05-25 00:00:00,23.5976
2023-05-25 01:00:00,23.206
2023-05-25 02:00:00,23.37091666666667
2023-05-25 03:00:00,23.09798333333333
2023-05-25 04:00:00,22.958466666666666
2023-05-25 05:00:00,23.0849
2023-05-25 06:00:00,23.1941
2023-05-25 07:00:00,23.337600000000002
2023-05-25 08:00:00,23.620583333333332
2023-05-25 09:00:00,23.787883333333333
2023-05-25 10:00:00,24.37475
2023-05-25 11:00:00,24.5559
2023-05-25 12:00:00,24.77005
2023-05-25 13:00:00,24.771833333333333
2023-05-25 14:00:00,24.81178333333333
2023-05-25 15:00:00,24.7282
2023-05-25 16:00:00,24.573333333333334
2023-05-25 17:00:00,24.729016666666666
2023-05-25 18:00:00,24.599033333333335
2023-05-25 19:00:00,24.315116666666665
2023-05-25 20:00:00,24.397333333333332
2023-05-25 21:00:00,24.61345
2023-05-25 22:00:00,24.86661666666667
2023-05-25 23:00:00,25.049283333333335
2023-05-26 00:00:00,25.063683333333334
2023-05-26 01:00:00,25.0857
2023-05-26 02:00:00,25.063750000000002
2023-05-26 03:00:00,24.96915
2023-05-26 04:00:00,24.862616666666668
2023-05-26 05:00:00,24.816466666666667
2023-05-26 06:00:00,24.847550000000002
2023-05-26 07:00:00,24.89505
2023-05-26 08:00:00,25.07518333333333
2023-05-26 09:00:00,25.419666666666668
2023-05-26 10:00:00,25.778366666666667
2023-05-26 11:00:00,26.0032
2023-05-26 12:00:00,26.3584
2023-05-26 13:00:00,26.438466666666667
2023-05-26 14:00:00,26.810033333333333
2023-05-26 15:00:00,26.34185
2023-05-26 16:00:00,26.182016666666666
2023-05-26 17:00:00,25.88085
2023-05-26 18:00:00,25.478583333333333
2023-05-26 19:00:00,25.45156666666667
2023-05-26 20:00:00,25.4319
2023-05-26 21:00:00,25.44023333333333
2023-05-26 22:00:00,25.3828
2023-05-26 23:00:00,25.11798333333333
2023-05-27 00:00:00,25.030700000000003
2023-05-27 01:00:00,24.947916666666668
2023-05-27 02:00:00,24.791416666666667
2023-05-27 03:00:00,24.731333333333335
2023-05-27 04:00:00,24.669683333333335
2023-05-27 05:00:00,24.664183333333334
2023-05-27 06:00:00,25.00515
2023-05-27 07:00:00,26.7229
2023-05-27 08:00:00,27.482033333333334
2023-05-27 09:00:00,28.209349999999997
2023-05-27 10:00:00,28.529433333333333
2023-05-27 11:00:00,29.986816666666666
2023-05-27 12:00:00,29.462899999999998
2023-05-27 13:00:00,29.578133333333334
2023-05-27 14:00:00,29.4735
2023-05-27 15:00:00,29.06226666666667
2023-05-27 16:00:00,27.701083333333333
2023-05-27 17:00:00,26.390716666666666
2023-05-27 18:00:00,26.035966666666663
2023-05-27 19:00:00,25.740216666666665
2023-05-27 20:00:00,25.788383333333336
2023-05-27 21:00:00,25.649749999999997
2023-05-27 22:00:00,25.582266666666666
2023-05-27 23:00:00,25.423949999999998
2023-05-28 00:00:00,25.18955
2023-05-28 01:00:00,25.1744
2023-05-28 02:00:00,25.213700000000003
2023-05-28 03:00:00,25.3591
2023-05-28 04:00:00,25.4224
2023-05-28 05:00:00,25.357383333333335
2023-05-28 06:00:00,26.211183333333334
2023-05-28 07:00:00,27.96943333333333
2023-05-28 08:00:00,30.353783333333336
2023-05-28 09:00:00,29.774183333333333
2023-05-28 10:00:00,29.446083333333334
2023-05-28 11:00:00,29.8359
2023-05-28 12:00:00,30.31205
2023-05-28 13:00:00,29.877683333333334
2023-05-28 14:00:00,29.633233333333333
2023-05-28 15:00:00,28.97965
2023-05-28 16:00:00,27.743783333333333
2023-05-28 17:00:00,26.37755
2023-05-28 18:00:00,26.156166666666664
2023-05-28 19:00:00,25.497333333333334
2023-05-28 20:00:00,25.275216666666665
2023-05-28 21:00:00,24.78655
2023-05-28 22:00:00,24.839083333333335
2023-05-28 23:00:00,24.580616666666668
2023-05-29 00:00:00,24.401999999999997
2023-05-29 01:00:00,23.9561
2023-05-29 02:00:00,24.027183333333333
2023-05-29 03:00:00,24.41238333333333
2023-05-29 04:00:00,24.47275
2023-05-29 05:00:00,24.68055
2023-05-29 06:00:00,25.38065
2023-05-29 07:00:00,26.999816666666668
2023-05-29 08:00:00,30.07355
2023-05-29 09:00:00,30.098566666666667
2023-05-29 10:00:00,31.02583333333333
2023-05-29 11:00:00,32.0177
2023-05-29 12:00:00,31.986733333333333
2023-05-29 13:00:00,32.83895
2023-05-29 14:00:00,34.18635
2023-05-29 15:00:00,33.68455
2023-05-29 16:00:00,32.7089
2023-05-29 17:00:00,31.58063333333333
2023-05-29 18:00:00,29.926550000000002
2023-05-29 19:00:00,28.546933333333335
2023-05-29 20:00:00,28.220133333333333
2023-05-29 21:00:00,28.273383333333335
2023-05-29 22:00:00,28.484516666666664
2023-05-29 23:00:00,28.475849999999998
2023-05-30 00:00:00,28.892033333333334
2023-05-30 01:00:00,28.9312
2023-05-30 02:00:00,27.683049999999998
2023-05-30 03:00:00,26.281200000000002
2023-05-30 04:00:00,25.922116666666668
2023-05-30 05:00:00,25.93773333333333
2023-05-30 06:00:00,26.225583333333336
2023-05-30 07:00:00,29.080716666666667
2023-05-30 08:00:00,30.688100000000002
2023-05-30 09:00:00,31.295216666666665
2023-05-30 10:00:00,31.65236666666667
2023-05-30 11:00:00,32.009100000000004
2023-05-30 12:00:00,32.333666666666666
2023-05-30 13:00:00,32.98766666666667
2023-05-30 14:00:00,34.17733333333333
2023-05-30 15:00:00,34.88871666666667
2023-05-30 16:00:00,35.65815
2023-05-30 17:00:00,35.11893333333333
2023-05-30 18:00:00,33.83363333333333
2023-05-30 19:00:00,32.40193333333333
2023-05-30 20:00:00,31.8832
2023-05-30 21:00:00,31.685383333333334
2023-05-30 22:00:00,31.676466666666666
2023-05-30 23:00:00,31.403416666666665
2023-05-31 00:00:00,31.23445
2023-05-31 01:00:00,31.012716666666666
2023-05-31 02:00:00,30.793116666666666
2023-05-31 03:00:00,30.884
2023-05-31 04:00:00,28.06625
2023-05-31 05:00:00,27.283633333333334
2023-05-31 06:00:00,27.6708
2023-05-31 07:00:00,28.6635
2023-05-31 08:00:00,30.97211666666667
2023-05-31 09:00:00,32.18338333333333
2023-05-31 10:00:00,32.2121
2023-05-31 11:00:00,31.936016666666667
2023-05-31 12:00:00,32.595083333333335
2023-05-31 13:00:00,32.5244
2023-05-31 14:00:00,31.013233333333336
2023-05-31 15:00:00,30.0473
2023-05-31 16:00:00,29.930816666666665
2023-05-31 17:00:00,29.836766666666666
2023-05-31 18:00:00,29.345866666666666
2023-05-31 19:00:00,28.611800000000002
2023-05-31 20:00:00,28.462049999999998
2023-05-31 21:00:00,27.77926666666667
2023-05-31 22:00:00,27.781433333333332
2023-05-31 23:00:00,27.53425
2023-06-01 00:00:00,27.451483333333332
2023-06-01 01:00:00,27.690633333333334
2023-06-01 02:00:00,27.214616666666664
2023-06-01 03:00:00,27.466683333333332
2023-06-01 04:00:00,27.033549999999998
2023-06-01 05:00:00,25.769783333333333
2023-06-01 06:00:00,24.5738
2023-06-01 07:00:00,23.883
2023-06-01 08:00:00,24.093316666666666
2023-06-01 09:00:00,25.228216666666665
2023-06-01 10:00:00,27.980966666666667
2023-06-01 11:00:00,30.75355
2023-06-01 12:00:00,32.348866666666666
2023-06-01 13:00:00,33.52588333333333
2023-06-01 14:00:00,33.118700000000004
2023-06-01 15:00:00,33.444116666666666
2023-06-01 16:00:00,31.756833333333336
2023-06-01 17:00:00,31.299166666666668
2023-06-01 18:00:00,30.111966666666667
2023-06-01 19:00:00,29.252383333333334
2023-06-01 20:00:00,29.152483333333333
2023-06-01 21:00:00,28.870833333333334
2023-06-01 22:00:00,28.142033333333334
2023-06-01 23:00:00,28.020116666666663
2023-06-02 00:00:00,27.799599999999998
2023-06-02 01:00:00,27.55555
2023-06-02 02:00:00,27.292616666666667
2023-06-02 03:00:00,27.4094
2023-06-02 04:00:00,27.515983333333335
2023-06-02 05:00:00,27.395966666666666
2023-06-02 06:00:00,28.043200000000002
2023-06-02 07:00:00,30.073333333333334
2023-06-02 08:00:00,32.125616666666666
2023-06-02 09:00:00,34.13691666666667
2023-06-02 10:00:00,33.641783333333336
2023-06-02 11:00:00,33.317766666666664
2023-06-02 12:00:00,32.742533333333334
2023-06-02 13:00:00,33.42241666666667
2023-06-02 14:00:00,33.71516666666667
2023-06-02 15:00:00,33.39723333333333
2023-06-02 16:00:00,32.12115
2023-06-02 17:00:00,31.047250000000002
2023-06-02 18:00:00,30.122
2023-06-02 19:00:00,29.37408333333333
2023-06-02 20:00:00,29.098233333333333
2023-06-02 21:00:00,28.739716666666666
2023-06-02 22:00:00,28.5523
2023-06-02 23:00:00,28.33758333333333
2023-06-03 00:00:00,28.121516666666665
2023-06-03 01:00:00,27.819183333333335
2023-06-03 02:00:00,27.63635
2023-06-03 03:00:00,27.164233333333335
2023-06-03 04:00:00,27.1238
2023-06-03 05:00:00,26.680116666666667
2023-06-03 06:00:00,27.3055
2023-06-03 07:00:00,29.943166666666666
2023-06-03 08:00:00,32.661966666666665
2023-06-03 09:00:00,33.247166666666665
2023-06-03 10:00:00,33.34928333333333
2023-06-03 11:00:00,33.311683333333335
2023-06-03 12:00:00,32.92486666666667
2023-06-03 13:00:00,32.603300000000004
2023-06-03 14:00:00,32.34243333333333
2023-06-03 15:00:00,31.4051
2023-06-03 16:00:00,29.92546666666667
2023-06-03 17:00:00,29.35278333333333
2023-06-03 18:00:00,28.53826666666667
2023-06-03 19:00:00,28.0442
2023-06-03 20:00:00,27.835066666666666
2023-06-03 21:00:00,27.778683333333333
2023-06-03 22:00:00,27.477166666666665
2023-06-03 23:00:00,27.375016666666667
2023-06-04 00:00:00,27.307233333333333
2023-06-04 01:00:00,27.25225
2023-06-04 02:00:00,27.200066666666665
2023-06-04 03:00:00,27.345783333333333
2023-06-04 04:00:00,27.01043333333333
2023-06-04 05:00:00,26.8539
2023-06-04 06:00:00,27.26955
2023-06-04 07:00:00,30.156683333333334
2023-06-04 08:00:00,32.439499999999995
2023-06-04 09:00:00,32.20876666666667
2023-06-04 10:00:00,31.961816666666667
2023-06-04 11:00:00,32.1277
2023-06-04 12:00:00,32.388349999999996
2023-06-04 13:00:00,31.782016666666667
2023-06-04 14:00:00,31.64855
2023-06-04 15:00:00,31.06505
2023-06-04 16:00:00,29.523983333333334
2023-06-04 17:00:00,28.78418333333333
2023-06-04 18:00:00,28.099666666666668
2023-06-04 19:00:00,27.284299999999998
2023-06-04 20:00:00,27.3649
2023-06-04 21:00:00,27.406466666666667
2023-06-04 22:00:00,27.487666666666666
2023-06-04 23:00:00,27.54695
2023-06-05 00:00:00,27.4928
2023-06-05 01:00:00,27.32218333333333
2023-06-05 02:00:00,27.11035
2023-06-05 03:00:00,26.94203333333333
2023-06-05 04:00:00,26.828033333333334
2023-06-05 05:00:00,27.049166666666668
2023-06-05 06:00:00,27.378683333333335
2023-06-05 07:00:00,28.054266666666667
2023-06-05 08:00:00,29.42846666666667
2023-06-05 09:00:00,29.909633333333332
2023-06-05 10:00:00,30.75698333333333
2023-06-05 11:00:00,30.70381666666667
2023-06-05 12:00:00,28.660566666666668
2023-06-05 13:00:00,29.892100000000003
2023-06-05 14:00:00,30.4318
2023-06-05 15:00:00,29.674033333333334
2023-06-05 16:00:00,28.9586
2023-06-05 17:00:00,28.071733333333334
2023-06-05 18:00:00,27.565533333333335
2023-06-05 19:00:00,26.388966666666665
2023-06-05 20:00:00,26.510016666666665
2023-06-05 21:00:00,26.79775
2023-06-05 22:00:00,27.000049999999998
2023-06-05 23:00:00,26.986416666666667
2023-06-06 00:00:00,27.0491
2023-06-06 01:00:00,27.05183333333333
2023-06-06 02:00:00,26.90898333333333
2023-06-06 03:00:00,26.8402
2023-06-06 04:00:00,26.6929
2023-06-06 05:00:00,26.876183333333334
2023-06-06 06:00:00,27.07055
2023-06-06 07:00:00,28.070933333333336
2023-06-06 08:00:00,29.40673333333333
2023-06-06 09:00:00,29.286083333333334
2023-06-06 10:00:00,28.048716666666667
2023-06-06 11:00:00,28.056883333333335
2023-06-06 12:00:00,27.7153
2023-06-06 13:00:00,25.151733333333333
2023-06-06 14:00:00,25.97275
2023-06-06 15:00:00,27.157116666666663
2023-06-06 16:00:00,25.870133333333335
2023-06-06 17:00:00,25.638550000000002
2023-06-06 18:00:00,25.833833333333335
2023-06-06 19:00:00,25.64875
2023-06-06 20:00:00,25.697433333333333
2023-06-06 21:00:00,25.708016666666666
2023-06-06 22:00:00,25.873283333333333
2023-06-06 23:00:00,26.19505
2023-06-07 00:00:00,26.204183333333333
2023-06-07 01:00:00,26.41078333333333
2023-06-07 02:00:00,26.058783333333334
2023-06-07 03:00:00,26.24815
2023-06-07 04:00:00,26.40945
2023-06-07 05:00:00,25.734283333333334
2023-06-07 06:00:00,25.960616666666667
2023-06-07 07:00:00,26.624566666666666
2023-06-07 08:00:00,27.748266666666666
2023-06-07 09:00:00,28.113916666666668
2023-06-07 10:00:00,28.544966666666667
2023-06-07 11:00:00,29.745433333333335
2023-06-07 12:00:00,27.737383333333334
2023-06-07 13:00:00,28.132083333333334
2023-06-07 14:00:00,26.898983333333334
2023-06-07 15:00:00,26.150366666666667
2023-06-07 16:00:00,26.9527
2023-06-07 17:00:00,26.8956
2023-06-07 18:00:00,26.317999999999998
2023-06-07 19:00:00,26.251133333333332
2023-06-07 20:00:00,26.033016666666665
2023-06-07 21:00:00,26.293200000000002
2023-06-07 22:00:00,26.356566666666666
2023-06-07 23:00:00,26.07793333333333
2023-06-08 00:00:00,26.109133333333332
2023-06-08 01:00:00,26.19111666666667
2023-06-08 02:00:00,26.1322
2023-06-08 03:00:00,26.214616666666664
2023-06-08 04:00:00,26.32381666666667
2023-06-08 05:00:00,26.2077
2023-06-08 06:00:00,26.48581666666667
2023-06-08 07:00:00,27.557399999999998
2023-06-08 08:00:00,28.013066666666663
2023-06-08 09:00:00,29.954616666666666
2023-06-08 10:00:00,30.4303
2023-06-08 11:00:00,31.947116666666666
2023-06-08 12:00:00,30.233999999999998
2023-06-08 13:00:00,29.946966666666665
2023-06-08 14:00:00,29.82245
2023-06-08 15:00:00,29.209
2023-06-08 16:00:00,28.89655
2023-06-08 17:00:00,28.287366666666667
2023-06-08 18:00:00,27.682033333333333
2023-06-08 19:00:00,26.80483333333333
2023-06-08 20:00:00,26.62135
2023-06-08 21:00:00,26.636300000000002
2023-06-08 22:00:00,26.621816666666668
2023-06-08 23:00:00,26.745866666666664
2023-06-09 00:00:00,26.65275
2023-06-09 01:00:00,25.36338333333333
2023-06-09 02:00:00,25.47485
2023-06-09 03:00:00,25.237216666666665
2023-06-09 04:00:00,25.2679
2023-06-09 05:00:00,25.294866666666667
2023-06-09 06:00:00,25.420849999999998
2023-06-09 07:00:00,26.550816666666666
2023-06-09 08:00:00,29.641583333333333
2023-06-09 09:00:00,30.349
2023-06-09 10:00:00,27.560133333333333
2023-06-09 11:00:00,28.5447
2023-06-09 12:00:00,29.856766666666665
2023-06-09 13:00:00,32.250816666666665
2023-06-09 14:00:00,30.10053333333333
2023-06-09 15:00:00,29.73643333333333
2023-06-09 16:00:00,29.003516666666666
2023-06-09 17:00:00,28.56785
2023-06-09 18:00:00,28.250066666666665
2023-06-09 19:00:00,27.596766666666667
2023-06-09 20:00:00,27.432566666666666
2023-06-09 21:00:00,27.199383333333333
2023-06-09 22:00:00,26.92321666666667
2023-06-09 23:00:00,26.555
2023-06-10 00:00:00,26.678549999999998
2023-06-10 01:00:00,26.594816666666667
2023-06-10 02:00:00,26.851983333333333
2023-06-10 03:00:00,26.891266666666663
2023-06-10 04:00:00,26.789916666666667
2023-06-10 05:00:00,26.533900000000003
2023-06-10 06:00:00,26.568033333333332
2023-06-10 07:00:00,26.89555
2023-06-10 08:00:00,27.579766666666668
2023-06-10 09:00:00,27.699983333333332
2023-06-10 10:00:00,29.188883333333333
2023-06-10 11:00:00,29.412750000000003
2023-06-10 12:00:00,31.291549999999997
2023-06-10 13:00:00,32.98623333333333
2023-06-10 14:00:00,33.674366666666664
2023-06-10 15:00:00,33.23466666666666
2023-06-10 16:00:00,30.827333333333335
2023-06-10 17:00:00,29.675
2023-06-10 18:00:00,28.868933333333334
2023-06-10 19:00:00,27.860383333333335
2023-06-10 20:00:00,25.263083333333334
2023-06-10 21:00:00,25.115216666666665
2023-06-10 22:00:00,25.517333333333333
2023-06-10 23:00:00,25.736916666666666
2023-06-11 00:00:00,25.84935
2023-06-11 01:00:00,26.009166666666665
2023-06-11 02:00:00,26.068949999999997
2023-06-11 03:00:00,25.897
2023-06-11 04:00:00,25.761950000000002
2023-06-11 05:00:00,25.8906
2023-06-11 06:00:00,26.3072
2023-06-11 07:00:00,27.71691666666667
2023-06-11 08:00:00,28.502599999999997
2023-06-11 09:00:00,29.830433333333335
2023-06-11 10:00:00,28.579316666666667
2023-06-11 11:00:00,27.978633333333335
2023-06-11 12:00:00,29.280416666666667
2023-06-11 13:00:00,31.399266666666666
2023-06-11 14:00:00,31.13425
2023-06-11 15:00:00,30.002633333333332
2023-06-11 16:00:00,29.332633333333334
2023-06-11 17:00:00,27.739466666666665
2023-06-11 18:00:00,27.03166666666667
2023-06-11 19:00:00,26.772716666666668
2023-06-11 20:00:00,26.5686
2023-06-11 21:00:00,26.547833333333333
2023-06-11 22:00:00,26.80185
2023-06-11 23:00:00,26.92155
2023-06-12 00:00:00,26.5628
2023-06-12 01:00:00,26.7457
2023-06-12 02:00:00,26.7073
2023-06-12 03:00:00,26.676466666666666
2023-06-12 04:00:00,26.4973
2023-06-12 05:00:00,26.61105
2023-06-12 06:00:00,26.639
2023-06-12 07:00:00,28.19431666666667
2023-06-12 08:00:00,30.923683333333333
2023-06-12 09:00:00,31.62065
2023-06-12 10:00:00,31.275183333333334
2023-06-12 11:00:00,31.6207
2023-06-12 12:00:00,31.732916666666664
2023-06-12 13:00:00,31.580949999999998
2023-06-12 14:00:00,30.641783333333333
2023-06-12 15:00:00,30.81935
2023-06-12 16:00:00,29.726783333333334
2023-06-12 17:00:00,28.739033333333335
2023-06-12 18:00:00,28.304883333333336
2023-06-12 19:00:00,27.746466666666667
2023-06-12 20:00:00,27.388316666666665
2023-06-12 21:00:00,27.407933333333336
2023-06-12 22:00:00,27.41851666666667
2023-06-12 23:00:00,27.568550000000002
2023-06-13 00:00:00,27.457683333333332
2023-06-13 01:00:00,27.450666666666667
2023-06-13 02:00:00,27.20248333333333
2023-06-13 03:00:00,26.703500000000002
2023-06-13 04:00:00,26.592116666666666
2023-06-13 05:00:00,26.339583333333334
2023-06-13 06:00:00,27.34031666666667
2023-06-13 07:00:00,29.740366666666667
2023-06-13 08:00:00,31.550583333333336
2023-06-13 09:00:00,32.72983333333333
2023-06-13 10:00:00,27.625833333333333
2023-06-13 11:00:00,28.264033333333334
2023-06-13 12:00:00,30.633766666666666
2023-06-13 13:00:00,29.452716666666667
2023-06-13 14:00:00,29.178
2023-06-13 15:00:00,28.7896
2023-06-13 16:00:00,28.717466666666667
2023-06-13 17:00:00,28.851583333333334
2023-06-13 18:00:00,28.040666666666667
2023-06-13 19:00:00,27.388083333333334
2023-06-13 20:00:00,27.135066666666667
2023-06-13 21:00:00,26.8755
2023-06-13 22:00:00,26.973716666666668
2023-06-13 23:00:00,26.123350000000002
2023-06-14 00:00:00,24.798099999999998
2023-06-14 01:00:00,24.445866666666667
2023-06-14 02:00:00,23.992166666666666
2023-06-14 03:00:00,24.226666666666667
2023-06-14 04:00:00,24.618666666666666
2023-06-14 05:00:00,24.555049999999998
2023-06-14 06:00:00,24.524316666666667
2023-06-14 07:00:00,24.92315
2023-06-14 08:00:00,25.44835
2023-06-14 09:00:00,25.408833333333334
2023-06-14 10:00:00,26.739616666666667
2023-06-14 11:00:00,28.083716666666664
2023-06-14 12:00:00,27.690833333333334
2023-06-14 13:00:00,28.131433333333334
2023-06-14 14:00:00,27.387600000000003
2023-06-14 15:00:00,27.83578333333333
2023-06-14 16:00:00,29.23101666666667
2023-06-14 17:00:00,27.785016666666664
2023-06-14 18:00:00,27.942783333333335
2023-06-14 19:00:00,27.207150000000002
2023-06-14 20:00:00,26.721216666666667
2023-06-14 21:00:00,26.943183333333334
2023-06-14 22:00:00,27.028133333333336
2023-06-14 23:00:00,26.9208
2023-06-15 00:00:00,26.947333333333333
2023-06-15 01:00:00,26.51856666666667
2023-06-15 02:00:00,25.742516666666667
2023-06-15 03:00:00,25.061183333333336
2023-06-15 04:00:00,24.678766666666668
2023-06-15 05:00:00,24.61965
2023-06-15 06:00:00,24.60395
2023-06-15 07:00:00,24.89603333333333
2023-06-15 08:00:00,25.514200000000002
2023-06-15 09:00:00,26.732466666666667
2023-06-15 10:00:00,27.162466666666667
2023-06-15 11:00:00,28.070133333333334
2023-06-15 12:00:00,26.973233333333333
2023-06-15 13:00:00,26.3822
2023-06-15 14:00:00,26.27395
2023-06-15 15:00:00,26.20136666666667
2023-06-15 16:00:00,26.196283333333334
2023-06-15 17:00:00,26.325066666666665
2023-06-15 18:00:00,26.280716666666667
2023-06-15 19:00:00,25.902983333333335
2023-06-15 20:00:00,25.620116666666664
2023-06-15 21:00:00,25.792616666666667
2023-06-15 22:00:00,25.808366666666664
2023-06-15 23:00:00,25.855383333333336
2023-06-16 00:00:00,25.727233333333334
2023-06-16 01:00:00,25.12575
2023-06-16 02:00:00,25.04345
2023-06-16 03:00:00,25.03258333333333
2023-06-16 04:00:00,24.99775
2023-06-16 05:00:00,24.9461
2023-06-16 06:00:00,25.219116666666665
2023-06-16 07:00:00,25.8298
2023-06-16 08:00:00,27.257316666666668
2023-06-16 09:00:00,28.776216666666667
2023-06-16 10:00:00,29.568083333333334
2023-06-16 11:00:00,26.8447
2023-06-16 12:00:00,24.88075
2023-06-16 13:00:00,24.617316666666667
2023-06-16 14:00:00,24.874399999999998
2023-06-16 15:00:00,24.854100000000003
2023-06-16 16:00:00,24.95465
2023-06-16 17:00:00,24.764599999999998
2023-06-16 18:00:00,24.46531666666667
2023-06-16 19:00:00,24.34893333333333
2023-06-16 20:00:00,24.413866666666667
2023-06-16 21:00:00,24.477766666666664
2023-06-16 22:00:00,24.27923333333333
2023-06-16 23:00:00,24.261166666666668
2023-06-17 00:00:00,23.88998333333333
2023-06-17 01:00:00,24.30975
2023-06-17 02:00:00,24.33915
2023-06-17 03:00:00,24.2458
2023-06-17 04:00:00,24.84465
2023-06-17 05:00:00,24.890466666666665
2023-06-17 06:00:00,24.965
2023-06-17 07:00:00,24.876183333333334
2023-06-17 08:00:00,25.576083333333333
2023-06-17 09:00:00,26.494416666666666
2023-06-17 10:00:00,27.418433333333333
2023-06-17 11:00:00,25.531299999999998
2023-06-17 12:00:00,24.999183333333335
2023-06-17 13:00:00,24.929266666666667
2023-06-17 14:00:00,23.85121666666667
2023-06-17 15:00:00,24.145483333333335
2023-06-17 16:00:00,24.252683333333334
2023-06-17 17:00:00,24.547016666666664
2023-06-17 18:00:00,24.376383333333333
2023-06-17 19:00:00,24.227116666666667
2023-06-17 20:00:00,24.076266666666665
2023-06-17 21:00:00,24.26626666666667
2023-06-17 22:00:00,24.57175
2023-06-17 23:00:00,24.89431666666667
2023-06-18 00:00:00,25.187216666666664
2023-06-18 01:00:00,25.42953333333333
2023-06-18 02:00:00,25.841383333333333
2023-06-18 03:00:00,25.668233333333333
2023-06-18 04:00:00,25.755233333333333
2023-06-18 05:00:00,25.709166666666665
2023-06-18 06:00:00,25.674416666666666
2023-06-18 07:00:00,26.571233333333335
2023-06-18 08:00:00,26.937366666666666
2023-06-18 09:00:00,24.3901
2023-06-18 10:00:00,24.861533333333334
2023-06-18 11:00:00,26.36295
2023-06-18 12:00:00,27.546
2023-06-18 13:00:00,27.492733333333334
2023-06-18 14:00:00,27.961066666666667
2023-06-18 15:00:00,28.524566666666665
2023-06-18 16:00:00,28.186316666666666
2023-06-18 17:00:00,27.062166666666666
2023-06-18 18:00:00,26.637183333333333
2023-06-18 19:00:00,26.541633333333333
2023-06-18 20:00:00,26.165366666666667
2023-06-18 21:00:00,26.310583333333334
2023-06-18 22:00:00,26.443816666666667
2023-06-18 23:00:00,26.463466666666665
2023-06-19 00:00:00,26.511383333333335
2023-06-19 01:00:00,26.733766666666668
2023-06-19 02:00:00,26.567783333333335
2023-06-19 03:00:00,25.590533333333333
2023-06-19 04:00:00,26.15975
2023-06-19 05:00:00,25.965866666666667
2023-06-19 06:00:00,26.072416666666665
2023-06-19 07:00:00,28.126683333333336
2023-06-19 08:00:00,27.89126666666667
2023-06-19 09:00:00,29.016683333333333
2023-06-19 10:00:00,29.843
2023-06-19 11:00:00,30.797116666666668
2023-06-19 12:00:00,30.437933333333334
2023-06-19 13:00:00,31.055383333333335
2023-06-19 14:00:00,30.888250000000003
2023-06-19 15:00:00,30.957783333333335
2023-06-19 16:00:00,30.605633333333333
2023-06-19 17:00:00,29.197016666666666
2023-06-19 18:00:00,28.52915
2023-06-19 19:00:00,27.861983333333335
2023-06-19 20:00:00,27.577133333333332
2023-06-19 21:00:00,27.523333333333333
2023-06-19 22:00:00,27.420683333333333
2023-06-19 23:00:00,27.28076666666667
2023-06-20 00:00:00,27.204333333333334
2023-06-20 01:00:00,27.139966666666666
2023-06-20 02:00:00,27.090333333333334
2023-06-20 03:00:00,27.16895
2023-06-20 04:00:00,26.98525
2023-06-20 05:00:00,27.061566666666668
2023-06-20 06:00:00,27.3356
2023-06-20 07:00:00,27.9634
2023-06-20 08:00:00,30.0297
2023-06-20 09:00:00,31.453733333333332
2023-06-20 10:00:00,32.21863333333333
2023-06-20 11:00:00,32.598016666666666
2023-06-20 12:00:00,32.4484
2023-06-20 13:00:00,30.939883333333334
2023-06-20 14:00:00,30.911916666666666
2023-06-20 15:00:00,29.946733333333334
2023-06-20 16:00:00,29.953216666666666
2023-06-20 17:00:00,29.165183333333335
2023-06-20 18:00:00,28.625283333333336
2023-06-20 19:00:00,28.191266666666667
2023-06-20 20:00:00,28.181316666666664
2023-06-20 21:00:00,27.787683333333334
2023-06-20 22:00:00,27.693133333333332
2023-06-20 23:00:00,27.6545
2023-06-21 00:00:00,27.5473
2023-06-21 01:00:00,27.266516666666668
2023-06-21 02:00:00,27.41486666666667
2023-06-21 03:00:00,27.472083333333334
2023-06-21 04:00:00,26.724816666666666
2023-06-21 05:00:00,26.354
2023-06-21 06:00:00,27.15695
2023-06-21 07:00:00,29.271683333333332
2023-06-21 08:00:00,31.300866666666664
2023-06-21 09:00:00,31.9756
2023-06-21 10:00:00,32.51241666666667
2023-06-21 11:00:00,32.272149999999996
2023-06-21 12:00:00,33.513600000000004
2023-06-21 13:00:00,32.38663333333333
2023-06-21 14:00:00,31.413316666666667
2023-06-21 15:00:00,31.175083333333337
2023-06-21 16:00:00,30.833166666666667
2023-06-21 17:00:00,29.393349999999998
2023-06-21 18:00:00,29.158466666666666
2023-06-21 19:00:00,28.58735
2023-06-21 20:00:00,28.182233333333333
2023-06-21 21:00:00,28.057216666666665
2023-06-21 22:00:00,27.854033333333334
2023-06-21 23:00:00,27.7927
2023-06-22 00:00:00,27.69405
2023-06-22 01:00:00,27.827166666666663
2023-06-22 02:00:00,27.687516666666667
2023-06-22 03:00:00,27.57545
2023-06-22 04:00:00,27.41265
2023-06-22 05:00:00,27.49035
2023-06-22 06:00:00,28.0582
2023-06-22 07:00:00,30.2189
2023-06-22 08:00:00,30.893883333333335
2023-06-22 09:00:00,32.305083333333336
2023-06-22 10:00:00,32.498599999999996
2023-06-22 11:00:00,32.35125
2023-06-22 12:00:00,31.635383333333333
2023-06-22 13:00:00,32.552883333333334
2023-06-22 14:00:00,32.869883333333334
2023-06-22 15:00:00,32.6952
2023-06-22 16:00:00,31.62045
2023-06-22 17:00:00,30.004833333333334
2023-06-22 18:00:00,29.250283333333336
2023-06-22 19:00:00,28.517049999999998
2023-06-22 20:00:00,28.12415
2023-06-22 21:00:00,27.9663
2023-06-22 22:00:00,28.044266666666665
2023-06-22 23:00:00,27.993766666666666
2023-06-23 00:00:00,27.95628333333333
2023-06-23 01:00:00,27.790399999999998
2023-06-23 02:00:00,27.628266666666665
2023-06-23 03:00:00,27.700833333333332
2023-06-23 04:00:00,27.721633333333333
2023-06-23 05:00:00,27.52625
2023-06-23 06:00:00,27.738583333333334
2023-06-23 07:00:00,27.35965
2023-06-23 08:00:00,28.756266666666665
2023-06-23 09:00:00,28.092866666666666
2023-06-23 10:00:00,28.87525
2023-06-23 11:00:00,27.786416666666664
2023-06-23 12:00:00,29.4489
2023-06-23 13:00:00,29.841166666666666
2023-06-23 14:00:00,30.15898333333333
2023-06-23 15:00:00,29.299633333333336
2023-06-23 16:00:00,28.65925
2023-06-23 17:00:00,28.2946
2023-06-23 18:00:00,28.470450000000003
2023-06-23 19:00:00,27.991266666666665
2023-06-23 20:00:00,27.896883333333335
2023-06-23 21:00:00,27.8002
2023-06-23 22:00:00,27.83403333333333
2023-06-23 23:00:00,27.426166666666667
2023-06-24 00:00:00,27.42275
2023-06-24 01:00:00,27.330199999999998
2023-06-24 02:00:00,27.278716666666664
2023-06-24 03:00:00,27.128916666666665
2023-06-24 04:00:00,26.794500000000003
2023-06-24 05:00:00,25.949866666666665
2023-06-24 06:00:00,26.50225
2023-06-24 07:00:00,27.54713333333333
2023-06-24 08:00:00,28.145366666666668
2023-06-24 09:00:00,28.850933333333334
2023-06-24 10:00:00,29.017816666666665
2023-06-24 11:00:00,29.800549999999998
2023-06-24 12:00:00,29.64275
2023-06-24 13:00:00,29.16475
2023-06-24 14:00:00,29.28875
2023-06-24 15:00:00,28.8106
2023-06-24 16:00:00,27.250583333333335
2023-06-24 17:00:00,27.420016666666665
2023-06-24 18:00:00,27.1742
2023-06-24 19:00:00,27.216166666666666
2023-06-24 20:00:00,26.812116666666668
2023-06-24 21:00:00,26.79055
2023-06-24 22:00:00,26.38285
2023-06-24 23:00:00,25.975583333333336
2023-06-25 00:00:00,25.325516666666665
2023-06-25 01:00:00,25.296400000000002
2023-06-25 02:00:00,25.688666666666666
2023-06-25 03:00:00,25.664766666666665
2023-06-25 04:00:00,25.92953333333333
2023-06-25 05:00:00,25.926683333333337
2023-06-25 06:00:00,26.371666666666666
2023-06-25 07:00:00,27.146316666666667
2023-06-25 08:00:00,28.303016666666668
2023-06-25 09:00:00,30.506883333333334
2023-06-25 10:00:00,31.098983333333333
2023-06-25 11:00:00,30.8781
2023-06-25 12:00:00,31.42138333333333
2023-06-25 13:00:00,30.952033333333336
2023-06-25 14:00:00,30.543850000000003
2023-06-25 15:00:00,29.018700000000003
2023-06-25 16:00:00,28.942133333333334
2023-06-25 17:00:00,28.48071666666667
2023-06-25 18:00:00,27.729833333333332
2023-06-25 19:00:00,27.413883333333334
2023-06-25 20:00:00,27.27265
2023-06-25 21:00:00,26.92635
2023-06-25 22:00:00,26.899166666666666
2023-06-25 23:00:00,26.78513333333333
2023-06-26 00:00:00,26.587600000000002
2023-06-26 01:00:00,26.543016666666666
2023-06-26 02:00:00,26.542250000000003
2023-06-26 03:00:00,26.46605
2023-06-26 04:00:00,26.130433333333333
2023-06-26 05:00:00,26.00953333333333
2023-06-26 06:00:00,26.7495
2023-06-26 07:00:00,27.74478333333333
2023-06-26 08:00:00,27.339366666666667
2023-06-26 09:00:00,28.262983333333334
2023-06-26 10:00:00,31.065299999999997
2023-06-26 11:00:00,30.96695
2023-06-26 12:00:00,30.97145
2023-06-26 13:00:00,31.158966666666668
2023-06-26 14:00:00,30.806983333333335
2023-06-26 15:00:00,29.931116666666664
2023-06-26 16:00:00,28.963250000000002
2023-06-26 17:00:00,28.6055
2023-06-26 18:00:00,28.072616666666665
2023-06-26 19:00:00,27.36231666666667
2023-06-26 20:00:00,27.240833333333335
2023-06-26 21:00:00,27.210466666666665
2023-06-26 22:00:00,27.115000000000002
2023-06-26 23:00:00,26.897783333333333
2023-06-27 00:00:00,26.949
2023-06-27 01:00:00,26.77705
2023-06-27 02:00:00,26.537333333333333
2023-06-27 03:00:00,26.2607
2023-06-27 04:00:00,26.172383333333336
2023-06-27 05:00:00,26.139850000000003
2023-06-27 06:00:00,26.806316666666664
2023-06-27 07:00:00,28.471
2023-06-27 08:00:00,30.07743333333333
2023-06-27 09:00:00,30.217699999999997
2023-06-27 10:00:00,30.91235
2023-06-27 11:00:00,32.15245
2023-06-27 12:00:00,32.002050000000004
2023-06-27 13:00:00,31.308216666666667
2023-06-27 14:00:00,30.2092
2023-06-27 15:00:00,30.57313333333333
2023-06-27 16:00:00,29.296783333333334
2023-06-27 17:00:00,28.697633333333332
2023-06-27 18:00:00,28.022550000000003
2023-06-27 19:00:00,26.924316666666666
2023-06-27 20:00:00,26.8201
2023-06-27 21:00:00,26.731133333333332
2023-06-27 22:00:00,27.0392
2023-06-27 23:00:00,27.014833333333335
2023-06-28 00:00:00,27.108249999999998
2023-06-28 01:00:00,26.79975
2023-06-28 02:00:00,26.228099999999998
2023-06-28 03:00:00,26.41776666666667
2023-06-28 04:00:00,26.21898333333333
2023-06-28 05:00:00,25.42508333333333
2023-06-28 06:00:00,25.4406
2023-06-28 07:00:00,25.83261666666667
2023-06-28 08:00:00,26.105383333333336
2023-06-28 09:00:00,27.197466666666667
2023-06-28 10:00:00,29.328483333333335
2023-06-28 11:00:00,32.188183333333335
2023-06-28 12:00:00,29.190749999999998
2023-06-28 13:00:00,26.694683333333334
2023-06-28 14:00:00,28.062683333333332
2023-06-28 15:00:00,29.626516666666664
2023-06-28 16:00:00,29.910166666666665
2023-06-28 17:00:00,28.875600000000002
2023-06-28 18:00:00,28.133666666666667
2023-06-28 19:00:00,27.308516666666666
2023-06-28 20:00:00,26.783433333333335
2023-06-28 21:00:00,26.14
2023-06-28 22:00:00,25.439116666666667
2023-06-28 23:00:00,25.773149999999998
2023-06-29 00:00:00,25.989216666666668
2023-06-29 01:00:00,26.061899999999998
2023-06-29 02:00:00,26.0607
2023-06-29 03:00:00,25.786366666666666
2023-06-29 04:00:00,25.737633333333335
2023-06-29 05:00:00,25.662066666666664
2023-06-29 06:00:00,26.4822
2023-06-29 07:00:00,29.2589
2023-06-29 08:00:00,31.640083333333333
2023-06-29 09:00:00,33.92551666666667
2023-06-29 10:00:00,31.04958333333333
2023-06-29 11:00:00,30.893449999999998
2023-06-29 12:00:00,31.557466666666667
2023-06-29 13:00:00,30.365033333333333
2023-06-29 14:00:00,30.000066666666665
2023-06-29 15:00:00,30.324416666666664
2023-06-29 16:00:00,29.538483333333332
2023-06-29 17:00:00,28.714316666666665
2023-06-29 18:00:00,28.2262
2023-06-29 19:00:00,27.65425
2023-06-29 20:00:00,27.623800000000003
2023-06-29 21:00:00,27.632933333333334
2023-06-29 22:00:00,27.6812
2023-06-29 23:00:00,27.80483333333333
2023-06-30 00:00:00,27.77511666666667
2023-06-30 01:00:00,27.4763
2023-06-30 02:00:00,27.11045
2023-06-30 03:00:00,26.971216666666667
2023-06-30 04:00:00,27.03986666666667
2023-06-30 05:00:00,26.97535
2023-06-30 06:00:00,27.42706666666667
2023-06-30 07:00:00,29.883
2023-06-30 08:00:00,29.457150000000002
2023-06-30 09:00:00,28.208183333333334
2023-06-30 10:00:00,30.33171666666667
2023-06-30 11:00:00,30.26085
2023-06-30 12:00:00,29.88685
2023-06-30 13:00:00,31.56935
2023-06-30 14:00:00,31.105383333333336
2023-06-30 15:00:00,30.375616666666666
2023-06-30 16:00:00,30.35171666666667
2023-06-30 17:00:00,29.338033333333332
2023-06-30 18:00:00,28.7928
2023-06-30 19:00:00,28.098149999999997
2023-06-30 20:00:00,27.844749999999998
2023-06-30 21:00:00,27.671100000000003
2023-06-30 22:00:00,27.76495
2023-06-30 23:00:00,27.850366666666666
2023-07-01 00:00:00,27.65713333333333
2023-07-01 01:00:00,27.655466666666666
2023-07-01 02:00:00,27.411366666666666
2023-07-01 03:00:00,27.50685
2023-07-01 04:00:00,27.534733333333335
2023-07-01 05:00:00,27.422166666666666
2023-07-01 06:00:00,27.068550000000002
2023-07-01 07:00:00,27.954
2023-07-01 08:00:00,28.655849999999997
2023-07-01 09:00:00,29.003316666666667
2023-07-01 10:00:00,29.925766666666668
2023-07-01 11:00:00,28.831966666666666
2023-07-01 12:00:00,29.46078333333333
2023-07-01 13:00:00,28.918833333333335
2023-07-01 14:00:00,29.164733333333334
2023-07-01 15:00:00,30.213616666666667
2023-07-01 16:00:00,30.202716666666667
2023-07-01 17:00:00,28.6462
2023-07-01 18:00:00,27.998916666666666
2023-07-01 19:00:00,27.262633333333333
2023-07-01 20:00:00,27.169083333333333
2023-07-01 21:00:00,27.2092
2023-07-01 22:00:00,26.831383333333335
2023-07-01 23:00:00,26.4697
2023-07-02 00:00:00,26.794983333333334
2023-07-02 01:00:00,26.61113333333333
2023-07-02 02:00:00,26.717733333333335
2023-07-02 03:00:00,26.53735
2023-07-02 04:00:00,26.167516666666664
2023-07-02 05:00:00,26.0003
2023-07-02 06:00:00,26.5463
2023-07-02 07:00:00,27.571283333333334
2023-07-02 08:00:00,29.548766666666666
2023-07-02 09:00:00,30.049300000000002
2023-07-02 10:00:00,26.554366666666667
2023-07-02 11:00:00,27.22155
2023-07-02 12:00:00,26.34495
2023-07-02 13:00:00,26.992849999999997
2023-07-02 14:00:00,27.55205
2023-07-02 15:00:00,25.742233333333335
2023-07-02 16:00:00,25.287933333333335
2023-07-02 17:00:00,25.336599999999997
2023-07-02 18:00:00,24.955916666666667
2023-07-02 19:00:00,25.1277
2023-07-02 20:00:00,25.258399999999998
2023-07-02 21:00:00,25.29175
2023-07-02 22:00:00,25.56273333333333
2023-07-02 23:00:00,25.74188333333333
2023-07-03 00:00:00,25.7708
2023-07-03 01:00:00,25.93723333333333
2023-07-03 02:00:00,25.637249999999998
2023-07-03 03:00:00,25.59725
2023-07-03 04:00:00,25.417233333333336
2023-07-03 05:00:00,25.316950000000002
2023-07-03 06:00:00,26.133133333333333
2023-07-03 07:00:00,28.38075
2023-07-03 08:00:00,30.588199999999997
2023-07-03 09:00:00,30.015216666666667
2023-07-03 10:00:00,30.798283333333334
2023-07-03 11:00:00,30.16463333333333
2023-07-03 12:00:00,30.301816666666664
2023-07-03 13:00:00,30.437383333333333
2023-07-03 14:00:00,27.429933333333334
2023-07-03 15:00:00,29.11025
2023-07-03 16:00:00,28.0415
2023-07-03 17:00:00,27.30735
2023-07-03 18:00:00,27.38355
2023-07-03 19:00:00,27.55663333333333
2023-07-03 20:00:00,27.423883333333333
2023-07-03 21:00:00,27.04843333333333
2023-07-03 22:00:00,26.817516666666666
2023-07-03 23:00:00,26.662516666666665
2023-07-04 00:00:00,26.49635
2023-07-04 01:00:00,26.84345
2023-07-04 02:00:00,26.987666666666666
2023-07-04 03:00:00,26.893216666666667
2023-07-04 04:00:00,26.26113333333333
2023-07-04 05:00:00,26.027733333333334
2023-07-04 06:00:00,25.984883333333336
2023-07-04 07:00:00,26.6165
2023-07-04 08:00:00,28.847616666666667
2023-07-04 09:00:00,29.864583333333332
2023-07-04 10:00:00,31.573116666666667
2023-07-04 11:00:00,31.365383333333334
2023-07-04 12:00:00,31.776349999999997
2023-07-04 13:00:00,30.93166666666667
2023-07-04 14:00:00,29.783316666666668
2023-07-04 15:00:00,27.89806666666667
2023-07-04 16:00:00,29.799133333333334
2023-07-04 17:00:00,29.621283333333334
2023-07-04 18:00:00,28.885183333333334
2023-07-04 19:00:00,28.322283333333335
2023-07-04 20:00:00,28.12911666666667
2023-07-04 21:00:00,27.849983333333334
2023-07-04 22:00:00,27.802466666666664
2023-07-04 23:00:00,27.835166666666666
2023-07-05 00:00:00,27.636116666666666
2023-07-05 01:00:00,27.65168333333333
2023-07-05 02:00:00,27.290183333333335
2023-07-05 03:00:00,27.031866666666666
2023-07-05 04:00:00,27.02743333333333
2023-07-05 05:00:00,27.2672
2023-07-05 06:00:00,27.64585
2023-07-05 07:00:00,29.561233333333334
2023-07-05 08:00:00,30.688166666666667
2023-07-05 09:00:00,31.994683333333334
2023-07-05 10:00:00,32.49078333333333
2023-07-05 11:00:00,31.318466666666666
2023-07-05 12:00:00,31.9098
2023-07-05 13:00:00,32.728316666666665
2023-07-05 14:00:00,32.5829
2023-07-05 15:00:00,31.03261666666667
2023-07-05 16:00:00,30.211633333333335
2023-07-05 17:00:00,29.5366
2023-07-05 18:00:00,29.01946666666667
2023-07-05 19:00:00,28.271116666666668
2023-07-05 20:00:00,28.128300000000003
2023-07-05 21:00:00,28.009
2023-07-05 22:00:00,27.850716666666663
2023-07-05 23:00:00,27.50423333333333
2023-07-06 00:00:00,27.544916666666666
2023-07-06 01:00:00,27.5414
2023-07-06 02:00:00,27.559250000000002
2023-07-06 03:00:00,27.449483333333333
2023-07-06 04:00:00,27.455533333333335
2023-07-06 05:00:00,27.401933333333332
2023-07-06 06:00:00,27.528883333333333
2023-07-06 07:00:00,29.64718333333333
2023-07-06 08:00:00,30.8474
2023-07-06 09:00:00,31.269650000000002
2023-07-06 10:00:00,31.915433333333333
2023-07-06 11:00:00,32.3555
2023-07-06 12:00:00,32.13545
2023-07-06 13:00:00,32.20558333333334
2023-07-06 14:00:00,32.50536666666667
2023-07-06 15:00:00,32.55035
2023-07-06 16:00:00,31.573483333333336
2023-07-06 17:00:00,30.179633333333335
2023-07-06 18:00:00,29.294983333333334
2023-07-06 19:00:00,28.363083333333336
2023-07-06 20:00:00,28.206533333333333
2023-07-06 21:00:00,28.064766666666667
2023-07-06 22:00:00,27.9264
2023-07-06 23:00:00,28.021366666666665
2023-07-07 00:00:00,27.90266666666667
2023-07-07 01:00:00,27.724816666666666
2023-07-07 02:00:00,27.5093
2023-07-07 03:00:00,27.679399999999998
2023-07-07 04:00:00,27.496100000000002
2023-07-07 05:00:00,27.46288333333333
2023-07-07 06:00:00,27.75776666666667
2023-07-07 07:00:00,29.10983333333333
2023-07-07 08:00:00,31.557000000000002
2023-07-07 09:00:00,31.806499999999996
2023-07-07 10:00:00,32.514266666666664
2023-07-07 11:00:00,32.46971666666666
2023-07-07 12:00:00,32.2226
2023-07-07 13:00:00,32.521433333333334
2023-07-07 14:00:00,32.35675
2023-07-07 15:00:00,31.920916666666667
2023-07-07 16:00:00,30.473416666666665
2023-07-07 17:00:00,29.440983333333335
2023-07-07 18:00:00,29.0856
2023-07-07 19:00:00,28.43776666666667
2023-07-07 20:00:00,28.087466666666668
2023-07-07 21:00:00,28.04981666666667
2023-07-07 22:00:00,27.816566666666667
2023-07-07 23:00:00,27.694483333333334
2023-07-08 00:00:00,27.463383333333333
2023-07-08 01:00:00,27.43006666666667
2023-07-08 02:00:00,27.283283333333333
2023-07-08 03:00:00,27.220383333333334
2023-07-08 04:00:00,27.384133333333335
2023-07-08 05:00:00,27.3233
2023-07-08 06:00:00,27.66828333333333
2023-07-08 07:00:00,30.007316666666668
2023-07-08 08:00:00,31.9739
2023-07-08 09:00:00,32.47618333333334
2023-07-08 10:00:00,33.08043333333333
2023-07-08 11:00:00,32.307449999999996
2023-07-08 12:00:00,32.356633333333335
2023-07-08 13:00:00,33.42275
2023-07-08 14:00:00,32.38578333333333
2023-07-08 15:00:00,31.97443333333333
2023-07-08 16:00:00,31.384533333333334
2023-07-08 17:00:00,30.541316666666667
2023-07-08 18:00:00,29.746866666666666
2023-07-08 19:00:00,28.458399999999997
2023-07-08 20:00:00,28.2359
2023-07-08 21:00:00,27.877616666666665
2023-07-08 22:00:00,27.8693
2023-07-08 23:00:00,27.755566666666667
2023-07-09 00:00:00,27.682566666666666
2023-07-09 01:00:00,27.522283333333334
2023-07-09 02:00:00,27.511683333333334
2023-07-09 03:00:00,27.457
2023-07-09 04:00:00,27.328216666666666
2023-07-09 05:00:00,27.050383333333333
2023-07-09 06:00:00,27.6341
2023-07-09 07:00:00,29.693916666666667
2023-07-09 08:00:00,31.67595
2023-07-09 09:00:00,32.37018333333334
2023-07-09 10:00:00,32.87435
2023-07-09 11:00:00,33.34688333333333
2023-07-09 12:00:00,34.04658333333334
2023-07-09 13:00:00,34.131
2023-07-09 14:00:00,33.67958333333333
2023-07-09 15:00:00,33.31135
2023-07-09 16:00:00,32.13876666666667
2023-07-09 17:00:00,30.552149999999997
2023-07-09 18:00:00,29.761716666666665
2023-07-09 19:00:00,29.08376666666667
2023-07-09 20:00:00,28.841716666666667
2023-07-09 21:00:00,28.536816666666667
2023-07-09 22:00:00,28.406866666666666
2023-07-09 23:00:00,28.302033333333334
2023-07-10 00:00:00,28.027683333333336
2023-07-10 01:00:00,27.88295
2023-07-10 02:00:00,27.795833333333334
2023-07-10 03:00:00,27.463649999999998
2023-07-10 04:00:00,27.47855
2023-07-10 05:00:00,27.39176666666667
2023-07-10 06:00:00,28.243499999999997
2023-07-10 07:00:00,30.8166
2023-07-10 08:00:00,31.296133333333334
2023-07-10 09:00:00,31.4969
2023-07-10 10:00:00,32.07755
2023-07-10 11:00:00,34.022466666666666
2023-07-10 12:00:00,33.93165
2023-07-10 13:00:00,34.11568333333334
2023-07-10 14:00:00,34.17296666666667
2023-07-10 15:00:00,34.22303333333333
2023-07-10 16:00:00,33.502066666666664
2023-07-10 17:00:00,31.122700000000002
2023-07-10 18:00:00,29.981283333333334
2023-07-10 19:00:00,29.328899999999997
2023-07-10 20:00:00,28.694483333333334
2023-07-10 21:00:00,28.37485
2023-07-10 22:00:00,28.327299999999997
2023-07-10 23:00:00,28.091516666666667
2023-07-11 00:00:00,28.091983333333335
2023-07-11 01:00:00,27.734016666666665
2023-07-11 02:00:00,27.60735
2023-07-11 03:00:00,27.840233333333334
2023-07-11 04:00:00,27.497166666666665
2023-07-11 05:00:00,27.65761666666667
2023-07-11 06:00:00,28.196250000000003
2023-07-11 07:00:00,30.023333333333333
2023-07-11 08:00:00,33.14058333333333
2023-07-11 09:00:00,33.16461666666667
2023-07-11 10:00:00,32.98735
2023-07-11 11:00:00,32.8086
2023-07-11 12:00:00,33.29168333333333
2023-07-11 13:00:00,33.61468333333333
2023-07-11 14:00:00,33.42965
2023-07-11 15:00:00,33.038016666666664
2023-07-11 16:00:00,31.8919
2023-07-11 17:00:00,30.367816666666666
2023-07-11 18:00:00,29.606766666666665
2023-07-11 19:00:00,28.637716666666666
2023-07-11 20:00:00,28.32225
2023-07-11 21:00:00,27.99505
2023-07-11 22:00:00,27.834633333333333
2023-07-11 23:00:00,27.89805
2023-07-12 00:00:00,27.8922
2023-07-12 01:00:00,27.663366666666665
2023-07-12 02:00:00,27.504666666666665
2023-07-12 03:00:00,27.24505
2023-07-12 04:00:00,27.14375
2023-07-12 05:00:00,26.89695
2023-07-12 06:00:00,27.162783333333334
2023-07-12 07:00:00,30.803216666666668
2023-07-12 08:00:00,32.25225
2023-07-12 09:00:00,30.212433333333333
2023-07-12 10:00:00,30.0977
2023-07-12 11:00:00,29.656
2023-07-12 12:00:00,29.50845
2023-07-12 13:00:00,30.402766666666665
2023-07-12 14:00:00,31.827583333333333
2023-07-12 15:00:00,31.111566666666665
2023-07-12 16:00:00,30.785633333333333
2023-07-12 17:00:00,29.212233333333334
2023-07-12 18:00:00,28.44005
2023-07-12 19:00:00,28.179283333333334
2023-07-12 20:00:00,27.685783333333333
2023-07-12 21:00:00,27.65201666666667
2023-07-12 22:00:00,27.476499999999998
2023-07-12 23:00:00,27.331916666666665
2023-07-13 00:00:00,27.01315
2023-07-13 01:00:00,27.0809
2023-07-13 02:00:00,26.716483333333333
2023-07-13 03:00:00,26.894816666666667
2023-07-13 04:00:00,26.085933333333333
2023-07-13 05:00:00,25.82085
2023-07-13 06:00:00,26.482683333333334
2023-07-13 07:00:00,29.400783333333333
2023-07-13 08:00:00,31.848166666666668
2023-07-13 09:00:00,32.32775
2023-07-13 10:00:00,32.73981666666666
2023-07-13 11:00:00,32.565799999999996
2023-07-13 12:00:00,32.16343333333334
2023-07-13 13:00:00,32.119350000000004
2023-07-13 14:00:00,31.822283333333335
2023-07-13 15:00:00,31.98625
2023-07-13 16:00:00,31.168383333333335
2023-07-13 17:00:00,28.908716666666667
2023-07-13 18:00:00,28.712316666666666
2023-07-13 19:00:00,27.990033333333333
2023-07-13 20:00:00,27.819399999999998
2023-07-13 21:00:00,27.705849999999998
2023-07-13 22:00:00,27.574233333333332
2023-07-13 23:00:00,27.605566666666668
2023-07-14 00:00:00,27.334516666666666
2023-07-14 01:00:00,27.43006666666667
2023-07-14 02:00:00,27.493299999999998
2023-07-14 03:00:00,27.282300000000003
2023-07-14 04:00:00,26.0883
2023-07-14 05:00:00,26.246233333333333
2023-07-14 06:00:00,26.651883333333334
2023-07-14 07:00:00,29.925716666666666
2023-07-14 08:00:00,32.15678333333333
2023-07-14 09:00:00,32.658683333333336
2023-07-14 10:00:00,33.0601
2023-07-14 11:00:00,33.67365
2023-07-14 12:00:00,33.36761666666667
2023-07-14 13:00:00,34.43266666666667
2023-07-14 14:00:00,35.316066666666664
2023-07-14 15:00:00,35.16568333333333
2023-07-14 16:00:00,34.70436666666667
2023-07-14 17:00:00,33.28508333333333
2023-07-14 18:00:00,32.565133333333335
2023-07-14 19:00:00,31.475933333333334
2023-07-14 20:00:00,30.440616666666664
2023-07-14 21:00:00,29.700916666666668
2023-07-14 22:00:00,29.58445
2023-07-14 23:00:00,29.05905
2023-07-15 00:00:00,29.052599999999998
2023-07-15 01:00:00,29.373983333333335
2023-07-15 02:00:00,29.16753333333333
2023-07-15 03:00:00,28.871883333333336
2023-07-15 04:00:00,28.76985
2023-07-15 05:00:00,28.49386666666667
2023-07-15 06:00:00,28.671499999999998
2023-07-15 07:00:00,31.016633333333335
2023-07-15 08:00:00,34.63118333333333
2023-07-15 09:00:00,36.41931666666667
2023-07-15 10:00:00,37.33195
2023-07-15 11:00:00,36.86696666666667
2023-07-15 12:00:00,32.958283333333334
2023-07-15 13:00:00,32.6534
2023-07-15 14:00:00,33.14006666666667
2023-07-15 15:00:00,32.818416666666664
2023-07-15 16:00:00,32.81613333333333
2023-07-15 17:00:00,30.987183333333334
2023-07-15 18:00:00,28.72305
2023-07-15 19:00:00,27.914266666666666
2023-07-15 20:00:00,27.796783333333334
2023-07-15 21:00:00,28.196666666666665
2023-07-15 22:00:00,28.4518
2023-07-15 23:00:00,27.883133333333333
2023-07-16 00:00:00,25.887549999999997
2023-07-16 01:00:00,25.798333333333336
2023-07-16 02:00:00,26.41435
2023-07-16 03:00:00,26.917483333333333
2023-07-16 04:00:00,26.726083333333335
2023-07-16 05:00:00,26.800549999999998
2023-07-16 06:00:00,27.45025
2023-07-16 07:00:00,29.759366666666665
2023-07-16 08:00:00,30.209283333333335
2023-07-16 09:00:00,30.8901
2023-07-16 10:00:00,31.602500000000003
2023-07-16 11:00:00,31.647233333333336
2023-07-16 12:00:00,32.284616666666665
2023-07-16 13:00:00,32.01011666666667
2023-07-16 14:00:00,30.973266666666667
2023-07-16 15:00:00,30.254366666666666
2023-07-16 16:00:00,28.595983333333333
2023-07-16 17:00:00,27.771766666666668
2023-07-16 18:00:00,27.17683333333333
2023-07-16 19:00:00,26.10765
2023-07-16 20:00:00,25.84505
2023-07-16 21:00:00,25.587766666666667
2023-07-16 22:00:00,25.7008
2023-07-16 23:00:00,25.698083333333333
2023-07-17 00:00:00,25.648116666666667
2023-07-17 01:00:00,25.921566666666667
2023-07-17 02:00:00,26.041766666666668
2023-07-17 03:00:00,25.939466666666664
2023-07-17 04:00:00,25.68075
2023-07-17 05:00:00,26.652783333333332
2023-07-17 06:00:00,26.84326666666667
2023-07-17 07:00:00,27.073016666666668
2023-07-17 08:00:00,27.37975
2023-07-17 09:00:00,26.409716666666668
2023-07-17 10:00:00,26.80085
2023-07-17 11:00:00,27.48228333333333
2023-07-17 12:00:00,27.1679
2023-07-17 13:00:00,27.338649999999998
2023-07-17 14:00:00,27.740883333333333
2023-07-17 15:00:00,27.882916666666667
2023-07-17 16:00:00,27.526349999999997
2023-07-17 17:00:00,27.14245
2023-07-17 18:00:00,26.3889
2023-07-17 19:00:00,26.047883333333335
2023-07-17 20:00:00,26.243
2023-07-17 21:00:00,26.159383333333334
2023-07-17 22:00:00,26.5385
2023-07-17 23:00:00,26.645416666666666
2023-07-18 00:00:00,26.592483333333334
2023-07-18 01:00:00,26.0037
2023-07-18 02:00:00,26.280466666666666
2023-07-18 03:00:00,26.263133333333332
2023-07-18 04:00:00,26.230883333333335
2023-07-18 05:00:00,26.46463333333333
2023-07-18 06:00:00,26.71626666666667
2023-07-18 07:00:00,26.799733333333332
2023-07-18 08:00:00,26.558966666666667
2023-07-18 09:00:00,26.85825
2023-07-18 10:00:00,27.5213
2023-07-18 11:00:00,27.595466666666667
2023-07-18 12:00:00,27.861283333333333
2023-07-18 13:00:00,27.83605
2023-07-18 14:00:00,27.72445
2023-07-18 15:00:00,27.83305
2023-07-18 16:00:00,27.537316666666666
2023-07-18 17:00:00,27.798783333333333
2023-07-18 18:00:00,27.316283333333335
2023-07-18 19:00:00,26.902966666666668
2023-07-18 20:00:00,26.7269
2023-07-18 21:00:00,26.866433333333337
2023-07-18 22:00:00,26.98885
2023-07-18 23:00:00,26.838
2023-07-19 00:00:00,26.318566666666666
2023-07-19 01:00:00,26.439616666666666
2023-07-19 02:00:00,26.5333
2023-07-19 03:00:00,26.484916666666667
2023-07-19 04:00:00,26.270899999999997
2023-07-19 05:00:00,26.151816666666665
2023-07-19 06:00:00,26.23456666666667
2023-07-19 07:00:00,26.580683333333333
2023-07-19 08:00:00,27.219583333333333
2023-07-19 09:00:00,28.166216666666667
2023-07-19 10:00:00,27.56455
2023-07-19 11:00:00,28.082516666666667
2023-07-19 12:00:00,28.005716666666668
2023-07-19 13:00:00,28.51498333333333
2023-07-19 14:00:00,28.43116666666667
2023-07-19 15:00:00,28.297916666666666
2023-07-19 16:00:00,28.149683333333332
2023-07-19 17:00:00,27.958450000000003
2023-07-19 18:00:00,27.37455
2023-07-19 19:00:00,26.951283333333333
2023-07-19 20:00:00,26.8199
2023-07-19 21:00:00,26.56135
2023-07-19 22:00:00,26.638416666666668
2023-07-19 23:00:00,26.546816666666665
2023-07-20 00:00:00,26.917849999999998
2023-07-20 01:00:00,26.680416666666666
2023-07-20 02:00:00,26.260550000000002
2023-07-20 03:00:00,25.705750000000002
2023-07-20 04:00:00,26.072
2023-07-20 05:00:00,25.37118333333333
2023-07-20 06:00:00,25.707800000000002
2023-07-20 07:00:00,27.55708333333333
2023-07-20 08:00:00,30.016650000000002
2023-07-20 09:00:00,30.266283333333334
2023-07-20 10:00:00,31.536716666666667
2023-07-20 11:00:00,31.30913333333333
2023-07-20 12:00:00,31.3617
2023-07-20 13:00:00,30.327316666666665
2023-07-20 14:00:00,30.80953333333333
2023-07-20 15:00:00,30.38025
2023-07-20 16:00:00,29.442516666666666
2023-07-20 17:00:00,28.806766666666665
2023-07-20 18:00:00,28.51855
2023-07-20 19:00:00,28.029433333333333
2023-07-20 20:00:00,27.297816666666666
2023-07-20 21:00:00,26.944116666666666
2023-07-20 22:00:00,26.606416666666668
2023-07-20 23:00:00,26.57615
2023-07-21 00:00:00,26.651266666666668
2023-07-21 01:00:00,26.390416666666667
2023-07-21 02:00:00,26.317933333333333
2023-07-21 03:00:00,26.55228333333333
2023-07-21 04:00:00,26.241466666666668
2023-07-21 05:00:00,26.064566666666668
2023-07-21 06:00:00,26.450933333333335
2023-07-21 07:00:00,29.2524
2023-07-21 08:00:00,32.38636666666667
2023-07-21 09:00:00,34.0906
2023-07-21 10:00:00,33.45258333333333
2023-07-21 11:00:00,33.70751666666667
2023-07-21 12:00:00,33.11906666666667
2023-07-21 13:00:00,33.36395
2023-07-21 14:00:00,32.2151
2023-07-21 15:00:00,31.98025
2023-07-21 16:00:00,31.219933333333334
2023-07-21 17:00:00,29.90198333333333
2023-07-21 18:00:00,29.181583333333332
2023-07-21 19:00:00,28.467699999999997
2023-07-21 20:00:00,28.153450000000003
2023-07-21 21:00:00,27.713733333333334
2023-07-21 22:00:00,27.436233333333334
2023-07-21 23:00:00,27.157766666666664
2023-07-22 00:00:00,27.110983333333333
2023-07-22 01:00:00,27.037066666666664
2023-07-22 02:00:00,26.72843333333333
2023-07-22 03:00:00,26.7612
2023-07-22 04:00:00,26.50041666666667
2023-07-22 05:00:00,26.5054
2023-07-22 06:00:00,26.915433333333333
2023-07-22 07:00:00,28.727283333333332
2023-07-22 08:00:00,31.69425
2023-07-22 09:00:00,33.0127
2023-07-22 10:00:00,33.043216666666666
2023-07-22 11:00:00,32.814366666666665
2023-07-22 12:00:00,32.72461666666667
2023-07-22 13:00:00,32.66271666666667
2023-07-22 14:00:00,31.7199
2023-07-22 15:00:00,31.673516666666668
2023-07-22 16:00:00,31.150766666666666
2023-07-22 17:00:00,29.05125
2023-07-22 18:00:00,28.29508333333333
2023-07-22 19:00:00,27.553350000000002
2023-07-22 20:00:00,27.316033333333333
2023-07-22 21:00:00,27.322316666666666
2023-07-22 22:00:00,27.331500000000002
2023-07-22 23:00:00,27.353216666666665
2023-07-23 00:00:00,27.366966666666666
2023-07-23 01:00:00,27.173333333333336
2023-07-23 02:00:00,27.32668333333333
2023-07-23 03:00:00,27.1225
2023-07-23 04:00:00,26.657899999999998
2023-07-23 05:00:00,26.621333333333332
2023-07-23 06:00:00,26.735599999999998
2023-07-23 07:00:00,28.284883333333333
2023-07-23 08:00:00,31.31726666666667
2023-07-23 09:00:00,33.05031666666667
2023-07-23 10:00:00,33.62193333333333
2023-07-23 11:00:00,33.56491666666667
2023-07-23 12:00:00,32.9694
2023-07-23 13:00:00,32.43305
2023-07-23 14:00:00,32.795
2023-07-23 15:00:00,31.9074
2023-07-23 16:00:00,30.739383333333333
2023-07-23 17:00:00,29.658016666666665
2023-07-23 18:00:00,28.740816666666667
2023-07-23 19:00:00,27.8623
2023-07-23 20:00:00,27.521349999999998
2023-07-23 21:00:00,27.49046666666667
2023-07-23 22:00:00,27.314116666666667
2023-07-23 23:00:00,27.2088
2023-07-24 00:00:00,27.0501
2023-07-24 01:00:00,27.041066666666666
2023-07-24 02:00:00,27.004816666666667
2023-07-24 03:00:00,27.30345
2023-07-24 04:00:00,26.79778333333333
2023-07-24 05:00:00,26.582333333333334
2023-07-24 06:00:00,27.228416666666664
2023-07-24 07:00:00,30.474816666666666
2023-07-24 08:00:00,33.23701666666667
2023-07-24 09:00:00,33.39216666666667
2023-07-24 10:00:00,33.10225
2023-07-24 11:00:00,33.05525
2023-07-24 12:00:00,33.01821666666667
2023-07-24 13:00:00,32.85926666666667
2023-07-24 14:00:00,32.584983333333334
2023-07-24 15:00:00,30.773916666666665
2023-07-24 16:00:00,29.465633333333333
2023-07-24 17:00:00,29.226566666666667
2023-07-24 18:00:00,28.611283333333333
2023-07-24 19:00:00,27.736966666666667
2023-07-24 20:00:00,27.279866666666667
2023-07-24 21:00:00,27.3125
2023-07-24 22:00:00,27.283516666666667
2023-07-24 23:00:00,26.9269
2023-07-25 00:00:00,26.93045
2023-07-25 01:00:00,26.845716666666664
2023-07-25 02:00:00,26.590700000000002
2023-07-25 03:00:00,26.598233333333333
2023-07-25 04:00:00,26.4279
2023-07-25 05:00:00,26.112366666666667
2023-07-25 06:00:00,27.0228
2023-07-25 07:00:00,29.9751
2023-07-25 08:00:00,32.55048333333333
2023-07-25 09:00:00,34.250416666666666
2023-07-25 10:00:00,34.36558333333333
2023-07-25 11:00:00,34.2538
2023-07-25 12:00:00,34.61553333333333
2023-07-25 13:00:00,34.88825
2023-07-25 14:00:00,36.211933333333334
2023-07-25 15:00:00,36.59611666666667
2023-07-25 16:00:00,35.33583333333333
2023-07-25 17:00:00,32.72521666666667
2023-07-25 18:00:00,31.55145
2023-07-25 19:00:00,30.501516666666664
2023-07-25 20:00:00,30.120099999999997
2023-07-25 21:00:00,30.201050000000002
2023-07-25 22:00:00,29.871033333333333
2023-07-25 23:00:00,29.60965
2023-07-26 00:00:00,29.772566666666666
2023-07-26 01:00:00,28.209966666666666
2023-07-26 02:00:00,27.44795
2023-07-26 03:00:00,27.310033333333333
2023-07-26 04:00:00,27.212283333333335
2023-07-26 05:00:00,26.9824
2023-07-26 06:00:00,27.59985
2023-07-26 07:00:00,30.23848333333333
2023-07-26 08:00:00,33.149033333333335
2023-07-26 09:00:00,35.878299999999996
2023-07-26 10:00:00,36.58663333333333
2023-07-26 11:00:00,35.36193333333333
2023-07-26 12:00:00,35.13668333333333
2023-07-26 13:00:00,34.79885
2023-07-26 14:00:00,34.35498333333333
2023-07-26 15:00:00,35.621116666666666
2023-07-26 16:00:00,34.439949999999996
2023-07-26 17:00:00,32.49058333333333
2023-07-26 18:00:00,31.812583333333336
2023-07-26 19:00:00,30.6929
2023-07-26 20:00:00,29.8012
2023-07-26 21:00:00,29.934216666666668
2023-07-26 22:00:00,30.351516666666665
2023-07-26 23:00:00,30.6391
2023-07-27 00:00:00,30.962899999999998
2023-07-27 01:00:00,30.81676666666667
2023-07-27 02:00:00,30.808133333333334
2023-07-27 03:00:00,30.579016666666668
2023-07-27 04:00:00,30.223033333333333
2023-07-27 05:00:00,29.9189
2023-07-27 06:00:00,30.1861
2023-07-27 07:00:00,32.772283333333334
2023-07-27 08:00:00,35.397016666666666
2023-07-27 09:00:00,36.700633333333336
2023-07-27 10:00:00,36.75366666666666
2023-07-27 11:00:00,37.771683333333335
2023-07-27 12:00:00,38.550783333333335
2023-07-27 13:00:00,37.899300000000004
2023-07-27 14:00:00,37.80935
2023-07-27 15:00:00,33.68155
2023-07-27 16:00:00,34.18873333333333
2023-07-27 17:00:00,32.72995
2023-07-27 18:00:00,32.19271666666667
2023-07-27 19:00:00,27.99455
2023-07-27 20:00:00,27.028183333333335
2023-07-27 21:00:00,27.622733333333333
2023-07-27 22:00:00,27.738916666666668
2023-07-27 23:00:00,27.83805
2023-07-28 00:00:00,28.49386666666667
2023-07-28 01:00:00,28.597583333333333
2023-07-28 02:00:00,28.87135
2023-07-28 03:00:00,29.07415
2023-07-28 04:00:00,29.32425
2023-07-28 05:00:00,28.970816666666668
2023-07-28 06:00:00,29.033366666666666
2023-07-28 07:00:00,30.370816666666666
2023-07-28 08:00:00,33.491883333333334
2023-07-28 09:00:00,35.60493333333333
2023-07-28 10:00:00,35.68853333333333
2023-07-28 11:00:00,34.53
2023-07-28 12:00:00,35.865316666666665
2023-07-28 13:00:00,36.31653333333334
2023-07-28 14:00:00,36.491233333333334
2023-07-28 15:00:00,35.98931666666667
2023-07-28 16:00:00,33.68011666666667
2023-07-28 17:00:00,32.9215
2023-07-28 18:00:00,31.295683333333333
2023-07-28 19:00:00,30.7347
2023-07-28 20:00:00,30.612366666666667
2023-07-28 21:00:00,30.20553333333333
2023-07-28 22:00:00,30.141666666666666
2023-07-28 23:00:00,29.842916666666667
2023-07-29 00:00:00,29.716216666666664
2023-07-29 01:00:00,29.5714
2023-07-29 02:00:00,29.179883333333336
2023-07-29 03:00:00,29.086516666666668
2023-07-29 04:00:00,28.754416666666668
2023-07-29 05:00:00,28.192666666666664
2023-07-29 06:00:00,27.442866666666664
2023-07-29 07:00:00,26.995783333333335
2023-07-29 08:00:00,26.56445
2023-07-29 09:00:00,26.372766666666667
2023-07-29 10:00:00,26.2864
2023-07-29 11:00:00,27.372200000000003
2023-07-29 12:00:00,28.644383333333334
2023-07-29 13:00:00,29.9543
2023-07-29 14:00:00,30.3904
2023-07-29 15:00:00,29.422349999999998
2023-07-29 16:00:00,29.748333333333335
2023-07-29 17:00:00,29.090016666666667
2023-07-29 18:00:00,27.618833333333335
2023-07-29 19:00:00,27.48795
2023-07-29 20:00:00,26.905083333333334
2023-07-29 21:00:00,26.839066666666668
2023-07-29 22:00:00,26.824283333333334
2023-07-29 23:00:00,26.12655
2023-07-30 00:00:00,26.459166666666665
2023-07-30 01:00:00,26.7681
2023-07-30 02:00:00,26.795399999999997
2023-07-30 03:00:00,26.764233333333333
2023-07-30 04:00:00,27.04095
2023-07-30 05:00:00,27.280016666666665
2023-07-30 06:00:00,27.3593
2023-07-30 07:00:00,28.339299999999998
2023-07-30 08:00:00,28.700666666666667
2023-07-30 09:00:00,29.503592592592593
2023-07-30 10:00:00,30.84916666666667
2023-07-30 11:00:00,30.119149999999998
2023-07-30 12:00:00,28.667199999999998
2023-07-30 13:00:00,28.732516666666665
2023-07-30 14:00:00,29.4646
2023-07-30 15:00:00,27.89865
2023-07-30 16:00:00,27.379849999999998
2023-07-30 17:00:00,27.815183333333334
2023-07-30 18:00:00,27.30366666666667
2023-07-30 19:00:00,26.739166666666666
2023-07-30 20:00:00,26.84565
2023-07-30 21:00:00,26.967750000000002
2023-07-30 22:00:00,26.881333333333334
2023-07-30 23:00:00,26.8684
2023-07-31 00:00:00,25.704133333333335
2023-07-31 01:00:00,26.062116666666668
2023-07-31 02:00:00,26.59736666666667
2023-07-31 03:00:00,26.516933333333334
2023-07-31 04:00:00,26.513766666666665
2023-07-31 05:00:00,26.403116666666666
2023-07-31 06:00:00,26.359516666666664
2023-07-31 07:00:00,28.386416666666666
2023-07-31 08:00:00,31.619366666666668
2023-07-31 09:00:00,32.266016666666665
2023-07-31 10:00:00,32.40631666666666
2023-07-31 11:00:00,32.688
2023-07-31 12:00:00,31.650633333333335
2023-07-31 13:00:00,31.55438333333333
2023-07-31 14:00:00,30.309266666666666
2023-07-31 15:00:00,29.11055
2023-07-31 16:00:00,27.812866666666665
2023-07-31 17:00:00,27.25423333333333
2023-07-31 18:00:00,26.7627
2023-07-31 19:00:00,26.437316666666668
2023-07-31 20:00:00,26.376766666666665
2023-07-31 21:00:00,26.295566666666666
2023-07-31 22:00:00,26.439666666666668
2023-07-31 23:00:00,26.458283333333334
2023-08-01 00:00:00,26.409033333333333
2023-08-01 01:00:00,26.0518
2023-08-01 02:00:00,26.105700000000002
2023-08-01 03:00:00,26.067416666666666
2023-08-01 04:00:00,25.906083333333335
2023-08-01 05:00:00,25.855016666666664
2023-08-01 06:00:00,26.04485
2023-08-01 07:00:00,29.260133333333332
2023-08-01 08:00:00,32.34753333333334
2023-08-01 09:00:00,33.30511666666667
2023-08-01 10:00:00,32.15443333333334
2023-08-01 11:00:00,33.20565
2023-08-01 12:00:00,32.94983333333333
2023-08-01 13:00:00,30.448916666666666
2023-08-01 14:00:00,30.287166666666668
2023-08-01 15:00:00,32.2731
2023-08-01 16:00:00,31.8511
2023-08-01 17:00:00,28.9717
2023-08-01 18:00:00,28.0228
2023-08-01 19:00:00,27.037249999999997
2023-08-01 20:00:00,26.897100000000002
2023-08-01 21:00:00,26.577566666666666
2023-08-01 22:00:00,26.74233333333333
2023-08-01 23:00:00,26.588516666666667
2023-08-02 00:00:00,26.529816666666665
2023-08-02 01:00:00,26.273333333333333
2023-08-02 02:00:00,26.2226
2023-08-02 03:00:00,26.4085
2023-08-02 04:00:00,26.279416666666666
2023-08-02 05:00:00,26.130266666666667
2023-08-02 06:00:00,26.361816666666666
2023-08-02 07:00:00,29.311666666666667
2023-08-02 08:00:00,32.58933333333333
2023-08-02 09:00:00,34.175333333333334
2023-08-02 10:00:00,33.564083333333336
2023-08-02 11:00:00,33.094566666666665
2023-08-02 12:00:00,33.0062
2023-08-02 13:00:00,32.571583333333336
2023-08-02 14:00:00,33.17195
2023-08-02 15:00:00,32.51475
2023-08-02 16:00:00,31.896733333333334
2023-08-02 17:00:00,29.367783333333332
2023-08-02 18:00:00,28.44715
2023-08-02 19:00:00,28.0072
2023-08-02 20:00:00,27.178066666666666
2023-08-02 21:00:00,26.9344
2023-08-02 22:00:00,26.926550000000002
2023-08-02 23:00:00,26.943550000000002
2023-08-03 00:00:00,26.746233333333336
2023-08-03 01:00:00,26.42345
2023-08-03 02:00:00,26.058133333333334
2023-08-03 03:00:00,26.01015
2023-08-03 04:00:00,26.128800000000002
2023-08-03 05:00:00,25.900433333333336
2023-08-03 06:00:00,26.225866666666665
2023-08-03 07:00:00,29.84733333333333
2023-08-03 08:00:00,33.15371666666667
2023-08-03 09:00:00,33.952216666666665
2023-08-03 10:00:00,34.39275
2023-08-03 11:00:00,33.86143333333333
2023-08-03 12:00:00,34.009116666666664
2023-08-03 13:00:00,34.73016666666667
2023-08-03 14:00:00,34.38616666666667
2023-08-03 15:00:00,33.03143333333333
2023-08-03 16:00:00,32.55096666666667
2023-08-03 17:00:00,30.4585
2023-08-03 18:00:00,29.42278333333333
2023-08-03 19:00:00,28.878633333333333
2023-08-03 20:00:00,28.813499999999998
2023-08-03 21:00:00,28.789916666666667
2023-08-03 22:00:00,28.692766666666667
2023-08-03 23:00:00,28.68565
2023-08-04 00:00:00,28.62523333333333
2023-08-04 01:00:00,28.4235
2023-08-04 02:00:00,28.536716666666667
2023-08-04 03:00:00,27.641916666666667
2023-08-04 04:00:00,27.122116666666667
2023-08-04 05:00:00,27.57205
2023-08-04 06:00:00,27.834816666666665
2023-08-04 07:00:00,28.440549999999998
2023-08-04 08:00:00,28.7321
2023-08-04 09:00:00,30.770966666666666
2023-08-04 10:00:00,32.853433333333335
2023-08-04 11:00:00,32.90428333333333
2023-08-04 12:00:00,34.23813333333333
2023-08-04 13:00:00,34.04533333333333
2023-08-04 14:00:00,33.934133333333335
2023-08-04 15:00:00,33.56528333333333
2023-08-04 16:00:00,32.437333333333335
2023-08-04 17:00:00,30.67145
2023-08-04 18:00:00,29.664416666666668
2023-08-04 19:00:00,28.82415
2023-08-04 20:00:00,28.644516666666668
2023-08-04 21:00:00,28.594
2023-08-04 22:00:00,28.661566666666666
2023-08-04 23:00:00,28.8293
2023-08-05 00:00:00,28.776516666666666
2023-08-05 01:00:00,28.6871
2023-08-05 02:00:00,28.70678333333333
2023-08-05 03:00:00,28.70025
2023-08-05 04:00:00,28.772466666666666
2023-08-05 05:00:00,28.747766666666667
2023-08-05 06:00:00,28.8644
2023-08-05 07:00:00,29.410149999999998
2023-08-05 08:00:00,29.301
2023-08-05 09:00:00,26.95651666666667
2023-08-05 10:00:00,28.682333333333336
2023-08-05 11:00:00,32.311416666666666
2023-08-05 12:00:00,33.27195
2023-08-05 13:00:00,33.04011666666666
2023-08-05 14:00:00,32.689233333333334
2023-08-05 15:00:00,32.691766666666666
2023-08-05 16:00:00,32.34396666666667
2023-08-05 17:00:00,30.393066666666666
2023-08-05 18:00:00,29.621333333333332
2023-08-05 19:00:00,28.97148333333333
2023-08-05 20:00:00,28.983349999999998
2023-08-05 21:00:00,28.9061
2023-08-05 22:00:00,28.906533333333336
2023-08-05 23:00:00,28.810766666666666
2023-08-06 00:00:00,28.70563333333333
2023-08-06 01:00:00,28.649983333333335
2023-08-06 02:00:00,28.506916666666665
2023-08-06 03:00:00,28.480316666666667
2023-08-06 04:00:00,28.36863333333333
2023-08-06 05:00:00,28.21145
2023-08-06 06:00:00,28.626666666666665
2023-08-06 07:00:00,29.853133333333336
2023-08-06 08:00:00,30.839233333333333
2023-08-06 09:00:00,28.7749
2023-08-06 10:00:00,30.146133333333335
2023-08-06 11:00:00,30.40615
2023-08-06 12:00:00,32.46418333333333
2023-08-06 13:00:00,32.50463333333333
2023-08-06 14:00:00,32.21035
2023-08-06 15:00:00,32.22853333333333
2023-08-06 16:00:00,32.05965
2023-08-06 17:00:00,29.998716666666667
2023-08-06 18:00:00,29.104
2023-08-06 19:00:00,28.7521
2023-08-06 20:00:00,28.62088333333333
2023-08-06 21:00:00,28.535866666666667
2023-08-06 22:00:00,28.502866666666666
2023-08-06 23:00:00,28.32861666666667
2023-08-07 00:00:00,28.35826666666667
2023-08-07 01:00:00,28.328833333333332
2023-08-07 02:00:00,27.9483
2023-08-07 03:00:00,27.62976666666667
2023-08-07 04:00:00,27.567999999999998
2023-08-07 05:00:00,27.551966666666665
2023-08-07 06:00:00,27.5917
2023-08-07 07:00:00,28.01471666666667
2023-08-07 08:00:00,27.480733333333333
2023-08-07 09:00:00,29.38445
2023-08-07 10:00:00,30.337483333333335
2023-08-07 11:00:00,28.71173333333333
2023-08-07 12:00:00,29.043333333333333
2023-08-07 13:00:00,29.479233333333333
2023-08-07 14:00:00,30.455166666666667
2023-08-07 15:00:00,31.774566666666665
2023-08-07 16:00:00,32.060050000000004
2023-08-07 17:00:00,30.373366666666666
2023-08-07 18:00:00,29.58135
2023-08-07 19:00:00,28.647
2023-08-07 20:00:00,28.077749999999998
2023-08-07 21:00:00,28.019333333333336
2023-08-07 22:00:00,28.158716666666667
2023-08-07 23:00:00,27.98225
2023-08-08 00:00:00,27.814383333333335
2023-08-08 01:00:00,27.816866666666666
2023-08-08 02:00:00,28.090700000000002
2023-08-08 03:00:00,27.811983333333334
2023-08-08 04:00:00,27.288283333333332
2023-08-08 05:00:00,27.34985
2023-08-08 06:00:00,26.993283333333334
2023-08-08 07:00:00,27.871333333333332
2023-08-08 08:00:00,29.4986
2023-08-08 09:00:00,32.17816666666667
2023-08-08 10:00:00,32.02041666666666
2023-08-08 11:00:00,32.404
2023-08-08 12:00:00,31.5362
2023-08-08 13:00:00,34.342666666666666
2023-08-08 14:00:00,32.7517
2023-08-08 15:00:00,32.227650000000004
2023-08-08 16:00:00,31.469716666666667
2023-08-08 17:00:00,30.120600000000003
2023-08-08 18:00:00,29.195033333333335
2023-08-08 19:00:00,28.667366666666666
2023-08-08 20:00:00,28.1735
2023-08-08 21:00:00,27.995483333333333
2023-08-08 22:00:00,28.020899999999997
2023-08-08 23:00:00,27.886783333333334
2023-08-09 00:00:00,27.341583333333336
2023-08-09 01:00:00,27.104166666666668
2023-08-09 02:00:00,27.019866666666665
2023-08-09 03:00:00,26.910933333333332
2023-08-09 04:00:00,26.773633333333333
2023-08-09 05:00:00,27.30503333333333
2023-08-09 06:00:00,27.956916666666665
2023-08-09 07:00:00,29.54596666666667
2023-08-09 08:00:00,30.234616666666668
2023-08-09 09:00:00,31.843433333333333
2023-08-09 10:00:00,30.70835
2023-08-09 11:00:00,32.250933333333336
2023-08-09 12:00:00,33.28561666666666
2023-08-09 13:00:00,34.9521
2023-08-09 14:00:00,35.42085
2023-08-09 15:00:00,35.602333333333334
2023-08-09 16:00:00,34.19631666666667
2023-08-09 17:00:00,31.986716666666666
2023-08-09 18:00:00,30.14385
2023-08-09 19:00:00,29.47896666666667
2023-08-09 20:00:00,29.501233333333335
2023-08-09 21:00:00,29.226200000000002
2023-08-09 22:00:00,28.9422
2023-08-09 23:00:00,28.749633333333335
2023-08-10 00:00:00,28.772433333333332
2023-08-10 01:00:00,28.571966666666665
2023-08-10 02:00:00,28.421
2023-08-10 03:00:00,28.268016666666668
2023-08-10 04:00:00,28.175766666666668
2023-08-10 05:00:00,28.313499999999998
2023-08-10 06:00:00,28.3048
2023-08-10 07:00:00,28.609816666666667
2023-08-10 08:00:00,29.206416666666666
2023-08-10 09:00:00,29.916033333333335
2023-08-10 10:00:00,32.244816666666665
2023-08-10 11:00:00,31.40095
2023-08-10 12:00:00,28.729633333333332
2023-08-10 13:00:00,25.663316666666667
2023-08-10 14:00:00,25.752116666666666
2023-08-10 15:00:00,26.755566666666667
2023-08-10 16:00:00,27.169283333333333
2023-08-10 17:00:00,27.641866666666665
2023-08-10 18:00:00,27.652316666666664
2023-08-10 19:00:00,27.36916666666667
2023-08-10 20:00:00,27.192166666666665
2023-08-10 21:00:00,27.245033333333332
2023-08-10 22:00:00,27.3508
2023-08-10 23:00:00,27.644916666666667
2023-08-11 00:00:00,27.12315
2023-08-11 01:00:00,26.5405
2023-08-11 02:00:00,24.981716666666667
2023-08-11 03:00:00,24.990483333333334
2023-08-11 04:00:00,24.8199
2023-08-11 05:00:00,24.92168333333333
2023-08-11 06:00:00,25.42748333333333
2023-08-11 07:00:00,27.333866666666665
2023-08-11 08:00:00,28.76935
2023-08-11 09:00:00,29.385350000000003
2023-08-11 10:00:00,27.723716666666668
2023-08-11 11:00:00,26.533849999999997
2023-08-11 12:00:00,28.696716666666667
2023-08-11 13:00:00,30.941750000000003
2023-08-11 14:00:00,31.85105
2023-08-11 15:00:00,29.774566666666665
2023-08-11 16:00:00,29.036383333333333
2023-08-11 17:00:00,28.32603333333333
2023-08-11 18:00:00,27.176683333333337
2023-08-11 19:00:00,26.971666666666668
2023-08-11 20:00:00,27.019833333333334
2023-08-11 21:00:00,26.990916666666667
2023-08-11 22:00:00,27.005616666666665
2023-08-11 23:00:00,26.401266666666668
2023-08-12 00:00:00,25.959566666666667
2023-08-12 01:00:00,26.20025
2023-08-12 02:00:00,25.119666666666667
2023-08-12 03:00:00,25.30411666666667
2023-08-12 04:00:00,25.088016666666665
2023-08-12 05:00:00,25.179199999999998
2023-08-12 06:00:00,25.45606666666667
2023-08-12 07:00:00,26.452833333333334
2023-08-12 08:00:00,28.716433333333335
2023-08-12 09:00:00,31.47058333333333
2023-08-12 10:00:00,31.748883333333332
2023-08-12 11:00:00,31.792133333333332
2023-08-12 12:00:00,32.40688333333333
2023-08-12 13:00:00,32.681016666666665
2023-08-12 14:00:00,32.4143
2023-08-12 15:00:00,30.151116666666667
2023-08-12 16:00:00,30.573433333333334
2023-08-12 17:00:00,29.40925
2023-08-12 18:00:00,28.252799999999997
2023-08-12 19:00:00,27.521366666666665
2023-08-12 20:00:00,27.376433333333335
2023-08-12 21:00:00,27.39881666666667
2023-08-12 22:00:00,26.891283333333334
2023-08-12 23:00:00,26.508483333333334
2023-08-13 00:00:00,26.66306666666667
2023-08-13 01:00:00,26.88311666666667
2023-08-13 02:00:00,26.665883333333333
2023-08-13 03:00:00,26.756149999999998
2023-08-13 04:00:00,26.357366666666667
2023-08-13 05:00:00,26.344616666666663
2023-08-13 06:00:00,26.368916666666667
2023-08-13 07:00:00,27.08608333333333
2023-08-13 08:00:00,29.200666666666667
2023-08-13 09:00:00,29.465
2023-08-13 10:00:00,27.798316666666665
2023-08-13 11:00:00,27.600916666666667
2023-08-13 12:00:00,30.672316666666667
2023-08-13 13:00:00,28.504733333333334
2023-08-13 14:00:00,28.48003333333333
2023-08-13 15:00:00,27.250833333333333
2023-08-13 16:00:00,26.82561666666667
2023-08-13 17:00:00,26.793133333333333
2023-08-13 18:00:00,27.068066666666667
2023-08-13 19:00:00,27.061533333333333
2023-08-13 20:00:00,27.141183333333334
2023-08-13 21:00:00,27.027800000000003
2023-08-13 22:00:00,27.084
2023-08-13 23:00:00,26.726533333333336
2023-08-14 00:00:00,25.812833333333334
2023-08-14 01:00:00,25.990216666666665
2023-08-14 02:00:00,26.125233333333334
2023-08-14 03:00:00,25.250166666666665
2023-08-14 04:00:00,25.569133333333333
2023-08-14 05:00:00,25.914783333333332
2023-08-14 06:00:00,26.146833333333333
2023-08-14 07:00:00,27.10925
2023-08-14 08:00:00,27.985533333333333
2023-08-14 09:00:00,29.719299999999997
2023-08-14 10:00:00,30.522199999999998
2023-08-14 11:00:00,28.734983333333332
2023-08-14 12:00:00,28.711583333333333
2023-08-14 13:00:00,29.990166666666667
2023-08-14 14:00:00,31.820066666666666
2023-08-14 15:00:00,31.771016666666664
2023-08-14 16:00:00,31.23121666666667
2023-08-14 17:00:00,29.82565
2023-08-14 18:00:00,28.815416666666668
2023-08-14 19:00:00,28.220566666666667
2023-08-14 20:00:00,27.618299999999998
2023-08-14 21:00:00,27.984849999999998
2023-08-14 22:00:00,27.714716666666668
2023-08-14 23:00:00,26.890233333333335
2023-08-15 00:00:00,26.828683333333334
2023-08-15 01:00:00,26.99386666666667
2023-08-15 02:00:00,27.167183333333334
2023-08-15 03:00:00,27.13975
2023-08-15 04:00:00,27.19268333333333
2023-08-15 05:00:00,27.14285
2023-08-15 06:00:00,27.293866666666666
2023-08-15 07:00:00,29.731966666666665
2023-08-15 08:00:00,32.25496666666667
2023-08-15 09:00:00,33.53528333333333
2023-08-15 10:00:00,33.780683333333336
2023-08-15 11:00:00,33.41478333333333
2023-08-15 12:00:00,32.55683333333334
2023-08-15 13:00:00,33.67326666666666
2023-08-15 14:00:00,30.944033333333334
2023-08-15 15:00:00,32.48786666666667
2023-08-15 16:00:00,32.3332
2023-08-15 17:00:00,30.399966666666668
2023-08-15 18:00:00,29.304216666666665
2023-08-15 19:00:00,28.62675
2023-08-15 20:00:00,28.076183333333333
2023-08-15 21:00:00,27.959166666666665
2023-08-15 22:00:00,27.995099999999997
2023-08-15 23:00:00,28.005433333333333
2023-08-16 00:00:00,28.173916666666667
2023-08-16 01:00:00,28.092783333333333
2023-08-16 02:00:00,28.221383333333332
2023-08-16 03:00:00,27.866683333333334
2023-08-16 04:00:00,27.803283333333333
2023-08-16 05:00:00,27.883266666666668
2023-08-16 06:00:00,28.025483333333334
2023-08-16 07:00:00,29.34775
2023-08-16 08:00:00,30.8996
2023-08-16 09:00:00,32.555366666666664
2023-08-16 10:00:00,33.466116666666665
2023-08-16 11:00:00,33.16903333333333
2023-08-16 12:00:00,33.47005
2023-08-16 13:00:00,34.60888333333333
2023-08-16 14:00:00,34.76565
2023-08-16 15:00:00,34.695
2023-08-16 16:00:00,33.59536666666666
2023-08-16 17:00:00,31.549116666666666
2023-08-16 18:00:00,30.50075
2023-08-16 19:00:00,29.5701
2023-08-16 20:00:00,29.37793333333333
2023-08-16 21:00:00,29.05015
2023-08-16 22:00:00,29.023366666666668
2023-08-16 23:00:00,28.861
2023-08-17 00:00:00,28.861683333333335
2023-08-17 01:00:00,28.647616666666668
2023-08-17 02:00:00,28.4902
2023-08-17 03:00:00,28.580133333333333
2023-08-17 04:00:00,28.384283333333332
2023-08-17 05:00:00,28.31745
2023-08-17 06:00:00,28.40716666666667
2023-08-17 07:00:00,30.468883333333334
2023-08-17 08:00:00,31.999266666666664
2023-08-17 09:00:00,33.075
2023-08-17 10:00:00,33.857616666666665
2023-08-17 11:00:00,34.46628333333333
2023-08-17 12:00:00,33.283683333333336
2023-08-17 13:00:00,31.16485
2023-08-17 14:00:00,29.520249999999997
2023-08-17 15:00:00,28.623716666666667
2023-08-17 16:00:00,28.69835
2023-08-17 17:00:00,28.120333333333335
2023-08-17 18:00:00,28.205333333333332
2023-08-17 19:00:00,28.350383333333333
2023-08-17 20:00:00,28.462966666666667
2023-08-17 21:00:00,28.154016666666667
2023-08-17 22:00:00,28.037416666666665
2023-08-17 23:00:00,28.10301666666667
2023-08-18 00:00:00,28.364016666666664
2023-08-18 01:00:00,28.35103333333333
2023-08-18 02:00:00,28.32221666666667
2023-08-18 03:00:00,28.37858333333333
2023-08-18 04:00:00,27.998216666666668
2023-08-18 05:00:00,28.219333333333335
2023-08-18 06:00:00,28.325966666666666
2023-08-18 07:00:00,29.392016666666667
2023-08-18 08:00:00,31.173816666666667
2023-08-18 09:00:00,31.46895
2023-08-18 10:00:00,30.6603
2023-08-18 11:00:00,26.625966666666667
2023-08-18 12:00:00,25.62125
2023-08-18 13:00:00,26.515183333333333
2023-08-18 14:00:00,28.788333333333334
2023-08-18 15:00:00,30.363516666666666
2023-08-18 16:00:00,29.198483333333336
2023-08-18 17:00:00,27.934833333333334
2023-08-18 18:00:00,28.21375
2023-08-18 19:00:00,27.028916666666664
2023-08-18 20:00:00,26.73711666666667
2023-08-18 21:00:00,26.2774
2023-08-18 22:00:00,26.528366666666667
2023-08-18 23:00:00,26.44855
2023-08-19 00:00:00,26.294983333333334
2023-08-19 01:00:00,26.576316666666667
2023-08-19 02:00:00,26.70293333333333
2023-08-19 03:00:00,26.638866666666665
2023-08-19 04:00:00,26.462333333333333
2023-08-19 05:00:00,26.1713
2023-08-19 06:00:00,25.887900000000002
2023-08-19 07:00:00,26.650016666666666
2023-08-19 08:00:00,29.922633333333334
2023-08-19 09:00:00,31.748933333333333
2023-08-19 10:00:00,28.6462
2023-08-19 11:00:00,27.912683333333334
2023-08-19 12:00:00,28.918733333333332
2023-08-19 13:00:00,27.28975
2023-08-19 14:00:00,27.590466666666668
2023-08-19 15:00:00,28.516416666666665
2023-08-19 16:00:00,30.311266666666665
2023-08-19 17:00:00,29.36135
2023-08-19 18:00:00,28.36528333333333
2023-08-19 19:00:00,27.538016666666667
2023-08-19 20:00:00,27.038416666666667
2023-08-19 21:00:00,26.7225
2023-08-19 22:00:00,26.685233333333333
2023-08-19 23:00:00,26.698066666666666
2023-08-20 00:00:00,26.560616666666665
2023-08-20 01:00:00,26.184033333333332
2023-08-20 02:00:00,26.341066666666666
2023-08-20 03:00:00,26.52781666666667
2023-08-20 04:00:00,26.5626
2023-08-20 05:00:00,26.353816666666667
2023-08-20 06:00:00,26.183033333333334
2023-08-20 07:00:00,26.517916666666668
2023-08-20 08:00:00,29.637516666666667
2023-08-20 09:00:00,33.109383333333334
2023-08-20 10:00:00,33.08946666666667
2023-08-20 11:00:00,30.492683333333332
2023-08-20 12:00:00,31.038416666666667
2023-08-20 13:00:00,31.061316666666666
2023-08-20 14:00:00,30.311866666666667
2023-08-20 15:00:00,30.46455
2023-08-20 16:00:00,29.44135
2023-08-20 17:00:00,28.4828
2023-08-20 18:00:00,27.54981666666667
2023-08-20 19:00:00,27.02385
2023-08-20 20:00:00,26.98121666666667
2023-08-20 21:00:00,26.793683333333334
2023-08-20 22:00:00,26.250816666666665
2023-08-20 23:00:00,25.3934
2023-08-21 00:00:00,25.2272
2023-08-21 01:00:00,25.680600000000002
2023-08-21 02:00:00,25.79105
2023-08-21 03:00:00,25.797483333333332
2023-08-21 04:00:00,25.71075
2023-08-21 05:00:00,25.834866666666667
2023-08-21 06:00:00,26.271583333333336
2023-08-21 07:00:00,27.5375
2023-08-21 08:00:00,30.736233333333335
2023-08-21 09:00:00,30.417583333333333
2023-08-21 10:00:00,33.49126666666667
2023-08-21 11:00:00,29.02896666666667
2023-08-21 12:00:00,31.19125
2023-08-21 13:00:00,31.21195
2023-08-21 14:00:00,28.384633333333333
2023-08-21 15:00:00,30.416316666666667
2023-08-21 16:00:00,29.771516666666667
2023-08-21 17:00:00,27.864483333333332
2023-08-21 18:00:00,27.198433333333334
2023-08-21 19:00:00,26.8336
2023-08-21 20:00:00,26.729016666666666
2023-08-21 21:00:00,26.356733333333334
2023-08-21 22:00:00,26.572
2023-08-21 23:00:00,26.62635
2023-08-22 00:00:00,26.241666666666667
2023-08-22 01:00:00,26.037366666666667
2023-08-22 02:00:00,26.00156666666667
2023-08-22 03:00:00,25.96145
2023-08-22 04:00:00,26.058116666666667
2023-08-22 05:00:00,26.05228333333333
2023-08-22 06:00:00,26.298366666666666
2023-08-22 07:00:00,29.479483333333334
2023-08-22 08:00:00,31.299316666666666
2023-08-22 09:00:00,32.4813
2023-08-22 10:00:00,33.56348333333333
2023-08-22 11:00:00,33.61096666666666
2023-08-22 12:00:00,32.22436666666667
2023-08-22 13:00:00,32.36168333333333
2023-08-22 14:00:00,32.03626666666666
2023-08-22 15:00:00,32.75315
2023-08-22 16:00:00,29.770783333333334
2023-08-22 17:00:00,28.964116666666666
2023-08-22 18:00:00,28.356066666666667
2023-08-22 19:00:00,27.82401666666667
2023-08-22 20:00:00,27.596783333333335
2023-08-22 21:00:00,27.424750000000003
2023-08-22 22:00:00,27.093533333333333
2023-08-22 23:00:00,27.288149999999998
2023-08-23 00:00:00,27.095166666666668
2023-08-23 01:00:00,27.064149999999998
2023-08-23 02:00:00,27.061833333333333
2023-08-23 03:00:00,26.925583333333336
2023-08-23 04:00:00,26.603583333333333
2023-08-23 05:00:00,26.592366666666667
2023-08-23 06:00:00,26.8797
2023-08-23 07:00:00,27.0852
2023-08-23 08:00:00,29.42285
2023-08-23 09:00:00,34.241416666666666
2023-08-23 10:00:00,34.88316666666666
2023-08-23 11:00:00,34.26391666666667
2023-08-23 12:00:00,34.11118333333334
2023-08-23 13:00:00,33.75496666666667
2023-08-23 14:00:00,32.4771
2023-08-23 15:00:00,32.19178333333333
2023-08-23 16:00:00,30.98815
2023-08-23 17:00:00,30.174433333333333
2023-08-23 18:00:00,28.848033333333333
2023-08-23 19:00:00,28.11818333333333
2023-08-23 20:00:00,27.849716666666666
2023-08-23 21:00:00,27.8369
2023-08-23 22:00:00,27.602416666666667
2023-08-23 23:00:00,27.15423333333333
2023-08-24 00:00:00,27.1161
2023-08-24 01:00:00,27.099916666666665
2023-08-24 02:00:00,27.340883333333334
2023-08-24 03:00:00,27.132033333333332
2023-08-24 04:00:00,26.384400000000003
2023-08-24 05:00:00,26.157716666666666
2023-08-24 06:00:00,25.937716666666667
2023-08-24 07:00:00,26.226733333333335
2023-08-24 08:00:00,26.017999999999997
2023-08-24 09:00:00,26.509166666666665
2023-08-24 10:00:00,28.137800000000002
2023-08-24 11:00:00,31.603133333333336
2023-08-24 12:00:00,32.50371666666667
2023-08-24 13:00:00,32.85751666666667
2023-08-24 14:00:00,31.90975
2023-08-24 15:00:00,30.807766666666666
2023-08-24 16:00:00,29.538816666666666
2023-08-24 17:00:00,28.60805
2023-08-24 18:00:00,27.010916666666667
2023-08-24 19:00:00,26.696733333333334
2023-08-24 20:00:00,26.64905
2023-08-24 21:00:00,26.6835
2023-08-24 22:00:00,26.5883
2023-08-24 23:00:00,26.412699999999997
2023-08-25 00:00:00,26.533549999999998
2023-08-25 01:00:00,26.649733333333334
2023-08-25 02:00:00,26.46601666666667
2023-08-25 03:00:00,26.077333333333335
2023-08-25 04:00:00,26.1783
2023-08-25 05:00:00,26.20903333333333
2023-08-25 06:00:00,26.26288333333333
2023-08-25 07:00:00,29.22148333333333
2023-08-25 08:00:00,33.78463333333333
2023-08-25 09:00:00,34.98706666666667
2023-08-25 10:00:00,35.78591666666667
2023-08-25 11:00:00,34.73218333333333
2023-08-25 12:00:00,36.13585
2023-08-25 13:00:00,32.37493333333334
2023-08-25 14:00:00,28.47445
2023-08-25 15:00:00,28.66525
2023-08-25 16:00:00,28.701849999999997
2023-08-25 17:00:00,28.230166666666666
2023-08-25 18:00:00,27.76785
2023-08-25 19:00:00,27.108716666666666
2023-08-25 20:00:00,26.90805
2023-08-25 21:00:00,26.807383333333334
2023-08-25 22:00:00,26.661566666666666
2023-08-25 23:00:00,26.595516666666665
2023-08-26 00:00:00,26.721333333333334
2023-08-26 01:00:00,26.616266666666668
2023-08-26 02:00:00,26.42135
2023-08-26 03:00:00,26.408933333333334
2023-08-26 04:00:00,26.5707
2023-08-26 05:00:00,26.40825
2023-08-26 06:00:00,26.69291666666667
2023-08-26 07:00:00,29.590616666666666
2023-08-26 08:00:00,30.841150000000003
2023-08-26 09:00:00,30.844616666666663
2023-08-26 10:00:00,33.49215
2023-08-26 11:00:00,30.86413333333333
2023-08-26 12:00:00,32.69178333333333
2023-08-26 13:00:00,33.13843333333333
2023-08-26 14:00:00,31.6281
2023-08-26 15:00:00,29.67285
2023-08-26 16:00:00,29.255033333333333
2023-08-26 17:00:00,29.0575
2023-08-26 18:00:00,28.159533333333336
2023-08-26 19:00:00,27.817466666666668
2023-08-26 20:00:00,27.425783333333335
2023-08-26 21:00:00,27.432233333333333
2023-08-26 22:00:00,27.524433333333334
2023-08-26 23:00:00,27.47076666666667
2023-08-27 00:00:00,27.45358333333333
2023-08-27 01:00:00,27.392516666666666
2023-08-27 02:00:00,27.25728333333333
2023-08-27 03:00:00,27.05625
2023-08-27 04:00:00,27.104166666666668
2023-08-27 05:00:00,27.227033333333335
2023-08-27 06:00:00,26.776283333333332
2023-08-27 07:00:00,26.695899999999998
2023-08-27 08:00:00,26.745533333333334
2023-08-27 09:00:00,27.695933333333336
2023-08-27 10:00:00,28.538183333333333
2023-08-27 11:00:00,29.98275
2023-08-27 12:00:00,31.17706666666667
2023-08-27 13:00:00,30.097083333333334
2023-08-27 14:00:00,31.560333333333332
2023-08-27 15:00:00,30.531366666666667
2023-08-27 16:00:00,29.5121
2023-08-27 17:00:00,28.530233333333335
2023-08-27 18:00:00,27.854866666666666
2023-08-27 19:00:00,27.12046666666667
2023-08-27 20:00:00,27.137483333333332
2023-08-27 21:00:00,27.202033333333336
2023-08-27 22:00:00,27.150233333333336
2023-08-27 23:00:00,27.0244
2023-08-28 00:00:00,27.013516666666664
2023-08-28 01:00:00,26.977833333333333
2023-08-28 02:00:00,27.09351666666667
2023-08-28 03:00:00,26.929983333333332
2023-08-28 04:00:00,26.653883333333333
2023-08-28 05:00:00,26.733066666666666
2023-08-28 06:00:00,25.920166666666667
2023-08-28 07:00:00,26.92
2023-08-28 08:00:00,29.1996
2023-08-28 09:00:00,30.967616666666668
2023-08-28 10:00:00,32.30785
2023-08-28 11:00:00,30.968683333333335
2023-08-28 12:00:00,32.51291666666667
2023-08-28 13:00:00,32.624383333333334
2023-08-28 14:00:00,33.205
2023-08-28 15:00:00,32.20806666666667
2023-08-28 16:00:00,29.85686666666667
2023-08-28 17:00:00,29.095916666666668
2023-08-28 18:00:00,28.198283333333332
2023-08-28 19:00:00,27.750983333333334
2023-08-28 20:00:00,27.844766666666665
2023-08-28 21:00:00,27.509533333333334
2023-08-28 22:00:00,27.59285
2023-08-28 23:00:00,27.43388333333333
2023-08-29 00:00:00,27.002149999999997
2023-08-29 01:00:00,26.911416666666664
2023-08-29 02:00:00,26.34146666666667
2023-08-29 03:00:00,26.509516666666666
2023-08-29 04:00:00,26.52785
2023-08-29 05:00:00,26.699516666666668
2023-08-29 06:00:00,26.795399999999997
2023-08-29 07:00:00,29.387549999999997
2023-08-29 08:00:00,31.800349999999998
2023-08-29 09:00:00,31.706766666666667
2023-08-29 10:00:00,33.98585
2023-08-29 11:00:00,34.99413333333334
2023-08-29 12:00:00,36.52726666666667
2023-08-29 13:00:00,36.123216666666664
2023-08-29 14:00:00,33.3283
2023-08-29 15:00:00,30.05085
2023-08-29 16:00:00,29.447583333333334
2023-08-29 17:00:00,29.529783333333334
2023-08-29 18:00:00,28.17395
2023-08-29 19:00:00,27.573233333333334
2023-08-29 20:00:00,27.355966666666667
2023-08-29 21:00:00,26.9721
2023-08-29 22:00:00,26.859283333333334
2023-08-29 23:00:00,26.592916666666667
2023-08-30 00:00:00,26.47758333333333
2023-08-30 01:00:00,26.334833333333332
2023-08-30 02:00:00,26.1259
2023-08-30 03:00:00,26.07968333333333
2023-08-30 04:00:00,25.86495
2023-08-30 05:00:00,25.50841666666667
2023-08-30 06:00:00,25.59265
2023-08-30 07:00:00,27.401166666666665
2023-08-30 08:00:00,28.362000000000002
2023-08-30 09:00:00,31.388466666666666
2023-08-30 10:00:00,31.994933333333332
2023-08-30 11:00:00,32.570883333333335
2023-08-30 12:00:00,34.42731666666667
2023-08-30 13:00:00,35.53256666666667
2023-08-30 14:00:00,35.5916
2023-08-30 15:00:00,34.969516666666664
2023-08-30 16:00:00,33.4305
2023-08-30 17:00:00,31.3481
2023-08-30 18:00:00,29.546883333333334
2023-08-30 19:00:00,28.466533333333334
2023-08-30 20:00:00,27.975199999999997
2023-08-30 21:00:00,27.605316666666667
2023-08-30 22:00:00,27.272483333333334
2023-08-30 23:00:00,26.928316666666667
2023-08-31 00:00:00,26.695433333333334
2023-08-31 01:00:00,26.538416666666667
2023-08-31 02:00:00,26.531133333333333
2023-08-31 03:00:00,26.526733333333333
2023-08-31 04:00:00,26.193616666666667
2023-08-31 05:00:00,26.5043
2023-08-31 06:00:00,26.485
2023-08-31 07:00:00,27.1793
2023-08-31 08:00:00,27.445383333333332
2023-08-31 09:00:00,28.371233333333333
2023-08-31 10:00:00,28.784216666666666
2023-08-31 11:00:00,30.765800000000002
2023-08-31 12:00:00,32.7995
2023-08-31 13:00:00,33.500566666666664
2023-08-31 14:00:00,33.7203
2023-08-31 15:00:00,32.44896666666667
2023-08-31 16:00:00,31.60455
2023-08-31 17:00:00,30.08788333333333
2023-08-31 18:00:00,29.34305
2023-08-31 19:00:00,28.077800000000003
2023-08-31 20:00:00,26.965483333333335
2023-08-31 21:00:00,27.05855
2023-08-31 22:00:00,27.377466666666667
2023-08-31 23:00:00,27.28085
2023-09-01 00:00:00,27.21895
2023-09-01 01:00:00,27.037733333333332
2023-09-01 02:00:00,26.812883333333332
2023-09-01 03:00:00,26.54025
2023-09-01 04:00:00,26.401133333333334
2023-09-01 05:00:00,26.3191
2023-09-01 06:00:00,26.398633333333333
2023-09-01 07:00:00,26.500433333333334
2023-09-01 08:00:00,26.620216666666668
2023-09-01 09:00:00,25.085833333333333
2023-09-01 10:00:00,26.089833333333335
2023-09-01 11:00:00,26.153683333333333
2023-09-01 12:00:00,24.95385
2023-09-01 13:00:00,24.60325
2023-09-01 14:00:00,24.39385
2023-09-01 15:00:00,24.4511
2023-09-01 16:00:00,24.508266666666668
2023-09-01 17:00:00,24.309116666666668
2023-09-01 18:00:00,24.136766666666666
2023-09-01 19:00:00,23.965433333333333
2023-09-01 20:00:00,24.155866666666668
2023-09-01 21:00:00,24.19535
2023-09-01 22:00:00,24.500183333333332
2023-09-01 23:00:00,24.253233333333334
2023-09-02 00:00:00,24.252233333333333
2023-09-02 01:00:00,24.44705
2023-09-02 02:00:00,24.658833333333334
2023-09-02 03:00:00,24.660766666666667
2023-09-02 04:00:00,24.628833333333333
2023-09-02 05:00:00,24.603533333333335
2023-09-02 06:00:00,24.489700000000003
2023-09-02 07:00:00,24.50048333333333
2023-09-02 08:00:00,24.26353333333333
2023-09-02 09:00:00,24.207133333333335
2023-09-02 10:00:00,24.128466666666668
2023-09-02 11:00:00,24.0883
2023-09-02 12:00:00,24.074516666666668
2023-09-02 13:00:00,23.96245
2023-09-02 14:00:00,24.07095
2023-09-02 15:00:00,24.114166666666666
2023-09-02 16:00:00,24.275516666666665
2023-09-02 17:00:00,24.45713333333333
2023-09-02 18:00:00,24.558100000000003
2023-09-02 19:00:00,24.616733333333332
2023-09-02 20:00:00,24.7432
2023-09-02 21:00:00,25.292316666666668
2023-09-02 22:00:00,25.005966666666666
2023-09-02 23:00:00,25.043316666666666
2023-09-03 00:00:00,25.34283333333333
2023-09-03 01:00:00,25.138516666666664
2023-09-03 02:00:00,25.075049999999997
2023-09-03 03:00:00,25.17236666666667
2023-09-03 04:00:00,25.101016666666666
2023-09-03 05:00:00,25.02505
2023-09-03 06:00:00,25.07225
2023-09-03 07:00:00,25.409816666666664
2023-09-03 08:00:00,28.334383333333335
2023-09-03 09:00:00,31.93981666666667
2023-09-03 10:00:00,33.134083333333336
2023-09-03 11:00:00,34.23211666666667
2023-09-03 12:00:00,35.17255
2023-09-03 13:00:00,35.6314
2023-09-03 14:00:00,35.810633333333335
2023-09-03 15:00:00,35.833933333333334
2023-09-03 16:00:00,33.497166666666665
2023-09-03 17:00:00,30.482766666666667
2023-09-03 18:00:00,29.00136666666667
2023-09-03 19:00:00,28.10295
2023-09-03 20:00:00,28.057383333333334
2023-09-03 21:00:00,28.39966666666667
2023-09-03 22:00:00,28.234466666666666
2023-09-03 23:00:00,28.426949999999998
2023-09-04 00:00:00,28.207366666666665
2023-09-04 01:00:00,28.018916666666666
2023-09-04 02:00:00,27.854366666666667
2023-09-04 03:00:00,28.1297
2023-09-04 04:00:00,28.015066666666666
2023-09-04 05:00:00,27.794050000000002
2023-09-04 06:00:00,27.443033333333336
2023-09-04 07:00:00,29.683033333333334
2023-09-04 08:00:00,32.68151666666667
2023-09-04 09:00:00,33.35081666666667
2023-09-04 10:00:00,34.6291
2023-09-04 11:00:00,35.791516666666666
2023-09-04 12:00:00,36.241616666666665
2023-09-04 13:00:00,36.713166666666666
2023-09-04 14:00:00,36.546283333333335
2023-09-04 15:00:00,34.144999999999996
2023-09-04 16:00:00,34.434650000000005
2023-09-04 17:00:00,32.52223333333333
2023-09-04 18:00:00,31.260933333333334
2023-09-04 19:00:00,30.350816666666667
2023-09-04 20:00:00,29.9371
2023-09-04 21:00:00,29.962033333333334
2023-09-04 22:00:00,29.49345
2023-09-04 23:00:00,29.066433333333336
2023-09-05 00:00:00,28.91081666666667
2023-09-05 01:00:00,28.7953
2023-09-05 02:00:00,28.521066666666666
2023-09-05 03:00:00,28.145833333333332
2023-09-05 04:00:00,28.233483333333332
2023-09-05 05:00:00,28.182983333333333
2023-09-05 06:00:00,28.050133333333335
2023-09-05 07:00:00,28.266650000000002
2023-09-05 08:00:00,28.879483333333333
2023-09-05 09:00:00,28.43735
2023-09-05 10:00:00,29.71398333333333
2023-09-05 11:00:00,29.92545
2023-09-05 12:00:00,29.792733333333334
2023-09-05 13:00:00,31.062783333333336
2023-09-05 14:00:00,31.27743333333333
2023-09-05 15:00:00,32.21953333333333
2023-09-05 16:00:00,30.930416666666666
2023-09-05 17:00:00,29.24865
2023-09-05 18:00:00,28.634966666666667
2023-09-05 19:00:00,28.165266666666664
2023-09-05 20:00:00,28.251766666666665
2023-09-05 21:00:00,28.3508
2023-09-05 22:00:00,28.145899999999997
2023-09-05 23:00:00,27.991483333333335
2023-09-06 00:00:00,27.844383333333333
2023-09-06 01:00:00,27.178733333333334
2023-09-06 02:00:00,27.400916666666667
2023-09-06 03:00:00,27.087466666666668
2023-09-06 04:00:00,27.272949999999998
2023-09-06 05:00:00,27.374933333333335
2023-09-06 06:00:00,27.163116666666667
2023-09-06 07:00:00,28.122533333333333
2023-09-06 08:00:00,29.90968333333333
2023-09-06 09:00:00,31.619483333333335
2023-09-06 10:00:00,34.53018333333333
2023-09-06 11:00:00,32.39373333333334
2023-09-06 12:00:00,30.770533333333333
2023-09-06 13:00:00,31.097616666666667
2023-09-06 14:00:00,31.66828333333333
2023-09-06 15:00:00,32.608716666666666
2023-09-06 16:00:00,31.549249999999997
2023-09-06 17:00:00,29.71795
2023-09-06 18:00:00,28.037100000000002
2023-09-06 19:00:00,27.180283333333332
2023-09-06 20:00:00,27.02725
2023-09-06 21:00:00,26.818033333333336
2023-09-06 22:00:00,26.7436
2023-09-06 23:00:00,26.421466666666667
2023-09-07 00:00:00,26.268466666666665
2023-09-07 01:00:00,26.09725
2023-09-07 02:00:00,26.22295
2023-09-07 03:00:00,26.200683333333334
2023-09-07 04:00:00,26.141633333333335
2023-09-07 05:00:00,26.180083333333336
2023-09-07 06:00:00,25.73985
2023-09-07 07:00:00,25.819733333333332
2023-09-07 08:00:00,26.346283333333336
2023-09-07 09:00:00,26.32175
2023-09-07 10:00:00,26.85895
2023-09-07 11:00:00,27.145416666666666
2023-09-07 12:00:00,28.1572
2023-09-07 13:00:00,28.911466666666666
2023-09-07 14:00:00,29.8145
2023-09-07 15:00:00,28.029166666666665
2023-09-07 16:00:00,26.785216666666667
2023-09-07 17:00:00,26.237199999999998
2023-09-07 18:00:00,25.97058333333333
2023-09-07 19:00:00,25.706116666666667
2023-09-07 20:00:00,25.22286666666667
2023-09-07 21:00:00,25.102066666666666
2023-09-07 22:00:00,24.76353333333333
2023-09-07 23:00:00,24.740516666666668
2023-09-08 00:00:00,24.392816666666665
2023-09-08 01:00:00,24.409016666666666
2023-09-08 02:00:00,24.556066666666666
2023-09-08 03:00:00,24.560616666666665
2023-09-08 04:00:00,24.481733333333334
2023-09-08 05:00:00,24.579549999999998
2023-09-08 06:00:00,24.601966666666666
2023-09-08 07:00:00,24.695066666666666
2023-09-08 08:00:00,24.595466666666667
2023-09-08 09:00:00,23.936733333333333
2023-09-08 10:00:00,23.617633333333334
2023-09-08 11:00:00,23.53375
2023-09-08 12:00:00,23.577283333333334
2023-09-08 13:00:00,23.661783333333336
2023-09-08 14:00:00,23.677533333333333
2023-09-08 15:00:00,23.69043333333333
2023-09-08 16:00:00,23.813766666666666
2023-09-08 17:00:00,24.035733333333333
2023-09-08 18:00:00,24.058100000000003
2023-09-08 19:00:00,24.096166666666665
2023-09-08 20:00:00,24.153483333333334
2023-09-08 21:00:00,24.064666666666668
2023-09-08 22:00:00,24.1599
2023-09-08 23:00:00,24.1468
2023-09-09 00:00:00,24.17031666666667
2023-09-09 01:00:00,24.3097
2023-09-09 02:00:00,24.544216666666667
2023-09-09 03:00:00,24.608766666666668
2023-09-09 04:00:00,24.591566666666665
2023-09-09 05:00:00,24.36635
2023-09-09 06:00:00,24.028816666666668
2023-09-09 07:00:00,24.6355
2023-09-09 08:00:00,24.56345
2023-09-09 09:00:00,24.339116666666666
2023-09-09 10:00:00,24.256466666666665
2023-09-09 11:00:00,24.938699999999997
2023-09-09 12:00:00,25.00003333333333
2023-09-09 13:00:00,24.64176666666667
2023-09-09 14:00:00,24.501283333333333
2023-09-09 15:00:00,24.612916666666667
2023-09-09 16:00:00,24.67161666666667
2023-09-09 17:00:00,24.604966666666666
2023-09-09 18:00:00,24.65533333333333
2023-09-09 19:00:00,24.6949
2023-09-09 20:00:00,24.740433333333332
2023-09-09 21:00:00,24.748483333333336
2023-09-09 22:00:00,24.725083333333334
2023-09-09 23:00:00,24.639316666666666
2023-09-10 00:00:00,24.44676666666667
2023-09-10 01:00:00,24.430433333333333
2023-09-10 02:00:00,24.316300000000002
2023-09-10 03:00:00,24.192516666666666
2023-09-10 04:00:00,24.120749999999997
2023-09-10 05:00:00,24.096933333333332
2023-09-10 06:00:00,23.93601724137931
2023-09-14 09:00:00,25.774500000000003
2023-09-14 10:00:00,25.572799999999997
2023-09-14 11:00:00,25.4042
2023-09-14 12:00:00,25.639033333333334
2023-09-14 13:00:00,25.98978333333333
2023-09-14 14:00:00,26.9339
2023-09-14 15:00:00,27.144366666666667
2023-09-14 16:00:00,27.462
2023-09-14 17:00:00,26.582216666666667
2023-09-14 18:00:00,26.256416666666667
2023-09-14 19:00:00,25.705266666666667
2023-09-14 20:00:00,25.280933333333333
2023-09-14 21:00:00,24.686683333333335
2023-09-14 22:00:00,24.849466666666668
2023-09-14 23:00:00,24.868533333333335
2023-09-15 00:00:00,25.019033333333333
2023-09-15 01:00:00,24.864016666666664
2023-09-15 02:00:00,24.830433333333335
2023-09-15 03:00:00,25.005033333333333
2023-09-15 04:00:00,24.9955
2023-09-15 05:00:00,25.14775
2023-09-15 06:00:00,25.459866666666667
2023-09-15 07:00:00,25.877316666666665
2023-09-15 08:00:00,27.195600000000002
2023-09-15 09:00:00,29.435366666666667
2023-09-15 10:00:00,31.0168
2023-09-15 11:00:00,29.235316666666666
2023-09-15 12:00:00,30.548266666666667
2023-09-15 13:00:00,30.997233333333334
2023-09-15 14:00:00,28.116716666666665
2023-09-15 15:00:00,26.004283333333333
2023-09-15 16:00:00,25.556766666666665
2023-09-15 17:00:00,25.5119
2023-09-15 18:00:00,25.259999999999998
2023-09-15 19:00:00,24.423333333333336
2023-09-15 20:00:00,23.3611
2023-09-15 21:00:00,23.36211666666667
2023-09-15 22:00:00,23.54211666666667
2023-09-15 23:00:00,23.758300000000002
2023-09-16 00:00:00,24.142833333333332
2023-09-16 01:00:00,24.27538333333333
2023-09-16 02:00:00,24.219949999999997
2023-09-16 03:00:00,24.164283333333334
2023-09-16 04:00:00,24.414833333333334
2023-09-16 05:00:00,24.78715
2023-09-16 06:00:00,24.811983333333334
2023-09-16 07:00:00,25.035633333333333
2023-09-16 08:00:00,26.078833333333332
2023-09-16 09:00:00,27.861633333333334
2023-09-16 10:00:00,29.583783333333333
2023-09-16 11:00:00,29.7383
2023-09-16 12:00:00,27.94268333333333
2023-09-16 13:00:00,27.9492
2023-09-16 14:00:00,27.151149999999998
2023-09-16 15:00:00,26.410433333333334
2023-09-16 16:00:00,25.82603333333333
2023-09-16 17:00:00,25.466033333333332
2023-09-16 18:00:00,25.185716666666668
2023-09-16 19:00:00,25.411333333333335
2023-09-16 20:00:00,25.63628333333333
2023-09-16 21:00:00,25.62206666666667
2023-09-16 22:00:00,25.513283333333334
2023-09-16 23:00:00,25.513616666666667
2023-09-17 00:00:00,25.4936
2023-09-17 01:00:00,25.46805
2023-09-17 02:00:00,25.441483333333334
2023-09-17 03:00:00,25.463366666666666
2023-09-17 04:00:00,25.23956666666667
2023-09-17 05:00:00,25.1101
2023-09-17 06:00:00,25.4177
2023-09-17 07:00:00,28.299983333333333
2023-09-17 08:00:00,30.567816666666666
2023-09-17 09:00:00,29.0871
2023-09-17 10:00:00,29.61051666666667
2023-09-17 11:00:00,30.38788333333333
2023-09-17 12:00:00,30.63465
2023-09-17 13:00:00,30.164983333333332
2023-09-17 14:00:00,30.60425
2023-09-17 15:00:00,28.700300000000002
2023-09-17 16:00:00,27.892333333333333
2023-09-17 17:00:00,27.645733333333332
2023-09-17 18:00:00,26.976983333333333
2023-09-17 19:00:00,26.730866666666667
2023-09-17 20:00:00,26.632099999999998
2023-09-17 21:00:00,26.44515
2023-09-17 22:00:00,26.371199999999998
2023-09-17 23:00:00,26.273716666666665
2023-09-18 00:00:00,26.273416666666666
2023-09-18 01:00:00,26.276766666666667
2023-09-18 02:00:00,26.03855
2023-09-18 03:00:00,25.820733333333333
2023-09-18 04:00:00,25.694183333333335
2023-09-18 05:00:00,25.745983333333335
2023-09-18 06:00:00,25.952766666666665
2023-09-18 07:00:00,26.885666666666665
2023-09-18 08:00:00,30.788083333333336
2023-09-18 09:00:00,32.547716666666666
2023-09-18 10:00:00,32.490500000000004
2023-09-18 11:00:00,32.3112
2023-09-18 12:00:00,32.594366666666666
2023-09-18 13:00:00,32.0869
2023-09-18 14:00:00,31.754183333333334
2023-09-18 15:00:00,31.64653333333333
2023-09-18 16:00:00,31.186366666666668
2023-09-18 17:00:00,29.670416666666664
2023-09-18 18:00:00,27.734516666666664
2023-09-18 19:00:00,27.136416666666666
2023-09-18 20:00:00,26.791166666666665
2023-09-18 21:00:00,26.6401
2023-09-18 22:00:00,26.47235
2023-09-18 23:00:00,26.160166666666665
2023-09-19 00:00:00,26.048516666666668
2023-09-19 01:00:00,26.084966666666666
2023-09-19 02:00:00,26.33693333333333
2023-09-19 03:00:00,26.223416666666665
2023-09-19 04:00:00,25.903583333333334
2023-09-19 05:00:00,25.6554
2023-09-19 06:00:00,25.953266666666664
2023-09-19 07:00:00,27.204166666666666
2023-09-19 08:00:00,32.875933333333336
2023-09-19 09:00:00,33.57331666666667
2023-09-19 10:00:00,32.634499999999996
2023-09-19 11:00:00,31.693766666666665
2023-09-19 12:00:00,32.6445
2023-09-19 13:00:00,32.440083333333334
2023-09-19 14:00:00,32.59791666666667
2023-09-19 15:00:00,32.094433333333335
2023-09-19 16:00:00,30.822233333333333
2023-09-19 17:00:00,28.836516666666668
2023-09-19 18:00:00,27.714499999999997
2023-09-19 19:00:00,27.139466666666667
2023-09-19 20:00:00,26.943883333333336
2023-09-19 21:00:00,26.83421666666667
2023-09-19 22:00:00,26.66783333333333
2023-09-19 23:00:00,26.47061666666667
2023-09-20 00:00:00,26.542716666666667
2023-09-20 01:00:00,26.312816666666667
2023-09-20 02:00:00,26.216549999999998
2023-09-20 03:00:00,26.071033333333332
2023-09-20 04:00:00,25.759583333333335
2023-09-20 05:00:00,25.645983333333334
2023-09-20 06:00:00,25.820483333333335
2023-09-20 07:00:00,28.483933333333333
2023-09-20 08:00:00,32.915350000000004
2023-09-20 09:00:00,32.382600000000004
2023-09-20 10:00:00,33.12713333333333
2023-09-20 11:00:00,33.25021666666667
2023-09-20 12:00:00,33.37246666666667
2023-09-20 13:00:00,32.964666666666666
2023-09-20 14:00:00,32.96105
2023-09-20 15:00:00,33.42711666666666
2023-09-20 16:00:00,32.50416666666667
2023-09-20 17:00:00,30.24935
2023-09-20 18:00:00,28.791483333333336
2023-09-20 19:00:00,28.271283333333333
2023-09-20 20:00:00,27.945833333333333
2023-09-20 21:00:00,27.4987
2023-09-20 22:00:00,27.005016666666666
2023-09-20 23:00:00,26.706366666666668
2023-09-21 00:00:00,26.808249999999997
2023-09-21 01:00:00,26.733133333333335
2023-09-21 02:00:00,26.832416666666667
2023-09-21 03:00:00,26.701233333333334
2023-09-21 04:00:00,26.72896666666667
2023-09-21 05:00:00,26.55715
2023-09-21 06:00:00,26.92636666666667
2023-09-21 07:00:00,31.2853
2023-09-21 08:00:00,33.94256666666667
2023-09-21 09:00:00,35.23488333333333
2023-09-21 10:00:00,33.95751666666667
2023-09-21 11:00:00,34.171166666666664
2023-09-21 12:00:00,34.799416666666666
2023-09-21 13:00:00,35.50973333333333
2023-09-21 14:00:00,35.05693333333333
2023-09-21 15:00:00,33.998983333333335
2023-09-21 16:00:00,32.52908333333333
2023-09-21 17:00:00,31.443683333333336
2023-09-21 18:00:00,30.2117
2023-09-21 19:00:00,29.484933333333334
2023-09-21 20:00:00,29.0029
2023-09-21 21:00:00,28.404083333333332
2023-09-21 22:00:00,27.954483333333332
2023-09-21 23:00:00,27.789283333333334
2023-09-22 00:00:00,27.793916666666668
2023-09-22 01:00:00,27.4654
2023-09-22 02:00:00,26.96056666666667
2023-09-22 03:00:00,26.741750000000003
2023-09-22 04:00:00,26.805883333333334
2023-09-22 05:00:00,26.736533333333334
2023-09-22 06:00:00,26.707266666666666
2023-09-22 07:00:00,28.82218333333333
2023-09-22 08:00:00,32.44473333333333
2023-09-22 09:00:00,33.125816666666665
2023-09-22 10:00:00,33.210316666666664
2023-09-22 11:00:00,32.85518333333333
2023-09-22 12:00:00,34.14798333333333
2023-09-22 13:00:00,34.12683333333334
2023-09-22 14:00:00,33.13006666666667
2023-09-22 15:00:00,32.29206666666666
2023-09-22 16:00:00,29.437450000000002
2023-09-22 17:00:00,28.727633333333333
2023-09-22 18:00:00,28.08735
2023-09-22 19:00:00,27.732416666666666
2023-09-22 20:00:00,27.40675
2023-09-22 21:00:00,27.276116666666667
2023-09-22 22:00:00,27.150633333333335
2023-09-22 23:00:00,26.974333333333334
2023-09-23 00:00:00,26.652783333333332
2023-09-23 01:00:00,26.394099999999998
2023-09-23 02:00:00,26.385299999999997
2023-09-23 03:00:00,26.39626666666667
2023-09-23 04:00:00,26.4125
2023-09-23 05:00:00,26.479249999999997
2023-09-23 06:00:00,26.744283333333332
2023-09-23 07:00:00,28.71285
2023-09-23 08:00:00,30.2718
2023-09-23 09:00:00,32.327149999999996
2023-09-23 10:00:00,34.13345
2023-09-23 11:00:00,34.624766666666666
2023-09-23 12:00:00,34.61465
2023-09-23 13:00:00,34.859766666666665
2023-09-23 14:00:00,34.13783333333333
2023-09-23 15:00:00,32.87553333333333
2023-09-23 16:00:00,30.556283333333333
2023-09-23 17:00:00,29.132766666666665
2023-09-23 18:00:00,28.029833333333332
2023-09-23 19:00:00,27.623733333333334
2023-09-23 20:00:00,27.605666666666664
2023-09-23 21:00:00,27.5428
2023-09-23 22:00:00,27.373616666666667
2023-09-23 23:00:00,27.262533333333334
2023-09-24 00:00:00,27.167633333333335
2023-09-24 01:00:00,27.106949999999998
2023-09-24 02:00:00,26.75115
2023-09-24 03:00:00,27.03376666666667
2023-09-24 04:00:00,27.01043333333333
2023-09-24 05:00:00,27.087416666666666
2023-09-24 06:00:00,27.055866666666667
2023-09-24 07:00:00,27.405700000000003
2023-09-24 08:00:00,27.91593333333333
2023-09-24 09:00:00,29.594383333333333
2023-09-24 10:00:00,29.134916666666665
2023-09-24 11:00:00,28.928166666666666
2023-09-24 12:00:00,31.123533333333334
2023-09-24 13:00:00,32.01808333333334
2023-09-24 14:00:00,32.10763333333333
2023-09-24 15:00:00,31.74365
2023-09-24 16:00:00,31.55441666666667
2023-09-24 17:00:00,29.60008333333333
2023-09-24 18:00:00,27.71555
2023-09-24 19:00:00,27.4382
2023-09-24 20:00:00,27.43723333333333
2023-09-24 21:00:00,27.46676666666667
2023-09-24 22:00:00,27.262283333333336
2023-09-24 23:00:00,27.2134
2023-09-25 00:00:00,27.249116666666666
2023-09-25 01:00:00,27.1054
2023-09-25 02:00:00,26.950583333333334
2023-09-25 03:00:00,26.9571
2023-09-25 04:00:00,26.9325
2023-09-25 05:00:00,26.768683333333335
2023-09-25 06:00:00,26.757583333333333
2023-09-25 07:00:00,31.276566666666668
2023-09-25 08:00:00,33.322783333333334
2023-09-25 09:00:00,33.21585
2023-09-25 10:00:00,32.96098333333334
2023-09-25 11:00:00,33.836
2023-09-25 12:00:00,34.412850000000006
2023-09-25 13:00:00,33.889383333333335
2023-09-25 14:00:00,33.75763333333334
2023-09-25 15:00:00,31.872133333333334
2023-09-25 16:00:00,29.017116666666666
2023-09-25 17:00:00,28.353833333333334
2023-09-25 18:00:00,27.81315
2023-09-25 19:00:00,27.48453333333333
2023-09-25 20:00:00,27.421
2023-09-25 21:00:00,27.078566666666667
2023-09-25 22:00:00,27.1602
2023-09-25 23:00:00,27.082266666666666
2023-09-26 00:00:00,27.1478
2023-09-26 01:00:00,26.971633333333333
2023-09-26 02:00:00,26.8749
2023-09-26 03:00:00,26.712583333333335
2023-09-26 04:00:00,26.7394
2023-09-26 05:00:00,26.607000000000003
2023-09-26 06:00:00,26.667983333333332
2023-09-26 07:00:00,28.121550000000003
2023-09-26 08:00:00,29.070983333333334
2023-09-26 09:00:00,31.393533333333334
2023-09-26 10:00:00,34.41858333333334
2023-09-26 11:00:00,33.8799
2023-09-26 12:00:00,34.511433333333336
2023-09-26 13:00:00,34.00925
2023-09-26 14:00:00,33.9694
2023-09-26 15:00:00,32.538199999999996
2023-09-26 16:00:00,30.264149999999997
2023-09-26 17:00:00,29.246750000000002
2023-09-26 18:00:00,27.97298333333333
2023-09-26 19:00:00,27.750966666666667
2023-09-26 20:00:00,27.556433333333334
2023-09-26 21:00:00,27.4726
2023-09-26 22:00:00,27.3661
2023-09-26 23:00:00,27.461383333333334
2023-09-27 00:00:00,27.306583333333332
2023-09-27 01:00:00,27.207016666666668
2023-09-27 02:00:00,27.162183333333335
2023-09-27 03:00:00,26.898866666666667
2023-09-27 04:00:00,26.63906666666667
2023-09-27 05:00:00,26.517583333333334
2023-09-27 06:00:00,26.802333333333333
2023-09-27 07:00:00,29.118116666666666
2023-09-27 08:00:00,31.798949999999998
2023-09-27 09:00:00,33.24315
2023-09-27 10:00:00,34.4776
2023-09-27 11:00:00,34.27095
2023-09-27 12:00:00,34.95719999999999
2023-09-27 13:00:00,35.3398
2023-09-27 14:00:00,33.259550000000004
2023-09-27 15:00:00,32.4935
2023-09-27 16:00:00,30.996683333333333
2023-09-27 17:00:00,29.330716666666667
2023-09-27 18:00:00,28.139216666666666
2023-09-27 19:00:00,27.8989
2023-09-27 20:00:00,27.835050000000003
2023-09-27 21:00:00,27.758950000000002
2023-09-27 22:00:00,27.683466666666668
2023-09-27 23:00:00,27.668400000000002
2023-09-28 00:00:00,27.536083333333334
2023-09-28 01:00:00,27.46356666666667
2023-09-28 02:00:00,27.473066666666668
2023-09-28 03:00:00,27.224483333333335
2023-09-28 04:00:00,27.193733333333334
2023-09-28 05:00:00,27.071283333333334
2023-09-28 06:00:00,27.003683333333335
2023-09-28 07:00:00,30.716516666666667
2023-09-28 08:00:00,32.74868333333333
2023-09-28 09:00:00,33.224333333333334
2023-09-28 10:00:00,34.440216666666664
2023-09-28 11:00:00,35.662083333333335
2023-09-28 12:00:00,35.0834
2023-09-28 13:00:00,34.29923333333333
2023-09-28 14:00:00,33.63001666666666
2023-09-28 15:00:00,31.946966666666665
2023-09-28 16:00:00,30.99405
2023-09-28 17:00:00,28.949316666666668
2023-09-28 18:00:00,27.687633333333334
2023-09-28 19:00:00,27.505166666666664
2023-09-28 20:00:00,27.61368333333333
2023-09-28 21:00:00,27.83265
2023-09-28 22:00:00,27.764400000000002
2023-09-28 23:00:00,27.682883333333333
2023-09-29 00:00:00,27.56291666666667
2023-09-29 01:00:00,26.860433333333333
2023-09-29 02:00:00,26.6809
2023-09-29 03:00:00,26.796016666666667
2023-09-29 04:00:00,27.0314
2023-09-29 05:00:00,26.441216666666666
2023-09-29 06:00:00,25.42805
2023-09-29 07:00:00,26.022133333333333
2023-09-29 08:00:00,29.81638333333333
2023-09-29 09:00:00,31.946183333333334
2023-09-29 10:00:00,33.943133333333336
2023-09-29 11:00:00,33.66331666666667
2023-09-29 12:00:00,33.58433333333333
2023-09-29 13:00:00,33.05806666666667
2023-09-29 14:00:00,33.15465
2023-09-29 15:00:00,32.60953333333333
2023-09-29 16:00:00,31.219066666666667
2023-09-29 17:00:00,28.842566666666666
2023-09-29 18:00:00,27.623966666666668
2023-09-29 19:00:00,27.2107
2023-09-29 20:00:00,27.003800000000002
2023-09-29 21:00:00,26.99973333333333
2023-09-29 22:00:00,27.1312
2023-09-29 23:00:00,27.2138
2023-09-30 00:00:00,27.064649999999997
2023-09-30 01:00:00,26.955283333333334
2023-09-30 02:00:00,26.67598333333333
2023-09-30 03:00:00,26.61925
2023-09-30 04:00:00,26.326866666666668
2023-09-30 05:00:00,26.308816666666665
2023-09-30 06:00:00,26.6612
2023-09-30 07:00:00,30.89355
2023-09-30 08:00:00,34.304449999999996
2023-09-30 09:00:00,34.02936666666667
2023-09-30 10:00:00,34.040283333333335
2023-09-30 11:00:00,33.35321666666667
2023-09-30 12:00:00,33.25581666666667
2023-09-30 13:00:00,33.42516666666667
2023-09-30 14:00:00,33.637933333333336
2023-09-30 15:00:00,32.424816666666665
2023-09-30 16:00:00,31.331583333333334
2023-09-30 17:00:00,30.51505
2023-09-30 18:00:00,28.644299999999998
2023-09-30 19:00:00,27.91528333333333
2023-09-30 20:00:00,27.645233333333334
2023-09-30 21:00:00,27.4037
2023-09-30 22:00:00,27.102500000000003
2023-09-30 23:00:00,26.87458333333333
2023-10-01 00:00:00,26.772966666666665
2023-10-01 01:00:00,26.5388
2023-10-01 02:00:00,26.401133333333334
2023-10-01 03:00:00,26.36048333333333
2023-10-01 04:00:00,26.409850000000002
2023-10-01 05:00:00,26.275466666666667
2023-10-01 06:00:00,26.474833333333333
2023-10-01 07:00:00,27.264566666666667
2023-10-01 08:00:00,28.438333333333333
2023-10-01 09:00:00,28.2469
2023-10-01 10:00:00,33.12925
2023-10-01 11:00:00,34.787850000000006
2023-10-01 12:00:00,33.77761666666667
2023-10-01 13:00:00,33.291266666666665
2023-10-01 14:00:00,32.55265
2023-10-01 15:00:00,31.802533333333333
2023-10-01 16:00:00,29.85555
2023-10-01 17:00:00,28.172933333333333
2023-10-01 18:00:00,27.62515
2023-10-01 19:00:00,27.610233333333333
2023-10-01 20:00:00,27.274283333333337
2023-10-01 21:00:00,27.5111
2023-10-01 22:00:00,27.511866666666666
2023-10-01 23:00:00,27.439433333333334
2023-10-02 00:00:00,27.42396666666667
2023-10-02 01:00:00,27.35526666666667
2023-10-02 02:00:00,27.209383333333335
2023-10-02 03:00:00,26.99475
2023-10-02 04:00:00,26.7987
2023-10-02 05:00:00,26.075266666666668
2023-10-02 06:00:00,26.28598333333333
2023-10-02 07:00:00,27.62891666666667
2023-10-02 08:00:00,28.831566666666667
2023-10-02 09:00:00,29.301983333333332
2023-10-02 10:00:00,29.2955
2023-10-02 11:00:00,30.3105
2023-10-02 12:00:00,30.905133333333332
2023-10-02 13:00:00,31.769083333333334
2023-10-02 14:00:00,31.658133333333335
2023-10-02 15:00:00,30.862833333333334
2023-10-02 16:00:00,29.206233333333333
2023-10-02 17:00:00,27.59585
2023-10-02 18:00:00,26.652933333333333
2023-10-02 19:00:00,26.375583333333335
2023-10-02 20:00:00,26.368583333333333
2023-10-02 21:00:00,26.403683333333333
2023-10-02 22:00:00,26.559783333333332
2023-10-02 23:00:00,26.535933333333332
2023-10-03 00:00:00,26.572116666666666
2023-10-03 01:00:00,26.494500000000002
2023-10-03 02:00:00,26.57133333333333
2023-10-03 03:00:00,26.53445
2023-10-03 04:00:00,25.7941
2023-10-03 05:00:00,25.667416666666668
2023-10-03 06:00:00,25.71946666666667
2023-10-03 07:00:00,25.422183333333333
2023-10-03 08:00:00,27.768083333333333
2023-10-03 09:00:00,31.48625
2023-10-03 10:00:00,32.692933333333336
2023-10-03 11:00:00,33.22848333333334
2023-10-03 12:00:00,32.51875
2023-10-03 13:00:00,33.0758
2023-10-03 14:00:00,32.16843333333333
2023-10-03 15:00:00,31.582733333333334
2023-10-03 16:00:00,29.94705
2023-10-03 17:00:00,29.355616666666666
2023-10-03 18:00:00,28.600849999999998
2023-10-03 19:00:00,28.133216666666666
2023-10-03 20:00:00,27.870533333333334
2023-10-03 21:00:00,27.721716666666666
2023-10-03 22:00:00,27.717666666666666
2023-10-03 23:00:00,27.588666666666665
2023-10-04 00:00:00,27.5184
2023-10-04 01:00:00,27.344733333333334
2023-10-04 02:00:00,27.1713
2023-10-04 03:00:00,27.005633333333332
2023-10-04 04:00:00,26.9289
2023-10-04 05:00:00,27.003800000000002
2023-10-04 06:00:00,27.3211
2023-10-04 07:00:00,29.7244
2023-10-04 08:00:00,32.28665
2023-10-04 09:00:00,34.53901666666666
2023-10-04 10:00:00,36.365766666666666
2023-10-04 11:00:00,35.50403333333334
2023-10-04 12:00:00,38.8759
2023-10-04 13:00:00,35.995983333333335
2023-10-04 14:00:00,35.398649999999996
2023-10-04 15:00:00,34.56933333333333
2023-10-04 16:00:00,35.481716666666664
2023-10-04 17:00:00,33.053599999999996
2023-10-04 18:00:00,31.192566666666668
2023-10-04 19:00:00,30.6949
2023-10-04 20:00:00,30.37475
2023-10-04 21:00:00,29.760233333333336
2023-10-04 22:00:00,29.3398
2023-10-04 23:00:00,28.806233333333335
2023-10-05 00:00:00,28.315416666666668
2023-10-05 01:00:00,27.7558
2023-10-05 02:00:00,27.521183333333333
2023-10-05 03:00:00,27.3126
2023-10-05 04:00:00,27.27855
2023-10-05 05:00:00,27.15625
2023-10-05 06:00:00,26.802083333333332
2023-10-05 07:00:00,27.53915
2023-10-05 08:00:00,29.7388
2023-10-05 09:00:00,32.09875
2023-10-05 10:00:00,32.66486666666667
2023-10-05 11:00:00,33.46938333333333
2023-10-05 12:00:00,34.11738333333333
2023-10-05 13:00:00,35.81626666666667
2023-10-05 14:00:00,35.66323333333333
2023-10-05 15:00:00,35.96778333333334
2023-10-05 16:00:00,32.73108333333333
2023-10-05 17:00:00,30.53655
2023-10-05 18:00:00,29.092083333333335
2023-10-05 19:00:00,27.9511
2023-10-05 20:00:00,27.322916666666668
2023-10-05 21:00:00,27.08925
2023-10-05 22:00:00,26.8189
2023-10-05 23:00:00,26.5904
2023-10-06 00:00:00,26.39175
2023-10-06 01:00:00,26.098599999999998
2023-10-06 02:00:00,25.82405
2023-10-06 03:00:00,25.503800000000002
2023-10-06 04:00:00,25.27283333333333
2023-10-06 05:00:00,25.238999999999997
2023-10-06 06:00:00,25.156333333333333
2023-10-06 07:00:00,25.3342
2023-10-06 08:00:00,27.598183333333335
2023-10-06 09:00:00,29.42781666666667
2023-10-06 10:00:00,30.855516666666666
2023-10-06 11:00:00,32.48951666666667
2023-10-06 12:00:00,30.7053
2023-10-06 13:00:00,32.654199999999996
2023-10-06 14:00:00,31.754683333333332
2023-10-06 15:00:00,27.7361
2023-10-06 16:00:00,26.41398333333333
2023-10-06 17:00:00,24.8327
2023-10-06 18:00:00,24.927633333333333
2023-10-06 19:00:00,25.298033333333333
2023-10-06 20:00:00,25.53933333333333
2023-10-06 21:00:00,25.592483333333334
2023-10-06 22:00:00,25.4738
2023-10-06 23:00:00,25.1478
2023-10-07 00:00:00,24.977466666666665
2023-10-07 01:00:00,24.703449999999997
2023-10-07 02:00:00,24.57903333333333
2023-10-07 03:00:00,24.426233333333336
2023-10-07 04:00:00,23.794416666666667
2023-10-07 05:00:00,22.422966666666664
2023-10-07 06:00:00,22.329783333333335
2023-10-07 07:00:00,22.73163333333333
2023-10-07 08:00:00,23.314033333333334
2023-10-07 09:00:00,23.422016666666664
2023-10-07 10:00:00,24.073833333333333
2023-10-07 11:00:00,24.880283333333335
2023-10-07 12:00:00,24.577350000000003
2023-10-07 13:00:00,24.314
2023-10-07 14:00:00,23.989916666666666
2023-10-07 15:00:00,23.9346
2023-10-07 16:00:00,23.784550000000003
2023-10-07 17:00:00,23.408900000000003
2023-10-07 18:00:00,23.068166666666666
2023-10-07 19:00:00,22.924300000000002
2023-10-07 20:00:00,22.868283333333334
2023-10-07 21:00:00,22.918999999999997
2023-10-07 22:00:00,22.779716666666666
2023-10-07 23:00:00,22.52195
2023-10-08 00:00:00,22.40865
2023-10-08 01:00:00,22.279999999999998
2023-10-08 02:00:00,21.5729
2023-10-08 03:00:00,21.05046666666667
2023-10-08 04:00:00,20.66211666666667
2023-10-08 05:00:00,20.807133333333333
2023-10-08 06:00:00,20.84895
2023-10-08 07:00:00,20.663383333333336
2023-10-08 08:00:00,20.9378
2023-10-08 09:00:00,21.227016666666668
2023-10-08 10:00:00,21.265316666666667
2023-10-08 11:00:00,21.874333333333333
2023-10-08 12:00:00,22.497183333333332
2023-10-08 13:00:00,22.661583333333333
2023-10-08 14:00:00,22.921466666666667
2023-10-08 15:00:00,22.77375
2023-10-08 16:00:00,22.137483333333332
2023-10-08 17:00:00,22.303150000000002
2023-10-08 18:00:00,22.461516666666668
2023-10-08 19:00:00,22.60685
2023-10-08 20:00:00,23.45945
2023-10-08 21:00:00,23.534
2023-10-08 22:00:00,23.5588
2023-10-08 23:00:00,23.428483333333336
2023-10-09 00:00:00,23.30495
2023-10-09 01:00:00,23.54638333333333
2023-10-09 02:00:00,23.643183333333333
2023-10-09 03:00:00,23.391833333333334
2023-10-09 04:00:00,23.26535
2023-10-09 05:00:00,23.187316666666668
2023-10-09 06:00:00,23.146766666666668
2023-10-09 07:00:00,23.14965
2023-10-09 08:00:00,23.113966666666666
2023-10-09 09:00:00,22.9042
2023-10-09 10:00:00,22.362849999999998
2023-10-09 11:00:00,22.5031
2023-10-09 12:00:00,22.5854
2023-10-09 13:00:00,22.362933333333334
2023-10-09 14:00:00,22.825699999999998
2023-10-09 15:00:00,22.710583333333332
2023-10-09 16:00:00,22.566016666666666
2023-10-09 17:00:00,22.579349999999998
2023-10-09 18:00:00,22.724416666666666
2023-10-09 19:00:00,22.77328333333333
2023-10-09 20:00:00,22.945716666666666
2023-10-09 21:00:00,23.061116666666667
2023-10-09 22:00:00,23.372850000000003
2023-10-09 23:00:00,23.2525
2023-10-10 00:00:00,22.92515
2023-10-10 01:00:00,22.5501
2023-10-10 02:00:00,22.1789
2023-10-10 03:00:00,22.133666666666667
2023-10-10 04:00:00,22.198666666666668
2023-10-10 05:00:00,22.19268333333333
2023-10-10 06:00:00,22.393349999999998
2023-10-10 07:00:00,22.298099999999998
2023-10-10 08:00:00,22.796283333333335
2023-10-10 09:00:00,23.498333333333335
2023-10-10 10:00:00,24.279966666666667
2023-10-10 11:00:00,25.564583333333335
2023-10-10 12:00:00,26.126516666666664
2023-10-10 13:00:00,26.14895
2023-10-10 14:00:00,26.12355
2023-10-10 15:00:00,25.397566666666666
2023-10-10 16:00:00,25.122866666666667
2023-10-10 17:00:00,24.49585
2023-10-10 18:00:00,24.089533333333335
2023-10-10 19:00:00,23.748749999999998
2023-10-10 20:00:00,23.498733333333334
2023-10-10 21:00:00,23.101733333333335
2023-10-10 22:00:00,23.060383333333334
2023-10-10 23:00:00,23.024566666666665
2023-10-11 00:00:00,22.978883333333332
2023-10-11 01:00:00,22.539133333333332
2023-10-11 02:00:00,22.16626666666667
2023-10-11 03:00:00,21.94383333333333
2023-10-11 04:00:00,21.612450000000003
2023-10-11 05:00:00,21.44125
2023-10-11 06:00:00,21.667316666666668
2023-10-11 07:00:00,22.810850000000002
2023-10-11 08:00:00,24.400466666666667
2023-10-11 09:00:00,26.882483333333333
2023-10-11 10:00:00,30.026149999999998
2023-10-11 11:00:00,30.55065
2023-10-11 12:00:00,31.889433333333333
2023-10-11 13:00:00,31.447333333333333
2023-10-11 14:00:00,29.654283333333336
2023-10-11 15:00:00,27.64925
2023-10-11 16:00:00,26.642616666666665
2023-10-11 17:00:00,25.586683333333333
2023-10-11 18:00:00,24.480733333333333
2023-10-11 19:00:00,23.652233333333335
2023-10-11 20:00:00,23.240616666666664
2023-10-11 21:00:00,22.8189
2023-10-11 22:00:00,22.471433333333334
2023-10-11 23:00:00,22.21375
2023-10-12 00:00:00,22.035283333333332
2023-10-12 01:00:00,21.848200000000002
2023-10-12 02:00:00,21.63453333333333
2023-10-12 03:00:00,21.509166666666665
2023-10-12 04:00:00,21.442483333333332
2023-10-12 05:00:00,21.649033333333332
2023-10-12 06:00:00,21.624466666666667
2023-10-12 07:00:00,22.409733333333335
2023-10-12 08:00:00,23.797083333333333
2023-10-12 09:00:00,27.852149999999998
2023-10-12 10:00:00,26.952333333333335
2023-10-12 11:00:00,28.466266666666666
2023-10-12 12:00:00,29.333666666666666
2023-10-12 13:00:00,30.862133333333336
2023-10-12 14:00:00,27.41623333333333
2023-10-12 15:00:00,26.430433333333333
2023-10-12 16:00:00,26.592033333333333
2023-10-12 17:00:00,25.73101666666667
2023-10-12 18:00:00,24.93708333333333
2023-10-12 19:00:00,24.845233333333333
2023-10-12 20:00:00,24.698083333333333
2023-10-12 21:00:00,24.600199999999997
2023-10-12 22:00:00,24.436316666666666
2023-10-12 23:00:00,24.308033333333334
2023-10-13 00:00:00,24.118783333333333
2023-10-13 01:00:00,23.871550000000003
2023-10-13 02:00:00,23.64473333333333
2023-10-13 03:00:00,23.377033333333333
2023-10-13 04:00:00,23.183783333333334
2023-10-13 05:00:00,23.157500000000002
2023-10-13 06:00:00,23.0308
2023-10-13 07:00:00,24.990816666666667
2023-10-13 08:00:00,28.4283
2023-10-13 09:00:00,27.78195
2023-10-13 10:00:00,30.974183333333333
2023-10-13 11:00:00,32.61038333333333
2023-10-13 12:00:00,32.35463333333333
2023-10-13 13:00:00,30.79005
2023-10-13 14:00:00,30.37458333333333
2023-10-13 15:00:00,30.196066666666663
2023-10-13 16:00:00,27.099916666666665
2023-10-13 17:00:00,25.854133333333333
2023-10-13 18:00:00,25.16871666666667
2023-10-13 19:00:00,25.126883333333335
2023-10-13 20:00:00,25.08578333333333
2023-10-13 21:00:00,24.938016666666666
2023-10-13 22:00:00,24.569866666666666
2023-10-13 23:00:00,24.203116666666666
2023-10-14 00:00:00,23.857433333333333
2023-10-14 01:00:00,23.8423
2023-10-14 02:00:00,23.964133333333333
2023-10-14 03:00:00,23.910333333333334
2023-10-14 04:00:00,23.305699999999998
2023-10-14 05:00:00,23.196066666666663
2023-10-14 06:00:00,23.307816666666668
2023-10-14 07:00:00,23.858633333333334
2023-10-14 08:00:00,25.95716666666667
2023-10-14 09:00:00,29.172166666666666
2023-10-14 10:00:00,30.700016666666667
2023-10-14 11:00:00,32.0072
2023-10-14 12:00:00,33.94911666666667
2023-10-14 13:00:00,33.63605
2023-10-14 14:00:00,32.69683333333333
2023-10-14 15:00:00,31.21885
2023-10-14 16:00:00,27.594350000000002
2023-10-14 17:00:00,25.555600000000002
2023-10-14 18:00:00,24.6785
2023-10-14 19:00:00,24.324066666666667
2023-10-14 20:00:00,24.1141
2023-10-14 21:00:00,23.7542
2023-10-14 22:00:00,23.82375
2023-10-14 23:00:00,24.01425
2023-10-15 00:00:00,24.156616666666665
2023-10-15 01:00:00,24.052116666666667
2023-10-15 02:00:00,23.921966666666666
2023-10-15 03:00:00,23.706383333333335
2023-10-15 04:00:00,23.44795
2023-10-15 05:00:00,23.2761
2023-10-15 06:00:00,23.36528333333333
2023-10-15 07:00:00,23.60471666666667
2023-10-15 08:00:00,24.62271666666667
2023-10-15 09:00:00,28.65761666666667
2023-10-15 10:00:00,31.469216666666668
2023-10-15 11:00:00,32.31135
2023-10-15 12:00:00,32.587783333333334
2023-10-15 13:00:00,32.65745
2023-10-15 14:00:00,29.94526666666667
2023-10-15 15:00:00,30.062900000000003
2023-10-15 16:00:00,27.20671666666667
2023-10-15 17:00:00,26.058033333333334
2023-10-15 18:00:00,25.005333333333333
2023-10-15 19:00:00,24.950133333333333
2023-10-15 20:00:00,24.883366666666667
2023-10-15 21:00:00,24.959383333333335
2023-10-15 22:00:00,24.899166666666666
2023-10-15 23:00:00,24.678749999999997
2023-10-16 00:00:00,24.64005
2023-10-16 01:00:00,24.504033333333332
2023-10-16 02:00:00,24.198383333333332
2023-10-16 03:00:00,23.991783333333334
2023-10-16 04:00:00,23.848916666666664
2023-10-16 05:00:00,23.8023
2023-10-16 06:00:00,23.712983333333334
2023-10-16 07:00:00,24.067783333333335
2023-10-16 08:00:00,24.684666666666665
2023-10-16 09:00:00,25.8386
2023-10-16 10:00:00,28.0412
2023-10-16 11:00:00,29.082366666666665
2023-10-16 12:00:00,30.24191666666667
2023-10-16 13:00:00,31.034966666666666
2023-10-16 14:00:00,31.139433333333333
2023-10-16 15:00:00,29.619899999999998
2023-10-16 16:00:00,27.168783333333334
2023-10-16 17:00:00,25.91965
2023-10-16 18:00:00,25.220833333333335
2023-10-16 19:00:00,25.117866666666668
2023-10-16 20:00:00,25.00358333333333
2023-10-16 21:00:00,24.90305
2023-10-16 22:00:00,24.712766666666667
2023-10-16 23:00:00,24.6101
2023-10-17 00:00:00,24.38405
2023-10-17 01:00:00,24.256683333333335
2023-10-17 02:00:00,24.0583
2023-10-17 03:00:00,23.835083333333333
2023-10-17 04:00:00,23.66165
2023-10-17 05:00:00,23.51395
2023-10-17 06:00:00,23.450566666666667
2023-10-17 07:00:00,23.719766666666665
2023-10-17 08:00:00,24.342466666666667
2023-10-17 09:00:00,25.810850000000002
2023-10-17 10:00:00,26.982133333333334
2023-10-17 11:00:00,28.23855
2023-10-17 12:00:00,27.762216666666667
2023-10-17 13:00:00,27.05183333333333
2023-10-17 14:00:00,26.1062
2023-10-17 15:00:00,25.55206666666667
2023-10-17 16:00:00,25.18048333333333
2023-10-17 17:00:00,23.322016666666666
2023-10-17 18:00:00,22.32705
2023-10-17 19:00:00,22.488183333333332
2023-10-17 20:00:00,22.98581666666667
2023-10-17 21:00:00,23.470816666666668
2023-10-17 22:00:00,23.6697
2023-10-17 23:00:00,23.558100000000003
2023-10-18 00:00:00,23.497633333333333
2023-10-18 01:00:00,23.46288333333333
2023-10-18 02:00:00,23.505533333333332
2023-10-18 03:00:00,23.569033333333334
2023-10-18 04:00:00,23.56833333333333
2023-10-18 05:00:00,23.583900000000003
2023-10-18 06:00:00,23.546049999999997
2023-10-18 07:00:00,23.471666666666668
2023-10-18 08:00:00,22.72211666666667
2023-10-18 09:00:00,22.0172
2023-10-18 10:00:00,21.70895
2023-10-18 11:00:00,21.7402
2023-10-18 12:00:00,21.94431666666667
2023-10-18 13:00:00,22.121683333333333
2023-10-18 14:00:00,22.837933333333336
2023-10-18 15:00:00,22.54283333333333
2023-10-18 16:00:00,22.30665
2023-10-18 17:00:00,22.3112
2023-10-18 18:00:00,22.70695
2023-10-18 19:00:00,23.093166666666665
2023-10-18 20:00:00,23.38745
2023-10-18 21:00:00,23.462983333333334
2023-10-18 22:00:00,23.323416666666667
2023-10-18 23:00:00,23.3043
2023-10-19 00:00:00,23.650066666666664
2023-10-19 01:00:00,23.672216666666667
2023-10-19 02:00:00,23.512549999999997
2023-10-19 03:00:00,23.358
2023-10-19 04:00:00,23.318483333333333
2023-10-19 05:00:00,23.321733333333334
2023-10-19 06:00:00,23.3638
2023-10-19 07:00:00,23.518383333333336
2023-10-19 08:00:00,23.561483333333335
2023-10-19 09:00:00,23.572816666666665
2023-10-19 10:00:00,23.4806
2023-10-19 11:00:00,23.443433333333335
2023-10-19 12:00:00,23.506083333333333
2023-10-19 13:00:00,23.64415
2023-10-19 14:00:00,23.85938333333333
2023-10-19 15:00:00,23.98803333333333
2023-10-19 16:00:00,24.063
2023-10-19 17:00:00,24.12155
2023-10-19 18:00:00,24.093016666666664
2023-10-19 19:00:00,24.194883333333333
2023-10-19 20:00:00,24.356383333333333
2023-10-19 21:00:00,24.29095
2023-10-19 22:00:00,24.1871
2023-10-19 23:00:00,24.0571
2023-10-20 00:00:00,24.24031666666667
2023-10-20 01:00:00,24.143766666666668
2023-10-20 02:00:00,24.018916666666666
2023-10-20 03:00:00,24.202266666666667
2023-10-20 04:00:00,23.98845
2023-10-20 05:00:00,24.017400000000002
2023-10-20 06:00:00,23.894650000000002
2023-10-20 07:00:00,24.38318333333333
2023-10-20 08:00:00,25.162766666666666
2023-10-20 09:00:00,27.919633333333334
2023-10-20 10:00:00,28.664816666666663
2023-10-20 11:00:00,27.624000000000002
2023-10-20 12:00:00,27.80245
2023-10-20 13:00:00,25.2806
2023-10-20 14:00:00,24.80995
2023-10-20 15:00:00,24.2316
2023-10-20 16:00:00,23.95405
2023-10-20 17:00:00,23.899183333333333
2023-10-20 18:00:00,23.6556
2023-10-20 19:00:00,23.542316666666668
2023-10-20 20:00:00,23.420366666666666
2023-10-20 21:00:00,23.033683333333332
2023-10-20 22:00:00,22.758316666666666
2023-10-20 23:00:00,22.373916666666666
2023-10-21 00:00:00,22.128133333333334
2023-10-21 01:00:00,21.7466
2023-10-21 02:00:00,21.239283333333333
2023-10-21 03:00:00,20.251516666666664
2023-10-21 04:00:00,19.697083333333335
2023-10-21 05:00:00,19.72331666666667
2023-10-21 06:00:00,20.00658333333333
2023-10-21 07:00:00,20.0045
2023-10-21 08:00:00,20.338033333333332
2023-10-21 09:00:00,20.616133333333334
2023-10-21 10:00:00,21.091683333333332
2023-10-21 11:00:00,21.681166666666666
2023-10-21 12:00:00,22.093
2023-10-21 13:00:00,22.527350000000002
2023-10-21 14:00:00,22.598116666666666
2023-10-21 15:00:00,22.537
2023-10-21 16:00:00,21.61635
2023-10-21 17:00:00,20.544666666666668
2023-10-21 18:00:00,19.741716666666665
2023-10-21 19:00:00,19.748916666666666
2023-10-21 20:00:00,19.700066666666665
2023-10-21 21:00:00,19.559816666666666
2023-10-21 22:00:00,19.848799999999997
2023-10-21 23:00:00,20.0643
2023-10-22 00:00:00,20.185733333333335
2023-10-22 01:00:00,20.257866666666665
2023-10-22 02:00:00,20.27381666666667
2023-10-22 03:00:00,20.652283333333333
2023-10-22 04:00:00,20.500183333333332
2023-10-22 05:00:00,20.315683333333332
2023-10-22 06:00:00,20.098616666666665
2023-10-22 07:00:00,20.506983333333334
2023-10-22 08:00:00,21.954250000000002
2023-10-22 09:00:00,25.540766666666666
2023-10-22 10:00:00,28.386833333333335
2023-10-22 11:00:00,28.690816666666667
2023-10-22 12:00:00,30.074166666666667
2023-10-22 13:00:00,31.330983333333332
2023-10-22 14:00:00,30.47325
2023-10-22 15:00:00,26.56585
2023-10-22 16:00:00,25.13935
2023-10-22 17:00:00,24.2274
2023-10-22 18:00:00,23.2869
2023-10-22 19:00:00,22.895216666666666
2023-10-22 20:00:00,22.700100000000003
2023-10-22 21:00:00,22.443050000000003
2023-10-22 22:00:00,22.60826666666667
2023-10-22 23:00:00,22.580716666666667
2023-10-23 00:00:00,22.413083333333336
2023-10-23 01:00:00,22.3494
2023-10-23 02:00:00,22.293333333333333
2023-10-23 03:00:00,22.157383333333332
2023-10-23 04:00:00,22.168366666666667
2023-10-23 05:00:00,22.00045
2023-10-23 06:00:00,22.0803
2023-10-23 07:00:00,23.244416666666666
2023-10-23 08:00:00,26.069333333333336
2023-10-23 09:00:00,28.70285
2023-10-23 10:00:00,29.276283333333332
2023-10-23 11:00:00,30.00515
2023-10-23 12:00:00,30.478416666666664
2023-10-23 13:00:00,28.949666666666666
2023-10-23 14:00:00,28.926983333333332
2023-10-23 15:00:00,28.778116666666666
2023-10-23 16:00:00,25.47416666666667
2023-10-23 17:00:00,24.456183333333335
2023-10-23 18:00:00,23.705983333333332
2023-10-23 19:00:00,23.550833333333333
2023-10-23 20:00:00,23.552883333333334
2023-10-23 21:00:00,23.665983333333333
2023-10-23 22:00:00,23.731116666666665
2023-10-23 23:00:00,23.84185
2023-10-24 00:00:00,23.827299999999997
2023-10-24 01:00:00,23.797183333333333
2023-10-24 02:00:00,23.59081666666667
2023-10-24 03:00:00,23.54031666666667
2023-10-24 04:00:00,23.224333333333334
2023-10-24 05:00:00,23.01085
2023-10-24 06:00:00,23.154783333333334
2023-10-24 07:00:00,23.910116666666667
2023-10-24 08:00:00,25.107599999999998
2023-10-24 09:00:00,26.913933333333333
2023-10-24 10:00:00,30.788
2023-10-24 11:00:00,30.23796666666667
2023-10-24 12:00:00,30.025016666666666
2023-10-24 13:00:00,31.30515
2023-10-24 14:00:00,30.664266666666666
2023-10-24 15:00:00,29.7665
2023-10-24 16:00:00,25.835116666666668
2023-10-24 17:00:00,24.849733333333333
2023-10-24 18:00:00,24.2176
2023-10-24 19:00:00,23.86345
2023-10-24 20:00:00,23.55728333333333
2023-10-24 21:00:00,23.55953333333333
2023-10-24 22:00:00,23.601499999999998
2023-10-24 23:00:00,23.606683333333333
2023-10-25 00:00:00,23.69158333333333
2023-10-25 01:00:00,23.68345
2023-10-25 02:00:00,23.6678
2023-10-25 03:00:00,23.549
2023-10-25 04:00:00,23.620150000000002
2023-10-25 05:00:00,23.636300000000002
2023-10-25 06:00:00,23.60965
2023-10-25 07:00:00,24.014
2023-10-25 08:00:00,24.439633333333333
2023-10-25 09:00:00,24.899616666666667
2023-10-25 10:00:00,27.14828333333333
2023-10-25 11:00:00,27.301966666666665
2023-10-25 12:00:00,28.544533333333334
2023-10-25 13:00:00,32.052283333333335
2023-10-25 14:00:00,31.155866666666668
2023-10-25 15:00:00,29.846616666666666
2023-10-25 16:00:00,25.690916666666666
2023-10-25 17:00:00,24.58471666666667
2023-10-25 18:00:00,23.78735
2023-10-25 19:00:00,23.556983333333335
2023-10-25 20:00:00,23.476616666666665
2023-10-25 21:00:00,23.43681666666667
2023-10-25 22:00:00,23.406366666666667
2023-10-25 23:00:00,23.267999999999997
2023-10-26 00:00:00,23.25385
2023-10-26 01:00:00,23.176333333333332
2023-10-26 02:00:00,22.9246
2023-10-26 03:00:00,22.716383333333333
2023-10-26 04:00:00,22.875183333333332
2023-10-26 05:00:00,22.683516666666666
2023-10-26 06:00:00,22.95385
2023-10-26 07:00:00,24.237183333333334
2023-10-26 08:00:00,26.1564
2023-10-26 09:00:00,28.340033333333334
2023-10-26 10:00:00,30.654766666666667
2023-10-26 11:00:00,31.190133333333332
2023-10-26 12:00:00,29.163283333333332
2023-10-26 13:00:00,30.566183333333335
2023-10-26 14:00:00,31.660149999999998
2023-10-26 15:00:00,28.791600000000003
2023-10-26 16:00:00,25.09031666666667
2023-10-26 17:00:00,23.931333333333335
2023-10-26 18:00:00,23.3628
2023-10-26 19:00:00,23.265466666666665
2023-10-26 20:00:00,23.193066666666667
2023-10-26 21:00:00,23.10121666666667
2023-10-26 22:00:00,23.195666666666668
2023-10-26 23:00:00,23.275433333333336
2023-10-27 00:00:00,23.122666666666664
2023-10-27 01:00:00,22.996066666666664
2023-10-27 02:00:00,23.026316666666666
2023-10-27 03:00:00,23.110500000000002
2023-10-27 04:00:00,23.120483333333333
2023-10-27 05:00:00,23.03891666666667
2023-10-27 06:00:00,23.3471
2023-10-27 07:00:00,24.124466666666667
2023-10-27 08:00:00,25.720566666666667
2023-10-27 09:00:00,27.88068333333333
2023-10-27 10:00:00,29.548883333333333
2023-10-27 11:00:00,30.729166666666668
2023-10-27 12:00:00,31.341816666666666
2023-10-27 13:00:00,30.728616666666667
2023-10-27 14:00:00,30.770566666666664
2023-10-27 15:00:00,29.260233333333336
2023-10-27 16:00:00,26.598716666666668
2023-10-27 17:00:00,25.6039
2023-10-27 18:00:00,24.810783333333333
2023-10-27 19:00:00,24.152933333333333
2023-10-27 20:00:00,24.26856666666667
2023-10-27 21:00:00,24.40055
2023-10-27 22:00:00,24.365850000000002
2023-10-27 23:00:00,24.256283333333332
2023-10-28 00:00:00,24.17165
2023-10-28 01:00:00,24.1091
2023-10-28 02:00:00,24.080916666666667
2023-10-28 03:00:00,23.927116666666667
2023-10-28 04:00:00,24.036366666666666
2023-10-28 05:00:00,23.965283333333332
2023-10-28 06:00:00,24.01546666666667
2023-10-28 07:00:00,24.151533333333337
2023-10-28 08:00:00,24.419016666666668
2023-10-28 09:00:00,24.92546666666667
2023-10-28 10:00:00,25.885833333333334
2023-10-28 11:00:00,25.834733333333336
2023-10-28 12:00:00,25.65598333333333
2023-10-28 13:00:00,26.43155
2023-10-28 14:00:00,26.590899999999998
2023-10-28 15:00:00,25.425566666666665
2023-10-28 16:00:00,24.93563333333333
2023-10-28 17:00:00,24.41821666666667
2023-10-28 18:00:00,24.068166666666666
2023-10-28 19:00:00,23.820716666666666
2023-10-28 20:00:00,23.47355
2023-10-28 21:00:00,23.662100000000002
2023-10-28 22:00:00,22.895833333333332
2023-10-28 23:00:00,22.600833333333334
2023-10-29 00:00:00,22.50965
2023-10-29 01:00:00,22.530466666666666
2023-10-29 02:00:00,22.58415
2023-10-29 03:00:00,22.664966666666665
2023-10-29 04:00:00,22.697333333333333
2023-10-29 05:00:00,22.73166666666667
2023-10-29 06:00:00,22.70385
2023-10-29 07:00:00,23.51451666666667
2023-10-29 08:00:00,25.8792
2023-10-29 09:00:00,25.742483333333332
2023-10-29 10:00:00,26.523483333333335
2023-10-29 11:00:00,27.12425
2023-10-29 12:00:00,26.3469
2023-10-29 13:00:00,27.3807
2023-10-29 14:00:00,28.48643333333333
2023-10-29 15:00:00,27.027833333333334
2023-10-29 16:00:00,24.780166666666666
2023-10-29 17:00:00,23.871950000000002
2023-10-29 18:00:00,23.527783333333332
2023-10-29 19:00:00,23.5947
2023-10-29 20:00:00,23.6221
2023-10-29 21:00:00,23.646616666666667
2023-10-29 22:00:00,23.60575
2023-10-29 23:00:00,23.587100000000003
2023-10-30 00:00:00,23.444399999999998
2023-10-30 01:00:00,23.286883333333332
2023-10-30 02:00:00,23.303033333333335
2023-10-30 03:00:00,23.28845
2023-10-30 04:00:00,23.09668333333333
2023-10-30 05:00:00,22.93115
2023-10-30 06:00:00,22.797199999999997
2023-10-30 07:00:00,23.823116666666667
2023-10-30 08:00:00,25.22058333333333
2023-10-30 09:00:00,25.98186666666667
2023-10-30 10:00:00,27.352050000000002
2023-10-30 11:00:00,30.161583333333333
2023-10-30 12:00:00,30.94606666666667
2023-10-30 13:00:00,31.342483333333334
2023-10-30 14:00:00,30.41475
2023-10-30 15:00:00,28.8049
2023-10-30 16:00:00,25.540200000000002
2023-10-30 17:00:00,24.243116666666666
2023-10-30 18:00:00,23.317233333333334
2023-10-30 19:00:00,22.984333333333332
2023-10-30 20:00:00,22.97846666666667
2023-10-30 21:00:00,23.0197
2023-10-30 22:00:00,22.81075
2023-10-30 23:00:00,23.104033333333334
2023-10-31 00:00:00,23.190633333333334
2023-10-31 01:00:00,23.167283333333334
2023-10-31 02:00:00,22.89858333333333
2023-10-31 03:00:00,22.97785
2023-10-31 04:00:00,22.504416666666668
2023-10-31 05:00:00,22.111866666666668
2023-10-31 06:00:00,21.99656666666667
2023-10-31 07:00:00,24.963966666666668
2023-10-31 08:00:00,28.32016666666667
2023-10-31 09:00:00,30.592366666666667
2023-10-31 10:00:00,32.2376
2023-10-31 11:00:00,29.292733333333334
2023-10-31 12:00:00,30.465066666666665
2023-10-31 13:00:00,29.62163333333333
2023-10-31 14:00:00,29.757866666666665
2023-10-31 15:00:00,27.771433333333334
2023-10-31 16:00:00,24.8288
2023-10-31 17:00:00,23.930733333333333
2023-10-31 18:00:00,23.152933333333333
2023-10-31 19:00:00,23.208333333333332
2023-10-31 20:00:00,23.402383333333333
2023-10-31 21:00:00,23.73078333333333
2023-10-31 22:00:00,23.503316666666667
2023-10-31 23:00:00,23.281
2023-11-01 00:00:00,23.2063
2023-11-01 01:00:00,22.795183333333334
2023-11-01 02:00:00,22.645133333333334
2023-11-01 03:00:00,22.3692
2023-11-01 04:00:00,22.089
2023-11-01 05:00:00,21.76536666666667
2023-11-01 06:00:00,21.873233333333335
2023-11-01 07:00:00,25.346549999999997
2023-11-01 08:00:00,29.8145
2023-11-01 09:00:00,30.77171666666667
2023-11-01 10:00:00,30.994066666666665
2023-11-01 11:00:00,31.725466666666666
2023-11-01 12:00:00,30.7353
2023-11-01 13:00:00,30.056516666666667
2023-11-01 14:00:00,30.479666666666667
2023-11-01 15:00:00,27.9064
2023-11-01 16:00:00,24.39241666666667
2023-11-01 17:00:00,23.607183333333335
2023-11-01 18:00:00,23.116466666666668
2023-11-01 19:00:00,23.058516666666666
2023-11-01 20:00:00,23.319183333333335
2023-11-01 21:00:00,23.578366666666668
2023-11-01 22:00:00,23.6406
2023-11-01 23:00:00,23.48105
2023-11-02 00:00:00,23.083216666666665
2023-11-02 01:00:00,22.996950000000002
2023-11-02 02:00:00,22.762316666666667
2023-11-02 03:00:00,22.41756666666667
2023-11-02 04:00:00,22.61685
2023-11-02 05:00:00,22.679866666666666
2023-11-02 06:00:00,22.652033333333335
2023-11-02 07:00:00,23.386266666666664
2023-11-02 08:00:00,26.747799999999998
2023-11-02 09:00:00,27.3649
2023-11-02 10:00:00,29.021966666666668
2023-11-02 11:00:00,29.757099999999998
2023-11-02 12:00:00,29.10983333333333
2023-11-02 13:00:00,29.494449999999997
2023-11-02 14:00:00,30.187549999999998
2023-11-02 15:00:00,28.329816666666666
2023-11-02 16:00:00,25.8816
2023-11-02 17:00:00,24.386433333333333
2023-11-02 18:00:00,23.262583333333335
2023-11-02 19:00:00,23.1883
2023-11-02 20:00:00,22.985866666666666
2023-11-02 21:00:00,22.802216666666666
2023-11-02 22:00:00,22.777683333333336
2023-11-02 23:00:00,22.698483333333332
2023-11-03 00:00:00,22.77466666666667
2023-11-03 01:00:00,22.711383333333334
2023-11-03 02:00:00,22.684383333333333
2023-11-03 03:00:00,22.56115
2023-11-03 04:00:00,22.634366666666665
2023-11-03 05:00:00,22.564433333333334
2023-11-03 06:00:00,22.676133333333333
2023-11-03 07:00:00,24.05145
2023-11-03 08:00:00,28.712983333333334
2023-11-03 09:00:00,26.576216666666667
2023-11-03 10:00:00,26.996966666666665
2023-11-03 11:00:00,28.78465
2023-11-03 12:00:00,30.09173333333333
2023-11-03 13:00:00,30.4663
2023-11-03 14:00:00,30.5936
2023-11-03 15:00:00,28.62108333333333
2023-11-03 16:00:00,24.9436
2023-11-03 17:00:00,23.97595
2023-11-03 18:00:00,23.2775
2023-11-03 19:00:00,22.931333333333335
2023-11-03 20:00:00,23.060299999999998
2023-11-03 21:00:00,23.140683333333335
2023-11-03 22:00:00,23.266016666666665
2023-11-03 23:00:00,23.335816666666666
2023-11-04 00:00:00,23.09241666666667
2023-11-04 01:00:00,22.888433333333335
2023-11-04 02:00:00,22.786383333333333
2023-11-04 03:00:00,23.03445
2023-11-04 04:00:00,23.037033333333333
2023-11-04 05:00:00,23.021250000000002
2023-11-04 06:00:00,22.7496
2023-11-04 07:00:00,24.052616666666665
2023-11-04 08:00:00,26.007416666666664
2023-11-04 09:00:00,29.24135
2023-11-04 10:00:00,30.477633333333333
2023-11-04 11:00:00,32.312866666666665
2023-11-04 12:00:00,31.3462
2023-11-04 13:00:00,31.67915
2023-11-04 14:00:00,31.571016666666665
2023-11-04 15:00:00,28.825300000000002
2023-11-04 16:00:00,25.284483333333334
2023-11-04 17:00:00,24.276349999999997
2023-11-04 18:00:00,23.653683333333333
2023-11-04 19:00:00,23.415633333333336
2023-11-04 20:00:00,23.324166666666667
2023-11-04 21:00:00,23.264666666666663
2023-11-04 22:00:00,23.16555
2023-11-04 23:00:00,23.1949
2023-11-05 00:00:00,23.196583333333333
2023-11-05 01:00:00,23.247766666666667
2023-11-05 02:00:00,23.298466666666666
2023-11-05 03:00:00,23.325033333333334
2023-11-05 04:00:00,23.043916666666668
2023-11-05 05:00:00,23.019866666666665
2023-11-05 06:00:00,23.383283333333335
2023-11-05 07:00:00,24.027066666666666
2023-11-05 08:00:00,26.233166666666666
2023-11-05 09:00:00,27.987133333333336
2023-11-05 10:00:00,31.281916666666667
2023-11-05 11:00:00,31.110616666666665
2023-11-05 12:00:00,32.44668333333333
2023-11-05 13:00:00,32.91775
2023-11-05 14:00:00,32.61548333333334
2023-11-05 15:00:00,29.491666666666667
2023-11-05 16:00:00,25.60465
2023-11-05 17:00:00,24.991066666666665
2023-11-05 18:00:00,24.52926666666667
2023-11-05 19:00:00,24.345033333333333
2023-11-05 20:00:00,24.19366666666667
2023-11-05 21:00:00,23.976966666666666
2023-11-05 22:00:00,23.826916666666666
2023-11-05 23:00:00,23.933866666666667
2023-11-06 00:00:00,23.92505
2023-11-06 01:00:00,23.772499999999997
2023-11-06 02:00:00,23.829016666666668
2023-11-06 03:00:00,24.027616666666667
2023-11-06 04:00:00,23.8673
2023-11-06 05:00:00,23.546316666666666
2023-11-06 06:00:00,23.65005
2023-11-06 07:00:00,28.920849999999998
2023-11-06 08:00:00,31.926166666666667
2023-11-06 09:00:00,32.5995
2023-11-06 10:00:00,32.570033333333335
2023-11-06 11:00:00,32.69168333333333
2023-11-06 12:00:00,32.82135
2023-11-06 13:00:00,34.11173333333333
2023-11-06 14:00:00,33.323433333333334
2023-11-06 15:00:00,31.14896666666667
2023-11-06 16:00:00,28.0861
2023-11-06 17:00:00,27.154866666666667
2023-11-06 18:00:00,26.443966666666665
2023-11-06 19:00:00,26.214499999999997
2023-11-06 20:00:00,26.053616666666663
2023-11-06 21:00:00,25.964033333333337
2023-11-06 22:00:00,25.68006666666667
2023-11-06 23:00:00,25.036483333333333
2023-11-07 00:00:00,24.503316666666667
2023-11-07 01:00:00,24.268166666666666
2023-11-07 02:00:00,23.9827
2023-11-07 03:00:00,23.50998333333333
2023-11-07 04:00:00,23.397116666666665
2023-11-07 05:00:00,23.70735
2023-11-07 06:00:00,23.669233333333334
2023-11-07 07:00:00,23.910233333333334
2023-11-07 08:00:00,23.820733333333333
2023-11-07 09:00:00,24.618783333333333
2023-11-07 10:00:00,25.0036
2023-11-07 11:00:00,24.532683333333335
2023-11-07 12:00:00,24.227983333333334
2023-11-07 13:00:00,24.136483333333334
2023-11-07 14:00:00,24.041749999999997
2023-11-07 15:00:00,24.254900000000003
2023-11-07 16:00:00,24.085383333333333
2023-11-07 17:00:00,23.859416666666668
2023-11-07 18:00:00,23.762283333333336
2023-11-07 19:00:00,23.707800000000002
2023-11-07 20:00:00,23.631833333333336
2023-11-07 21:00:00,23.565833333333334
2023-11-07 22:00:00,23.593916666666665
2023-11-07 23:00:00,23.417716666666667
2023-11-08 00:00:00,23.45025
2023-11-08 01:00:00,23.357066666666665
2023-11-08 02:00:00,23.2404
2023-11-08 03:00:00,23.117083333333333
2023-11-08 04:00:00,23.065833333333334
2023-11-08 05:00:00,23.020483333333335
2023-11-08 06:00:00,22.96905
2023-11-08 07:00:00,22.706566666666667
2023-11-08 08:00:00,23.07473333333333
2023-11-08 09:00:00,23.177083333333332
2023-11-08 10:00:00,23.420633333333335
2023-11-08 11:00:00,23.735966666666666
2023-11-08 12:00:00,23.666216666666667
2023-11-08 13:00:00,24.8538
2023-11-08 14:00:00,24.48456666666667
2023-11-08 15:00:00,23.37705
2023-11-08 16:00:00,23.188333333333333
2023-11-08 17:00:00,23.128249999999998
2023-11-08 18:00:00,23.042433333333335
2023-11-08 19:00:00,23.184166666666666
2023-11-08 20:00:00,23.282033333333334
2023-11-08 21:00:00,23.37933333333333
2023-11-08 22:00:00,23.436233333333334
2023-11-08 23:00:00,23.430049999999998
2023-11-09 00:00:00,23.36368333333333
2023-11-09 01:00:00,23.288033333333335
2023-11-09 02:00:00,23.249750000000002
2023-11-09 03:00:00,23.13685
2023-11-09 04:00:00,23.016133333333336
2023-11-09 05:00:00,22.949066666666667
2023-11-09 06:00:00,23.02556666666667
2023-11-09 07:00:00,23.319666666666667
2023-11-09 08:00:00,23.696633333333335
2023-11-09 09:00:00,24.185166666666664
2023-11-09 10:00:00,24.23995
2023-11-09 11:00:00,23.892100000000003
2023-11-09 12:00:00,23.70651666666667
2023-11-09 13:00:00,24.026816666666665
2023-11-09 14:00:00,24.748683333333336
2023-11-09 15:00:00,25.13471666666667
2023-11-09 16:00:00,24.65375
2023-11-09 17:00:00,24.017
2023-11-09 18:00:00,23.69656666666667
2023-11-09 19:00:00,23.647499999999997
2023-11-09 20:00:00,23.546333333333333
2023-11-09 21:00:00,23.75965
2023-11-09 22:00:00,23.79393333333333
2023-11-09 23:00:00,23.82443333333333
2023-11-10 00:00:00,23.824816666666667
2023-11-10 01:00:00,23.849116666666664
2023-11-10 02:00:00,23.788083333333336
2023-11-10 03:00:00,23.765616666666666
2023-11-10 04:00:00,23.8075
2023-11-10 05:00:00,23.816216666666666
2023-11-10 06:00:00,23.852316666666663
2023-11-10 07:00:00,24.144033333333333
2023-11-10 08:00:00,25.2053
2023-11-10 09:00:00,26.25185
2023-11-10 10:00:00,26.806566666666665
2023-11-10 11:00:00,27.53076666666667
2023-11-10 12:00:00,28.587466666666668
2023-11-10 13:00:00,29.053633333333334
2023-11-10 14:00:00,28.628266666666665
2023-11-10 15:00:00,28.312616666666667
2023-11-10 16:00:00,26.5332
2023-11-10 17:00:00,25.139566666666667
2023-11-10 18:00:00,24.587366666666664
2023-11-10 19:00:00,24.6945
2023-11-10 20:00:00,24.66848333333333
2023-11-10 21:00:00,24.6487
2023-11-10 22:00:00,24.520433333333337
2023-11-10 23:00:00,24.48261666666667
2023-11-11 00:00:00,24.377083333333335
2023-11-11 01:00:00,24.342166666666667
2023-11-11 02:00:00,24.232233333333333
2023-11-11 03:00:00,23.75945
2023-11-11 04:00:00,23.68593333333333
2023-11-11 05:00:00,23.790200000000002
2023-11-11 06:00:00,23.612199999999998
2023-11-11 07:00:00,23.564216666666667
2023-11-11 08:00:00,23.5281
2023-11-11 09:00:00,23.7487
2023-11-11 10:00:00,23.708866666666665
2023-11-11 11:00:00,23.701433333333334
2023-11-11 12:00:00,23.477066666666666
2023-11-11 13:00:00,23.494383333333335
2023-11-11 14:00:00,23.4354
2023-11-11 15:00:00,23.4483
2023-11-11 16:00:00,23.252
2023-11-11 17:00:00,23.047016666666664
2023-11-11 18:00:00,23.047766666666668
2023-11-11 19:00:00,23.116866666666667
2023-11-11 20:00:00,23.05838333333333
2023-11-11 21:00:00,23.088833333333334
2023-11-11 22:00:00,23.0463
2023-11-11 23:00:00,23.02058333333333
2023-11-12 00:00:00,23.01065
2023-11-12 01:00:00,22.942349999999998
2023-11-12 02:00:00,22.31765
2023-11-12 03:00:00,21.910733333333333
2023-11-12 04:00:00,21.67995
2023-11-12 05:00:00,21.426516666666664
2023-11-12 06:00:00,21.102266666666665
2023-11-12 07:00:00,20.47755
2023-11-12 08:00:00,20.858099999999997
2023-11-12 09:00:00,23.402516666666667
2023-11-12 10:00:00,25.828133333333334
2023-11-12 11:00:00,26.92301666666667
2023-11-12 12:00:00,26.45625
2023-11-12 13:00:00,25.93345
2023-11-12 14:00:00,24.973200000000002
2023-11-12 15:00:00,24.975450000000002
2023-11-12 16:00:00,23.687066666666666
2023-11-12 17:00:00,22.839366666666667
2023-11-12 18:00:00,21.904833333333332
2023-11-12 19:00:00,20.975916666666667
2023-11-12 20:00:00,20.52381666666667
2023-11-12 21:00:00,20.199283333333334
2023-11-12 22:00:00,19.835833333333333
2023-11-12 23:00:00,19.5511
2023-11-13 00:00:00,19.216333333333335
2023-11-13 01:00:00,18.88585
2023-11-13 02:00:00,18.872683333333335
2023-11-13 03:00:00,19.018716666666666
2023-11-13 04:00:00,18.888766666666665
2023-11-13 05:00:00,18.57195
2023-11-13 06:00:00,18.196183333333334
2023-11-13 07:00:00,18.31433333333333
2023-11-13 08:00:00,20.457116666666664
2023-11-13 09:00:00,23.22908333333333
2023-11-13 10:00:00,24.289716666666667
2023-11-13 11:00:00,25.720216666666666
2023-11-13 12:00:00,27.216516666666667
2023-11-13 13:00:00,28.636566666666667
2023-11-13 14:00:00,27.326
2023-11-13 15:00:00,23.286033333333332
2023-11-13 16:00:00,21.610850000000003
2023-11-13 17:00:00,20.448916666666666
2023-11-13 18:00:00,19.289933333333334
2023-11-13 19:00:00,18.835433333333334
2023-11-13 20:00:00,18.534166666666668
2023-11-13 21:00:00,18.451183333333333
2023-11-13 22:00:00,18.41285
2023-11-13 23:00:00,18.228533333333335
2023-11-14 00:00:00,18.051433333333332
2023-11-14 01:00:00,17.604866666666666
2023-11-14 02:00:00,17.206183333333335
2023-11-14 03:00:00,17.13845
2023-11-14 04:00:00,16.837433333333333
2023-11-14 05:00:00,16.747416666666666
2023-11-14 06:00:00,16.67295
2023-11-14 07:00:00,17.18385
2023-11-14 08:00:00,17.71635
2023-11-14 09:00:00,17.997133333333334
2023-11-14 10:00:00,19.237633333333335
2023-11-14 11:00:00,21.309666666666665
2023-11-14 12:00:00,21.480933333333333
2023-11-14 13:00:00,23.788733333333333
2023-11-14 14:00:00,26.4486
2023-11-14 15:00:00,23.92195
2023-11-14 16:00:00,22.122616666666666
2023-11-14 17:00:00,20.75856666666667
2023-11-14 18:00:00,19.855816666666666
2023-11-14 19:00:00,19.280016666666665
2023-11-14 20:00:00,19.003333333333334
2023-11-14 21:00:00,18.877799999999997
2023-11-14 22:00:00,18.697349999999997
2023-11-14 23:00:00,18.612983333333332
2023-11-15 00:00:00,18.806333333333335
2023-11-15 01:00:00,18.779816666666665
2023-11-15 02:00:00,18.83645
2023-11-15 03:00:00,18.703866666666666
2023-11-15 04:00:00,18.748716666666667
2023-11-15 05:00:00,18.66936666666667
2023-11-15 06:00:00,18.632333333333335
2023-11-15 07:00:00,18.727116666666667
2023-11-15 08:00:00,21.31505
2023-11-15 09:00:00,23.5697
2023-11-15 10:00:00,24.561366666666668
2023-11-15 11:00:00,26.7206
2023-11-15 12:00:00,28.165533333333332
2023-11-15 13:00:00,28.039416666666668
2023-11-15 14:00:00,27.86995
2023-11-15 15:00:00,24.275966666666665
2023-11-15 16:00:00,22.161216666666668
2023-11-15 17:00:00,21.758733333333332
2023-11-15 18:00:00,21.608600000000003
2023-11-15 19:00:00,21.53875
2023-11-15 20:00:00,21.61415
2023-11-15 21:00:00,21.943733333333334
2023-11-15 22:00:00,22.021416666666667
2023-11-15 23:00:00,21.843466666666664
2023-11-16 00:00:00,21.270033333333334
2023-11-16 01:00:00,21.030166666666666
2023-11-16 02:00:00,20.894650000000002
2023-11-16 03:00:00,20.833016666666666
2023-11-16 04:00:00,21.09326666666667
2023-11-16 05:00:00,21.080433333333335
2023-11-16 06:00:00,21.164466666666666
2023-11-16 07:00:00,21.46806666666667
2023-11-16 08:00:00,22.231383333333333
2023-11-16 09:00:00,22.7327
2023-11-16 10:00:00,24.043433333333333
2023-11-16 11:00:00,23.89561666666667
2023-11-16 12:00:00,23.045016666666665
2023-11-16 13:00:00,23.751966666666664
2023-11-16 14:00:00,22.491516666666666
2023-11-16 15:00:00,20.826183333333333
2023-11-16 16:00:00,19.67591666666667
2023-11-16 17:00:00,18.5304
2023-11-16 18:00:00,17.981166666666663
2023-11-16 19:00:00,17.624116666666666
2023-11-16 20:00:00,16.865783333333333
2023-11-16 21:00:00,16.022183333333334
2023-11-16 22:00:00,15.7754
2023-11-16 23:00:00,15.613
2023-11-17 00:00:00,15.409249999999998
2023-11-17 01:00:00,15.279183333333332
2023-11-17 02:00:00,15.021416666666665
2023-11-17 03:00:00,14.6312
2023-11-17 04:00:00,14.119716666666667
2023-11-17 05:00:00,13.945933333333333
2023-11-17 06:00:00,13.880283333333333
2023-11-17 07:00:00,15.7834
2023-11-17 08:00:00,17.96803333333333
2023-11-17 09:00:00,19.2025
2023-11-17 10:00:00,20.89653333333333
2023-11-17 11:00:00,21.990466666666666
2023-11-17 12:00:00,23.315116666666665
2023-11-17 13:00:00,24.07725
2023-11-17 14:00:00,24.606616666666664
2023-11-17 15:00:00,21.77335
2023-11-17 16:00:00,19.439383333333335
2023-11-17 17:00:00,18.662566666666667
2023-11-17 18:00:00,18.019066666666667
2023-11-17 19:00:00,17.580016666666666
2023-11-17 20:00:00,17.154516666666666
2023-11-17 21:00:00,16.831583333333334
2023-11-17 22:00:00,16.607183333333335
2023-11-17 23:00:00,16.29185
2023-11-18 00:00:00,16.024233333333335
2023-11-18 01:00:00,15.555183333333334
2023-11-18 02:00:00,15.127083333333333
2023-11-18 03:00:00,14.906483333333334
2023-11-18 04:00:00,14.681466666666667
2023-11-18 05:00:00,14.587016666666667
2023-11-18 06:00:00,14.551449999999999
2023-11-18 07:00:00,16.890633333333334
2023-11-18 08:00:00,19.74985
2023-11-18 09:00:00,20.977233333333334
2023-11-18 10:00:00,22.88201666666667
2023-11-18 11:00:00,24.709766666666667
2023-11-18 12:00:00,26.38805
2023-11-18 13:00:00,27.919433333333334
2023-11-18 14:00:00,27.185433333333332
2023-11-18 15:00:00,21.556533333333334
2023-11-18 16:00:00,18.834766666666667
2023-11-18 17:00:00,17.95155
2023-11-18 18:00:00,17.584666666666667
2023-11-18 19:00:00,17.472083333333334
2023-11-18 20:00:00,17.579566666666665
2023-11-18 21:00:00,17.476883333333333
2023-11-18 22:00:00,17.472033333333332
2023-11-18 23:00:00,17.466683333333332
2023-11-19 00:00:00,16.970016666666666
2023-11-19 01:00:00,17.145433333333337
2023-11-19 02:00:00,17.038733333333333
2023-11-19 03:00:00,17.201916666666666
2023-11-19 04:00:00,17.210283333333333
2023-11-19 05:00:00,16.986283333333333
2023-11-19 06:00:00,16.8902
2023-11-19 07:00:00,18.198716666666666
2023-11-19 08:00:00,21.01771666666667
2023-11-19 09:00:00,25.111733333333333
2023-11-19 10:00:00,27.245366666666666
2023-11-19 11:00:00,26.294449999999998
2023-11-19 12:00:00,26.824316666666668
2023-11-19 13:00:00,26.614250000000002
2023-11-19 14:00:00,26.23098333333333
2023-11-19 15:00:00,22.501316666666664
2023-11-19 16:00:00,20.019266666666667
2023-11-19 17:00:00,18.804483333333334
2023-11-19 18:00:00,18.154283333333336
2023-11-19 19:00:00,17.98605
2023-11-19 20:00:00,17.82606666666667
2023-11-19 21:00:00,17.92781666666667
2023-11-19 22:00:00,17.8384
2023-11-19 23:00:00,17.790399999999998
2023-11-20 00:00:00,17.751050000000003
2023-11-20 01:00:00,17.623883333333332
2023-11-20 02:00:00,17.33805
2023-11-20 03:00:00,17.375216666666667
2023-11-20 04:00:00,17.211166666666667
2023-11-20 05:00:00,17.07395
2023-11-20 06:00:00,16.969416666666667
2023-11-20 07:00:00,19.557916666666664
2023-11-20 08:00:00,23.5883
2023-11-20 09:00:00,25.534716666666668
2023-11-20 10:00:00,27.108
2023-11-20 11:00:00,28.160916666666665
2023-11-20 12:00:00,27.983
2023-11-20 13:00:00,27.3814
2023-11-20 14:00:00,26.246016666666666
2023-11-20 15:00:00,23.106283333333334
2023-11-20 16:00:00,20.946083333333334
2023-11-20 17:00:00,20.3145
2023-11-20 18:00:00,19.65106666666667
2023-11-20 19:00:00,19.338583333333336
2023-11-20 20:00:00,19.152266666666666
2023-11-20 21:00:00,19.006016666666667
2023-11-20 22:00:00,19.345533333333332
2023-11-20 23:00:00,19.505550000000003
2023-11-21 00:00:00,19.361683333333335
2023-11-21 01:00:00,19.356483333333337
2023-11-21 02:00:00,19.333716666666668
2023-11-21 03:00:00,18.83036666666667
2023-11-21 04:00:00,18.47713333333333
2023-11-21 05:00:00,18.192966666666667
2023-11-21 06:00:00,17.9844
2023-11-21 07:00:00,21.197966666666666
2023-11-21 08:00:00,26.69523333333333
2023-11-21 09:00:00,28.24908333333333
2023-11-21 10:00:00,26.782883333333334
2023-11-21 11:00:00,27.37325
2023-11-21 12:00:00,27.907633333333333
2023-11-21 13:00:00,27.480933333333333
2023-11-21 14:00:00,26.953166666666668
2023-11-21 15:00:00,23.339166666666664
2023-11-21 16:00:00,21.015066666666666
2023-11-21 17:00:00,20.087583333333335
2023-11-21 18:00:00,19.611449999999998
2023-11-21 19:00:00,19.138666666666666
2023-11-21 20:00:00,19.1937
2023-11-21 21:00:00,19.202816666666667
2023-11-21 22:00:00,18.8873
2023-11-21 23:00:00,19.355183333333333
2023-11-22 00:00:00,19.457283333333333
2023-11-22 01:00:00,19.4925
2023-11-22 02:00:00,19.394033333333333
2023-11-22 03:00:00,19.1855
2023-11-22 04:00:00,18.907500000000002
2023-11-22 05:00:00,18.84445
2023-11-22 06:00:00,18.66096666666667
2023-11-22 07:00:00,20.002633333333332
2023-11-22 08:00:00,25.74205
2023-11-22 09:00:00,28.681683333333336
2023-11-22 10:00:00,28.121683333333333
2023-11-22 11:00:00,28.414066666666667
2023-11-22 12:00:00,28.78555
2023-11-22 13:00:00,28.84085
2023-11-22 14:00:00,29.491033333333334
2023-11-22 15:00:00,24.308766666666667
2023-11-22 16:00:00,21.633316666666666
2023-11-22 17:00:00,20.49765
2023-11-22 18:00:00,20.034566666666667
2023-11-22 19:00:00,19.8993
2023-11-22 20:00:00,19.60295
2023-11-22 21:00:00,19.464566666666666
2023-11-22 22:00:00,19.558083333333332
2023-11-22 23:00:00,19.347433333333335
2023-11-23 00:00:00,18.944816666666668
2023-11-23 01:00:00,18.8048
2023-11-23 02:00:00,19.057616666666664
2023-11-23 03:00:00,19.15598333333333
2023-11-23 04:00:00,18.68975
2023-11-23 05:00:00,18.7739
2023-11-23 06:00:00,18.914983333333332
2023-11-23 07:00:00,21.563516666666665
2023-11-23 08:00:00,25.87595
2023-11-23 09:00:00,27.73545
2023-11-23 10:00:00,29.6303
2023-11-23 11:00:00,30.60103333333333
2023-11-23 12:00:00,31.7447
2023-11-23 13:00:00,30.5944
2023-11-23 14:00:00,29.544933333333333
2023-11-23 15:00:00,25.028216666666665
2023-11-23 16:00:00,22.878783333333335
2023-11-23 17:00:00,22.27245
2023-11-23 18:00:00,21.587183333333332
2023-11-23 19:00:00,20.784333333333333
2023-11-23 20:00:00,20.26338333333333
2023-11-23 21:00:00,20.00293333333333
2023-11-23 22:00:00,19.914083333333334
2023-11-23 23:00:00,20.198566666666668
2023-11-24 00:00:00,20.29543333333333
2023-11-24 01:00:00,20.168266666666668
2023-11-24 02:00:00,20.072316666666666
2023-11-24 03:00:00,19.873933333333333
2023-11-24 04:00:00,19.698733333333333
2023-11-24 05:00:00,19.691233333333333
2023-11-24 06:00:00,19.658966666666668
2023-11-24 07:00:00,22.0245
2023-11-24 08:00:00,25.449099999999998
2023-11-24 09:00:00,26.363983333333334
2023-11-24 10:00:00,26.77605
2023-11-24 11:00:00,27.061383333333332
2023-11-24 12:00:00,27.20853333333333
2023-11-24 13:00:00,26.149383333333333
2023-11-24 14:00:00,25.3477
2023-11-24 15:00:00,23.123416666666667
2023-11-24 16:00:00,21.975583333333336
2023-11-24 17:00:00,21.294033333333335
2023-11-24 18:00:00,20.890783333333335
2023-11-24 19:00:00,20.811633333333337
2023-11-24 20:00:00,20.7921
2023-11-24 21:00:00,20.59735
2023-11-24 22:00:00,20.399350000000002
2023-11-24 23:00:00,20.133216666666666
2023-11-25 00:00:00,19.66325
2023-11-25 01:00:00,19.321166666666667
2023-11-25 02:00:00,19.051716666666668
2023-11-25 03:00:00,18.7617
2023-11-25 04:00:00,18.590033333333334
2023-11-25 05:00:00,18.137
2023-11-25 06:00:00,17.758516666666665
2023-11-25 07:00:00,19.565683333333332
2023-11-25 08:00:00,23.65191666666667
2023-11-25 09:00:00,25.701466666666665
2023-11-25 10:00:00,26.380383333333334
2023-11-25 11:00:00,27.90625
2023-11-25 12:00:00,27.350216666666665
2023-11-25 13:00:00,26.893016666666664
2023-11-25 14:00:00,25.624816666666668
2023-11-25 15:00:00,22.611516666666667
2023-11-25 16:00:00,20.988316666666666
2023-11-25 17:00:00,20.405383333333337
2023-11-25 18:00:00,20.143449999999998
2023-11-25 19:00:00,20.313550000000003
2023-11-25 20:00:00,20.528533333333332
2023-11-25 21:00:00,20.503066666666665
2023-11-25 22:00:00,20.432416666666665
2023-11-25 23:00:00,20.289516666666668
2023-11-26 00:00:00,20.021166666666666
2023-11-26 01:00:00,19.700783333333334
2023-11-26 02:00:00,18.993383333333334
2023-11-26 03:00:00,18.510766666666665
2023-11-26 04:00:00,18.059466666666665
2023-11-26 05:00:00,17.770566666666664
2023-11-26 06:00:00,17.6771
2023-11-26 07:00:00,20.23465
2023-11-26 08:00:00,23.85011666666667
2023-11-26 09:00:00,25.252083333333335
2023-11-26 10:00:00,27.003016666666667
2023-11-26 11:00:00,28.6886
2023-11-26 12:00:00,28.78715
2023-11-26 13:00:00,28.22511666666667
2023-11-26 14:00:00,27.452366666666666
2023-11-26 15:00:00,23.4747
2023-11-26 16:00:00,21.232516666666665
2023-11-26 17:00:00,20.256933333333333
2023-11-26 18:00:00,19.469033333333336
2023-11-26 19:00:00,19.15645
2023-11-26 20:00:00,18.97233333333333
2023-11-26 21:00:00,19.111933333333333
2023-11-26 22:00:00,19.132516666666668
2023-11-26 23:00:00,18.886183333333335
2023-11-27 00:00:00,18.75595
2023-11-27 01:00:00,18.829533333333334
2023-11-27 02:00:00,18.645533333333333
2023-11-27 03:00:00,18.570783333333335
2023-11-27 04:00:00,18.1793
2023-11-27 05:00:00,18.198866666666667
2023-11-27 06:00:00,18.495983333333335
2023-11-27 07:00:00,20.798416666666665
2023-11-27 08:00:00,25.79795
2023-11-27 09:00:00,27.55046666666667
2023-11-27 10:00:00,28.9297
2023-11-27 11:00:00,30.7864
2023-11-27 12:00:00,31.093833333333336
2023-11-27 13:00:00,29.840183333333336
2023-11-27 14:00:00,29.299216666666666
2023-11-27 15:00:00,25.591416666666664
2023-11-27 16:00:00,23.225716666666663
2023-11-27 17:00:00,22.497083333333332
2023-11-27 18:00:00,21.2459
2023-11-27 19:00:00,20.39825
2023-11-27 20:00:00,20.717466666666667
2023-11-27 21:00:00,21.031266666666667
2023-11-27 22:00:00,20.933100000000003
2023-11-27 23:00:00,20.637933333333333
2023-11-28 00:00:00,20.150133333333333
2023-11-28 01:00:00,19.91205
2023-11-28 02:00:00,19.502883333333333
2023-11-28 03:00:00,19.209933333333332
2023-11-28 04:00:00,18.897933333333334
2023-11-28 05:00:00,18.540950000000002
2023-11-28 06:00:00,18.198183333333336
2023-11-28 07:00:00,19.3083
2023-11-28 08:00:00,23.14135
2023-11-28 09:00:00,26.025366666666667
2023-11-28 10:00:00,28.834016666666667
2023-11-28 11:00:00,28.291616666666666
2023-11-28 12:00:00,28.316683333333334
2023-11-28 13:00:00,27.53943333333333
2023-11-28 14:00:00,28.09075
2023-11-28 15:00:00,23.55705
2023-11-28 16:00:00,22.5362
2023-11-28 17:00:00,21.52265
2023-11-28 18:00:00,21.096133333333334
2023-11-28 19:00:00,20.832333333333334
2023-11-28 20:00:00,20.897483333333334
2023-11-28 21:00:00,21.162750000000003
2023-11-28 22:00:00,20.9767
2023-11-28 23:00:00,20.945116666666667
2023-11-29 00:00:00,20.94023333333333
2023-11-29 01:00:00,19.624016666666666
2023-11-29 02:00:00,19.064816666666665
2023-11-29 03:00:00,19.1433
2023-11-29 04:00:00,19.167016666666665
2023-11-29 05:00:00,19.507
2023-11-29 06:00:00,19.787516666666665
2023-11-29 07:00:00,20.061449999999997
2023-11-29 08:00:00,20.771083333333333
2023-11-29 09:00:00,21.184
2023-11-29 10:00:00,21.904333333333334
2023-11-29 11:00:00,23.39943333333333
2023-11-29 12:00:00,23.345899999999997
2023-11-29 13:00:00,24.1511
2023-11-29 14:00:00,24.216866666666665
2023-11-29 15:00:00,23.543416666666666
2023-11-29 16:00:00,22.787766666666666
2023-11-29 17:00:00,21.688766666666666
2023-11-29 18:00:00,20.870683333333332
2023-11-29 19:00:00,21.209066666666665
2023-11-29 20:00:00,21.315416666666668
2023-11-29 21:00:00,21.3417
2023-11-29 22:00:00,21.51898333333333
2023-11-29 23:00:00,21.626316666666664
2023-11-30 00:00:00,21.5276
2023-11-30 01:00:00,21.146783333333335
2023-11-30 02:00:00,21.031066666666668
2023-11-30 03:00:00,20.8983
2023-11-30 04:00:00,20.900699999999997
2023-11-30 05:00:00,21.09081666666667
2023-11-30 06:00:00,21.731583333333333
2023-11-30 07:00:00,22.286883333333332
2023-11-30 08:00:00,23.801133333333333
2023-11-30 09:00:00,25.0929
2023-11-30 10:00:00,26.019683333333333
2023-11-30 11:00:00,26.973366666666667
2023-11-30 12:00:00,27.3441
2023-11-30 13:00:00,26.123466666666666
2023-11-30 14:00:00,26.483016666666668
2023-11-30 15:00:00,25.851383333333334
2023-11-30 16:00:00,23.817666666666664
2023-11-30 17:00:00,22.133066666666664
2023-11-30 18:00:00,21.778466666666667
2023-11-30 19:00:00,21.479983333333333
2023-11-30 20:00:00,21.29825
2023-11-30 21:00:00,21.110433333333333
2023-11-30 22:00:00,21.028883333333333
2023-11-30 23:00:00,20.892666666666667
2023-12-01 00:00:00,20.76696666666667
2023-12-01 01:00:00,20.685733333333335
2023-12-01 02:00:00,20.03735
2023-12-01 03:00:00,19.76505
2023-12-01 04:00:00,19.443716666666667
2023-12-01 05:00:00,19.243616666666664
2023-12-01 06:00:00,18.88785
2023-12-01 07:00:00,18.52395
2023-12-01 08:00:00,18.5659
2023-12-01 09:00:00,19.127200000000002
2023-12-01 10:00:00,20.163733333333333
2023-12-01 11:00:00,20.94516666666667
2023-12-01 12:00:00,23.203983333333333
2023-12-01 13:00:00,24.036583333333333
2023-12-01 14:00:00,24.2032
2023-12-01 15:00:00,22.357183333333335
2023-12-01 16:00:00,20.73821666666667
2023-12-01 17:00:00,19.731983333333336
2023-12-01 18:00:00,19.045933333333334
2023-12-01 19:00:00,18.837699999999998
2023-12-01 20:00:00,18.24955
2023-12-01 21:00:00,17.877166666666668
2023-12-01 22:00:00,17.585016666666665
2023-12-01 23:00:00,17.233383333333332
2023-12-02 00:00:00,17.01865
2023-12-02 01:00:00,16.925266666666666
2023-12-02 02:00:00,16.725083333333334
2023-12-02 03:00:00,16.41105
2023-12-02 04:00:00,16.09985
2023-12-02 05:00:00,16.01355
2023-12-02 06:00:00,15.889366666666666
2023-12-02 07:00:00,16.042066666666667
2023-12-02 08:00:00,16.99885
2023-12-02 09:00:00,19.256066666666666
2023-12-02 10:00:00,20.98326666666667
2023-12-02 11:00:00,21.988083333333336
2023-12-02 12:00:00,20.966150000000003
2023-12-02 13:00:00,21.463966666666668
2023-12-02 14:00:00,21.814083333333333
2023-12-02 15:00:00,21.4465
2023-12-02 16:00:00,20.184649999999998
2023-12-02 17:00:00,18.53548333333333
2023-12-02 18:00:00,17.94905
2023-12-02 19:00:00,18.09508333333333
2023-12-02 20:00:00,18.3307
2023-12-02 21:00:00,18.845433333333336
2023-12-02 22:00:00,19.367016666666665
2023-12-02 23:00:00,19.378066666666665
2023-12-03 00:00:00,19.28486666666667
2023-12-03 01:00:00,19.431766666666665
2023-12-03 02:00:00,19.431733333333334
2023-12-03 03:00:00,19.371516666666665
2023-12-03 04:00:00,19.2711
2023-12-03 05:00:00,19.101366666666664
2023-12-03 06:00:00,18.836533333333332
2023-12-03 07:00:00,18.476633333333332
2023-12-03 08:00:00,18.39493333333333
2023-12-03 09:00:00,19.267283333333335
2023-12-03 10:00:00,20.34101666666667
2023-12-03 11:00:00,22.418616666666665
2023-12-03 12:00:00,26.657366666666668
2023-12-03 13:00:00,25.788383333333332
2023-12-03 14:00:00,23.864816666666666
2023-12-03 15:00:00,22.349483333333335
2023-12-03 16:00:00,21.134733333333333
2023-12-03 17:00:00,20.3551
2023-12-03 18:00:00,19.742116666666668
2023-12-03 19:00:00,19.661483333333333
2023-12-03 20:00:00,19.6447
2023-12-03 21:00:00,19.7162
2023-12-03 22:00:00,19.541533333333334
2023-12-03 23:00:00,19.13995
2023-12-04 00:00:00,19.29135
2023-12-04 01:00:00,19.28216666666667
2023-12-04 02:00:00,19.434583333333332
2023-12-04 03:00:00,19.427599999999998
2023-12-04 04:00:00,19.3094
2023-12-04 05:00:00,18.744833333333336
2023-12-04 06:00:00,18.603283333333334
2023-12-04 07:00:00,18.61265
2023-12-04 08:00:00,19.262933333333333
2023-12-04 09:00:00,20.959616666666665
2023-12-04 10:00:00,24.144366666666667
2023-12-04 11:00:00,24.865383333333334
2023-12-04 12:00:00,29.620133333333335
2023-12-04 13:00:00,27.253033333333335
2023-12-04 14:00:00,23.20185
2023-12-04 15:00:00,23.068883333333336
2023-12-04 16:00:00,21.536066666666667
2023-12-04 17:00:00,20.320933333333336
2023-12-04 18:00:00,19.762516666666667
2023-12-04 19:00:00,19.639200000000002
2023-12-04 20:00:00,19.404183333333332
2023-12-04 21:00:00,19.156533333333336
2023-12-04 22:00:00,19.220533333333332
2023-12-04 23:00:00,19.167250000000003
2023-12-05 00:00:00,18.888283333333334
2023-12-05 01:00:00,18.602149999999998
2023-12-05 02:00:00,18.537283333333335
2023-12-05 03:00:00,18.576616666666666
2023-12-05 04:00:00,18.350199999999997
2023-12-05 05:00:00,18.16575
2023-12-05 06:00:00,17.440533333333335
2023-12-05 07:00:00,18.444466666666663
2023-12-05 08:00:00,23.551533333333335
2023-12-05 09:00:00,26.226999999999997
2023-12-05 10:00:00,27.78506666666667
2023-12-05 11:00:00,30.00388333333333
2023-12-05 12:00:00,28.67005
2023-12-05 13:00:00,28.701366666666665
2023-12-05 14:00:00,26.846433333333334
2023-12-05 15:00:00,23.245133333333335
2023-12-05 16:00:00,22.069333333333336
2023-12-05 17:00:00,20.994116666666667
2023-12-05 18:00:00,20.053016666666668
2023-12-05 19:00:00,19.794500000000003
2023-12-05 20:00:00,19.769650000000002
2023-12-05 21:00:00,19.324450000000002
2023-12-05 22:00:00,19.189233333333334
2023-12-05 23:00:00,19.262216666666667
2023-12-06 00:00:00,19.253233333333334
2023-12-06 01:00:00,19.414883333333332
2023-12-06 02:00:00,19.693933333333334
2023-12-06 03:00:00,19.819816666666668
2023-12-06 04:00:00,19.9418
2023-12-06 05:00:00,19.930966666666666
2023-12-06 06:00:00,19.908166666666666
2023-12-06 07:00:00,20.093366666666668
2023-12-06 08:00:00,20.438633333333332
2023-12-06 09:00:00,20.994116666666667
2023-12-06 10:00:00,21.340183333333336
2023-12-06 11:00:00,21.06325
2023-12-06 12:00:00,21.2615
2023-12-06 13:00:00,21.525466666666667
2023-12-06 14:00:00,22.188533333333332
2023-12-06 15:00:00,21.87835
2023-12-06 16:00:00,20.788183333333333
2023-12-06 17:00:00,19.915383333333335
2023-12-06 18:00:00,19.1678
2023-12-06 19:00:00,18.8886
2023-12-06 20:00:00,18.545616666666668
2023-12-06 21:00:00,18.422649999999997
2023-12-06 22:00:00,18.4234
2023-12-06 23:00:00,17.77755
2023-12-07 00:00:00,17.432399999999998
2023-12-07 01:00:00,17.130666666666666
2023-12-07 02:00:00,16.78525
2023-12-07 03:00:00,16.77115
2023-12-07 04:00:00,16.683983333333334
2023-12-07 05:00:00,16.70895
2023-12-07 06:00:00,16.985533333333333
2023-12-07 07:00:00,18.814133333333334
2023-12-07 08:00:00,21.973066666666668
2023-12-07 09:00:00,23.799366666666668
2023-12-07 10:00:00,25.330333333333332
2023-12-07 11:00:00,27.453966666666666
2023-12-07 12:00:00,29.004433333333335
2023-12-07 13:00:00,29.366466666666668
2023-12-07 14:00:00,27.03395
2023-12-07 15:00:00,22.409666666666666
2023-12-07 16:00:00,20.255100000000002
2023-12-07 17:00:00,19.196816666666667
2023-12-07 18:00:00,18.732683333333334
2023-12-07 19:00:00,18.759416666666667
2023-12-07 20:00:00,18.510716666666667
2023-12-07 21:00:00,18.535833333333336
2023-12-07 22:00:00,18.326183333333333
2023-12-07 23:00:00,18.063116666666666
2023-12-08 00:00:00,17.90775
2023-12-08 01:00:00,17.95488333333333
2023-12-08 02:00:00,17.880283333333335
2023-12-08 03:00:00,17.605683333333335
2023-12-08 04:00:00,17.421249999999997
2023-12-08 05:00:00,17.04175
2023-12-08 06:00:00,17.167166666666667
2023-12-08 07:00:00,18.02815
2023-12-08 08:00:00,23.94655
2023-12-08 09:00:00,26.266666666666666
2023-12-08 10:00:00,26.63845
2023-12-08 11:00:00,26.890249999999998
2023-12-08 12:00:00,26.358566666666665
2023-12-08 13:00:00,27.238400000000002
2023-12-08 14:00:00,25.9241
2023-12-08 15:00:00,23.040399999999998
2023-12-08 16:00:00,21.549783333333334
2023-12-08 17:00:00,20.1342
2023-12-08 18:00:00,19.882916666666667
2023-12-08 19:00:00,19.86596666666667
2023-12-08 20:00:00,19.92825
2023-12-08 21:00:00,19.918850000000003
2023-12-08 22:00:00,19.89715
2023-12-08 23:00:00,19.794766666666664
2023-12-09 00:00:00,20.12118333333333
2023-12-09 01:00:00,20.209166666666665
2023-12-09 02:00:00,20.30575
2023-12-09 03:00:00,20.249000000000002
2023-12-09 04:00:00,20.26513333333333
2023-12-09 05:00:00,20.1878
2023-12-09 06:00:00,19.786116666666665
2023-12-09 07:00:00,20.313066666666668
2023-12-09 08:00:00,21.371233333333333
2023-12-09 09:00:00,22.983600000000003
2023-12-09 10:00:00,23.1465
2023-12-09 11:00:00,23.13228333333333
2023-12-09 12:00:00,23.760466666666666
2023-12-09 13:00:00,23.618783333333333
2023-12-09 14:00:00,23.23411666666667
2023-12-09 15:00:00,23.13338333333333
2023-12-09 16:00:00,22.623283333333333
2023-12-09 17:00:00,21.730183333333333
2023-12-09 18:00:00,21.360833333333336
2023-12-09 19:00:00,21.113883333333334
2023-12-09 20:00:00,20.818183333333334
2023-12-09 21:00:00,21.043233333333333
2023-12-09 22:00:00,21.21845
2023-12-09 23:00:00,21.150733333333335
2023-12-10 00:00:00,21.32221666666667
2023-12-10 01:00:00,21.208016666666666
2023-12-10 02:00:00,20.97625
2023-12-10 03:00:00,20.973599999999998
2023-12-10 04:00:00,20.917183333333334
2023-12-10 05:00:00,20.828500000000002
2023-12-10 06:00:00,20.521116666666668
2023-12-10 07:00:00,21.15415
2023-12-10 08:00:00,25.700733333333336
2023-12-10 09:00:00,29.039533333333335
2023-12-10 10:00:00,26.866783333333334
2023-12-10 11:00:00,27.065
2023-12-10 12:00:00,29.444683333333334
2023-12-10 13:00:00,29.215966666666667
2023-12-10 14:00:00,27.70678333333333
2023-12-10 15:00:00,25.524733333333334
2023-12-10 16:00:00,24.3035
2023-12-10 17:00:00,23.01045
2023-12-10 18:00:00,22.38403333333333
2023-12-10 19:00:00,22.2351
2023-12-10 20:00:00,22.204666666666665
2023-12-10 21:00:00,21.973733333333332
2023-12-10 22:00:00,21.76145
2023-12-10 23:00:00,21.361283333333333
2023-12-11 00:00:00,21.179133333333333
2023-12-11 01:00:00,21.01741666666667
2023-12-11 02:00:00,20.96505
2023-12-11 03:00:00,21.0172
2023-12-11 04:00:00,21.042633333333335
2023-12-11 05:00:00,20.9436
2023-12-11 06:00:00,21.011333333333333
2023-12-11 07:00:00,21.2255
2023-12-11 08:00:00,22.899583333333332
2023-12-11 09:00:00,24.832833333333333
2023-12-11 10:00:00,26.901316666666666
2023-12-11 11:00:00,27.762
2023-12-11 12:00:00,28.928266666666666
2023-12-11 13:00:00,29.968683333333335
2023-12-11 14:00:00,29.5381
2023-12-11 15:00:00,26.427149999999997
2023-12-11 16:00:00,24.1021
2023-12-11 17:00:00,23.60805
2023-12-11 18:00:00,22.740216666666665
2023-12-11 19:00:00,22.27058333333333
2023-12-11 20:00:00,21.81945
2023-12-11 21:00:00,21.53055
2023-12-11 22:00:00,21.618266666666667
2023-12-11 23:00:00,21.650966666666665
2023-12-12 00:00:00,21.513916666666667
2023-12-12 01:00:00,21.244016666666667
2023-12-12 02:00:00,21.148333333333333
2023-12-12 03:00:00,20.946849999999998
2023-12-12 04:00:00,20.879016666666665
2023-12-12 05:00:00,20.714916666666667
2023-12-12 06:00:00,20.914816666666663
2023-12-12 07:00:00,22.581766666666667
2023-12-12 08:00:00,27.164316666666664
2023-12-12 09:00:00,29.51836666666667
2023-12-12 10:00:00,31.358133333333335
2023-12-12 11:00:00,32.589616666666664
2023-12-12 12:00:00,33.4337
2023-12-12 13:00:00,33.984233333333336
2023-12-12 14:00:00,34.8326
2023-12-12 15:00:00,28.755483333333334
2023-12-12 16:00:00,25.63791666666667
2023-12-12 17:00:00,23.67215
2023-12-12 18:00:00,22.9253
2023-12-12 19:00:00,22.47621666666667
2023-12-12 20:00:00,21.7805
2023-12-12 21:00:00,21.285866666666667
2023-12-12 22:00:00,21.085449999999998
2023-12-12 23:00:00,21.09745
2023-12-13 00:00:00,20.963833333333334
2023-12-13 01:00:00,20.8956
2023-12-13 02:00:00,20.72263333333333
2023-12-13 03:00:00,20.547833333333337
2023-12-13 04:00:00,20.328016666666667
2023-12-13 05:00:00,20.315283333333333
2023-12-13 06:00:00,20.249483333333334
2023-12-13 07:00:00,20.228833333333334
2023-12-13 08:00:00,20.10895
2023-12-13 09:00:00,20.098733333333332
2023-12-13 10:00:00,20.492816666666666
2023-12-13 11:00:00,21.45895
2023-12-13 12:00:00,21.422116666666668
2023-12-13 13:00:00,21.183816666666665
2023-12-13 14:00:00,21.652216666666668
2023-12-13 15:00:00,21.429633333333335
2023-12-13 16:00:00,21.309716666666667
2023-12-13 17:00:00,20.65995
2023-12-13 18:00:00,20.337966666666667
2023-12-13 19:00:00,20.179883333333333
2023-12-13 20:00:00,20.166166666666665
2023-12-13 21:00:00,19.937116666666668
2023-12-13 22:00:00,19.806933333333333
2023-12-13 23:00:00,20.056483333333333
2023-12-14 00:00:00,20.163516666666666
2023-12-14 01:00:00,20.023616666666666
2023-12-14 02:00:00,19.9241
2023-12-14 03:00:00,19.624466666666667
2023-12-14 04:00:00,19.738783333333334
2023-12-14 05:00:00,19.787916666666668
2023-12-14 06:00:00,19.881633333333333
2023-12-14 07:00:00,20.081316666666666
2023-12-14 08:00:00,20.860683333333334
2023-12-14 09:00:00,22.0423
2023-12-14 10:00:00,22.344716666666667
2023-12-14 11:00:00,24.055333333333333
2023-12-14 12:00:00,24.40536666666667
2023-12-14 13:00:00,24.624783333333333
2023-12-14 14:00:00,23.510966666666665
2023-12-14 15:00:00,23.615683333333333
2023-12-14 16:00:00,22.83555
2023-12-14 17:00:00,22.082116666666664
2023-12-14 18:00:00,22.0305
2023-12-14 19:00:00,22.016883333333332
2023-12-14 20:00:00,21.08605
2023-12-14 21:00:00,21.344516666666667
2023-12-14 22:00:00,21.547016666666664
2023-12-14 23:00:00,21.751849999999997
2023-12-15 00:00:00,21.931233333333335
2023-12-15 01:00:00,22.099066666666666
2023-12-15 02:00:00,22.0502
2023-12-15 03:00:00,22.155966666666664
2023-12-15 04:00:00,22.036833333333334
2023-12-15 05:00:00,21.737466666666666
2023-12-15 06:00:00,21.551466666666666
2023-12-15 07:00:00,21.721549999999997
2023-12-15 08:00:00,24.018916666666666
2023-12-15 09:00:00,28.5372
2023-12-15 10:00:00,28.128516666666666
2023-12-15 11:00:00,29.148866666666667
2023-12-15 12:00:00,29.41101666666667
2023-12-15 13:00:00,30.313750000000002
2023-12-15 14:00:00,30.21463333333333
2023-12-15 15:00:00,25.532300000000003
2023-12-15 16:00:00,24.527566666666665
2023-12-15 17:00:00,23.569466666666663
2023-12-15 18:00:00,22.431066666666666
2023-12-15 19:00:00,22.1423
2023-12-15 20:00:00,22.33365
2023-12-15 21:00:00,22.404100000000003
2023-12-15 22:00:00,22.308133333333334
2023-12-15 23:00:00,22.409383333333334
2023-12-16 00:00:00,22.3886
2023-12-16 01:00:00,22.30795
2023-12-16 02:00:00,22.221816666666665
2023-12-16 03:00:00,22.168400000000002
2023-12-16 04:00:00,22.062450000000002
2023-12-16 05:00:00,21.792550000000002
2023-12-16 06:00:00,20.931983333333335
2023-12-16 07:00:00,16.7498
2023-12-16 08:00:00,15.9134
2023-12-16 09:00:00,15.9589
2023-12-16 10:00:00,18.457449999999998
2023-12-16 11:00:00,18.615766666666666
2023-12-16 12:00:00,21.89745
2023-12-16 13:00:00,21.278933333333335
2023-12-16 14:00:00,18.916
2023-12-16 15:00:00,16.501266666666666
2023-12-16 16:00:00,14.804683333333333
2023-12-16 17:00:00,14.011433333333335
2023-12-16 18:00:00,13.0863
2023-12-16 19:00:00,12.355883333333333
2023-12-16 20:00:00,11.841066666666666
2023-12-16 21:00:00,11.4978
2023-12-16 22:00:00,11.1278
2023-12-16 23:00:00,10.850366666666668
2023-12-17 00:00:00,10.499166666666667
2023-12-17 01:00:00,10.197706666666667
2023-12-17 02:00:00,9.972831666666668
2023-12-17 03:00:00,9.71541
2023-12-17 04:00:00,9.43818
2023-12-17 05:00:00,9.438223333333333
2023-12-17 06:00:00,9.078706666666667
2023-12-17 07:00:00,9.092883333333333
2023-12-17 08:00:00,9.661861666666665
2023-12-17 09:00:00,10.19942
2023-12-17 10:00:00,11.421233333333333
2023-12-17 11:00:00,13.263866666666667
2023-12-17 12:00:00,13.729700000000001
2023-12-17 13:00:00,13.694833333333333
2023-12-17 14:00:00,13.405433333333333
2023-12-17 15:00:00,13.061033333333334
2023-12-17 16:00:00,12.510066666666667
2023-12-17 17:00:00,12.134066666666666
2023-12-17 18:00:00,11.6436
2023-12-17 19:00:00,11.52675
2023-12-17 20:00:00,11.579116666666666
2023-12-17 21:00:00,12.188733333333333
2023-12-17 22:00:00,12.34115
2023-12-17 23:00:00,12.556516666666665
2023-12-18 00:00:00,12.646683333333334
2023-12-18 01:00:00,12.894283333333334
2023-12-18 02:00:00,13.072383333333333
2023-12-18 03:00:00,13.06395
2023-12-18 04:00:00,13.015833333333335
2023-12-18 05:00:00,13.118833333333333
2023-12-18 06:00:00,13.630066666666666
2023-12-18 07:00:00,14.42155
2023-12-18 08:00:00,15.124883333333335
2023-12-18 09:00:00,15.983966666666667
2023-12-18 10:00:00,16.806516666666667
2023-12-18 11:00:00,17.057766666666666
2023-12-18 12:00:00,17.18091666666667
2023-12-18 13:00:00,17.27306666666667
2023-12-18 14:00:00,16.955516666666668
2023-12-18 15:00:00,16.5434
2023-12-18 16:00:00,16.14875
2023-12-18 17:00:00,16.016466666666666
2023-12-18 18:00:00,15.899283333333333
2023-12-18 19:00:00,16.149549999999998
2023-12-18 20:00:00,16.34385
2023-12-18 21:00:00,16.511266666666668
2023-12-18 22:00:00,16.64275
2023-12-18 23:00:00,16.716516666666667
2023-12-19 00:00:00,16.70116666666667
2023-12-19 01:00:00,16.706699999999998
2023-12-19 02:00:00,16.7547
2023-12-19 03:00:00,16.710116666666668
2023-12-19 04:00:00,16.3448
2023-12-19 05:00:00,15.989533333333332
2023-12-19 06:00:00,15.872416666666668
2023-12-19 07:00:00,15.723883333333333
2023-12-19 08:00:00,15.824316666666668
2023-12-19 09:00:00,16.546933333333335
2023-12-19 10:00:00,17.10213333333333
2023-12-19 11:00:00,17.389083333333335
2023-12-19 12:00:00,17.639166666666664
2023-12-19 13:00:00,19.681050000000003
2023-12-19 14:00:00,21.78285
2023-12-19 15:00:00,18.815150000000003
2023-12-19 16:00:00,16.5013
2023-12-19 17:00:00,14.679266666666667
2023-12-19 18:00:00,13.916466666666668
2023-12-19 19:00:00,13.75135
2023-12-19 20:00:00,13.714583333333334
2023-12-19 21:00:00,13.515016666666666
2023-12-19 22:00:00,12.817
2023-12-19 23:00:00,12.755333333333335
2023-12-20 00:00:00,12.286566666666666
2023-12-20 01:00:00,11.7392
2023-12-20 02:00:00,11.453933333333334
2023-12-20 03:00:00,11.056383333333335
2023-12-20 04:00:00,10.705616666666666
2023-12-20 05:00:00,10.883849999999999
2023-12-20 06:00:00,11.1782
2023-12-20 07:00:00,11.506566666666666
2023-12-20 08:00:00,12.168233333333335
2023-12-20 09:00:00,12.397400000000001
2023-12-20 10:00:00,12.688833333333333
2023-12-20 11:00:00,13.162983333333333
2023-12-20 12:00:00,14.2431
2023-12-20 13:00:00,14.454766666666666
2023-12-20 14:00:00,14.030416666666667
2023-12-20 15:00:00,14.075700000000001
2023-12-20 16:00:00,14.088516666666667
2023-12-20 17:00:00,13.2755
2023-12-20 18:00:00,11.569216666666668
2023-12-20 19:00:00,10.59824
2023-12-20 20:00:00,9.461168333333335
2023-12-20 21:00:00,8.875020000000001
2023-12-20 22:00:00,8.472015
2023-12-20 23:00:00,8.171429999999999
2023-12-21 00:00:00,8.187651666666666
2023-12-21 01:00:00,8.312796666666667
2023-12-21 02:00:00,8.603715
2023-12-21 03:00:00,8.623488333333334
2023-12-21 04:00:00,8.487336666666668
2023-12-21 05:00:00,8.252548333333333
2023-12-21 06:00:00,8.13581
2023-12-21 07:00:00,8.162843333333333
2023-12-21 08:00:00,8.606131666666666
2023-12-21 09:00:00,9.233466666666667
2023-12-21 10:00:00,9.757363333333334
2023-12-21 11:00:00,10.337316666666668
2023-12-21 12:00:00,10.757266666666668
2023-12-21 13:00:00,11.0964
2023-12-21 14:00:00,11.131983333333332
2023-12-21 15:00:00,10.87815
2023-12-21 16:00:00,10.17638
2023-12-21 17:00:00,9.53217
2023-12-21 18:00:00,8.92523
2023-12-21 19:00:00,8.585371666666667
2023-12-21 20:00:00,8.23484
2023-12-21 21:00:00,8.092231666666667
2023-12-21 22:00:00,8.064201666666667
2023-12-21 23:00:00,8.067935
2023-12-22 00:00:00,8.037338333333333
2023-12-22 01:00:00,8.010116666666667
2023-12-22 02:00:00,7.68861
2023-12-22 03:00:00,7.752008333333333
2023-12-22 04:00:00,7.343978333333333
2023-12-22 05:00:00,7.243634999999999
2023-12-22 06:00:00,7.0563899999999995
2023-12-22 07:00:00,6.932016666666667
2023-12-22 08:00:00,7.12093
2023-12-22 09:00:00,7.90552
2023-12-22 10:00:00,8.603915
2023-12-22 11:00:00,9.277666666666667
2023-12-22 12:00:00,9.603016666666667
2023-12-22 13:00:00,10.073481666666668
2023-12-22 14:00:00,10.45538
2023-12-22 15:00:00,11.131266666666667
2023-12-22 16:00:00,10.577333333333334
2023-12-22 17:00:00,9.974406666666665
2023-12-22 18:00:00,9.727
2023-12-22 19:00:00,9.916616666666666
2023-12-22 20:00:00,10.166616666666666
2023-12-22 21:00:00,10.338866666666666
2023-12-22 22:00:00,10.428166666666666
2023-12-22 23:00:00,10.435616666666666
2023-12-23 00:00:00,10.232040000000001
2023-12-23 01:00:00,9.871491666666666
2023-12-23 02:00:00,9.761483333333333
2023-12-23 03:00:00,9.424534999999999
2023-12-23 04:00:00,9.04306
2023-12-23 05:00:00,8.649108333333334
2023-12-23 06:00:00,8.610571666666667
2023-12-23 07:00:00,8.547818333333334
2023-12-23 08:00:00,7.555463333333334
2023-12-23 09:00:00,6.75979
2023-12-23 10:00:00,7.42211
2023-12-23 11:00:00,9.721013333333334
2023-12-23 12:00:00,10.993316666666667
2023-12-23 13:00:00,12.696850000000001
2023-12-23 14:00:00,12.923566666666666
2023-12-23 15:00:00,11.995849999999999
2023-12-23 16:00:00,11.264766666666667
2023-12-23 17:00:00,10.336558333333333
2023-12-23 18:00:00,9.61697
2023-12-23 19:00:00,9.293788333333334
2023-12-23 20:00:00,8.850725
2023-12-23 21:00:00,8.653768333333334
2023-12-23 22:00:00,8.933943333333334
2023-12-23 23:00:00,8.834396666666667
2023-12-24 00:00:00,8.541798333333332
2023-12-24 01:00:00,8.376378333333333
2023-12-24 02:00:00,8.252178333333333
2023-12-24 03:00:00,8.10318
2023-12-24 04:00:00,8.019628333333333
2023-12-24 05:00:00,8.0655
2023-12-24 06:00:00,7.9411266666666664
2023-12-24 07:00:00,9.29285
2023-12-24 08:00:00,12.632900000000001
2023-12-24 09:00:00,15.033616666666667
2023-12-24 10:00:00,15.856116666666667
2023-12-24 11:00:00,17.012233333333334
2023-12-24 12:00:00,18.636333333333333
2023-12-24 13:00:00,20.5806
2023-12-24 14:00:00,20.644866666666665
2023-12-24 15:00:00,16.8372
2023-12-24 16:00:00,15.1431
2023-12-24 17:00:00,14.448
2023-12-24 18:00:00,13.444933333333333
2023-12-24 19:00:00,13.111116666666668
2023-12-24 20:00:00,12.920866666666665
2023-12-24 21:00:00,12.784816666666666
2023-12-24 22:00:00,12.387466666666667
2023-12-24 23:00:00,11.721916666666667
2023-12-25 00:00:00,11.028016666666668
2023-12-25 01:00:00,10.684500000000002
2023-12-25 02:00:00,10.720966666666667
2023-12-25 03:00:00,10.546600000000002
2023-12-25 04:00:00,10.476799999999999
2023-12-25 05:00:00,10.335983333333333
2023-12-25 06:00:00,10.320991666666666
2023-12-25 07:00:00,10.79747
2023-12-25 08:00:00,13.807733333333333
2023-12-25 09:00:00,16.068116666666665
2023-12-25 10:00:00,17.96626666666667
2023-12-25 11:00:00,20.112199999999998
2023-12-25 12:00:00,21.902583333333332
2023-12-25 13:00:00,22.928616666666667
2023-12-25 14:00:00,23.107683333333334
2023-12-25 15:00:00,19.491516666666666
2023-12-25 16:00:00,16.281633333333335
2023-12-25 17:00:00,14.897133333333333
2023-12-25 18:00:00,13.607233333333333
2023-12-25 19:00:00,13.173116666666667
2023-12-25 20:00:00,13.011316666666666
2023-12-25 21:00:00,13.233116666666666
2023-12-25 22:00:00,13.306866666666668
2023-12-25 23:00:00,13.356333333333334
2023-12-26 00:00:00,13.2105
2023-12-26 01:00:00,13.240933333333334
2023-12-26 02:00:00,13.430833333333334
2023-12-26 03:00:00,12.889833333333334
2023-12-26 04:00:00,12.7122
2023-12-26 05:00:00,12.732916666666666
2023-12-26 06:00:00,12.56185
2023-12-26 07:00:00,12.364
2023-12-26 08:00:00,13.1172
2023-12-26 09:00:00,13.856666666666666
2023-12-26 10:00:00,16.350733333333334
2023-12-26 11:00:00,22.6374
2023-12-26 12:00:00,20.967016666666666
2023-12-26 13:00:00,22.119716666666665
2023-12-26 14:00:00,22.486283333333333
2023-12-26 15:00:00,18.667783333333333
2023-12-26 16:00:00,16.300166666666666
2023-12-26 17:00:00,15.323416666666667
2023-12-26 18:00:00,14.795250000000001
2023-12-26 19:00:00,14.7515
2023-12-26 20:00:00,14.558716666666667
2023-12-26 21:00:00,14.778583333333334
2023-12-26 22:00:00,14.881166666666667
2023-12-26 23:00:00,15.215233333333334
2023-12-27 00:00:00,15.454533333333334
2023-12-27 01:00:00,15.566183333333333
2023-12-27 02:00:00,15.523733333333332
2023-12-27 03:00:00,15.676433333333334
2023-12-27 04:00:00,15.796983333333333
2023-12-27 05:00:00,15.8475
2023-12-27 06:00:00,15.888
2023-12-27 07:00:00,15.853316666666666
2023-12-27 08:00:00,16.93685
2023-12-27 09:00:00,18.1941
2023-12-27 10:00:00,21.872366666666668
2023-12-27 11:00:00,23.489116666666668
2023-12-27 12:00:00,24.01033333333333
2023-12-27 13:00:00,22.5459
2023-12-27 14:00:00,21.0646
2023-12-27 15:00:00,20.0571
2023-12-27 16:00:00,18.775933333333334
2023-12-27 17:00:00,17.640633333333334
2023-12-27 18:00:00,17.32248333333333
2023-12-27 19:00:00,17.123083333333334
2023-12-27 20:00:00,16.974149999999998
2023-12-27 21:00:00,17.175016666666668
2023-12-27 22:00:00,17.22085
2023-12-27 23:00:00,17.083199999999998
2023-12-28 00:00:00,16.78585
2023-12-28 01:00:00,16.728816666666667
2023-12-28 02:00:00,16.701366666666665
2023-12-28 03:00:00,16.515666666666664
2023-12-28 04:00:00,16.442716666666666
2023-12-28 05:00:00,16.420666666666666
2023-12-28 06:00:00,16.2325
2023-12-28 07:00:00,16.66145
2023-12-28 08:00:00,17.378933333333336
2023-12-28 09:00:00,18.61273333333333
2023-12-28 10:00:00,23.8725
2023-12-28 11:00:00,27.28418333333333
2023-12-28 12:00:00,25.592466666666667
2023-12-28 13:00:00,26.2393
2023-12-28 14:00:00,23.12305
2023-12-28 15:00:00,22.029033333333334
2023-12-28 16:00:00,21.08536666666667
2023-12-28 17:00:00,19.42385
2023-12-28 18:00:00,17.804399999999998
2023-12-28 19:00:00,17.62881666666667
2023-12-28 20:00:00,17.739933333333333
2023-12-28 21:00:00,17.679683333333333
2023-12-28 22:00:00,17.41445
2023-12-28 23:00:00,17.130583333333334
2023-12-29 00:00:00,16.73786666666667
2023-12-29 01:00:00,16.386933333333335
2023-12-29 02:00:00,16.670650000000002
2023-12-29 03:00:00,16.717783333333333
2023-12-29 04:00:00,16.64135
2023-12-29 05:00:00,16.681633333333334
2023-12-29 06:00:00,16.385916666666667
2023-12-29 07:00:00,16.408166666666666
2023-12-29 08:00:00,17.6416
2023-12-29 09:00:00,19.153683333333333
2023-12-29 10:00:00,21.843433333333333
2023-12-29 11:00:00,21.772116666666665
2023-12-29 12:00:00,22.550933333333333
2023-12-29 13:00:00,22.990033333333333
2023-12-29 14:00:00,22.311733333333333
2023-12-29 15:00:00,21.059633333333334
2023-12-29 16:00:00,19.14235
2023-12-29 17:00:00,18.081533333333333
2023-12-29 18:00:00,17.57995
2023-12-29 19:00:00,17.470416666666665
2023-12-29 20:00:00,17.36528333333333
2023-12-29 21:00:00,17.20755
2023-12-29 22:00:00,16.900716666666668
2023-12-29 23:00:00,16.887283333333333
2023-12-30 00:00:00,16.832716666666666
2023-12-30 01:00:00,16.416166666666665
2023-12-30 02:00:00,16.967433333333336
2023-12-30 03:00:00,17.426283333333334
2023-12-30 04:00:00,17.50381666666667
2023-12-30 05:00:00,17.882166666666667
2023-12-30 06:00:00,17.8
2023-12-30 07:00:00,17.73368333333333
2023-12-30 08:00:00,22.92635
2023-12-30 09:00:00,27.113
2023-12-30 10:00:00,26.478233333333332
2023-12-30 11:00:00,25.395766666666667
2023-12-30 12:00:00,24.894650000000002
2023-12-30 13:00:00,25.021816666666666
2023-12-30 14:00:00,23.1324
2023-12-30 15:00:00,23.095333333333333
2023-12-30 16:00:00,21.692483333333332
2023-12-30 17:00:00,20.518233333333335
2023-12-30 18:00:00,19.854300000000002
2023-12-30 19:00:00,19.4568
2023-12-30 20:00:00,19.24591666666667
2023-12-30 21:00:00,18.964766666666666
2023-12-30 22:00:00,18.792666666666666
2023-12-30 23:00:00,18.86125
2023-12-31 00:00:00,18.566516666666665
2023-12-31 01:00:00,18.919833333333333
2023-12-31 02:00:00,18.838
2023-12-31 03:00:00,18.344966666666668
2023-12-31 04:00:00,17.8152
2023-12-31 05:00:00,17.825400000000002
2023-12-31 06:00:00,17.87836666666667
2023-12-31 07:00:00,19.268116666666668
2023-12-31 08:00:00,26.791533333333334
2023-12-31 09:00:00,29.39268333333333
2023-12-31 10:00:00,29.928033333333335
2023-12-31 11:00:00,31.09326666666667
2023-12-31 12:00:00,30.219749999999998
2023-12-31 13:00:00,29.394333333333336
2023-12-31 14:00:00,29.593183333333332
2023-12-31 15:00:00,25.449583333333333
2023-12-31 16:00:00,24.068949999999997
2023-12-31 17:00:00,23.401083333333336
2023-12-31 18:00:00,21.983416666666667
2023-12-31 19:00:00,21.648149999999998
2023-12-31 20:00:00,20.577299999999997
2023-12-31 21:00:00,19.540666666666667
2023-12-31 22:00:00,18.965833333333332
2023-12-31 23:00:00,18.423616666666664
